Count,Secondary Distribution Line ID,From Bus ID,To  Bus ID,Phasing,Installation Type,Length         (meters),Conductor Type,Conductor Size,Unit (C) 
1,UBA0001,DT00000001-7,S0001-0007-0001,AN,1,6,ACSR,2,AWG
2,UBA0002,DT00000001-7A,S0001-007A-0001,CN,1,6,ACSR,2,AWG
3,UBA0003,DT00000001-9,S0001-0009-0001,CN,1,6,ACSR,2,AWG
4,UBA0004,DT00000001-17,S0001-0017-0002,CN,1,1,ACSR,2,AWG
5,OSA0005,S0001-0017-0002,S0001-0017-002a,CN,2,65,ACSR,2,AWG
6,OSA0006,S0001-0017-0002,S0001-0017-002A,CN,2,60,ACSR,2,AWG
7,UBA0007,S0001-0017-0002,S0001-0017-0003,CN,1,109,ACSR,2,AWG
8,UBA0008,S0001-0017-0002,S0001-0017-0001,CN,1,102,ACSR,2,AWG
9,OSA0009,S0001-0017-0003,S0001-0017-003a,CN,2,50,ACSR,2,AWG
10,UBA0010,S0001-0017-0003,S0001-0017-0004,CN,1,108,ACSR,2,AWG
11,OSA0011,S0001-0017-0004,S0001-0017-004a,CN,2,76,ACSR,2,AWG
12,OSA0012,S0001-0017-0004,S0001-0017-004A,CN,2,55,ACSR,2,AWG
13,UBA0013,S0001-0017-0004,S0001-0017-0005,CN,1,70,ACSR,2,AWG
14,OSA0014,S0001-0017-0005,S0001-0017-005A,CN,2,65,ACSR,2,AWG
15,UBA0015,S0001-0017-0005,S0001-0017-0006,CN,1,96,ACSR,2,AWG
16,OSA0016,S0001-0017-0006,S0001-0017-006A,CN,2,80,ACSR,2,AWG
17,OSA0017,S0001-0017-002a,S0001-0017-002b,CN,2,69,ACSR,2,AWG
18,OSA0018,S0001-0017-002A,S0001-0017-002B,CN,2,79,ACSR,2,AWG
19,OSA0019,S0001-0017-002b,S0001-0017-002c,CN,2,70,ACSR,2,AWG
20,OSA0020,S0001-0017-002B,S0001-0017-002C,CN,2,62,ACSR,2,AWG
21,OSA0021,S0001-0017-002c,S0001-0017-002d,CN,2,74,ACSR,2,AWG
22,OSA0022,S0001-0017-002C,S0001-0017-002D,CN,2,106,ACSR,2,AWG
23,UBA0023,S0001-0017-002d,S0001-0017-02d1,CN,1,58,ACSR,2,AWG
24,OSA0024,S0001-0017-002d,S0001-0017-002e,CN,2,61,ACSR,2,AWG
25,OSA0025,S0001-0017-002D,S0001-0017-002E,CN,2,76,ACSR,2,AWG
26,OSA0026,S0001-0017-002E,S0001-0017-002F,CN,2,55,ACSR,2,AWG
27,OSA0027,S0001-0017-002F,S0001-0017-002G,CN,2,70,ACSR,2,AWG
28,OSA0028,S0001-0017-002G,S0001-0017-002H,CN,2,65,ACSR,2,AWG
29,OSA0029,S0001-0017-003a,S0001-0017-003b,CN,2,96,ACSR,2,AWG
30,OSA0030,S0001-0017-003b,S0001-0017-003c,CN,2,80,ACSR,2,AWG
31,OSA0031,S0001-0017-003c,S0001-0017-003d,CN,2,69,ACSR,2,AWG
32,OSA0032,S0001-0017-003d,S0001-0017-003e,CN,2,65,ACSR,2,AWG
33,OSA0033,S0001-0017-003e,S0001-0017-003f,CN,2,96,ACSR,2,AWG
34,UBA0034,S0001-0017-004a,S0001-0017-004b,CN,1,147,ACSR,2,AWG
35,UBA0035,S0001-0017-004A,S0001-0017-004B,CN,1,69,ACSR,2,AWG
36,UBA0036,S0001-0017-004b,S0001-0017-004c,CN,1,71,ACSR,2,AWG
37,UBA0037,S0001-0017-004B,S0001-0017-004C,CN,1,65,ACSR,2,AWG
38,UBA0038,S0001-0017-004c,S0001-0017-004d,CN,1,57,ACSR,2,AWG
39,UBA0039,S0001-0017-004C,S0001-0017-004D,CN,1,71,ACSR,2,AWG
40,UBA0040,S0001-0017-004d,S0001-0017-004e,CN,1,48,ACSR,2,AWG
41,UBA0041,S0001-0017-004D,S0001-0017-004E,CN,1,80,ACSR,2,AWG
42,UBA0042,S0001-0017-004E,S0001-0017-004F,CN,1,58,ACSR,2,AWG
43,UBA0043,S0001-0017-004F,S0001-0017-004G,CN,1,75,ACSR,2,AWG
44,UBA0044,S0001-0017-004G,S0001-0017-004H,CN,1,67,ACSR,2,AWG
45,UBA0045,S0001-0017-004H,S0001-0017-004I,CN,1,62,ACSR,2,AWG
46,UBA0046,S0001-0017-004I,S0001-0017-004J,CN,1,42,ACSR,2,AWG
47,UBA0047,S0001-0017-004J,S0001-0017-004K,CN,1,70,ACSR,2,AWG
48,UBA0048,S0001-0017-004K,S0001-0017-004L,CN,1,99,ACSR,2,AWG
49,UBA0049,S0001-0017-004L,S0001-0017-004M,CN,1,121,ACSR,2,AWG
50,UBA0050,S0001-0017-004M,S0001-0017-004N,CN,1,101,ACSR,2,AWG
51,UBA0051,S0001-0017-004N,S0001-0017-004O,CN,1,85,ACSR,2,AWG
52,UBA0052,S0001-0017-004O,S0001-0017-004P,CN,1,59,ACSR,2,AWG
53,UBA0053,S0001-0017-004P,S0001-0017-004Q,CN,1,68,ACSR,2,AWG
54,UBA0054,S0001-0017-004Q,S0001-0017-004R,CN,1,94,ACSR,2,AWG
55,UBA0055,S0001-0017-004R,S0001-0017-004S,CN,1,80,ACSR,2,AWG
56,OSA0056,S0001-0017-02d1,S0001-0017-02d2,CN,2,69,ACSR,2,AWG
57,OSA0057,S0001-0017-02d2,S0001-0017-02d3,CN,2,79,ACSR,2,AWG
58,UBA0059,DT00000001-19-10,S001-19-10-0005,CN,1,1,ACSR,2,AWG
59,UBA0060,S001-19-10-0002,S001-19-10-0001,CN,1,98,ACSR,2,AWG
60,UBA0061,S001-19-10-0003,S001-19-10-0002,CN,1,113,ACSR,2,AWG
61,UBA0062,S001-19-10-0004,S001-19-10-0003,CN,1,103,ACSR,2,AWG
62,UBA0063,S001-19-10-0005,S001-19-10-0006,CN,1,80,ACSR,2,AWG
63,UBA0064,S001-19-10-0005,S001-19-10-0004,CN,1,69,ACSR,2,AWG
64,UBA0065,S001-19-10-0006,S001-19-10-0007,CN,1,79,ACSR,2,AWG
65,UBA0066,S001-19-10-0007,S001-19-10-0008,CN,1,70,ACSR,2,AWG
66,UBA0067,S001-19-10-0008,S001-19-10-0009,CN,1,62,ACSR,2,AWG
67,UBA0068,S001-19-10-0009,S001-19-10-0010,CN,1,74,ACSR,2,AWG
68,UBA0069,S001-19-10-0010,S001-19-10-0011,CN,1,106,ACSR,2,AWG
69,UBA0070,S001-19-10-0011,S001-19-10-0012,CN,1,58,ACSR,2,AWG
70,UBA0071,S001-19-10-0012,S001-19-10-0013,CN,1,61,ACSR,2,AWG
71,UBA0072,DT00000001-19-38,S001-19-38-0015,CN,1,1,ACSR,2,AWG
72,UBA0073,S001-19-38-0002,S001-19-38-0001,CN,1,90,ACSR,2,AWG
73,UBA0074,S001-19-38-0003,S001-19-38-0002,CN,1,63,ACSR,2,AWG
74,UBA0075,S001-19-38-0004,S001-19-38-0003,CN,1,59,ACSR,2,AWG
75,UBA0076,S001-19-38-0005,S001-19-38-0004,CN,1,55,ACSR,2,AWG
76,UBA0077,S001-19-38-0006,S001-19-38-0005,CN,1,59,ACSR,2,AWG
77,UBA0078,S001-19-38-0007,S001-19-38-0006,CN,1,74,ACSR,2,AWG
78,UBA0079,S001-19-38-0008,S001-19-38-0007,CN,1,63,ACSR,2,AWG
79,OSA0080,S001-19-38-0009,S001-19-38-0008,CN,2,63,ACSR,2,AWG
80,OSA0081,S001-19-38-0010,S001-19-38-0009,CN,2,60,ACSR,2,AWG
81,OSA0082,S001-19-38-0011,S001-19-38-0010,CN,2,71,ACSR,2,AWG
82,OSA0083,S001-19-38-0012,S001-19-38-0011,CN,2,70,ACSR,2,AWG
83,OSA0084,S001-19-38-0013,S001-19-38-0012,CN,2,80,ACSR,2,AWG
84,OSA0085,S001-19-38-0014,S001-19-38-0013,CN,2,58,ACSR,2,AWG
85,UBA0086,S001-19-38-0015,S001-19-38-0016,CN,1,75,ACSR,2,AWG
86,OSA0087,S001-19-38-0015,S001-19-38-0014,CN,2,67,ACSR,2,AWG
87,UBA0088,S001-19-38-0016,S001-19-38-0017,CN,1,62,ACSR,2,AWG
88,UBA0089,S001-19-38-0017,S001-19-38-0018,CN,1,42,ACSR,2,AWG
89,UBA0090,S001-19-38-0018,S001-19-38-0019,CN,1,70,ACSR,2,AWG
90,UBA0091,S001-19-38-0019,S001-19-38-0020,CN,1,99,ACSR,2,AWG
91,UBA0092,S001-19-38-0020,S001-19-38-0021,CN,1,121,ACSR,2,AWG
92,UBA0093,S001-19-38-0021,S001-19-38-0022,CN,1,101,ACSR,2,AWG
93,UBA0094,S001-19-38-0022,S001-19-38-0023,CN,1,117,ACSR,2,AWG
94,UBA0095,S001-19-38-0023,S001-19-38-0024,CN,1,76,ACSR,2,AWG
95,UBA0096,S001-19-38-0024,S001-19-38-0025,CN,1,106,ACSR,2,AWG
96,UBA0097,S001-19-38-0025,S001-19-38-0026,CN,1,110,ACSR,2,AWG
97,UBA0098,S001-19-38-0026,S001-19-38-0027,CN,1,85,ACSR,2,AWG
98,UBA0099,S001-19-38-0027,S001-19-38-0028,CN,1,59,ACSR,2,AWG
99,UBA0100,S001-19-38-0028,S001-19-38-0029,CN,1,68,ACSR,2,AWG
100,UBA0101,S001-19-38-0029,S001-19-38-0030,CN,1,94,ACSR,2,AWG
101,UBA0102,S001-19-38-0030,S001-19-38-0031,CN,1,116,ACSR,2,AWG
102,OSA0103,S001-19-38-0031,S001-19-38-0032,CN,2,96,ACSR,2,AWG
103,OSA0104,S001-19-38-0032,S001-19-38-0033,CN,2,109,ACSR,2,AWG
104,OSA0105,S001-19-38-0033,S001-19-38-0034,CN,2,102,ACSR,2,AWG
105,UBA0106,DT0000000009,S000009-0000008,AN,1,1,ACSR,2,AWG
106,UBA0107,S000009-0000002,S000009-0000001,AN,1,27,ACSR,2,AWG
107,UBA0108,S000009-0000003,S000009-0000002,AN,1,57,ACSR,2,AWG
108,UBA0109,S000009-0000004,S000009-0000003,AN,1,83,ACSR,2,AWG
109,UBA0110,S000009-0000005,S000009-0000004,AN,1,91,ACSR,2,AWG
110,UBA0111,S000009-0000006,S000009-0000005,AN,1,69,ACSR,2,AWG
111,OSA0112,S000009-0000007,S000009-000007a,AN,2,69,ACSR,2,AWG
112,UBA0113,S000009-0000007,S000009-0000006,AN,1,65,ACSR,2,AWG
113,OSA0114,S000009-0000008,S000009-000008a,AN,2,65,ACSR,2,AWG
114,UBA0115,S000009-0000008,S000009-0000009,AN,1,65,ACSR,2,AWG
115,UBA0116,S000009-0000009,S000009-0000010,AN,1,77,ACSR,2,AWG
116,UBA0117,S000009-0000010,S000009-0000011,AN,1,78,ACSR,2,AWG
117,UBA0118,S000009-0000011,S000009-0000007,AN,1,73,ACSR,2,AWG
118,OSA0119,S000009-000008a,S000009-000008b,AN,2,85,ACSR,2,AWG
119,OSA0120,S000009-000008b,S000009-000008c,AN,2,59,ACSR,2,AWG
120,OSA0121,S000009-000008c,S000009-00008c1,AN,2,68,ACSR,2,AWG
121,OSA0122,S000009-000008c,S000009-000008d,AN,2,94,ACSR,2,AWG
122,OSA0123,S000009-000008d,S000009-000008e,AN,2,75,ACSR,2,AWG
123,OSA0124,S000009-000008e,S000009-000008f,AN,2,67,ACSR,2,AWG
124,OSA0125,S000009-000008f,S000009-000008g,AN,2,62,ACSR,2,AWG
125,UBA0126,DT0000000013,S000013-0000001,CN,1,42,ACSR,2,AWG
126,UBA0127,DT0000000015,S000015-0000004,AN,1,1,ACSR,2,AWG
127,UBA0128,S000015-0000002,S000015-0000001,AN,1,77,ACSR,2,AWG
128,UBA0129,S000015-0000003,S000015-0000002,AN,1,81,ACSR,2,AWG
129,OSA0130,S000015-0000004,S000015-000004A,AN,2,20,ACSR,2,AWG
130,UBA0131,S000015-0000004,S000015-0000005,AN,1,83,ACSR,2,AWG
131,UBA0132,S000015-0000004,S000015-0000003,AN,1,102,ACSR,2,AWG
132,OSA0133,S000015-0000005,S000015-000005a,AN,2,83,ACSR,2,AWG
133,UBA0134,S000015-0000005,S000015-0000006,AN,1,49,ACSR,2,AWG
134,UBA0135,S000015-0000006,S000015-0000007,AN,1,69,ACSR,2,AWG
135,UBA0136,S000015-0000007,S000015-0000008,AN,1,88,ACSR,2,AWG
136,OSA0137,S000015-000004A,S000015-000004B,AN,2,39,ACSR,2,AWG
137,OSA0138,S000015-000004B,S000015-000004C,AN,2,56,ACSR,2,AWG
138,OSA0139,S000015-000004C,S000015-000004D,AN,2,58,ACSR,2,AWG
139,OSA0140,S000015-000004D,S000015-000004E,AN,2,63,ACSR,2,AWG
140,OSA0141,S000015-000004E,S000015-000004F,AN,2,66,ACSR,2,AWG
141,OSA0142,S000015-000004F,S000015-000004G,AN,2,62,ACSR,2,AWG
142,OSA0143,S000015-000004G,S000015-000004H,AN,2,67,ACSR,2,AWG
143,UBA0144,DT0000000016-13,S0016-0013-0011,BN,1,1,ACSR,2,AWG
144,OSA0145,S0016-0013-0001,S0016-0013-001A,BN,2,92,ACSR,2,AWG
145,UBA0146,S0016-0013-0002,S0016-0013-0001,BN,1,84,ACSR,2,AWG
146,UBA0147,S0016-0013-0003,S0016-0013-0002,BN,1,68,ACSR,2,AWG
147,UBA0148,S0016-0013-0004,S0016-0013-0003,BN,1,45,ACSR,2,AWG
148,UBA0149,S0016-0013-0005,S0016-0013-0004,BN,1,68,ACSR,2,AWG
149,UBA0150,S0016-0013-0006,S0016-0013-0005,BN,1,73,ACSR,2,AWG
150,UBA0151,S0016-0013-0007,S0016-0013-0006,BN,1,60,ACSR,2,AWG
151,UBA0152,S0016-0013-0008,S0016-0013-0007,BN,1,94,ACSR,2,AWG
152,UBA0153,S0016-0013-0009,S0016-0013-0008,BN,1,67,ACSR,2,AWG
153,UBA0154,S0016-0013-0010,S0016-0013-0009,BN,1,73,ACSR,2,AWG
154,OSA0155,S0016-0013-0011,S0016-0013-011A,BN,2,51,ACSR,2,AWG
155,UBA0156,S0016-0013-0011,S0016-0013-0012,BN,1,56,ACSR,2,AWG
156,UBA0157,S0016-0013-0011,S0016-0013-0010,BN,1,74,ACSR,2,AWG
157,UBA0158,S0016-0013-0012,S0016-0013-0013,BN,1,65,ACSR,2,AWG
158,UBA0159,S0016-0013-0013,S0016-0013-0014,BN,1,78,ACSR,2,AWG
159,UBA0160,S0016-0013-0014,S0016-0013-0015,BN,1,59,ACSR,2,AWG
160,UBA0161,S0016-0013-0015,S0016-0013-0016,BN,1,81,ACSR,2,AWG
161,UBA0162,S0016-0013-0016,S0016-0013-0017,BN,1,111,ACSR,2,AWG
162,UBA0163,S0016-0013-0017,S0016-0013-0018,BN,1,63,ACSR,2,AWG
163,UBA0164,S0016-0013-0018,S0016-0013-0019,BN,1,86,ACSR,2,AWG
164,UBA0165,S0016-0013-0019,S0016-0013-0020,BN,1,139,ACSR,2,AWG
165,OSA0166,S0016-0013-0020,S0016-0013-020A,BN,2,37,ACSR,2,AWG
166,UBA0167,S0016-0013-0020,S0016-0013-0021,BN,1,68,ACSR,2,AWG
167,UBA0168,S0016-0013-0021,S0016-0013-0022,BN,1,76,ACSR,2,AWG
168,UBA0169,S0016-0013-0022,S0016-0013-0023,BN,1,83,ACSR,2,AWG
169,UBA0170,S0016-0013-0023,S0016-0013-0024,BN,1,58,ACSR,2,AWG
170,UBA0171,S0016-0013-0024,S0016-0013-0025,BN,1,65,ACSR,2,AWG
171,UBA0172,S0016-0013-0025,S0016-0013-0026,BN,1,64,ACSR,2,AWG
172,UBA0173,S0016-0013-0026,S0016-0013-0027,BN,1,96,ACSR,2,AWG
173,UBA0174,S0016-0013-0027,S0016-0013-0028,BN,1,104,ACSR,2,AWG
174,UBA0175,S0016-0013-0028,S0016-0013-0029,BN,1,66,ACSR,2,AWG
175,UBA0176,S0016-0013-0029,S0016-0013-0030,BN,1,67,ACSR,2,AWG
176,UBA0177,S0016-0013-0030,S0016-0013-0031,BN,1,83,ACSR,2,AWG
177,UBA0178,S0016-0013-0031,S0016-0013-0032,BN,1,113,ACSR,2,AWG
178,UBA0179,S0016-0013-0032,S0016-0013-0033,BN,1,95,ACSR,2,AWG
179,OSA0180,S0016-0013-011A,S0016-0013-011B,BN,2,84,ACSR,2,AWG
180,OSA0181,S0016-0013-020A,S0016-0013-020B,BN,2,64,ACSR,2,AWG
181,OSA0182,S0016-0013-020B,S0016-0013-020C,BN,2,43,ACSR,2,AWG
182,OSA0183,S0016-0013-020C,S0016-0013-020D,BN,2,53,ACSR,2,AWG
183,UBA0184,DT0000000025,S000025-0000005,AN,1,1,ACSR,2,AWG
184,UBA0185,S000025-0000002,S000025-0000001,AN,1,106,ACSR,2,AWG
185,OSA0186,S000025-0000003,S000025-000003A,AN,2,62,ACSR,2,AWG
186,UBA0187,S000025-0000003,S000025-0000002,AN,1,75,ACSR,2,AWG
187,UBA0188,S000025-0000004,S000025-0000003,AN,1,62,ACSR,2,AWG
188,UBA0189,S000025-0000005,S000025-0000006,AN,1,69,ACSR,2,AWG
189,UBA0190,S000025-0000005,S000025-0000004,AN,1,64,ACSR,2,AWG
190,OSA0191,S000025-0000006,S000025-000006A,AN,2,64,ACSR,2,AWG
191,UBA0192,S000025-0000006,S000025-0000007,AN,1,72,ACSR,2,AWG
192,UBA0193,S000025-0000007,S000025-0000008,AN,1,94,ACSR,2,AWG
193,UBA0194,S000025-0000008,S000025-0000009,AN,1,89,ACSR,2,AWG
194,UBA0195,S000025-0000009,S000025-0000010,AN,1,92,ACSR,2,AWG
195,UBA0196,S000025-0000010,S000025-0000011,AN,1,69,ACSR,2,AWG
196,UBA0197,S000025-0000011,S000025-0000012,AN,1,65,ACSR,2,AWG
197,OSA0198,S000025-000003A,S000025-000003B,AN,2,69,ACSR,2,AWG
198,UBA0199,DT0000000034,S000034-0000001,CN,1,69,ACSR,2,AWG
199,UBA0200,DT0000000034-7A,S0034-007A-0002,BN,1,1,ACSR,2,AWG
200,UBA0201,DT0000000034-9a,S0034-009a-0002,BN,1,1,ACSR,2,AWG
201,UBA0202,DT0000000034-18,S0034-0018-0008,BN,1,1,ACSR,2,AWG
202,UBA0203,DT0000000034-29,S0034-0029-0005,BN,1,1,ACSR,2,AWG
203,UBA0204,S0034-0018-0002,S0034-0018-0001,BN,1,80,ACSR,2,AWG
204,UBA0205,S0034-0018-0003,S0034-0018-0002,BN,1,110,ACSR,2,AWG
205,UBA0206,S0034-0018-0004,S0034-0018-0003,BN,1,71,ACSR,2,AWG
206,UBA0207,S0034-0018-0005,S0034-0018-0004,BN,1,103,ACSR,2,AWG
207,UBA0208,S0034-0018-0006,S0034-0018-0005,BN,1,91,ACSR,2,AWG
208,UBA0209,S0034-0018-0007,S0034-0018-0006,BN,1,70,ACSR,2,AWG
209,UBA0210,S0034-0018-0008,S0034-0018-0009,BN,1,110,ACSR,2,AWG
210,UBA0211,S0034-0018-0008,S0034-0018-0007,BN,1,76,ACSR,2,AWG
211,UBA0212,S0034-0018-0009,S0034-0018-0010,BN,1,94,ACSR,2,AWG
212,OSA0213,S0034-0018-0010,S0034-0018-010A,BN,2,77,ACSR,2,AWG
213,UBA0214,S0034-0018-0010,S0034-0018-0011,BN,1,109,ACSR,2,AWG
214,UBA0215,S0034-0018-0011,S0034-0018-0012,BN,1,83,ACSR,2,AWG
215,UBA0216,S0034-0018-0012,S0034-0018-0013,BN,1,79,ACSR,2,AWG
216,UBA0217,S0034-0018-0013,S0034-0018-0014,BN,1,95,ACSR,2,AWG
217,UBA0218,S0034-0018-0014,S0034-0018-0015,BN,1,74,ACSR,2,AWG
218,UBA0219,S0034-0018-0015,S0034-0018-0016,BN,1,88,ACSR,2,AWG
219,UBA0220,S0034-0018-0016,S0034-0018-0017,BN,1,87,ACSR,2,AWG
220,UBA0221,S0034-0018-0017,S0034-0018-0018,BN,1,106,ACSR,2,AWG
221,UBA0222,S0034-0018-0018,S0034-0018-0019,BN,1,106,ACSR,2,AWG
222,OSA0223,S0034-0018-010A,S0034-0018-010B,BN,2,25,ACSR,2,AWG
223,OSA0224,S0034-0018-010B,S0034-0018-010C,BN,2,18,ACSR,2,AWG
224,UBA0225,S0034-0029-0002,S0034-0029-0001,BN,1,57,ACSR,2,AWG
225,UBA0226,S0034-0029-0003,S0034-0029-0002,BN,1,85,ACSR,2,AWG
226,UBA0227,S0034-0029-0004,S0034-0029-0003,BN,1,72,ACSR,2,AWG
227,OSA0228,S0034-0029-0005,S0034-0029-005A,BN,2,64,ACSR,2,AWG
228,UBA0229,S0034-0029-0005,S0034-0029-0006,BN,1,50,ACSR,2,AWG
229,UBA0230,S0034-0029-0005,S0034-0029-0004,BN,1,75,ACSR,2,AWG
230,UBA0231,S0034-0029-0006,S0034-0029-0007,BN,1,87,ACSR,2,AWG
231,OSA0232,S0034-0029-005A,S0034-0029-005B,BN,2,72,ACSR,2,AWG
232,OSA0233,S0034-007A-0001,S0034-007A-001a,BN,2,89,ACSR,2,AWG
233,OSA0234,S0034-007A-0002,S0034-007A-002A,BN,2,23,ACSR,2,AWG
234,UBA0235,S0034-007A-0002,S0034-007A-0003,BN,1,49,ACSR,2,AWG
235,UBA0236,S0034-007A-0002,S0034-007A-0001,BN,1,38,ACSR,2,AWG
236,OSA0237,S0034-007A-002A,S0034-007A-002B,BN,2,21,ACSR,2,AWG
237,UBA0238,S0034-007A-002B,S0034-007A-02B1,BN,1,46,ACSR,2,AWG
238,OSA0239,S0034-007A-002B,S0034-007A-002C,BN,2,24,ACSR,2,AWG
239,OSA0240,S0034-007A-002C,S0034-007A-002D,BN,2,39,ACSR,2,AWG
240,OSA0241,S0034-007A-002D,S0034-007A-002E,BN,2,23,ACSR,2,AWG
241,UBA0242,S0034-007A-02B1,S0034-007A-02B2,BN,1,27,ACSR,2,AWG
242,UBA0243,S0034-007A-02B2,S0034-007A-02B3,BN,1,28,ACSR,2,AWG
243,OSA0244,S0034-009a-0002,S0034-009a-002a,BN,2,143,ACSR,2,AWG
244,UBA0245,S0034-009a-0002,S0034-009a-0003,BN,1,49,ACSR,2,AWG
245,UBA0246,S0034-009a-0002,S0034-009a-0001,BN,1,46,ACSR,2,AWG
246,UBA0247,S0034-009a-0003,S0034-009a-0004,BN,1,34,ACSR,2,AWG
247,UBA0248,S0034-009a-0004,S0034-009a-0005,BN,1,50,ACSR,2,AWG
248,UBA0249,S0034-009a-0005,S0034-009a-0006,BN,1,28,ACSR,2,AWG
249,UBA0250,S0034-009a-0006,S0034-009a-0007,BN,1,50,ACSR,2,AWG
250,OSA0251,S0034-009a-002a,S0034-009a-002b,BN,2,78,ACSR,2,AWG
251,OSA0252,S0034-009a-002b,S0034-009a-002c,BN,2,98,ACSR,2,AWG
252,OSA0253,S0034-009a-002c,S0034-009a-002d,BN,2,81,ACSR,2,AWG
253,UBA0254,DT0000000038,S000038-0000005,AN,1,1,ACSR,2,AWG
254,OSA0255,S000038-0000001,S000038-000001A,AN,2,71,ACSR,2,AWG
255,UBA0256,S000038-0000002,S000038-0000001,AN,1,62,ACSR,2,AWG
256,UBA0257,S000038-0000003,S000038-0000002,AN,1,83,ACSR,2,AWG
257,UBA0258,S000038-0000004,S000038-0000003,AN,1,60,ACSR,2,AWG
258,UBA0259,S000038-0000005,S000038-0000006,AN,1,105,ACSR,2,AWG
259,UBA0260,S000038-0000005,S000038-0000004,AN,1,103,ACSR,2,AWG
260,OSA0261,S000038-0000006,S000038-000006a,AN,2,103,ACSR,2,AWG
261,UBA0262,S000038-0000006,S000038-0000007,AN,1,68,ACSR,2,AWG
262,UBA0263,S000038-0000007,S000038-0000008,AN,1,66,ACSR,2,AWG
263,UBA0264,S000038-0000008,S000038-0000009,AN,1,68,ACSR,2,AWG
264,OSA0265,S000038-0000009,S000038-000009a,AN,2,84,ACSR,2,AWG
265,OSA0266,S000038-000001A,S000038-000001B,AN,2,79,ACSR,2,AWG
266,OSA0267,S000038-000001B,S000038-000001C,AN,2,84,ACSR,2,AWG
267,OSA0268,S000038-000001C,S000038-000001D,AN,2,86,ACSR,2,AWG
268,OSA0269,S000038-000001D,S000038-000001E,AN,2,88,ACSR,2,AWG
269,OSA0270,S000038-000001E,S000038-000001F,AN,2,116,ACSR,2,AWG
270,UBA0271,DT0000000044-29,S0044-0029-0020,AN,1,1,ACSR,2,AWG
271,UBA0272,DT0000000044-64,S0044-0064-0013,AN,1,1,ACSR,2,AWG
272,UBA0273,S0044-0029-0002,S0044-0029-0001,AN,1,70,ACSR,2,AWG
273,UBA0274,S0044-0029-0003,S0044-0029-0002,AN,1,56,ACSR,2,AWG
274,UBA0275,S0044-0029-0004,S0044-0029-0003,AN,1,52,ACSR,2,AWG
275,UBA0276,S0044-0029-0005,S0044-0029-0004,AN,1,73,ACSR,2,AWG
276,UBA0277,S0044-0029-0006,S0044-0029-0005,AN,1,48,ACSR,2,AWG
277,UBA0278,S0044-0029-0007,S0044-0029-0006,AN,1,65,ACSR,2,AWG
278,UBA0279,S0044-0029-0008,S0044-0029-0007,AN,1,77,ACSR,2,AWG
279,UBA0280,S0044-0029-0009,S0044-0029-0008,AN,1,147,ACSR,2,AWG
280,UBA0281,S0044-0029-0010,S0044-0029-0009,AN,1,111,ACSR,2,AWG
281,UBA0282,S0044-0029-0011,S0044-0029-0010,AN,1,73,ACSR,2,AWG
282,UBA0283,S0044-0029-0012,S0044-0029-0011,AN,1,74,ACSR,2,AWG
283,UBA0284,S0044-0029-0013,S0044-0029-0012,AN,1,76,ACSR,2,AWG
284,UBA0285,S0044-0029-0014,S0044-0029-0013,AN,1,103,ACSR,2,AWG
285,UBA0286,S0044-0029-0015,S0044-0029-0014,AN,1,67,ACSR,2,AWG
286,UBA0287,S0044-0029-0016,S0044-0029-0015,AN,1,60,ACSR,2,AWG
287,UBA0288,S0044-0029-0017,S0044-0029-0016,AN,1,96,ACSR,2,AWG
288,UBA0289,S0044-0029-0018,S0044-0029-0017,AN,1,103,ACSR,2,AWG
289,OSA0290,S0044-0029-0019,S0044-0029-019A,AN,2,99,ACSR,2,AWG
290,UBA0291,S0044-0029-0019,S0044-0029-0018,AN,1,178,ACSR,2,AWG
291,UBA0292,S0044-0029-0020,S0044-0029-0021,AN,1,105,ACSR,2,AWG
292,UBA0293,S0044-0029-0020,S0044-0029-0019,AN,1,108,ACSR,2,AWG
293,UBA0294,S0044-0029-0021,S0044-0029-0022,AN,1,106,ACSR,2,AWG
294,UBA0295,S0044-0029-0022,S0044-0029-0023,AN,1,94,ACSR,2,AWG
295,UBA0296,S0044-0029-0023,S0044-0029-0024,AN,1,93,ACSR,2,AWG
296,UBA0297,S0044-0029-0024,S0044-0029-0025,AN,1,55,ACSR,2,AWG
297,UBA0298,S0044-0029-0025,S0044-0029-0026,AN,1,67,ACSR,2,AWG
298,UBA0299,S0044-0029-0026,S0044-0029-0027,AN,1,48,ACSR,2,AWG
299,UBA0300,S0044-0029-0027,S0044-0029-0028,AN,1,53,ACSR,2,AWG
300,UBA0301,S0044-0029-0028,S0044-0029-0029,AN,1,57,ACSR,2,AWG
301,UBA0302,S0044-0029-0029,S0044-0029-0030,AN,1,59,ACSR,2,AWG
302,UBA0303,S0044-0029-0030,S0044-0029-0031,AN,1,70,ACSR,2,AWG
303,UBA0304,S0044-0029-0031,S0044-0029-0032,AN,1,65,ACSR,2,AWG
304,UBA0305,S0044-0029-0032,S0044-0029-0033,AN,1,61,ACSR,2,AWG
305,UBA0306,S0044-0029-0033,S0044-0029-0034,AN,1,70,ACSR,2,AWG
306,UBA0307,S0044-0029-0034,S0044-0029-0035,AN,1,63,ACSR,2,AWG
307,UBA0308,S0044-0029-0035,S0044-0029-0036,AN,1,50,ACSR,2,AWG
308,UBA0309,S0044-0029-0036,S0044-0029-0037,AN,1,60,ACSR,2,AWG
309,UBA0310,S0044-0029-0037,S0044-0029-0038,AN,1,41,ACSR,2,AWG
310,UBA0311,S0044-0029-0038,S0044-0029-0039,AN,1,52,ACSR,2,AWG
311,UBA0312,S0044-0029-0039,S0044-0029-0040,AN,1,101,ACSR,2,AWG
312,UBA0313,S0044-0029-0040,S0044-0029-0041,AN,1,53,ACSR,2,AWG
313,OSA0314,S0044-0029-019A,S0044-0029-019B,AN,2,63,ACSR,2,AWG
314,UBA0315,S0044-0064-0002,S0044-0064-0001,AN,1,34,ACSR,2,AWG
315,UBA0316,S0044-0064-0003,S0044-0064-0002,AN,1,57,ACSR,2,AWG
316,UBA0317,S0044-0064-0004,S0044-0064-0003,AN,1,52,ACSR,2,AWG
317,UBA0318,S0044-0064-0005,S0044-0064-0004,AN,1,72,ACSR,2,AWG
318,UBA0319,S0044-0064-0006,S0044-0064-0005,AN,1,61,ACSR,2,AWG
319,UBA0320,S0044-0064-0007,S0044-0064-0006,AN,1,60,ACSR,2,AWG
320,UBA0321,S0044-0064-0008,S0044-0064-0007,AN,1,57,ACSR,2,AWG
321,UBA0322,S0044-0064-0009,S0044-0064-0008,AN,1,62,ACSR,2,AWG
322,UBA0323,S0044-0064-0010,S0044-0064-0009,AN,1,58,ACSR,2,AWG
323,UBA0324,S0044-0064-0011,S0044-0064-0010,AN,1,60,ACSR,2,AWG
324,UBA0325,S0044-0064-0012,S0044-0064-0011,AN,1,77,ACSR,2,AWG
325,UBA0326,S0044-0064-0013,S0044-0064-0014,AN,1,70,ACSR,2,AWG
326,UBA0327,S0044-0064-0013,S0044-0064-0012,AN,1,71,ACSR,2,AWG
327,UBA0328,S0044-0064-0014,S0044-0064-0015,AN,1,67,ACSR,2,AWG
328,UBA0329,S0044-0064-0015,S0044-0064-0016,AN,1,64,ACSR,2,AWG
329,UBA0330,S0044-0064-0016,S0044-0064-0017,AN,1,71,ACSR,2,AWG
330,UBA0331,S0044-0064-0017,S0044-0064-0018,AN,1,58,ACSR,2,AWG
331,UBA0332,S0044-0064-0018,S0044-0064-0019,AN,1,58,ACSR,2,AWG
332,UBA0333,S0044-0064-0019,S0044-0064-0020,AN,1,70,ACSR,2,AWG
333,UBA0334,S0044-0064-0020,S0044-0064-0021,AN,1,68,ACSR,2,AWG
334,UBA0335,S0044-0064-0021,S0044-0064-0022,AN,1,65,ACSR,2,AWG
335,UBA0336,S0044-0064-0022,S0044-0064-0023,AN,1,65,ACSR,2,AWG
336,UBA0337,S0044-0064-0023,S0044-0064-0024,AN,1,86,ACSR,2,AWG
337,UBA0338,DT0000000045,S000045-0000002,AN,1,1,ACSR,2,AWG
338,OSA0339,S000045-0000001,S000045-000001a,AN,2,72,ACSR,2,AWG
339,UBA0340,S000045-0000002,S000045-0000003,AN,1,56,ACSR,2,AWG
340,UBA0341,S000045-0000002,S000045-0000001,AN,1,56,ACSR,2,AWG
341,OSA0342,S000045-0000003,S000045-000003A,AN,2,72,ACSR,2,AWG
342,UBA0343,S000045-0000003,S000045-0000004,AN,1,85,ACSR,2,AWG
343,OSA0344,S000045-0000004,S000045-000004a,AN,2,55,ACSR,2,AWG
344,UBA0345,S000045-0000004,S000045-0000005,AN,1,106,ACSR,2,AWG
345,OSA0346,S000045-0000005,S000045-000005a,AN,2,55,ACSR,2,AWG
346,UBA0347,S000045-0000005,S000045-0000006,AN,1,116,ACSR,2,AWG
347,OSA0348,S000045-000001a,S000045-000001b,AN,2,55,ACSR,2,AWG
348,OSA0349,S000045-000001b,S000045-000001c,AN,2,55,ACSR,2,AWG
349,OSA0350,S000045-000001c,S000045-000001d,AN,2,109,ACSR,2,AWG
350,OSA0351,S000045-000001d,S000045-000001e,AN,2,92,ACSR,2,AWG
351,OSA0352,S000045-000001e,S000045-000001f,AN,2,67,ACSR,2,AWG
352,OSA0353,S000045-000001f,S000045-000001g,AN,2,73,ACSR,2,AWG
353,OSA0354,S000045-000001g,S000045-000001h,AN,2,86,ACSR,2,AWG
354,OSA0355,S000045-000001h,S000045-000001i,AN,2,71,ACSR,2,AWG
355,OSA0356,S000045-000001i,S000045-000001j,AN,2,63,ACSR,2,AWG
356,UBA0357,DT0000000046-22,S0046-0022-0012,AN,1,1,ACSR,2,AWG
357,UBA0358,S0046-0022-0002,S0046-0022-0001,AN,1,71,ACSR,2,AWG
358,UBA0359,S0046-0022-0003,S0046-0022-0002,AN,1,66,ACSR,2,AWG
359,UBA0360,S0046-0022-0004,S0046-0022-0003,AN,1,69,ACSR,2,AWG
360,UBA0361,S0046-0022-0005,S0046-0022-0004,AN,1,55,ACSR,2,AWG
361,UBA0362,S0046-0022-0006,S0046-0022-0005,AN,1,59,ACSR,2,AWG
362,UBA0363,S0046-0022-0007,S0046-0022-0006,AN,1,54,ACSR,2,AWG
363,UBA0364,S0046-0022-0008,S0046-0022-0007,AN,1,52,ACSR,2,AWG
364,OSA0365,S0046-0022-0009,S0046-0022-009a,AN,2,89,ACSR,2,AWG
365,UBA0366,S0046-0022-0009,S0046-0022-0008,AN,1,60,ACSR,2,AWG
366,UBA0367,S0046-0022-0010,S0046-0022-0009,AN,1,48,ACSR,2,AWG
367,UBA0368,S0046-0022-0011,S0046-0022-0010,AN,1,49,ACSR,2,AWG
368,UBA0369,S0046-0022-0012,S0046-0022-0013,AN,1,70,ACSR,2,AWG
369,UBA0370,S0046-0022-0012,S0046-0022-0011,AN,1,70,ACSR,2,AWG
370,UBA0371,S0046-0022-0013,S0046-0022-0014,AN,1,50,ACSR,2,AWG
371,UBA0372,S0046-0022-0014,S0046-0022-0015,AN,1,58,ACSR,2,AWG
372,UBA0373,S0046-0022-0015,S0046-0022-0016,AN,1,73,ACSR,2,AWG
373,UBA0374,S0046-0022-0016,S0046-0022-0017,AN,1,41,ACSR,2,AWG
374,UBA0375,S0046-0022-0017,S0046-0022-0018,AN,1,65,ACSR,2,AWG
375,UBA0376,S0046-0022-0018,S0046-0022-0019,AN,1,66,ACSR,2,AWG
376,UBA0377,S0046-0022-0019,S0046-0022-0020,AN,1,57,ACSR,2,AWG
377,UBA0378,S0046-0022-0020,S0046-0022-0021,AN,1,51,ACSR,2,AWG
378,UBA0379,S0046-0022-009a,S0046-0022-09a1,AN,1,99,ACSR,2,AWG
379,OSA0380,S0046-0022-009a,S0046-0022-009b,AN,2,70,ACSR,2,AWG
380,OSA0381,S0046-0022-009b,S0046-0022-009c,AN,2,70,ACSR,2,AWG
381,UBA0382,DT0000000049-3,S0049-0003-0004,BN,1,1,ACSR,2,AWG
382,UBA0383,S0049-0003-0002,S0049-0003-0001,BN,1,53,ACSR,2,AWG
383,UBA0384,S0049-0003-0003,S0049-0003-0002,BN,1,42,ACSR,2,AWG
384,UBA0385,S0049-0003-0004,S0049-0003-0005,BN,1,53,ACSR,2,AWG
385,UBA0386,S0049-0003-0004,S0049-0003-0003,BN,1,155,ACSR,2,AWG
386,UBA0387,S0049-0003-0005,S0049-0003-0006,BN,1,38,ACSR,2,AWG
387,UBA0388,S0049-0003-0006,S0049-0003-0007,BN,1,46,ACSR,2,AWG
388,UBA0389,S0049-0003-0007,S0049-0003-0008,BN,1,54,ACSR,2,AWG
389,UBA0390,S0049-0003-0008,S0049-0003-0009,BN,1,40,ACSR,2,AWG
390,UBA0391,S0049-0003-0009,S0049-0003-0010,BN,1,37,ACSR,2,AWG
391,UBA0392,S0049-0003-0010,S0049-0003-0011,BN,1,65,ACSR,2,AWG
392,UBA0393,S0049-0003-0011,S0049-0003-0012,BN,1,52,ACSR,2,AWG
393,UBA0394,S0049-0003-0012,S0049-0003-0013,BN,1,56,ACSR,2,AWG
394,UBA0395,DT0000000054-20,S0054-0020-0010,BN,1,1,ACSR,2,AWG
395,UBA0396,DT0000000054,S000054-0000005,AN,1,1,ACSR,2,AWG
396,UBA0397,S000054-0000002,S000054-0000001,AN,1,130,ACSR,2,AWG
397,UBA0398,S000054-0000003,S000054-0000002,AN,1,49,ACSR,2,AWG
398,UBA0399,S000054-0000004,S000054-0000003,AN,1,64,ACSR,2,AWG
399,OSA0400,S000054-0000005,S000054-000005a,AN,2,20,ACSR,2,AWG
400,UBA0401,S000054-0000005,S000054-0000006,AN,1,44,ACSR,2,AWG
401,UBA0402,S000054-0000005,S000054-0000004,AN,1,60,ACSR,2,AWG
402,UBA0403,S000054-0000006,S000054-0000007,AN,1,64,ACSR,2,AWG
403,UBA0404,S000054-0000007,S000054-0000008,AN,1,73,ACSR,2,AWG
404,UBA0405,S000054-0000008,S000054-0000009,AN,1,66,ACSR,2,AWG
405,OSA0406,S000054-000005a,S000054-000005b,AN,2,65,ACSR,2,AWG
406,OSA0407,S000054-000005b,S000054-000005c,AN,2,95,ACSR,2,AWG
407,OSA0408,S000054-000005c,S000054-000005d,AN,2,79,ACSR,2,AWG
408,OSA0409,S000054-000005d,S000054-000005e,AN,2,64,ACSR,2,AWG
409,OSA0410,S000054-000005e,S000054-000005f,AN,2,89,ACSR,2,AWG
410,OSA0411,S000054-000005f,S000054-000005g,AN,2,69,ACSR,2,AWG
411,OSA0412,S000054-000005g,S000054-000005h,AN,2,87,ACSR,2,AWG
412,OSA0413,S000054-000005h,S000054-000005i,AN,2,30,ACSR,2,AWG
413,OSA0414,S000054-000005i,S000054-000005j,AN,2,81,ACSR,2,AWG
414,OSA0415,S000054-000005j,S000054-000005k,AN,2,74,ACSR,2,AWG
415,UBA0416,S0054-0020-0002,S0054-0020-0001,BN,1,80,ACSR,2,AWG
416,UBA0417,S0054-0020-0003,S0054-0020-0002,BN,1,78,ACSR,2,AWG
417,UBA0418,S0054-0020-0004,S0054-0020-0003,BN,1,75,ACSR,2,AWG
418,UBA0419,S0054-0020-0005,S0054-0020-0004,BN,1,85,ACSR,2,AWG
419,UBA0420,S0054-0020-0006,S0054-0020-0005,BN,1,61,ACSR,2,AWG
420,UBA0421,S0054-0020-0007,S0054-0020-0006,BN,1,66,ACSR,2,AWG
421,OSA0422,S0054-0020-0008,S0054-0020-008A,BN,2,67,ACSR,2,AWG
422,UBA0423,S0054-0020-0008,S0054-0020-0007,BN,1,68,ACSR,2,AWG
423,UBA0424,S0054-0020-0009,S0054-0020-0008,BN,1,54,ACSR,2,AWG
424,UBA0425,S0054-0020-0010,S0054-0020-0011,BN,1,77,ACSR,2,AWG
425,UBA0426,S0054-0020-0010,S0054-0020-0009,BN,1,71,ACSR,2,AWG
426,UBA0427,S0054-0020-0011,S0054-0020-0012,BN,1,72,ACSR,2,AWG
427,OSA0428,S0054-0020-0012,S0054-0020-012a,BN,2,44,ACSR,2,AWG
428,OSA0429,S0054-0020-0012,S0054-0020-012A,BN,2,44,ACSR,2,AWG
429,UBA0430,S0054-0020-0012,S0054-0020-0013,BN,1,90,ACSR,2,AWG
430,UBA0431,S0054-0020-0013,S0054-0020-0014,BN,1,75,ACSR,2,AWG
431,UBA0432,S0054-0020-0014,S0054-0020-0015,BN,1,81,ACSR,2,AWG
432,UBA0433,S0054-0020-0015,S0054-0020-0016,BN,1,81,ACSR,2,AWG
433,UBA0434,S0054-0020-0016,S0054-0020-0017,BN,1,77,ACSR,2,AWG
434,UBA0435,S0054-0020-0017,S0054-0020-0018,BN,1,80,ACSR,2,AWG
435,UBA0436,S0054-0020-0018,S0054-0020-0019,BN,1,71,ACSR,2,AWG
436,OSA0437,S0054-0020-008A,S0054-0020-008B,BN,2,64,ACSR,2,AWG
437,OSA0438,S0054-0020-008B,S0054-0020-008C,BN,2,62,ACSR,2,AWG
438,OSA0439,S0054-0020-008C,S0054-0020-008D,BN,2,73,ACSR,2,AWG
439,OSA0440,S0054-0020-008D,S0054-0020-008E,BN,2,70,ACSR,2,AWG
440,OSA0441,S0054-0020-008E,S0054-0020-008F,BN,2,63,ACSR,2,AWG
441,OSA0442,S0054-0020-008F,S0054-0020-008G,BN,2,71,ACSR,2,AWG
442,OSA0443,S0054-0020-008G,S0054-0020-008H,BN,2,68,ACSR,2,AWG
443,OSA0444,S0054-0020-008H,S0054-0020-008I,BN,2,64,ACSR,2,AWG
444,OSA0445,S0054-0020-012a,S0054-0020-012b,BN,2,49,ACSR,2,AWG
445,OSA0446,S0054-0020-012A,S0054-0020-012B,BN,2,49,ACSR,2,AWG
446,UBA0447,DT0000000065,S000065-0000004,AN,1,1,ACSR,2,AWG
447,OSA0448,S000065-0000002,S000065-000002a,AN,2,82,ACSR,2,AWG
448,UBA0449,S000065-0000002,S000065-0000001,AN,1,109,ACSR,2,AWG
449,OSA0450,S000065-0000003,S000065-000003a,AN,2,97,ACSR,2,AWG
450,UBA0451,S000065-0000003,S000065-0000002,AN,1,80,ACSR,2,AWG
451,UBA0452,S000065-0000004,S000065-0000005,AN,1,113,ACSR,2,AWG
452,UBA0453,S000065-0000004,S000065-0000003,AN,1,82,ACSR,2,AWG
453,OSA0454,S000065-0000005,S000065-000005a,AN,2,80,ACSR,2,AWG
454,UBA0455,S000065-0000005,S000065-0000006,AN,1,97,ACSR,2,AWG
455,OSA0456,S000065-000002a,S000065-000002b,AN,2,68,ACSR,2,AWG
456,OSA0457,S000065-000002b,S000065-000002c,AN,2,64,ACSR,2,AWG
457,UBA0458,DT0000000072-7,S0072-0007-0003,AN,1,1,ACSR,2,AWG
458,UBA0459,S0072-0007-0002,S0072-0007-0001,AN,1,71,ACSR,2,AWG
459,UBA0460,S0072-0007-0003,S0072-0007-0004,AN,1,50,ACSR,2,AWG
460,UBA0461,S0072-0007-0003,S0072-0007-0002,AN,1,61,ACSR,2,AWG
461,UBA0462,DT0000000073,S000073-0000007,BN,1,1,ACSR,2,AWG
462,UBA0463,S000073-0000002,S000073-0000001,BN,1,66,ACSR,2,AWG
463,UBA0464,S000073-0000003,S000073-0000002,BN,1,73,ACSR,2,AWG
464,UBA0465,S000073-0000004,S000073-0000003,BN,1,78,ACSR,2,AWG
465,OSA0466,S000073-0000005,S000073-000005a,BN,2,45,ACSR,2,AWG
466,UBA0467,S000073-0000005,S000073-0000004,BN,1,65,ACSR,2,AWG
467,UBA0468,S000073-0000006,S000073-0000005,BN,1,45,ACSR,2,AWG
468,UBA0469,S000073-0000007,S000073-0000008,BN,1,53,ACSR,2,AWG
469,UBA0470,S000073-0000007,S000073-0000006,BN,1,45,ACSR,2,AWG
470,UBA0471,S000073-0000008,S000073-0000009,BN,1,82,ACSR,2,AWG
471,UBA0472,S000073-0000009,S000073-0000010,BN,1,64,ACSR,2,AWG
472,UBA0473,DT0000000090,S000090-0000007,BN,1,1,ACSR,2,AWG
473,UBA0474,S000090-0000002,S000090-0000001,BN,1,76,ACSR,2,AWG
474,OSA2588,S000090-0000001,S000090-000001a,BN,1,76,ACSR,2,AWG
475,UBA2629,S000090-000001a,S000090-000001b,BN,1,76,ACSR,2,AWG
476,UBA0475,S000090-0000003,S000090-0000002,BN,1,101,ACSR,2,AWG
477,UBA0476,S000090-0000004,S000090-0000003,BN,1,81,ACSR,2,AWG
478,UBA0477,S000090-0000005,S000090-0000004,BN,1,77,ACSR,2,AWG
479,UBA0478,S000090-0000006,S000090-0000005,BN,1,73,ACSR,2,AWG
480,UBA0479,S000090-0000007,S000090-0000008,BN,1,26,ACSR,2,AWG
481,UBA0480,S000090-0000007,S000090-0000006,BN,1,123,ACSR,2,AWG
482,UBA0481,S000090-0000008,S000090-0000009,BN,1,40,ACSR,2,AWG
483,UBA0482,S000090-0000009,S000090-0000010,BN,1,82,ACSR,2,AWG
484,UBA0483,S000090-0000010,S000090-0000011,BN,1,95,ACSR,2,AWG
485,UBA2630,S000090-0000011,S000090-0000012,BN,1,95,ACSR,2,AWG
486,UBA0484,DT0000000091,S000091-0000001,CN,1,1,ACSR,2,AWG
487,UBA0485,DT0000000092-2,S0092-0002-0001,ABCN,1,1,CU,2,AWG
488,UBA0486,DT0000000092-7,S0092-0007-0007,BN,1,1,ACSR,2,AWG
489,UBA0487,DT0000000092-8,S0092-0008-0001,BN,1,1,ACSR,2,AWG
490,UBA0488,DT0000000092-9,S0092-0009-0001,BN,1,1,ACSR,2,AWG
491,UBA0489,DT0000000092,S000092-0000001,CN,1,1,ACSR,2,AWG
492,UBA0490,S0092-0007-0002,S0092-0007-0001,BN,1,65,ACSR,2,AWG
493,UBA0491,S0092-0007-0003,S0092-0007-0002,BN,1,45,ACSR,2,AWG
494,UBA0492,S0092-0007-0004,S0092-0007-0003,BN,1,53,ACSR,2,AWG
495,UBA0493,S0092-0007-0005,S0092-0007-0004,BN,1,45,ACSR,2,AWG
496,UBA0494,S0092-0007-0006,S0092-0007-0005,BN,1,82,ACSR,2,AWG
497,UBA0495,S0092-0007-0007,S0092-0007-0008,BN,1,64,ACSR,2,AWG
498,UBA0496,S0092-0007-0007,S0092-0007-0006,BN,1,76,ACSR,2,AWG
499,UBA0497,S0092-0007-0008,S0092-0007-0009,BN,1,55,ACSR,2,AWG
500,UBA0498,S0092-0007-0009,S0092-0007-0010,BN,1,70,ACSR,2,AWG
501,OSA0499,S0092-0007-0011,S0092-0007-011A,BN,2,65,ACSR,2,AWG
502,UBA0500,S0092-0007-0010,S0092-0007-0011,BN,1,96,ACSR,2,AWG
503,UBA0501,S0092-0007-0011,S0092-0007-0012,BN,1,80,ACSR,2,AWG
504,UBA0502,S0092-0007-0012,S0092-0007-0013,BN,1,69,ACSR,2,AWG
505,OSA0503,S0092-0007-011A,S0092-0007-011B,BN,2,79,ACSR,2,AWG
506,UBA0504,DT0000000093,S000093-0000001,BN,1,1,ACSR,2,AWG
507,UBA0505,DT0000000094,S000094-0000001,AN,1,1,ACSR,2,AWG
508,UBA0506,DT000000094B,S00094B-0000001,CN,1,1,ACSR,2,AWG
509,UBA0507,DT000000094C,S00094C-0000001,BN,1,1,ACSR,2,AWG
510,UBA0508,DT0000000095-7,S0095-0007-0005,CN,1,1,ACSR,2,AWG
511,UBA0509,S0095-0007-0002,S0095-0007-0001,CN,1,36,ACSR,2,AWG
512,UBA0510,S0095-0007-0003,S0095-0007-0002,CN,1,70,ACSR,2,AWG
513,UBA0511,S0095-0007-0004,S0095-0007-0003,CN,1,52,ACSR,2,AWG
514,UBA0512,S0095-0007-0005,S0095-0007-0006,CN,1,55,ACSR,2,AWG
515,UBA0513,S0095-0007-0005,S0095-0007-0004,CN,1,60,ACSR,2,AWG
516,UBA0514,S0095-0007-0006,S0095-0007-0007,CN,1,68,ACSR,2,AWG
517,UBA0515,S0095-0007-0007,S0095-0007-0008,CN,1,71,ACSR,2,AWG
518,UBA0516,DT0000000099,S000099-0000001,CN,1,1,ACSR,2,AWG
519,UBA0517,DT0000000100-16,S0100-0016-0006,CN,1,1,ACSR,2,AWG
520,UBA0518,DT0000000100-20,S0100-0020-0001,CN,1,1,ACSR,2,AWG
521,UBA0519,DT0000000100-28,S0100-0028-0008,CN,1,1,ACSR,2,AWG
522,UBA0520,DT0000000100-1,S0100-0001-0001,CN,1,1,ACSR,2,AWG
523,UBA0521,DT0000000100-2,S0100-0002-0001,CN,1,1,ACSR,2,AWG
524,UBA0522,DT0000000100-30i,S0100-030i-0006,CN,1,1,ACSR,2,AWG
525,UBA0523,DT0000000100-39h,S0100-039h-0009,CN,1,1,ACSR,2,AWG
526,UBA0524,DT0000000100-39X,S0100-039X-0001,CN,1,1,ACSR,2,AWG
527,UBA0525,DT0000000100-42,S0100-0042-0007,CN,1,1,ACSR,2,AWG
528,UBA0526,DT0000000100-43,S0100-0043-0001,CN,1,1,ACSR,2,AWG
529,UBA0527,DT0000000100-50,S0100-0050-0001,CN,1,1,ACSR,2,AWG
530,UBA0528,DT0000000100-58,S0100-0058-0005,CN,1,1,ACSR,2,AWG
531,UBA0529,DT0000000100-6,S0100-0006-0006,CN,1,1,ACSR,2,AWG
532,UBA0530,DT0000000100-7,S0100-0007-0001,CN,1,1,ACSR,2,AWG
533,UBA0531,DT0000000100-66,S0100-0066-0005,CN,1,1,ACSR,2,AWG
534,UBA0532,DT0000000100-74,S0100-0074-0005,CN,1,1,ACSR,2,AWG
535,UBA0533,DT0000000100-79,S0100-0079-0001,CN,1,1,ACSR,2,AWG
536,UBA0534,DT0000000100-85,S0100-0085-0001,CN,1,1,ACSR,2,AWG
537,UBA0535,DT0000000100-13ar,S0100-13ar-0005,CN,1,1,ACSR,2,AWG
538,UBA0536,DT0000000100-13bj,S0100-13bj-0006,CN,1,1,ACSR,2,AWG
539,UBA0537,DT0000000100-13m,S0100-013m-0009,CN,1,1,ACSR,2,AWG
540,UBA0538,DT0000000100-55-4,S100-55-04-0003,CN,1,1,ACSR,2,AWG
541,UBA0539,DT0000000100-71-3,S100-71-03-0001,CN,1,1,ACSR,2,AWG
542,UBA0540,DT0000000100-72M,S0100-072M-0004,CN,1,1,ACSR,2,AWG
543,UBA0541,DT0000000100-72Y,S0100-072Y-0005,CN,1,1,ACSR,2,AWG
544,UBA0542,DT0000000100-13ag6,S100-13ag6-0013,CN,1,1,ACSR,2,AWG
545,UBA0543,DT0000000100-13ax15,S100-13ax15-014,CN,1,1,ACSR,2,AWG
546,UBA0544,DT0000000100-72Q12,S100-72Q12-0005,CN,1,1,ACSR,2,AWG
547,UBA0545,DT0000000100-72Q8c,S100-72Q8c-0004,CN,1,1,ACSR,2,AWG
548,UBA0546,DT0000000100,S000100-0000007,AN,1,1,ACSR,2,AWG
549,OSA0547,S000100-0000002,S000100-000002a,AN,2,34,ACSR,2,AWG
550,UBA0548,S000100-0000002,S000100-0000001,AN,1,95,ACSR,2,AWG
551,UBA0549,S000100-0000003,S000100-0000002,AN,1,88,ACSR,2,AWG
552,UBA0550,S000100-0000004,S000100-0000003,AN,1,84,ACSR,2,AWG
553,UBA0551,S000100-0000005,S000100-0000004,AN,1,83,ACSR,2,AWG
554,UBA0552,S000100-0000006,S000100-0000005,AN,1,69,ACSR,2,AWG
555,OSA0553,S000100-0000007,S000100-000007A,AN,2,20,ACSR,2,AWG
556,UBA0554,S000100-0000007,S000100-0000008,AN,1,80,ACSR,2,AWG
557,UBA0555,S000100-0000007,S000100-0000006,AN,1,44,ACSR,2,AWG
558,UBA0556,S000100-0000008,S000100-0000009,AN,1,66,ACSR,2,AWG
559,OSA0557,S000100-0000009,S000100-000009a,AN,2,42,ACSR,2,AWG
560,UBA0558,S000100-0000009,S000100-0000010,AN,1,81,ACSR,2,AWG
561,OSA0559,S000100-000002a,S000100-000002b,AN,2,42,ACSR,2,AWG
562,OSA0560,S000100-000002b,S000100-000002c,AN,2,62,ACSR,2,AWG
563,OSA0565,S000100-0000003,S000100-000003A,AN,2,62,ACSR,2,AWG
564,UBA0561,S0100-0006-0002,S0100-0006-0001,CN,1,67,ACSR,2,AWG
565,UBA0562,S0100-0006-0003,S0100-0006-0002,CN,1,61,ACSR,2,AWG
566,UBA0563,S0100-0006-0004,S0100-0006-0003,CN,1,70,ACSR,2,AWG
567,UBA0564,S0100-0006-0005,S0100-0006-0004,CN,1,74,ACSR,2,AWG
568,OSA0565,S0100-0006-0006,S0100-0006-006a,CN,2,65,ACSR,2,AWG
569,UBA0566,S0100-0006-0006,S0100-0006-0007,CN,1,63,ACSR,2,AWG
570,UBA0567,S0100-0006-0006,S0100-0006-0005,CN,1,65,ACSR,2,AWG
571,UBA0568,S0100-0006-0007,S0100-0006-0008,CN,1,77,ACSR,2,AWG
572,UBA0569,S0100-0006-0008,S0100-0006-0009,CN,1,74,ACSR,2,AWG
573,UBA0570,S0100-0006-0009,S0100-0006-0010,CN,1,68,ACSR,2,AWG
574,UBA0571,S0100-0006-0010,S0100-0006-0011,CN,1,70,ACSR,2,AWG
575,OSA0572,S0100-0006-006a,S0100-0006-006b,CN,2,113,ACSR,2,AWG
576,UBA0573,S0100-0016-0002,S0100-0016-0001,CN,1,81,ACSR,2,AWG
577,OSA0574,S0100-0016-0003,S0100-0016-003a,CN,2,113,ACSR,2,AWG
578,UBA0575,S0100-0016-0003,S0100-0016-0002,CN,1,78,ACSR,2,AWG
579,OSA0576,S0100-0016-0004,S0100-0016-004a,CN,2,74,ACSR,2,AWG
580,UBA0577,S0100-0016-0004,S0100-0016-0003,CN,1,61,ACSR,2,AWG
581,UBA0578,S0100-0016-0005,S0100-0016-0004,CN,1,74,ACSR,2,AWG
582,UBA0579,S0100-0016-0006,S0100-0016-0007,CN,1,44,ACSR,2,AWG
583,UBA0580,S0100-0016-0006,S0100-0016-0005,CN,1,51,ACSR,2,AWG
584,UBA0581,S0100-0016-0007,S0100-0016-0008,CN,1,68,ACSR,2,AWG
585,UBA0582,S0100-0016-0008,S0100-0016-0009,CN,1,58,ACSR,2,AWG
586,UBA0583,S0100-0016-0009,S0100-0016-0010,CN,1,51,ACSR,2,AWG
587,OSA0584,S0100-0016-0010,S0100-0016-010a,CN,2,50,ACSR,2,AWG
588,UBA0585,S0100-0016-0010,S0100-0016-0011,CN,1,52,ACSR,2,AWG
589,OSA0586,S0100-0016-003a,S0100-0016-003b,CN,2,50,ACSR,2,AWG
590,OSA0587,S0100-0016-003b,S0100-0016-003c,CN,2,52,ACSR,2,AWG
591,OSA0588,S0100-0016-003c,S0100-0016-003d,CN,2,108,ACSR,2,AWG
592,OSA0589,S0100-0016-003d,S0100-0016-003e,CN,2,63,ACSR,2,AWG
593,UBA0590,S0100-0028-0002,S0100-0028-0001,CN,1,89,ACSR,2,AWG
594,UBA0591,S0100-0028-0003,S0100-0028-0002,CN,1,84,ACSR,2,AWG
595,UBA0592,S0100-0028-0004,S0100-0028-0003,CN,1,54,ACSR,2,AWG
596,UBA0593,S0100-0028-0005,S0100-0028-0004,CN,1,64,ACSR,2,AWG
597,UBA0594,S0100-0028-0006,S0100-0028-0005,CN,1,63,ACSR,2,AWG
598,UBA0595,S0100-0028-0007,S0100-0028-0006,CN,1,52,ACSR,2,AWG
599,UBA0596,S0100-0028-0008,S0100-0028-0009,CN,1,90,ACSR,2,AWG
600,UBA0597,S0100-0028-0008,S0100-0028-0007,CN,1,74,ACSR,2,AWG
601,UBA0598,S0100-0028-0009,S0100-0028-0010,CN,1,48,ACSR,2,AWG
602,OSA0599,S0100-0028-0010,S0100-0028-010a,CN,2,65,ACSR,2,AWG
603,UBA0600,S0100-0028-0010,S0100-0028-0011,CN,1,63,ACSR,2,AWG
604,UBA0601,S0100-0028-0011,S0100-0028-0012,CN,1,71,ACSR,2,AWG
605,OSA0602,S0100-0028-0012,S0100-0028-012A,CN,2,100,ACSR,2,AWG
606,OSA0603,S0100-0028-010a,S0100-0028-010b,CN,2,56,ACSR,2,AWG
607,OSA0604,S0100-0028-010b,S0100-0028-010c,CN,2,100,ACSR,2,AWG
608,OSA0605,S0100-0028-012A,S0100-0028-012B,CN,2,74,ACSR,2,AWG
609,OSA0606,S0100-0028-012B,S0100-0028-012C,CN,2,48,ACSR,2,AWG
610,OSA0607,S0100-0028-012C,S0100-0028-012D,CN,2,65,ACSR,2,AWG
611,OSA0608,S0100-0028-012D,S0100-0028-012E,CN,2,63,ACSR,2,AWG
612,OSA0609,S0100-0042-0001,S0100-0042-001a,CN,2,71,ACSR,2,AWG
613,UBA0610,S0100-0042-0002,S0100-0042-0001,CN,1,80,ACSR,2,AWG
614,OSA0611,S0100-0042-0003,S0100-0042-003a,CN,2,68,ACSR,2,AWG
615,UBA0612,S0100-0042-0003,S0100-0042-0002,CN,1,88,ACSR,2,AWG
616,UBA0613,S0100-0042-0004,S0100-0042-0003,CN,1,68,ACSR,2,AWG
617,UBA0614,S0100-0042-0005,S0100-0042-0004,CN,1,64,ACSR,2,AWG
618,UBA0615,S0100-0042-0006,S0100-0042-0005,CN,1,68,ACSR,2,AWG
619,UBA0616,S0100-0042-0007,S0100-0042-0008,CN,1,67,ACSR,2,AWG
620,UBA0617,S0100-0042-0007,S0100-0042-0006,CN,1,49,ACSR,2,AWG
621,OSA0618,S0100-0042-0008,S0100-0042-008a,CN,2,66,ACSR,2,AWG
622,OSA0619,S0100-0042-0008,S0100-0042-008A,CN,2,41,ACSR,2,AWG
623,UBA0620,S0100-0042-0008,S0100-0042-0009,CN,1,66,ACSR,2,AWG
624,UBA0621,S0100-0042-0009,S0100-0042-0010,CN,1,56,ACSR,2,AWG
625,OSA0622,S0100-0042-0010,S0100-0042-010a,CN,2,63,ACSR,2,AWG
626,UBA0623,S0100-0042-0010,S0100-0042-0011,CN,1,84,ACSR,2,AWG
627,UBA0624,S0100-0042-0011,S0100-0042-0012,CN,1,63,ACSR,2,AWG
628,UBA0625,S0100-0042-0012,S0100-0042-0013,CN,1,77,ACSR,2,AWG
629,UBA0626,S0100-0042-0013,S0100-0042-0014,CN,1,63,ACSR,2,AWG
630,UBA0627,S0100-0042-0014,S0100-0042-0015,CN,1,56,ACSR,2,AWG
631,UBA0628,S0100-0042-0015,S0100-0042-0016,CN,1,79,ACSR,2,AWG
632,UBA0629,S0100-0042-0016,S0100-0042-0017,CN,1,94,ACSR,2,AWG
633,OSA0630,S0100-0042-008A,S0100-0042-008B,CN,2,59,ACSR,2,AWG
634,OSA0631,S0100-0042-008B,S0100-0042-008C,CN,2,48,ACSR,2,AWG
635,OSA0632,S0100-0042-008C,S0100-0042-008D,CN,2,70,ACSR,2,AWG
636,OSA0633,S0100-0042-008D,S0100-0042-008E,CN,2,48,ACSR,2,AWG
637,OSA0634,S0100-0042-008E,S0100-0042-008F,CN,2,64,ACSR,2,AWG
638,OSA0635,S0100-0042-010a,S0100-0042-010b,CN,2,66,ACSR,2,AWG
639,OSA0636,S0100-0042-010b,S0100-0042-010c,CN,2,56,ACSR,2,AWG
640,OSA0637,S0100-0042-010c,S0100-0042-010d,CN,2,63,ACSR,2,AWG
641,OSA0638,S0100-0042-010d,S0100-0042-010e,CN,2,84,ACSR,2,AWG
642,OSA0639,S0100-0042-010e,S0100-0042-010f,CN,2,63,ACSR,2,AWG
643,OSA0640,S0100-0042-010f,S0100-0042-010g,CN,2,77,ACSR,2,AWG
644,OSA0641,S0100-0042-010g,S0100-0042-010h,CN,2,63,ACSR,2,AWG
645,OSA0642,S0100-0042-010h,S0100-0042-010i,CN,2,56,ACSR,2,AWG
646,UBA0643,S0100-0058-0002,S0100-0058-0001,CN,1,61,ACSR,2,AWG
647,UBA0644,S0100-0058-0003,S0100-0058-0002,CN,1,106,ACSR,2,AWG
648,UBA0645,S0100-0058-0004,S0100-0058-0003,CN,1,48,ACSR,2,AWG
649,OSA0646,S0100-0058-0005,S0100-0058-005A,CN,2,28,ACSR,2,AWG
650,UBA0647,S0100-0058-0005,S0100-0058-0006,CN,1,63,ACSR,2,AWG
651,UBA0648,S0100-0058-0005,S0100-0058-0004,CN,1,28,ACSR,2,AWG
652,UBA0649,S0100-0058-0006,S0100-0058-0007,CN,1,58,ACSR,2,AWG
653,UBA0650,S0100-0058-0007,S0100-0058-0008,CN,1,54,ACSR,2,AWG
654,UBA0651,S0100-0058-0008,S0100-0058-0009,CN,1,59,ACSR,2,AWG
655,OSA0652,S0100-0058-005A,S0100-0058-005B,CN,2,72,ACSR,2,AWG
656,OSA0653,S0100-0058-005B,S0100-0058-005C,CN,2,68,ACSR,2,AWG
657,UBA0654,S0100-0066-0002,S0100-0066-0001,CN,1,71,ACSR,2,AWG
658,UBA0655,S0100-0066-0003,S0100-0066-0002,CN,1,72,ACSR,2,AWG
659,UBA0656,S0100-0066-0004,S0100-0066-0003,CN,1,68,ACSR,2,AWG
660,UBA0657,S0100-0066-0005,S0100-0066-0006,CN,1,77,ACSR,2,AWG
661,UBA0658,S0100-0066-0005,S0100-0066-0004,CN,1,63,ACSR,2,AWG
662,UBA0659,S0100-0066-0006,S0100-0066-0007,CN,1,83,ACSR,2,AWG
663,UBA0660,S0100-0066-0007,S0100-0066-0008,CN,1,69,ACSR,2,AWG
664,UBA0661,S0100-0066-0008,S0100-0066-0009,CN,1,57,ACSR,2,AWG
665,UBA0662,S0100-0074-0002,S0100-0074-0001,CN,1,56,ACSR,2,AWG
666,OSA0663,S0100-0074-0003,S0100-0074-003A,CN,2,69,ACSR,2,AWG
667,UBA0664,S0100-0074-0003,S0100-0074-0002,CN,1,73,ACSR,2,AWG
668,UBA0665,S0100-0074-0004,S0100-0074-0003,CN,1,75,ACSR,2,AWG
669,UBA0666,S0100-0074-0005,S0100-0074-0006,CN,1,54,ACSR,2,AWG
670,UBA0667,S0100-0074-0005,S0100-0074-0004,CN,1,39,ACSR,2,AWG
671,UBA0668,S0100-0074-0006,S0100-0074-0007,CN,1,77,ACSR,2,AWG
672,UBA0669,S0100-0074-0007,S0100-0074-0008,CN,1,79,ACSR,2,AWG
673,OSA0670,S0100-0074-0008,S0100-0074-008a,CN,2,73,ACSR,2,AWG
674,UBA0671,S0100-0074-0008,S0100-0074-0009,CN,1,54,ACSR,2,AWG
675,OSA0672,S0100-0074-003A,S0100-0074-003B,CN,2,73,ACSR,2,AWG
676,OSA0673,S0100-0074-003B,S0100-0074-003C,CN,2,58,ACSR,2,AWG
677,OSA0674,S0100-0074-003C,S0100-0074-003D,CN,2,95,ACSR,2,AWG
678,OSA0675,S0100-0074-003D,S0100-0074-003E,CN,2,71,ACSR,2,AWG
679,OSA0676,S0100-0074-008a,S0100-0074-008b,CN,2,66,ACSR,2,AWG
680,UBA0677,S0100-0079-0001,S0100-0079-0002,CN,1,88,ACSR,2,AWG
681,OSA0678,S0100-0079-0002,S0100-0079-002a,CN,2,85,ACSR,2,AWG
682,UBA0679,S0100-0079-0002,S0100-0079-0003,CN,1,55,ACSR,2,AWG
683,UBA0680,S0100-0079-0003,S0100-0079-0004,CN,1,66,ACSR,2,AWG
684,UBA0681,S0100-0079-0004,S0100-0079-0005,CN,1,85,ACSR,2,AWG
685,UBA0682,S0100-0079-0005,S0100-0079-0006,CN,1,87,ACSR,2,AWG
686,UBA0683,S0100-0079-0006,S0100-0079-0007,CN,1,66,ACSR,2,AWG
687,UBA0684,S0100-0079-0007,S0100-0079-0008,CN,1,70,ACSR,2,AWG
688,UBA0685,S0100-0079-0008,S0100-0079-0009,CN,1,95,ACSR,2,AWG
689,UBA0686,S0100-0079-0009,S0100-0079-0010,CN,1,48,ACSR,2,AWG
690,UBA0687,S0100-0079-0010,S0100-0079-0011,CN,1,53,ACSR,2,AWG
691,UBA0688,S0100-0079-0011,S0100-0079-0012,CN,1,70,ACSR,2,AWG
692,UBA0689,S0100-0079-0012,S0100-0079-0013,CN,1,51,ACSR,2,AWG
693,UBA0690,S0100-0079-0013,S0100-0079-0014,CN,1,49,ACSR,2,AWG
694,UBA0691,S0100-0079-0014,S0100-0079-0015,CN,1,69,ACSR,2,AWG
695,UBA0692,S0100-0079-0015,S0100-0079-0016,CN,1,57,ACSR,2,AWG
696,UBA0693,S0100-0085-0001,S0100-0085-0002,CN,1,56,ACSR,2,AWG
697,UBA0694,S0100-0085-0002,S0100-0085-0003,CN,1,69,ACSR,2,AWG
698,UBA0695,S0100-0085-0003,S0100-0085-0004,CN,1,73,ACSR,2,AWG
699,UBA0696,S0100-0085-0004,S0100-0085-0005,CN,1,75,ACSR,2,AWG
700,UBA0697,S0100-0085-0005,S0100-0085-0006,CN,1,54,ACSR,2,AWG
701,OSA0698,S0100-0085-0006,S0100-0085-006A,CN,2,39,ACSR,2,AWG
702,UBA0699,S0100-0085-0006,S0100-0085-0007,CN,1,77,ACSR,2,AWG
703,OSA0700,S0100-0085-0007,S0100-0085-007a,CN,2,79,ACSR,2,AWG
704,UBA0701,S0100-0085-0007,S0100-0085-0008,CN,1,73,ACSR,2,AWG
705,UBA0702,S0100-0085-0008,S0100-0085-0009,CN,1,54,ACSR,2,AWG
706,OSA0703,S0100-0085-0009,S0100-0085-009a,CN,2,73,ACSR,2,AWG
707,UBA0704,S0100-0085-0009,S0100-0085-0010,CN,1,58,ACSR,2,AWG
708,UBA0705,S0100-0085-0010,S0100-0085-0011,CN,1,95,ACSR,2,AWG
709,OSA0706,S0100-0085-006A,S0100-0085-006B,CN,2,71,ACSR,2,AWG
710,OSA0707,S0100-0085-006B,S0100-0085-006C,CN,2,66,ACSR,2,AWG
711,OSA0708,S0100-0085-006C,S0100-0085-006D,CN,2,88,ACSR,2,AWG
712,OSA0709,S0100-0085-006D,S0100-0085-006E,CN,2,85,ACSR,2,AWG
713,OSA0710,S0100-0085-009a,S0100-0085-009b,CN,2,55,ACSR,2,AWG
714,UBA0711,S0100-013m-0002,S0100-013m-0001,CN,1,63,ACSR,2,AWG
715,OSA0712,S0100-013m-0003,S0100-013m-003a,CN,2,107,ACSR,2,AWG
716,UBA0713,S0100-013m-0003,S0100-013m-0002,CN,1,66,ACSR,2,AWG
717,UBA0714,S0100-013m-0004,S0100-013m-0003,CN,1,64,ACSR,2,AWG
718,UBA0715,S0100-013m-0005,S0100-013m-0004,CN,1,65,ACSR,2,AWG
719,UBA0716,S0100-013m-0006,S0100-013m-0005,CN,1,62,ACSR,2,AWG
720,UBA0717,S0100-013m-0007,S0100-013m-0006,CN,1,69,ACSR,2,AWG
721,UBA0718,S0100-013m-0008,S0100-013m-0007,CN,1,58,ACSR,2,AWG
722,UBA0719,S0100-013m-0009,S0100-013m-0010,CN,1,86,ACSR,2,AWG
723,UBA0720,S0100-013m-0009,S0100-013m-0008,CN,1,55,ACSR,2,AWG
724,UBA0721,S0100-013m-0010,S0100-013m-0011,CN,1,83,ACSR,2,AWG
725,UBA0722,S0100-013m-0011,S0100-013m-0012,CN,1,94,ACSR,2,AWG
726,UBA0723,S0100-013m-0012,S0100-013m-0013,CN,1,109,ACSR,2,AWG
727,UBA0724,S0100-013m-0013,S0100-013m-0014,CN,1,87,ACSR,2,AWG
728,UBA0725,S0100-013m-0014,S0100-013m-0015,CN,1,77,ACSR,2,AWG
729,UBA0726,S0100-013m-0015,S0100-013m-0016,CN,1,90,ACSR,2,AWG
730,OSA0727,S0100-013m-0016,S0100-013m-016a,CN,2,61,ACSR,2,AWG
731,UBA0728,S0100-013m-0016,S0100-013m-0017,CN,1,95,ACSR,2,AWG
732,UBA0729,S0100-013m-0017,S0100-013m-0018,CN,1,84,ACSR,2,AWG
733,UBA0730,S0100-013m-0018,S0100-013m-0019,CN,1,116,ACSR,2,AWG
734,UBA0731,S0100-013m-0019,S0100-013m-0020,CN,1,72,ACSR,2,AWG
735,UBA0732,S0100-013m-0020,S0100-013m-0021,CN,1,87,ACSR,2,AWG
736,UBA0733,S0100-013m-0021,S0100-013m-0022,CN,1,102,ACSR,2,AWG
737,UBA0734,S0100-013m-0022,S0100-013m-0023,CN,1,77,ACSR,2,AWG
738,OSA0735,S0100-013m-003a,S0100-013m-003b,CN,2,78,ACSR,2,AWG
739,OSA0736,S0100-013m-003b,S0100-013m-003c,CN,2,150,ACSR,2,AWG
740,OSA0737,S0100-013m-003c,S0100-013m-003d,CN,2,60,ACSR,2,AWG
741,OSA0738,S0100-013m-016a,S0100-013m-016b,CN,2,60,ACSR,2,AWG
742,OSA0739,S0100-013m-016b,S0100-013m-016c,CN,2,81,ACSR,2,AWG
743,OSA0740,S0100-013m-016c,S0100-013m-016d,CN,2,89,ACSR,2,AWG
744,OSA0741,S0100-013m-016d,S0100-013m-016e,CN,2,100,ACSR,2,AWG
745,OSA0742,S0100-013m-016e,S0100-013m-016f,CN,2,105,ACSR,2,AWG
746,OSA0743,S0100-013m-016f,S0100-013m-016g,CN,2,97,ACSR,2,AWG
747,OSA0744,S0100-013m-016g,S0100-013m-016h,CN,2,116,ACSR,2,AWG
748,UBA0745,S0100-030i-0002,S0100-030i-0001,CN,1,77,ACSR,2,AWG
749,UBA0746,S0100-030i-0003,S0100-030i-0002,CN,1,90,ACSR,2,AWG
750,UBA0747,S0100-030i-0004,S0100-030i-0003,CN,1,83,ACSR,2,AWG
751,UBA0748,S0100-030i-0005,S0100-030i-0004,CN,1,116,ACSR,2,AWG
752,UBA0749,S0100-030i-0006,S0100-030i-0007,CN,1,56,ACSR,2,AWG
753,UBA0750,S0100-030i-0006,S0100-030i-0005,CN,1,89,ACSR,2,AWG
754,OSA0751,S0100-030i-0007,S0100-030i-007a,CN,2,36,ACSR,2,AWG
755,UBA0752,S0100-030i-0007,S0100-030i-0008,CN,1,89,ACSR,2,AWG
756,UBA0753,S0100-030i-0008,S0100-030i-0009,CN,1,93,ACSR,2,AWG
757,UBA0754,S0100-030i-0009,S0100-030i-0010,CN,1,77,ACSR,2,AWG
758,UBA0755,S0100-030i-0010,S0100-030i-0011,CN,1,82,ACSR,2,AWG
759,UBA0756,S0100-030i-0011,S0100-030i-0012,CN,1,74,ACSR,2,AWG
760,UBA0757,S0100-030i-0012,S0100-030i-0013,CN,1,111,ACSR,2,AWG
761,UBA0758,S0100-030i-0013,S0100-030i-0014,CN,1,102,ACSR,2,AWG
762,UBA0759,S0100-030i-0014,S0100-030i-0015,CN,1,88,ACSR,2,AWG
763,UBA0760,S0100-030i-0015,S0100-030i-0016,CN,1,119,ACSR,2,AWG
764,UBA0761,S0100-030i-0016,S0100-030i-0017,CN,1,99,ACSR,2,AWG
765,OSA0762,S0100-030i-007a,S0100-030i-007b,CN,2,45,ACSR,2,AWG
766,UBA0763,S0100-039h-0002,S0100-039h-0001,CN,1,40,ACSR,2,AWG
767,UBA0764,S0100-039h-0003,S0100-039h-0002,CN,1,85,ACSR,2,AWG
768,UBA0765,S0100-039h-0004,S0100-039h-0003,CN,1,77,ACSR,2,AWG
769,UBA0766,S0100-039h-0005,S0100-039h-0004,CN,1,62,ACSR,2,AWG
770,UBA0767,S0100-039h-0006,S0100-039h-0005,CN,1,90,ACSR,2,AWG
771,UBA0768,S0100-039h-0007,S0100-039h-0006,CN,1,103,ACSR,2,AWG
772,UBA0769,S0100-039h-0008,S0100-039h-0007,CN,1,81,ACSR,2,AWG
773,UBA0770,S0100-039h-0009,S0100-039h-0010,CN,1,80,ACSR,2,AWG
774,UBA0771,S0100-039h-0009,S0100-039h-0008,CN,1,77,ACSR,2,AWG
775,UBA0772,S0100-039h-0010,S0100-039h-0011,CN,1,95,ACSR,2,AWG
776,UBA0773,S0100-039h-0011,S0100-039h-0012,CN,1,74,ACSR,2,AWG
777,UBA0774,S0100-039h-0012,S0100-039h-0013,CN,1,42,ACSR,2,AWG
778,UBA0775,S0100-039h-0013,S0100-039h-0014,CN,1,74,ACSR,2,AWG
779,UBA0776,S0100-039h-0014,S0100-039h-0015,CN,1,77,ACSR,2,AWG
780,UBA0777,S0100-039h-0015,S0100-039h-0016,CN,1,91,ACSR,2,AWG
781,UBA0778,S0100-039h-0016,S0100-039h-0017,CN,1,92,ACSR,2,AWG
782,UBA0779,S0100-039h-0017,S0100-039h-0018,CN,1,78,ACSR,2,AWG
783,UBA0780,S0100-039h-0018,S0100-039h-0019,CN,1,95,ACSR,2,AWG
784,UBA0781,S0100-039h-0019,S0100-039h-0020,CN,1,93,ACSR,2,AWG
785,UBA0782,S0100-039h-0020,S0100-039h-0021,CN,1,92,ACSR,2,AWG
786,UBA0783,S0100-039h-0021,S0100-039h-0022,CN,1,105,ACSR,2,AWG
787,UBA0784,S0100-039X-0001,S0100-039X-0002,CN,1,45,ACSR,2,AWG
788,UBA0785,S0100-039X-0002,S0100-039X-0003,CN,1,53,ACSR,2,AWG
789,UBA0786,S0100-039X-0003,S0100-039X-0004,CN,1,50,ACSR,2,AWG
790,OSA0787,S0100-039X-0004,S0100-039X-004a,CN,2,47,ACSR,2,AWG
791,UBA0788,S0100-039X-0004,S0100-039X-0005,CN,1,54,ACSR,2,AWG
792,UBA0789,S0100-039X-0005,S0100-039X-0006,CN,1,58,ACSR,2,AWG
793,OSA0790,S0100-039X-0006,S0100-039X-006A,CN,2,80,ACSR,2,AWG
794,UBA0791,S0100-039X-0006,S0100-039X-0007,CN,1,69,ACSR,2,AWG
795,OSA0792,S0100-039X-004a,S0100-039X-004b,CN,2,51,ACSR,2,AWG
796,OSA0793,S0100-039X-004b,S0100-039X-004c,CN,2,47,ACSR,2,AWG
797,OSA0794,S0100-039X-004c,S0100-039X-004d,CN,2,56,ACSR,2,AWG
798,OSA0795,S0100-039X-006A,S0100-039X-006B,CN,2,69,ACSR,2,AWG
799,UBA0796,S0100-072M-0002,S0100-072M-0001,CN,1,64,ACSR,2,AWG
800,UBA0797,S0100-072M-0003,S0100-072M-0002,CN,1,64,ACSR,2,AWG
801,UBA0798,S0100-072M-0004,S0100-072M-0005,CN,1,73,ACSR,2,AWG
802,UBA0799,S0100-072M-0004,S0100-072M-0003,CN,1,47,ACSR,2,AWG
803,UBA0800,S0100-072M-0005,S0100-072M-0006,CN,1,121,ACSR,2,AWG
804,UBA0801,S0100-072M-0006,S0100-072M-0007,CN,1,161,ACSR,2,AWG
805,UBA0802,S0100-072M-0007,S0100-072M-0008,CN,1,48,ACSR,2,AWG
806,OSA0803,S0100-072M-0008,S0100-072M-008A,CN,2,54,ACSR,2,AWG
807,UBA0804,S0100-072M-0008,S0100-072M-0009,CN,1,105,ACSR,2,AWG
808,UBA0805,S0100-072M-0009,S0100-072M-0010,CN,1,54,ACSR,2,AWG
809,UBA0806,S0100-072M-0010,S0100-072M-0011,CN,1,49,ACSR,2,AWG
810,UBA0807,S0100-072M-0011,S0100-072M-0012,CN,1,130,ACSR,2,AWG
811,OSA0808,S0100-072M-008A,S0100-072M-008B,CN,2,34,ACSR,2,AWG
812,OSA0809,S0100-072M-008B,S0100-072M-008C,CN,2,99,ACSR,2,AWG
813,OSA0810,S0100-072M-008C,S0100-072M-008D,CN,2,48,ACSR,2,AWG
814,UBA0811,S0100-072Y-0002,S0100-072Y-0001,CN,1,149,ACSR,2,AWG
815,UBA0812,S0100-072Y-0003,S0100-072Y-0002,CN,1,134,ACSR,2,AWG
816,UBA0813,S0100-072Y-0004,S0100-072Y-0003,CN,1,34,ACSR,2,AWG
817,UBA0814,S0100-072Y-0005,S0100-072Y-0006,CN,1,99,ACSR,2,AWG
818,UBA0815,S0100-072Y-0005,S0100-072Y-0004,CN,1,48,ACSR,2,AWG
819,UBA0816,S0100-072Y-0006,S0100-072Y-0007,CN,1,64,ACSR,2,AWG
820,UBA0817,S0100-072Y-0007,S0100-072Y-0008,CN,1,117,ACSR,2,AWG
821,UBA0818,S0100-072Y-0008,S0100-072Y-0009,CN,1,141,ACSR,2,AWG
822,UBA0819,S0100-072Y-0009,S0100-072Y-0010,CN,1,87,ACSR,2,AWG
823,UBA0820,S0100-072Y-0010,S0100-072Y-0011,CN,1,66,ACSR,2,AWG
824,UBA0821,S0100-072Y-0011,S0100-072Y-0012,CN,1,161,ACSR,2,AWG
825,UBA0822,S0100-072Y-0012,S0100-072Y-0013,CN,1,62,ACSR,2,AWG
826,UBA0823,S0100-072Y-0013,S0100-072Y-0014,CN,1,59,ACSR,2,AWG
827,UBA0824,S0100-072Y-0014,S0100-072Y-0015,CN,1,109,ACSR,2,AWG
828,UBA0825,S0100-072Y-0015,S0100-072Y-0016,CN,1,73,ACSR,2,AWG
829,UBA0826,S0100-072Y-0016,S0100-072Y-0017,CN,1,80,ACSR,2,AWG
830,UBA0827,S0100-072Y-0017,S0100-072Y-0018,CN,1,95,ACSR,2,AWG
831,UBA0828,S0100-072Y-0018,S0100-072Y-0019,CN,1,86,ACSR,2,AWG
832,UBA0829,S0100-072Y-0019,S0100-072Y-0020,CN,1,75,ACSR,2,AWG
833,UBA0830,S0100-072Y-0020,S0100-072Y-0021,CN,1,92,ACSR,2,AWG
834,UBA0831,S0100-072Y-0021,S0100-072Y-0022,CN,1,98,ACSR,2,AWG
835,UBA0832,S0100-072Y-0022,S0100-072Y-0023,CN,1,77,ACSR,2,AWG
836,UBA0833,S0100-072Y-0023,S0100-072Y-0024,CN,1,85,ACSR,2,AWG
837,UBA0834,S0100-072Y-0024,S0100-072Y-0025,CN,1,78,ACSR,2,AWG
838,UBA0835,S0100-072Y-0025,S0100-072Y-0026,CN,1,80,ACSR,2,AWG
839,UBA0836,S0100-072Y-0026,S0100-072Y-0027,CN,1,68,ACSR,2,AWG
840,UBA0837,S0100-13ar-0002,S0100-13ar-0001,CN,1,72,ACSR,2,AWG
841,UBA0838,S0100-13ar-0003,S0100-13ar-0002,CN,1,57,ACSR,2,AWG
842,UBA0839,S0100-13ar-0004,S0100-13ar-0003,CN,1,71,ACSR,2,AWG
843,OSA0840,S0100-13ar-0005,S0100-13ar-005A,CN,2,74,ACSR,2,AWG
844,UBA0841,S0100-13ar-0005,S0100-13ar-0006,CN,1,69,ACSR,2,AWG
845,UBA0842,S0100-13ar-0005,S0100-13ar-0004,CN,1,65,ACSR,2,AWG
846,UBA0843,S0100-13ar-0006,S0100-13ar-0007,CN,1,71,ACSR,2,AWG
847,UBA0844,S0100-13ar-0007,S0100-13ar-0008,CN,1,56,ACSR,2,AWG
848,UBA0845,S0100-13ar-0008,S0100-13ar-0009,CN,1,59,ACSR,2,AWG
849,UBA0846,S0100-13ar-0009,S0100-13ar-0010,CN,1,92,ACSR,2,AWG
850,UBA0847,S0100-13ar-0010,S0100-13ar-0011,CN,1,82,ACSR,2,AWG
851,OSA0848,S0100-13ar-0011,S0100-13ar-011A,CN,2,49,ACSR,2,AWG
852,UBA0849,S0100-13ar-0011,S0100-13ar-0012,CN,1,72,ACSR,2,AWG
853,OSA0850,S0100-13ar-005A,S0100-13ar-005B,CN,2,59,ACSR,2,AWG
854,OSA0851,S0100-13ar-011A,S0100-13ar-011B,CN,2,91,ACSR,2,AWG
855,UBA0852,S0100-13bj-0002,S0100-13bj-0001,CN,1,124,ACSR,2,AWG
856,OSA0853,S0100-13bj-0003,S0100-13bj-003a,CN,2,84,ACSR,2,AWG
857,UBA0854,S0100-13bj-0003,S0100-13bj-0002,CN,1,109,ACSR,2,AWG
858,UBA0855,S0100-13bj-0004,S0100-13bj-0003,CN,1,117,ACSR,2,AWG
859,UBA0856,S0100-13bj-0005,S0100-13bj-0004,CN,1,94,ACSR,2,AWG
860,OSA0857,S0100-13bj-0006,S0100-13bj-006a,CN,2,53,ACSR,2,AWG
861,UBA0858,S0100-13bj-0006,S0100-13bj-0007,CN,1,116,ACSR,2,AWG
862,UBA0859,S0100-13bj-0006,S0100-13bj-0005,CN,1,80,ACSR,2,AWG
863,UBA0860,S0100-13bj-0007,S0100-13bj-0008,CN,1,135,ACSR,2,AWG
864,UBA0861,S0100-13bj-0008,S0100-13bj-0009,CN,1,126,ACSR,2,AWG
865,OSA0862,S0100-13bj-0009,S0100-13bj-009A,CN,2,121,ACSR,2,AWG
866,UBA0863,S0100-13bj-0009,S0100-13bj-0010,CN,1,70,ACSR,2,AWG
867,UBA0864,S0100-13bj-0010,S0100-13bj-0011,CN,1,119,ACSR,2,AWG
868,UBA0865,S0100-13bj-0011,S0100-13bj-0012,CN,1,71,ACSR,2,AWG
869,UBA0866,S0100-13bj-0012,S0100-13bj-0013,CN,1,76,ACSR,2,AWG
870,UBA0867,S0100-13bj-0013,S0100-13bj-0014,CN,1,72,ACSR,2,AWG
871,UBA0868,S0100-13bj-0014,S0100-13bj-0015,CN,1,92,ACSR,2,AWG
872,UBA0869,S0100-13bj-0015,S0100-13bj-0016,CN,1,81,ACSR,2,AWG
873,UBA0870,S0100-13bj-0016,S0100-13bj-0017,CN,1,78,ACSR,2,AWG
874,OSA0871,S0100-13bj-003a,S0100-13bj-003b,CN,2,81,ACSR,2,AWG
875,OSA0872,S0100-13bj-003b,S0100-13bj-003c,CN,2,116,ACSR,2,AWG
876,OSA0873,S0100-13bj-009A,S0100-13bj-009B,CN,2,119,ACSR,2,AWG
877,UBA0874,S100-13ag6-0002,S100-13ag6-0001,CN,1,75,ACSR,2,AWG
878,UBA0875,S100-13ag6-0003,S100-13ag6-0002,CN,1,77,ACSR,2,AWG
879,UBA0876,S100-13ag6-0004,S100-13ag6-0003,CN,1,78,ACSR,2,AWG
880,UBA0877,S100-13ag6-0005,S100-13ag6-0004,CN,1,82,ACSR,2,AWG
881,UBA0878,S100-13ag6-0006,S100-13ag6-0005,CN,1,77,ACSR,2,AWG
882,OSA0879,S100-13ag6-0007,S100-13ag6-007A,CN,2,108,ACSR,2,AWG
883,UBA0880,S100-13ag6-0007,S100-13ag6-0006,CN,1,93,ACSR,2,AWG
884,UBA0881,S100-13ag6-0008,S100-13ag6-0007,CN,1,78,ACSR,2,AWG
885,UBA0882,S100-13ag6-0009,S100-13ag6-0008,CN,1,70,ACSR,2,AWG
886,UBA0883,S100-13ag6-0010,S100-13ag6-0009,CN,1,73,ACSR,2,AWG
887,UBA0884,S100-13ag6-0011,S100-13ag6-0010,CN,1,65,ACSR,2,AWG
888,OSA0885,S100-13ag6-0012,S100-13ag6-012A,CN,2,42,ACSR,2,AWG
889,UBA0886,S100-13ag6-0012,S100-13ag6-0011,CN,1,100,ACSR,2,AWG
890,UBA0887,S100-13ag6-0013,S100-13ag6-0014,CN,1,42,ACSR,2,AWG
891,UBA0888,S100-13ag6-0013,S100-13ag6-0012,CN,1,105,ACSR,2,AWG
892,OSA0889,S100-13ag6-0014,S100-13ag6-014A,CN,2,51,ACSR,2,AWG
893,UBA0890,S100-13ag6-0014,S100-13ag6-0015,CN,1,39,ACSR,2,AWG
894,UBA0891,S100-13ag6-0015,S100-13ag6-0016,CN,1,83,ACSR,2,AWG
895,OSA0892,S100-13ag6-007A,S100-13ag6-007B,CN,2,97,ACSR,2,AWG
896,OSA0893,S100-13ag6-007B,S100-13ag6-007C,CN,2,110,ACSR,2,AWG
897,OSA0894,S100-13ag6-007C,S100-13ag6-007D,CN,2,96,ACSR,2,AWG
898,OSA0895,S100-13ag6-007D,S100-13ag6-007E,CN,2,85,ACSR,2,AWG
899,OSA0896,S100-13ag6-007E,S100-13ag6-007F,CN,2,113,ACSR,2,AWG
900,OSA0897,S100-13ag6-007F,S100-13ag6-007G,CN,2,63,ACSR,2,AWG
901,OSA0898,S100-13ag6-012A,S100-13ag6-012B,CN,2,101,ACSR,2,AWG
902,OSA0899,S100-13ag6-014A,S100-13ag6-014B,CN,2,97,ACSR,2,AWG
903,OSA0900,S100-13ag6-014B,S100-13ag6-014C,CN,2,101,ACSR,2,AWG
904,OSA0901,S100-13ag6-014C,S100-13ag6-014D,CN,2,62,ACSR,2,AWG
905,OSA0902,S100-13ag6-014D,S100-13ag6-014E,CN,2,78,ACSR,2,AWG
906,UBA0903,S100-13ax15-002,S100-13ax15-001,CN,1,72,ACSR,2,AWG
907,UBA0904,S100-13ax15-003,S100-13ax15-002,CN,1,78,ACSR,2,AWG
908,UBA0905,S100-13ax15-004,S100-13ax15-003,CN,1,75,ACSR,2,AWG
909,UBA0906,S100-13ax15-005,S100-13ax15-004,CN,1,69,ACSR,2,AWG
910,UBA0907,S100-13ax15-006,S100-13ax15-005,CN,1,80,ACSR,2,AWG
911,UBA0908,S100-13ax15-007,S100-13ax15-006,CN,1,84,ACSR,2,AWG
912,UBA0909,S100-13ax15-008,S100-13ax15-007,CN,1,50,ACSR,2,AWG
913,UBA0910,S100-13ax15-009,S100-13ax15-008,CN,1,56,ACSR,2,AWG
914,UBA0911,S100-13ax15-010,S100-13ax15-009,CN,1,88,ACSR,2,AWG
915,UBA0912,S100-13ax15-011,S100-13ax15-010,CN,1,80,ACSR,2,AWG
916,UBA0913,S100-13ax15-012,S100-13ax15-011,CN,1,91,ACSR,2,AWG
917,UBA0914,S100-13ax15-013,S100-13ax15-012,CN,1,66,ACSR,2,AWG
918,UBA0915,S100-13ax15-014,S100-13ax15-013,CN,1,77,ACSR,2,AWG
919,UBA0916,S100-55-04-0002,S100-55-04-0001,CN,1,69,ACSR,2,AWG
920,UBA0917,S100-55-04-0003,S100-55-04-0004,CN,1,64,ACSR,2,AWG
921,UBA0918,S100-55-04-0003,S100-55-04-0002,CN,1,55,ACSR,2,AWG
922,UBA0919,S100-55-04-0004,S100-55-04-0005,CN,1,72,ACSR,2,AWG
923,UBA0920,S100-55-04-0005,S100-55-04-0006,CN,1,82,ACSR,2,AWG
924,OSA0921,S100-55-04-0006,S100-55-04-006A,CN,2,55,ACSR,2,AWG
925,UBA0922,S100-55-04-0006,S100-55-04-0007,CN,1,74,ACSR,2,AWG
926,UBA0923,S100-55-04-0007,S100-55-04-0008,CN,1,64,ACSR,2,AWG
927,UBA0924,S100-55-04-0008,S100-55-04-0009,CN,1,83,ACSR,2,AWG
928,OSA0925,S100-55-04-006A,S100-55-04-006B,CN,2,65,ACSR,2,AWG
929,UBA0926,S100-71-03-0001,S100-71-03-0002,CN,1,73,ACSR,2,AWG
930,UBA0927,S100-71-03-0002,S100-71-03-0003,CN,1,71,ACSR,2,AWG
931,UBA0928,S100-71-03-0003,S100-71-03-0004,CN,1,81,ACSR,2,AWG
932,UBA0929,S100-71-03-0004,S100-71-03-0005,CN,1,81,ACSR,2,AWG
933,OSA0930,S100-71-03-0005,S100-71-03-005a,CN,2,83,ACSR,2,AWG
934,UBA0931,S100-71-03-0005,S100-71-03-0006,CN,1,73,ACSR,2,AWG
935,UBA0932,S100-72Q12-0002,S100-72Q12-0001,CN,1,63,ACSR,2,AWG
936,UBA0933,S100-72Q12-0003,S100-72Q12-0002,CN,1,101,ACSR,2,AWG
937,UBA0934,S100-72Q12-0004,S100-72Q12-0003,CN,1,97,ACSR,2,AWG
938,UBA0935,S100-72Q12-0005,S100-72Q12-0006,CN,1,101,ACSR,2,AWG
939,UBA0936,S100-72Q12-0005,S100-72Q12-0004,CN,1,62,ACSR,2,AWG
940,UBA0937,S100-72Q12-0006,S100-72Q12-0007,CN,1,78,ACSR,2,AWG
941,OSA0938,S100-72Q12-0007,S100-72Q12-007A,CN,2,72,ACSR,2,AWG
942,UBA0939,S100-72Q12-0007,S100-72Q12-0008,CN,1,78,ACSR,2,AWG
943,UBA0940,S100-72Q12-0008,S100-72Q12-0009,CN,1,75,ACSR,2,AWG
944,UBA0941,S100-72Q12-0009,S100-72Q12-0010,CN,1,69,ACSR,2,AWG
945,UBA0942,S100-72Q12-0010,S100-72Q12-0011,CN,1,80,ACSR,2,AWG
946,UBA0943,S100-72Q12-0011,S100-72Q12-0012,CN,1,84,ACSR,2,AWG
947,OSA0944,S100-72Q12-0012,S100-72Q12-012A,CN,2,50,ACSR,2,AWG
948,UBA0945,S100-72Q12-0012,S100-72Q12-0013,CN,1,56,ACSR,2,AWG
949,OSA0946,S100-72Q12-007A,S100-72Q12-007B,CN,2,88,ACSR,2,AWG
950,UBA0947,S100-72Q8c-0002,S100-72Q8c-0001,CN,1,80,ACSR,2,AWG
951,UBA0948,S100-72Q8c-0003,S100-72Q8c-0002,CN,1,91,ACSR,2,AWG
952,UBA0949,S100-72Q8c-0004,S100-72Q8c-0005,CN,1,66,ACSR,2,AWG
953,UBA0950,S100-72Q8c-0004,S100-72Q8c-0003,CN,1,77,ACSR,2,AWG
954,UBA0951,S100-72Q8c-0005,S100-72Q8c-0006,CN,1,69,ACSR,2,AWG
955,UBA0952,S100-72Q8c-0006,S100-72Q8c-0007,CN,1,64,ACSR,2,AWG
956,UBA0953,S100-72Q8c-0007,S100-72Q8c-0008,CN,1,55,ACSR,2,AWG
957,UBA0954,S100-72Q8c-0008,S100-72Q8c-0009,CN,1,72,ACSR,2,AWG
958,UBA0955,S100-72Q8c-0009,S100-72Q8c-0010,CN,1,82,ACSR,2,AWG
959,UBA0956,S100-72Q8c-0010,S100-72Q8c-0011,CN,1,55,ACSR,2,AWG
960,UBA0957,S100-72Q8c-0011,S100-72Q8c-0012,CN,1,74,ACSR,2,AWG
961,UBA0958,S100-72Q8c-0012,S100-72Q8c-0013,CN,1,64,ACSR,2,AWG
962,UBA0959,S100-72Q8c-0013,S100-72Q8c-0014,CN,1,83,ACSR,2,AWG
963,UBA0960,S100-72Q8c-0014,S100-72Q8c-0015,CN,1,65,ACSR,2,AWG
964,UBA0961,DT0000000102,S000102-0000001,BN,1,1,ACSR,2,AWG
965,UBA0962,DT0000000106-1,S0106-0001-0001,BN,1,1,ACSR,2,AWG
966,UBA0963,DT0000000106-2,S0106-0002-0003,BN,1,1,ACSR,2,AWG
967,UBA0964,DT0000000106,S000106-0000004,AN,1,1,ACSR,2,AWG
968,UBA0965,S000106-0000002,S000106-0000001,AN,1,55,ACSR,2,AWG
969,OSA2589,S000106-0000001,S000106-000001A,AN,1,55,ACSR,2,AWG
970,UBA0966,S000106-0000003,S000106-0000002,AN,1,68,ACSR,2,AWG
971,OSA0967,S000106-0000004,S000106-000004A,AN,2,43,ACSR,2,AWG
972,UBA0968,S000106-0000004,S000106-0000005,AN,1,81,ACSR,2,AWG
973,UBA0969,S000106-0000004,S000106-0000003,AN,1,45,ACSR,2,AWG
974,UBA0970,S000106-0000005,S000106-0000006,AN,1,71,ACSR,2,AWG
975,UBA0971,S000106-0000006,S000106-0000007,AN,1,77,ACSR,2,AWG
976,UBA0972,S000106-0000007,S000106-0000008,AN,1,35,ACSR,2,AWG
977,OSA0973,S000106-000004A,S000106-000004B,AN,2,36,ACSR,2,AWG
978,OSA0974,S000106-000004B,S000106-00004Ba,AN,2,46,ACSR,2,AWG
979,OSA0975,S000106-000004B,S000106-00004BA,AN,2,43,ACSR,2,AWG
980,OSA0976,S000106-00004Ba,S000106-00004Bb,AN,2,44,ACSR,2,AWG
981,OSA0977,S000106-00004BA,S000106-00004BB,AN,2,35,ACSR,2,AWG
982,OSA0978,S000106-00004Bb,S000106-00004Bc,AN,2,47,ACSR,2,AWG
983,OSA0979,S000106-00004BB,S000106-00004BC,AN,2,96,ACSR,2,AWG
984,OSA0980,S000106-00004BC,S000106-00004BD,AN,2,54,ACSR,2,AWG
985,UBA0981,S0106-0002-0002,S0106-0002-0001,BN,1,48,ACSR,2,AWG
986,OSA0982,S0106-0002-0003,S0106-0002-003A,BN,2,54,ACSR,2,AWG
987,OSA0983,S0106-0002-0003,S0106-0002-003a,BN,2,46,ACSR,2,AWG
988,UBA0984,S0106-0002-0003,S0106-0002-0004,BN,1,55,ACSR,2,AWG
989,UBA0985,S0106-0002-0003,S0106-0002-0002,BN,1,45,ACSR,2,AWG
990,UBA0986,S0106-0002-0004,S0106-0002-0005,BN,1,71,ACSR,2,AWG
991,UBA0987,S0106-0002-0005,S0106-0002-0006,BN,1,36,ACSR,2,AWG
992,OSA0988,S0106-0002-0006,S0106-0002-006A,BN,2,48,ACSR,2,AWG
993,UBA0989,S0106-0002-0006,S0106-0002-0007,BN,1,54,ACSR,2,AWG
994,UBA0990,S0106-0002-0007,S0106-0002-0008,BN,1,46,ACSR,2,AWG
995,OSA0991,S0106-0002-003A,S0106-0002-003B,BN,2,45,ACSR,2,AWG
996,OSA0992,S0106-0002-006A,S0106-0002-006B,BN,2,54,ACSR,2,AWG
997,OSA0993,S0106-0002-006B,S0106-0002-006C,BN,2,46,ACSR,2,AWG
998,UBA0994,DT0000000108-24,S0108-0024-0001,BN,1,1,ACSR,2,AWG
999,UBA0995,DT0000000108-4,S0108-0004-0005,CN,1,1,ACSR,2,AWG
1000,UBA0996,DT0000000108-5,S0108-0005-0001,AN,1,1,ACSR,2,AWG
1001,UBA0997,DT0000000108-7,S0108-0007-0001,AN,1,1,ACSR,2,AWG
1002,UBA0998,DT0000000108-8,S0108-0008-0001,AN,1,1,ACSR,2,AWG
1003,UBA0999,DT0000000108-10,S0108-0010-0005,CN,1,1,ACSR,2,AWG
1004,UBA1000,DT0000000108-11,S0108-0011-0001,AN,1,1,ACSR,2,AWG
1005,UBA1001,DT0000000108-12b,S0108-012b-0003,AN,1,1,ACSR,2,AWG
1006,UBA1002,DT0000000108-12f,S0108-012f-0003,AN,1,1,ACSR,2,AWG
1007,UBA1003,DT0000000108-12h,S0108-012h-0001,AN,1,1,ACSR,2,AWG
1008,UBA1004,DT0000000108-18,S0108-0018-0001,AN,1,1,ACSR,2,AWG
1009,UBA1005,DT0000000108-19,S0108-0019-0001,ABCN,1,1,CU,2,AWG
1010,UBA1006,DT0000000108-20,S0108-0020-0003,BN,1,1,ACSR,2,AWG
1011,UBA1007,DT0000000108-20C,S0108-020C-0004,BN,1,1,ACSR,2,AWG
1012,UBA1008,DT0000000108-20O,S0108-020O-0012,BN,1,1,ACSR,2,AWG
1013,UBA1009,DT0000000108-21b,S0108-021b-0001,BN,1,1,ACSR,2,AWG
1014,UBA1010,DT0000000108-24A,S0108-024A-0001,AN,1,1,ACSR,2,AWG
1015,UBA1011,DT0000000108-4b,S0108-004b-0002,AN,1,1,ACSR,2,AWG
1016,UBA1012,S0108-0004-0002,S0108-0004-0001,CN,1,70,ACSR,2,AWG
1017,UBA1013,S0108-0004-0003,S0108-0004-0002,CN,1,43,ACSR,2,AWG
1018,UBA1014,S0108-0004-0004,S0108-0004-0003,CN,1,52,ACSR,2,AWG
1019,UBA1015,S0108-0004-0005,S0108-0004-0006,CN,1,55,ACSR,2,AWG
1020,UBA1016,S0108-0004-0005,S0108-0004-0004,CN,1,64,ACSR,2,AWG
1021,UBA1017,S0108-0004-0006,S0108-0004-0007,CN,1,59,ACSR,2,AWG
1022,UBA1018,S0108-0010-0002,S0108-0010-0001,CN,1,75,ACSR,2,AWG
1023,UBA1019,S0108-0010-0003,S0108-0010-0002,CN,1,83,ACSR,2,AWG
1024,UBA1020,S0108-0010-0004,S0108-0010-0003,CN,1,71,ACSR,2,AWG
1025,OSA1021,S0108-0010-0005,S0108-0010-005a,CN,2,60,ACSR,2,AWG
1026,UBA1022,S0108-0010-0005,S0108-0010-0006,CN,1,34,ACSR,2,AWG
1027,UBA1023,S0108-0010-0005,S0108-0010-0004,CN,1,34,ACSR,2,AWG
1028,UBA1024,S0108-0010-0006,S0108-0010-0007,CN,1,44,ACSR,2,AWG
1029,UBA1025,S0108-0010-0007,S0108-0010-0008,CN,1,98,ACSR,2,AWG
1030,UBA1026,S0108-0010-0008,S0108-0010-0009,CN,1,49,ACSR,2,AWG
1031,UBA1027,S0108-0010-0009,S0108-0010-0010,CN,1,54,ACSR,2,AWG
1032,UBA1028,S0108-0010-0010,S0108-0010-0011,CN,1,80,ACSR,2,AWG
1033,UBA1029,S0108-0010-0011,S0108-0010-0012,CN,1,72,ACSR,2,AWG
1034,UBA1030,S0108-0010-0012,S0108-0010-0013,CN,1,73,ACSR,2,AWG
1035,UBA1031,S0108-0020-0002,S0108-0020-0001,BN,1,71,ACSR,2,AWG
1036,UBA1032,S0108-0020-0003,S0108-0020-0004,BN,1,76,ACSR,2,AWG
1037,UBA1033,S0108-0020-0003,S0108-0020-0002,BN,1,72,ACSR,2,AWG
1038,OSA1034,S0108-0020-0004,S0108-0020-004a,BN,2,37,ACSR,2,AWG
1039,UBA1035,S0108-0020-0004,S0108-0020-0005,BN,1,67,ACSR,2,AWG
1040,UBA1036,S0108-0020-0005,S0108-0020-0006,BN,1,85,ACSR,2,AWG
1041,UBA1037,S0108-0020-0006,S0108-0020-0007,BN,1,63,ACSR,2,AWG
1042,OSA1038,S0108-0020-004a,S0108-0020-004b,BN,2,39,ACSR,2,AWG
1043,OSA1039,S0108-0020-004b,S0108-0020-004c,BN,2,52,ACSR,2,AWG
1044,OSA1040,S0108-004b-0002,S0108-004b-002a,AN,2,45,ACSR,2,AWG
1045,OSA1041,S0108-004b-0002,S0108-004b-002A,AN,2,41,ACSR,2,AWG
1046,UBA1042,S0108-004b-0002,S0108-004b-0003,AN,1,60,ACSR,2,AWG
1047,UBA1043,S0108-004b-0002,S0108-004b-0001,AN,1,41,ACSR,2,AWG
1048,OSA1044,S0108-004b-002a,S0108-004b-002b,AN,2,31,ACSR,2,AWG
1049,OSA1045,S0108-004b-002A,S0108-004b-002B,AN,2,42,ACSR,2,AWG
1050,OSA1046,S0108-004b-002b,S0108-004b-002c,AN,2,40,ACSR,2,AWG
1051,OSA1047,S0108-004b-002B,S0108-004b-002C,AN,2,59,ACSR,2,AWG
1052,OSA1048,S0108-004b-002C,S0108-004b-002D,AN,2,59,ACSR,2,AWG
1053,OSA1049,S0108-004b-002c,S0108-004b-002d,AN,2,44,ACSR,2,AWG
1054,OSA1050,S0108-012b-0002,S0108-012b-002A,AN,2,73,ACSR,2,AWG
1055,UBA1051,S0108-012b-0002,S0108-012b-0001,AN,1,73,ACSR,2,AWG
1056,OSA1052,S0108-012b-0003,S0108-012b-003a,AN,2,57,ACSR,2,AWG
1057,OSA1053,S0108-012b-0003,S0108-012b-003A,AN,2,64,ACSR,2,AWG
1058,UBA1054,S0108-012b-0003,S0108-012b-0002,AN,1,73,ACSR,2,AWG
1059,OSA1055,S0108-012b-003a,S0108-012b-003b,AN,2,38,ACSR,2,AWG
1060,OSA1056,S0108-012b-003A,S0108-012b-003B,AN,2,38,ACSR,2,AWG
1061,UBA1057,S0108-012b-003b,S0108-012b-03b1,AN,1,58,ACSR,2,AWG
1062,OSA1058,S0108-012b-003b,S0108-012b-003c,AN,2,48,ACSR,2,AWG
1063,OSA1059,S0108-012b-003B,S0108-012b-003C,AN,2,85,ACSR,2,AWG
1064,OSA10591,S0108-012b-003C,S0108-012b-003D,AN,2,85,ACSR,2,AWG
1065,OSA1060,S0108-012b-003c,S0108-012b-003d,AN,2,54,ACSR,2,AWG
1066,OSA1061,S0108-012b-003d,S0108-012b-003e,AN,2,59,ACSR,2,AWG
1067,UBA1062,S0108-012b-003e,S0108-012b-03e1,AN,1,41,ACSR,2,AWG
1068,OSA1063,S0108-012b-003e,S0108-012b-003f,AN,2,52,ACSR,2,AWG
1069,UBA1064,S0108-012f-0002,S0108-012f-0001,AN,1,53,ACSR,2,AWG
1070,OSA1065,S0108-012f-0003,S0108-012f-003A,AN,2,46,ACSR,2,AWG
1071,UBA1066,S0108-012f-0003,S0108-012f-0004,AN,1,51,ACSR,2,AWG
1072,UBA1067,S0108-012f-0003,S0108-012f-0002,AN,1,54,ACSR,2,AWG
1073,UBA1068,S0108-012f-0004,S0108-012f-0005,AN,1,34,ACSR,2,AWG
1074,UBA1069,S0108-012f-0005,S0108-012f-0006,AN,1,118,ACSR,2,AWG
1075,UBA1070,S0108-012f-0006,S0108-012f-0007,AN,1,50,ACSR,2,AWG
1076,UBA1071,S0108-012f-0007,S0108-012f-0008,AN,1,38,ACSR,2,AWG
1077,UBA1072,S0108-012f-0008,S0108-012f-0009,AN,1,58,ACSR,2,AWG
1078,UBA1073,S0108-012f-0009,S0108-012f-0010,AN,1,60,ACSR,2,AWG
1079,OSA1074,S0108-012f-003A,S0108-012f-003B,AN,2,67,ACSR,2,AWG
1080,OSA1075,S0108-012f-003B,S0108-012f-003C,AN,2,50,ACSR,2,AWG
1081,UBA1076,S0108-020C-0002,S0108-020C-0001,BN,1,80,ACSR,2,AWG
1082,UBA1077,S0108-020C-0003,S0108-020C-0002,BN,1,75,ACSR,2,AWG
1083,UBA1078,S0108-020C-0004,S0108-020C-0005,BN,1,75,ACSR,2,AWG
1084,UBA1079,S0108-020C-0004,S0108-020C-0003,BN,1,82,ACSR,2,AWG
1085,UBA1080,S0108-020C-0005,S0108-020C-0006,BN,1,59,ACSR,2,AWG
1086,UBA1081,S0108-020C-0006,S0108-020C-0007,BN,1,53,ACSR,2,AWG
1087,UBA1082,S0108-020O-0002,S0108-020O-0001,BN,1,69,ACSR,2,AWG
1088,UBA1083,S0108-020O-0003,S0108-020O-0002,BN,1,71,ACSR,2,AWG
1089,UBA1084,S0108-020O-0004,S0108-020O-0003,BN,1,74,ACSR,2,AWG
1090,UBA1085,S0108-020O-0005,S0108-020O-0004,BN,1,76,ACSR,2,AWG
1091,UBA1086,S0108-020O-0006,S0108-020O-0005,BN,1,62,ACSR,2,AWG
1092,UBA1087,S0108-020O-0007,S0108-020O-0006,BN,1,70,ACSR,2,AWG
1093,UBA1088,S0108-020O-0008,S0108-020O-0007,BN,1,70,ACSR,2,AWG
1094,UBA1089,S0108-020O-0009,S0108-020O-0008,BN,1,64,ACSR,2,AWG
1095,UBA1090,S0108-020O-0010,S0108-020O-0009,BN,1,66,ACSR,2,AWG
1096,UBA1091,S0108-020O-0011,S0108-020O-0010,BN,1,69,ACSR,2,AWG
1097,UBA1092,S0108-020O-0012,S0108-020O-0013,BN,1,41,ACSR,2,AWG
1098,UBA1093,S0108-020O-0012,S0108-020O-0011,BN,1,61,ACSR,2,AWG
1099,OSA1094,S0108-020O-0013,S0108-020O-013a,BN,2,91,ACSR,2,AWG
1100,UBA1095,S0108-020O-0013,S0108-020O-0014,BN,1,81,ACSR,2,AWG
1101,UBA1096,S0108-020O-0014,S0108-020O-0015,BN,1,37,ACSR,2,AWG
1102,UBA1097,S0108-020O-0015,S0108-020O-0016,BN,1,49,ACSR,2,AWG
1103,UBA1098,S0108-020O-0016,S0108-020O-0017,BN,1,53,ACSR,2,AWG
1104,UBA1099,S0108-020O-0017,S0108-020O-0018,BN,1,39,ACSR,2,AWG
1105,UBA1100,S0108-020O-0018,S0108-020O-0019,BN,1,47,ACSR,2,AWG
1106,UBA1101,S0108-020O-0019,S0108-020O-0020,BN,1,40,ACSR,2,AWG
1107,UBA1102,DT0000000110,S000110-0000003,BN,1,1,ACSR,2,AWG
1108,UBA1103,S000110-0000002,S000110-0000001,BN,1,77,ACSR,2,AWG
1109,OSA1104,S000110-0000003,S000110-000003A,BN,2,53,ACSR,2,AWG
1110,UBA1105,S000110-0000003,S000110-0000004,BN,1,72,ACSR,2,AWG
1111,UBA1106,S000110-0000003,S000110-0000002,BN,1,35,ACSR,2,AWG
1112,UBA1107,S000110-0000004,S000110-0000005,BN,1,43,ACSR,2,AWG
1113,UBA1108,S000110-0000005,S000110-0000006,BN,1,46,ACSR,2,AWG
1114,OSA1109,S000110-000003A,S000110-000003B,BN,2,35,ACSR,2,AWG
1115,OSA1110,S000110-000003B,S000110-00003BA,BN,2,71,ACSR,2,AWG
1116,OSA1111,S000110-000003B,S000110-00003Ba,BN,2,53,ACSR,2,AWG
1117,OSA1112,S000110-00003Ba,S000110-00003Bb,BN,2,51,ACSR,2,AWG
1118,UBA1113,DT0000000111,S000111-0000001,AN,1,1,ACSR,2,AWG
1119,UBA1114,DT0000000115,S000115-0000003,CN,1,1,ACSR,2,AWG
1120,UBA1115,S000115-0000002,S000115-0000001,CN,1,28,ACSR,2,AWG
1121,OSA1116,S000115-0000003,S000115-000003a,CN,2,50,ACSR,2,AWG
1122,OSA1117,S000115-0000003,S000115-000003A,CN,2,50,ACSR,2,AWG
1123,UBA1118,S000115-0000003,S000115-0000004,CN,1,55,ACSR,2,AWG
1124,UBA1119,S000115-0000003,S000115-0000002,CN,1,34,ACSR,2,AWG
1125,UBA1120,S000115-0000004,S000115-0000005,CN,1,54,ACSR,2,AWG
1126,OSA1121,S000115-000003a,S000115-000003b,CN,2,50,ACSR,2,AWG
1127,OSA1122,S000115-000003b,S000115-00003ba,CN,2,27,ACSR,2,AWG
1128,OSA1123,S000115-000003b,S000115-00003bA,CN,2,42,ACSR,2,AWG
1129,OSA1124,S000115-000003b,S000115-000003c,CN,2,37,ACSR,2,AWG
1130,OSA2621,S000115-000003c,S000115-00003cA,CN,2,37,ACSR,2,AWG
1131,OSA1125,S000115-000003c,S000115-000003d,CN,2,47,ACSR,2,AWG
1132,OSA1126,S000115-000003d,S000115-000003e,CN,2,36,ACSR,2,AWG
1133,UBA1127,DT0000000119,S000119-0000003,AN,1,1,ACSR,2,AWG
1134,UBA1128,S000119-0000003,S000119-0000004,AN,1,52,ACSR,2,AWG
1135,UBA2631,S000119-0000004,S000119-0000005,AN,1,52,ACSR,2,AWG
1136,UBA1129,S000119-0000003,S000119-0000002,AN,1,57,ACSR,2,AWG
1137,UBA2632,S000119-0000002,S000119-0000001,AN,1,57,ACSR,2,AWG
1138,OSA1130,S000119-0000003,S000119-000003A,AN,2,55,ACSR,2,AWG
1139,OSA1131,S000119-000003A,S000119-000003B,AN,2,27,ACSR,2,AWG
1140,OSA1132,S000119-0000004,S000119-000004A,AN,2,53,ACSR,2,AWG
1141,OSA1133,S000119-000004A,S000119-000004B,AN,2,50,ACSR,2,AWG
1142,OSA1134,S000119-000004B,S000119-000004C,AN,2,66,ACSR,2,AWG
1143,OSA1135,S000119-000004C,S000119-000004D,AN,2,34,ACSR,2,AWG
1144,OSA1136,S000119-0000004,S000119-000004a,AN,2,53,ACSR,2,AWG
1145,OSA2590,S000119-000004a,S000119-000004b,AN,2,53,ACSR,2,AWG
1146,UBA1137,DT0000000121,S000121-0000001,AN,1,1,ACSR,2,AWG
1147,UBA1138,S000121-0000001,S000121-000001A,AN,1,66,ACSR,2,AWG
1148,OSA1139,S000121-000001A,S000121-000001B,AN,2,34,ACSR,2,AWG
1149,OSA1140,S000121-000001B,S000121-000001C,AN,2,53,ACSR,2,AWG
1150,OSA1141,S000121-0000001,S000121-000001a,AN,2,37,ACSR,2,AWG
1151,OSA1142,S000121-000001a,S000121-000001b,AN,2,51,ACSR,2,AWG
1152,OSA1143,S000121-000001b,S000121-000001c,AN,2,51,ACSR,2,AWG
1153,UBA1150,DT0000000122-3b,S0122-003b-0002,BN,1,1,ACSR,2,AWG
1154,UBA1151,DT0000000122-4,S0122-0004-0004,BN,1,1,ACSR,2,AWG
1155,UBA1152,DT0000000122,S000122-0000001,AN,1,1,ACSR,2,AWG
1156,UBA1153,S0122-0004-0002,S0122-0004-0001,BN,1,50,ACSR,2,AWG
1157,OSA1154,S0122-0004-0003,S0122-0004-003A,BN,2,40,ACSR,2,AWG
1158,UBA1155,S0122-0004-0003,S0122-0004-0002,BN,1,51,ACSR,2,AWG
1159,OSA2591,S0122-0004-0002,S0122-0004-002A,BN,1,51,ACSR,2,AWG
1160,OSA2592,S0122-0004-002A,S0122-0004-02A1,BN,1,51,ACSR,2,AWG
1161,OSA2593,S0122-0004-002A,S0122-0004-002B,BN,1,51,ACSR,2,AWG
1162,OSA1156,S0122-0004-0004,S0122-0004-004A,BN,2,55,ACSR,2,AWG
1163,UBA1157,S0122-0004-0004,S0122-0004-0005,BN,1,55,ACSR,2,AWG
1164,OSA2594,S0122-0004-0005,S0122-0004-005A,BN,1,55,ACSR,2,AWG
1165,OSA2595,S0122-0004-005A,S0122-0004-005B,BN,1,55,ACSR,2,AWG
1166,OSA2596,S0122-0004-0005,S0122-0004-005a,BN,1,55,ACSR,2,AWG
1167,UBA1158,S0122-0004-0004,S0122-0004-0003,BN,1,60,ACSR,2,AWG
1168,UBA1159,S0122-0004-0005,S0122-0004-0006,BN,1,70,ACSR,2,AWG
1169,UBA1160,S0122-0004-0006,S0122-0004-0007,BN,1,66,ACSR,2,AWG
1170,UBA2633,S0122-0004-0007,S0122-0004-0008,BN,1,66,ACSR,2,AWG
1171,OSA1161,S0122-0004-004A,S0122-0004-004B,BN,2,37,ACSR,2,AWG
1172,OSA1162,S0122-003b-0002,S0122-003b-002a,BN,2,55,ACSR,2,AWG
1173,OSA2597,S0122-003b-002a,S0122-003b-002b,BN,2,55,ACSR,2,AWG
1174,UBA1163,S0122-003b-0002,S0122-003b-0003,BN,1,38,ACSR,2,AWG
1175,UBA1164,S0122-003b-0002,S0122-003b-0001,BN,1,51,ACSR,2,AWG
1176,UBA1165,S0122-003b-0003,S0122-003b-0004,BN,1,60,ACSR,2,AWG
1177,OSA2598,S0122-003b-0004,S0122-003b-004a,BN,1,60,ACSR,2,AWG
1178,UBA1166,S0122-003b-0004,S0122-003b-0005,BN,1,52,ACSR,2,AWG
1179,UBA2634,S0122-003b-0005,S0122-003b-0006,BN,1,52,ACSR,2,AWG
1180,UBA1167,DT0000000125,S000125-0000003,CN,1,1,ACSR,2,AWG
1181,OSA1168,S000125-0000001,S000125-000001A,CN,2,64,ACSR,2,AWG
1182,UBA1169,S000125-0000002,S000125-0000001,CN,1,64,ACSR,2,AWG
1183,OSA1170,S000125-0000003,S000125-000003A,CN,2,36,ACSR,2,AWG
1184,UBA1171,S000125-0000003,S000125-0000004,CN,1,45,ACSR,2,AWG
1185,UBA1172,S000125-0000003,S000125-0000002,CN,1,60,ACSR,2,AWG
1186,UBA1173,S000125-0000004,S000125-0000005,CN,1,46,ACSR,2,AWG
1187,UBA1174,S000125-0000005,S000125-0000006,CN,1,48,ACSR,2,AWG
1188,UBA1175,S000125-0000006,S000125-0000007,CN,1,71,ACSR,2,AWG
1189,OSA1176,S000125-000003A,S000125-000003B,CN,2,51,ACSR,2,AWG
1190,OSA1177,S000125-000003B,S000125-000003C,CN,2,38,ACSR,2,AWG
1191,UBA1178,DT0000000126-2,S0126-0002-0003,BN,1,1,ACSR,2,AWG
1192,UBA1179,DT0000000126-6,S0126-0006-0003,AN,1,1,ACSR,2,AWG
1193,UBA1180,DT0000000126-10,S0126-0010-0002,AN,1,1,ACSR,2,AWG
1194,UBA1181,DT0000000126-12,S0126-0012-0001,AN,1,1,ACSR,2,AWG
1195,UBA1182,DT0000000126-8A,S0126-008A-0001,BN,1,1,ACSR,2,AWG
1196,UBA1183,DT0000000126-8B,S0126-008B-0003,BN,1,1,ACSR,2,AWG
1197,UBA1184,DT0000000126-8B1,S0126-08B1-0001,BN,1,1,ACSR,2,AWG
1198,UBA1185,S0126-0002-0002,S0126-0002-0001,BN,1,36,ACSR,2,AWG
1199,OSA1186,S0126-0002-0003,S0126-0002-003a,BN,2,46,ACSR,2,AWG
1200,UBA1187,S0126-0002-0003,S0126-0002-0004,BN,1,40,ACSR,2,AWG
1201,UBA1188,S0126-0002-0003,S0126-0002-0002,BN,1,53,ACSR,2,AWG
1202,OSA1189,S0126-0006-0001,S0126-0006-001a,AN,2,53,ACSR,2,AWG
1203,OSA1190,S0126-0006-0001,S0126-0006-001A,AN,2,38,ACSR,2,AWG
1204,UBA1191,S0126-0006-0002,S0126-0006-0001,AN,1,40,ACSR,2,AWG
1205,OSA1192,S0126-0006-0003,S0126-0006-003a,AN,2,53,ACSR,2,AWG
1206,OSA1193,S0126-0006-0003,S0126-0006-003A,AN,2,40,ACSR,2,AWG
1207,UBA1194,S0126-0006-0003,S0126-0006-0004,AN,1,42,ACSR,2,AWG
1208,UBA1195,S0126-0006-0003,S0126-0006-0002,AN,1,53,ACSR,2,AWG
1209,UBA1196,S0126-0006-0004,S0126-0006-0005,AN,1,48,ACSR,2,AWG
1210,OSA1197,S0126-0006-001A,S0126-0006-001B,AN,2,53,ACSR,2,AWG
1211,OSA1198,S0126-0006-003A,S0126-0006-003B,AN,2,52,ACSR,2,AWG
1212,OSA1199,S0126-0006-003a,S0126-0006-003b,AN,2,40,ACSR,2,AWG
1213,OSA1200,S0126-0006-003B,S0126-0006-003C,AN,2,42,ACSR,2,AWG
1214,UBA1201,S0126-0010-0002,S0126-0010-0001,AN,1,58,ACSR,2,AWG
1215,OSA1202,S0126-0010-0002,S0126-0010-002a,AN,2,53,ACSR,2,AWG
1216,OSA1203,S0126-0010-0002,S0126-0010-002A,AN,2,52,ACSR,2,AWG
1217,UBA1204,S0126-0010-0003,S0126-0010-0004,AN,1,38,ACSR,2,AWG
1218,UBA1205,S0126-0010-0002,S0126-0010-0003,AN,1,32,ACSR,2,AWG
1219,OSA1207,S0126-0010-002A,S0126-0010-002B,AN,2,52,ACSR,2,AWG
1220,OSA1208,S0126-0010-002a,S0126-0010-002b,AN,2,48,ACSR,2,AWG
1221,OSA1209,S0126-0012-0001,S0126-0012-001a,AN,2,57,ACSR,2,AWG
1222,OSA1210,S0126-0012-0001,S0126-0012-001A,AN,2,46,ACSR,2,AWG
1223,UBA1211,S0126-008B-0002,S0126-008B-0001,BN,1,58,ACSR,2,AWG
1224,UBA1212,S0126-008B-0003,S0126-008B-0004,BN,1,56,ACSR,2,AWG
1225,UBA1213,S0126-008B-0003,S0126-008B-0002,BN,1,48,ACSR,2,AWG
1226,OSA1214,S0126-008B-0001,S0126-008B-001a,BN,2,48,ACSR,2,AWG
1227,OSA1215,S0126-008B-001a,S0126-008B-001b,BN,2,40,ACSR,2,AWG
1228,OSA1216,S0126-008B-001b,S0126-008B-001c,BN,2,46,ACSR,2,AWG
1229,UBA1217,DT0000000128-4,S0128-0004-0004,AN,1,1,ACSR,2,AWG
1230,UBA1218,DT0000000128-4A,S0128-004A-0001,AN,1,1,ACSR,2,AWG
1231,UBA1219,S0128-0004-0002,S0128-0004-0001,AN,1,43,ACSR,2,AWG
1232,UBA1220,S0128-0004-0003,S0128-0004-0002,AN,1,46,ACSR,2,AWG
1233,OSA1221,S0128-0004-0004,S0128-0004-004a,AN,2,50,ACSR,2,AWG
1234,OSA1222,S0128-0004-0004,S0128-0004-004A,AN,2,46,ACSR,2,AWG
1235,UBA1223,S0128-0004-0004,S0128-0004-0005,AN,1,50,ACSR,2,AWG
1236,OSA2599,S0128-0004-0005,S0128-0004-005a,AN,1,50,ACSR,2,AWG
1237,UBA1224,S0128-0004-0004,S0128-0004-0003,AN,1,67,ACSR,2,AWG
1238,UBA1225,S0128-0004-0005,S0128-0004-0006,AN,1,47,ACSR,2,AWG
1239,UBA1226,S0128-0004-0006,S0128-0004-0007,AN,1,48,ACSR,2,AWG
1240,UBA1227,S0128-0004-0007,S0128-0004-0008,AN,1,42,ACSR,2,AWG
1241,UBA1228,DT0000000129,S000129-0000003,AN,1,1,ACSR,2,AWG
1242,UBA1229,S000129-0000002,S000129-0000001,AN,1,71,ACSR,2,AWG
1243,OSA1230,S000129-0000003,S000129-000003A,AN,2,44,ACSR,2,AWG
1244,UBA1231,S000129-0000003,S000129-0000004,AN,1,64,ACSR,2,AWG
1245,UBA1232,S000129-0000003,S000129-0000002,AN,1,35,ACSR,2,AWG
1246,OSA1233,S000129-0000004,S000129-000004a,AN,2,105,ACSR,2,AWG
1247,UBA1234,S000129-0000004,S000129-0000005,AN,1,46,ACSR,2,AWG
1248,OSA1235,S000129-0000005,S000129-000005A,AN,2,40,ACSR,2,AWG
1249,UBA1236,S000129-0000005,S000129-0000006,AN,1,70,ACSR,2,AWG
1250,UBA1236,S000129-0000006,S000129-000006A,AN,1,70,ACSR,2,AWG
1251,UBA1237,S000129-0000006,S000129-0000007,AN,1,71,ACSR,2,AWG
1252,UBA1238,S000129-0000007,S000129-0000008,AN,1,40,ACSR,2,AWG
1253,OSA1239,S000129-000003A,S000129-000003B,AN,2,43,ACSR,2,AWG
1254,OSA1240,S000129-000003B,S000129-000003C,AN,2,46,ACSR,2,AWG
1255,OSA1241,S000129-000003C,S000129-000003D,AN,2,46,ACSR,2,AWG
1256,OSA1242,S000129-000004a,S000129-000004b,AN,2,80,ACSR,2,AWG
1257,OSA1243,S000129-000005A,S000129-000005B,AN,2,40,ACSR,2,AWG
1258,OSA1244,S000129-000005B,S000129-000005C,AN,2,40,ACSR,2,AWG
1259,UBA1245,DT0000000130-16,S0130-0016-0015,AN,1,1,ACSR,2,AWG
1260,UBA1246,DT0000000130-20,S0130-0020-0001,BN,1,1,ACSR,2,AWG
1261,UBA1247,DT0000000130-25,S0130-0025-0001,BN,1,1,ACSR,2,AWG
1262,UBA1248,DT0000000130-31,S0130-0031-0011,BN,1,1,ACSR,2,AWG
1263,UBA1249,DT0000000130-49,S0130-0049-0012,BN,1,1,ACSR,2,AWG
1264,UBA1250,DT0000000130-62,S0130-0062-0001,BN,1,1,ACSR,2,AWG
1265,UBA1251,DT0000000130-63,S0130-0063-0011,BN,1,1,ACSR,2,AWG
1266,UBA1252,DT0000000130-70,S0130-0070-0008,BN,1,1,ACSR,2,AWG
1267,UBA1253,DT0000000130-88,S0130-0088-0004,BN,1,1,ACSR,2,AWG
1268,UBA1254,DT0000000130-98,S0130-0098-0008,BN,1,1,ACSR,2,AWG
1269,UBA1255,DT0000000130-117,S0130-0117-0009,BN,1,1,ACSR,2,AWG
1270,UBA1256,DT0000000130-31-4,S130-31-04-0004,AN,1,1,ACSR,2,AWG
1271,UBA1257,DT0000000130-31-9,S130-31-09-0001,AN,1,1,ACSR,2,AWG
1272,UBA1258,DT0000000130-53-8,S130-53-08-0004,CN,1,1,ACSR,2,AWG
1273,UBA1259,DT0000000130-53-20F,S130-53-20F-006,CN,1,1,ACSR,2,AWG
1274,UBA1260,DT0000000130-53-24,S130-53-24-0004,CN,1,1,ACSR,2,AWG
1275,UBA1261,DT0000000130-53-38,S130-53-38-0009,CN,1,1,ACSR,2,AWG
1276,UBA1262,DT0000000130-53-44,S130-53-44-0001,CN,1,1,ACSR,2,AWG
1277,UBA1263,DT0000000130-56-4,S130-56-04-0003,BN,1,1,ACSR,2,AWG
1278,UBA1264,DT0000000130-56-12,S130-56-12-0007,BN,1,1,ACSR,2,AWG
1279,UBA1265,DT0000000130-88A-18,S130-88-18-0014,BN,1,1,ACSR,2,AWG
1280,UBA1266,S0130-0016-0002,S0130-0016-0001,AN,1,63,ACSR,2,AWG
1281,UBA1267,S0130-0016-0003,S0130-0016-0002,AN,1,73,ACSR,2,AWG
1282,UBA1268,S0130-0016-0004,S0130-0016-0003,AN,1,65,ACSR,2,AWG
1283,UBA1269,S0130-0016-0005,S0130-0016-0004,AN,1,61,ACSR,2,AWG
1284,UBA1270,S0130-0016-0006,S0130-0016-0005,AN,1,93,ACSR,2,AWG
1285,UBA1271,S0130-0016-0007,S0130-0016-0006,AN,1,63,ACSR,2,AWG
1286,UBA1272,S0130-0016-0008,S0130-0016-0007,AN,1,77,ACSR,2,AWG
1287,UBA1273,S0130-0016-0009,S0130-0016-0008,AN,1,74,ACSR,2,AWG
1288,UBA1274,S0130-0016-0010,S0130-0016-0009,AN,1,68,ACSR,2,AWG
1289,UBA1275,S0130-0016-0011,S0130-0016-0010,AN,1,70,ACSR,2,AWG
1290,OSA1276,S0130-0016-0012,S0130-0016-012a,AN,2,79,ACSR,2,AWG
1291,UBA1277,S0130-0016-0012,S0130-0016-0011,AN,1,63,ACSR,2,AWG
1292,UBA1278,S0130-0016-0013,S0130-0016-0012,AN,1,79,ACSR,2,AWG
1293,UBA1279,S0130-0016-0014,S0130-0016-0013,AN,1,61,ACSR,2,AWG
1294,UBA1280,S0130-0016-0015,S0130-0016-0016,AN,1,51,ACSR,2,AWG
1295,UBA1281,S0130-0016-0015,S0130-0016-0014,AN,1,74,ACSR,2,AWG
1296,UBA1282,S0130-0016-0016,S0130-0016-0017,AN,1,44,ACSR,2,AWG
1297,OSA1283,S0130-0016-0017,S0130-0016-017a,AN,2,58,ACSR,2,AWG
1298,UBA1284,S0130-0016-0017,S0130-0016-0018,AN,1,68,ACSR,2,AWG
1299,UBA1285,S0130-0016-0018,S0130-0016-0019,AN,1,58,ACSR,2,AWG
1300,UBA1286,S0130-0031-0002,S0130-0031-0001,BN,1,51,ACSR,2,AWG
1301,UBA1287,S0130-0031-0003,S0130-0031-0002,BN,1,52,ACSR,2,AWG
1302,UBA1288,S0130-0031-0004,S0130-0031-0003,BN,1,89,ACSR,2,AWG
1303,UBA1289,S0130-0031-0005,S0130-0031-0004,BN,1,84,ACSR,2,AWG
1304,OSA1290,S0130-0031-0006,S0130-0031-006A,BN,2,64,ACSR,2,AWG
1305,UBA1291,S0130-0031-0006,S0130-0031-0005,BN,1,54,ACSR,2,AWG
1306,UBA1292,S0130-0031-0007,S0130-0031-0006,BN,1,63,ACSR,2,AWG
1307,UBA1293,S0130-0031-0008,S0130-0031-0007,BN,1,52,ACSR,2,AWG
1308,UBA1294,S0130-0031-0009,S0130-0031-0008,BN,1,74,ACSR,2,AWG
1309,UBA1295,S0130-0031-0010,S0130-0031-0009,BN,1,90,ACSR,2,AWG
1310,UBA1296,S0130-0031-0011,S0130-0031-0012,BN,1,63,ACSR,2,AWG
1311,UBA1297,S0130-0031-0011,S0130-0031-0010,BN,1,48,ACSR,2,AWG
1312,UBA1298,S0130-0031-0012,S0130-0031-0013,BN,1,71,ACSR,2,AWG
1313,OSA1299,S0130-0031-0013,S0130-0031-013A,BN,2,71,ACSR,2,AWG
1314,UBA1300,S0130-0031-0013,S0130-0031-0014,BN,1,58,ACSR,2,AWG
1315,UBA1301,S0130-0031-0014,S0130-0031-0015,BN,1,71,ACSR,2,AWG
1316,OSA1302,S0130-0031-013A,S0130-0031-013B,BN,2,54,ACSR,2,AWG
1317,OSA1303,S0130-0031-013B,S0130-0031-013C,BN,2,63,ACSR,2,AWG
1318,OSA1304,S0130-0031-013C,S0130-0031-013D,BN,2,52,ACSR,2,AWG
1319,OSA1305,S0130-0031-013D,S0130-0031-013E,BN,2,74,ACSR,2,AWG
1320,OSA1306,S0130-0049-0002,S0130-0049-002a,BN,2,90,ACSR,2,AWG
1321,UBA1307,S0130-0049-0002,S0130-0049-0001,BN,1,88,ACSR,2,AWG
1322,UBA1308,S0130-0049-0003,S0130-0049-0002,BN,1,68,ACSR,2,AWG
1323,OSA1309,S0130-0049-0004,S0130-0049-004A,BN,2,56,ACSR,2,AWG
1324,UBA1310,S0130-0049-0004,S0130-0049-0003,BN,1,64,ACSR,2,AWG
1325,UBA1311,S0130-0049-0005,S0130-0049-0004,BN,1,68,ACSR,2,AWG
1326,UBA1312,S0130-0049-0006,S0130-0049-0005,BN,1,56,ACSR,2,AWG
1327,UBA1313,S0130-0049-0007,S0130-0049-0006,BN,1,56,ACSR,2,AWG
1328,UBA1314,S0130-0049-0008,S0130-0049-0007,BN,1,66,ACSR,2,AWG
1329,UBA1315,S0130-0049-0009,S0130-0049-0008,BN,1,56,ACSR,2,AWG
1330,UBA1316,S0130-0049-0010,S0130-0049-0009,BN,1,84,ACSR,2,AWG
1331,UBA1317,S0130-0049-0011,S0130-0049-0010,BN,1,63,ACSR,2,AWG
1332,UBA1318,S0130-0049-0012,S0130-0049-0013,BN,1,63,ACSR,2,AWG
1333,UBA1319,S0130-0049-0012,S0130-0049-0011,BN,1,77,ACSR,2,AWG
1334,UBA1320,S0130-0049-0013,S0130-0049-0014,BN,1,56,ACSR,2,AWG
1335,UBA1321,S0130-0049-0014,S0130-0049-0015,BN,1,79,ACSR,2,AWG
1336,UBA1322,S0130-0049-0015,S0130-0049-0016,BN,1,94,ACSR,2,AWG
1337,OSA1323,S0130-0049-002a,S0130-0049-002b,BN,2,56,ACSR,2,AWG
1338,OSA1324,S0130-0049-004A,S0130-0049-004B,BN,2,84,ACSR,2,AWG
1339,OSA1325,S0130-0049-004B,S0130-0049-004C,BN,2,63,ACSR,2,AWG
1340,OSA1326,S0130-0049-004C,S0130-0049-004D,BN,2,63,ACSR,2,AWG
1341,UBA1327,S0130-0063-0002,S0130-0063-0001,BN,1,64,ACSR,2,AWG
1342,UBA1328,S0130-0063-0003,S0130-0063-0002,BN,1,61,ACSR,2,AWG
1343,UBA1329,S0130-0063-0004,S0130-0063-0003,BN,1,53,ACSR,2,AWG
1344,UBA1330,S0130-0063-0005,S0130-0063-0004,BN,1,53,ACSR,2,AWG
1345,UBA1331,S0130-0063-0006,S0130-0063-0005,BN,1,48,ACSR,2,AWG
1346,UBA1332,S0130-0063-0007,S0130-0063-0006,BN,1,28,ACSR,2,AWG
1347,UBA1333,S0130-0063-0008,S0130-0063-0007,BN,1,63,ACSR,2,AWG
1348,UBA1334,S0130-0063-0009,S0130-0063-0008,BN,1,58,ACSR,2,AWG
1349,UBA1335,S0130-0063-0010,S0130-0063-0009,BN,1,54,ACSR,2,AWG
1350,UBA1336,S0130-0063-0011,S0130-0063-0012,BN,1,62,ACSR,2,AWG
1351,UBA1337,S0130-0063-0011,S0130-0063-0010,BN,1,59,ACSR,2,AWG
1352,UBA1338,S0130-0063-0012,S0130-0063-0013,BN,1,96,ACSR,2,AWG
1353,UBA1339,S0130-0063-0013,S0130-0063-0014,BN,1,62,ACSR,2,AWG
1354,UBA1340,S0130-0063-0014,S0130-0063-0015,BN,1,96,ACSR,2,AWG
1355,UBA1341,S0130-0070-0002,S0130-0070-0001,BN,1,71,ACSR,2,AWG
1356,UBA1342,S0130-0070-0003,S0130-0070-0002,BN,1,72,ACSR,2,AWG
1357,UBA1343,S0130-0070-0004,S0130-0070-0003,BN,1,68,ACSR,2,AWG
1358,UBA1344,S0130-0070-0005,S0130-0070-0004,BN,1,63,ACSR,2,AWG
1359,UBA1345,S0130-0070-0006,S0130-0070-0005,BN,1,77,ACSR,2,AWG
1360,UBA1346,S0130-0070-0007,S0130-0070-0006,BN,1,83,ACSR,2,AWG
1361,UBA1347,S0130-0070-0008,S0130-0070-0009,BN,1,57,ACSR,2,AWG
1362,UBA1348,S0130-0070-0008,S0130-0070-0007,BN,1,69,ACSR,2,AWG
1363,UBA1349,S0130-0070-0009,S0130-0070-0010,BN,1,56,ACSR,2,AWG
1364,UBA1350,S0130-0070-0010,S0130-0070-0011,BN,1,73,ACSR,2,AWG
1365,UBA1351,S0130-0070-0011,S0130-0070-0012,BN,1,75,ACSR,2,AWG
1366,UBA1352,S0130-0070-0012,S0130-0070-0013,BN,1,39,ACSR,2,AWG
1367,OSA1353,S0130-0070-0013,S0130-0070-013a,BN,2,63,ACSR,2,AWG
1368,UBA1354,S0130-0070-0013,S0130-0070-0014,BN,1,54,ACSR,2,AWG
1369,UBA1355,S0130-0070-0014,S0130-0070-0015,BN,1,77,ACSR,2,AWG
1370,UBA1356,S0130-0070-0015,S0130-0070-0016,BN,1,59,ACSR,2,AWG
1371,UBA1357,S0130-0070-0016,S0130-0070-0017,BN,1,54,ACSR,2,AWG
1372,OSA1358,S0130-0070-013a,S0130-0070-013b,BN,2,73,ACSR,2,AWG
1373,OSA1359,S0130-0088-0002,S0130-0088-002A,BN,2,70,ACSR,2,AWG
1374,UBA1360,S0130-0088-0002,S0130-0088-0001,BN,1,66,ACSR,2,AWG
1375,UBA1361,S0130-0088-0003,S0130-0088-0002,BN,1,70,ACSR,2,AWG
1376,OSA1362,S0130-0088-0004,S0130-0088-004a,BN,2,55,ACSR,2,AWG
1377,OSA1363,S0130-0088-0004,S0130-0088-004A,BN,2,66,ACSR,2,AWG
1378,UBA1364,S0130-0088-0004,S0130-0088-0005,BN,1,48,ACSR,2,AWG
1379,UBA1365,S0130-0088-0004,S0130-0088-0003,BN,1,95,ACSR,2,AWG
1380,UBA1366,S0130-0088-0005,S0130-0088-0006,BN,1,45,ACSR,2,AWG
1381,UBA1367,S0130-0088-0006,S0130-0088-0007,BN,1,49,ACSR,2,AWG
1382,OSA1368,S0130-0088-002A,S0130-0088-002B,BN,2,65,ACSR,2,AWG
1383,OSA1369,S0130-0088-002B,S0130-0088-002C,BN,2,67,ACSR,2,AWG
1384,OSA1370,S0130-0088-002C,S0130-0088-002D,BN,2,75,ACSR,2,AWG
1385,OSA1371,S0130-0088-002D,S0130-0088-002E,BN,2,60,ACSR,2,AWG
1386,OSA1372,S0130-0088-004a,S0130-0088-004b,BN,2,73,ACSR,2,AWG
1387,OSA1373,S0130-0088-004A,S0130-0088-004B,BN,2,96,ACSR,2,AWG
1388,OSA1374,S0130-0088-004b,S0130-0088-004c,BN,2,46,ACSR,2,AWG
1389,OSA1375,S0130-0088-004B,S0130-0088-004C,BN,2,102,ACSR,2,AWG
1390,OSA1376,S0130-0088-004c,S0130-0088-004d,BN,2,60,ACSR,2,AWG
1391,OSA1377,S0130-0088-004C,S0130-0088-004D,BN,2,77,ACSR,2,AWG
1392,OSA1378,S0130-0088-004d,S0130-0088-004e,BN,2,51,ACSR,2,AWG
1393,OSA1379,S0130-0088-004e,S0130-0088-004f,BN,2,69,ACSR,2,AWG
1394,OSA1380,S0130-0088-004f,S0130-0088-004g,BN,2,55,ACSR,2,AWG
1395,OSA1381,S0130-0088-004g,S0130-0088-004h,BN,2,102,ACSR,2,AWG
1396,OSA1382,S0130-0088-004h,S0130-0088-004i,BN,2,81,ACSR,2,AWG
1397,OSA1383,S0130-0088-004i,S0130-0088-004j,BN,2,69,ACSR,2,AWG
1398,OSA1384,S0130-0088-004j,S0130-0088-004k,BN,2,83,ACSR,2,AWG
1399,OSA1385,S0130-0088-004k,S0130-0088-004l,BN,2,99,ACSR,2,AWG
1400,OSA1386,S0130-0088-004l,S0130-0088-004m,BN,2,91,ACSR,2,AWG
1401,OSA1387,S0130-0088-004m,S0130-0088-004n,BN,2,76,ACSR,2,AWG
1402,OSA1388,S0130-0088-004n,S0130-0088-004o,BN,2,71,ACSR,2,AWG
1403,OSA1389,S0130-0088-004o,S0130-0088-004p,BN,2,60,ACSR,2,AWG
1404,OSA1390,S0130-0088-004p,S0130-0088-004q,BN,2,50,ACSR,2,AWG
1405,UBA1391,S0130-0098-0002,S0130-0098-0001,BN,1,75,ACSR,2,AWG
1406,UBA1392,S0130-0098-0003,S0130-0098-0002,BN,1,67,ACSR,2,AWG
1407,UBA1393,S0130-0098-0004,S0130-0098-0003,BN,1,67,ACSR,2,AWG
1408,UBA1394,S0130-0098-0005,S0130-0098-0004,BN,1,34,ACSR,2,AWG
1409,UBA1395,S0130-0098-0006,S0130-0098-0005,BN,1,59,ACSR,2,AWG
1410,UBA1396,S0130-0098-0007,S0130-0098-0006,BN,1,72,ACSR,2,AWG
1411,UBA1397,S0130-0098-0008,S0130-0098-0009,BN,1,54,ACSR,2,AWG
1412,UBA1398,S0130-0098-0008,S0130-0098-0007,BN,1,54,ACSR,2,AWG
1413,UBA1399,S0130-0098-0009,S0130-0098-0010,BN,1,75,ACSR,2,AWG
1414,OSA1400,S0130-0098-0010,S0130-0098-010A,BN,2,66,ACSR,2,AWG
1415,UBA1401,S0130-0098-0010,S0130-0098-0011,BN,1,61,ACSR,2,AWG
1416,UBA1402,S0130-0098-0011,S0130-0098-0012,BN,1,66,ACSR,2,AWG
1417,UBA1403,S0130-0098-0012,S0130-0098-0013,BN,1,97,ACSR,2,AWG
1418,UBA1404,S0130-0098-0013,S0130-0098-0014,BN,1,76,ACSR,2,AWG
1419,UBA1405,S0130-0098-0014,S0130-0098-0015,BN,1,66,ACSR,2,AWG
1420,OSA1406,S0130-0098-0015,S0130-0098-015a,BN,2,76,ACSR,2,AWG
1421,UBA1407,S0130-0098-0015,S0130-0098-0016,BN,1,55,ACSR,2,AWG
1422,OSA1408,S0130-0098-0016,S0130-0098-016a,BN,2,64,ACSR,2,AWG
1423,UBA1409,S0130-0098-0016,S0130-0098-0017,BN,1,59,ACSR,2,AWG
1424,UBA1410,S0130-0098-0017,S0130-0098-0018,BN,1,64,ACSR,2,AWG
1425,UBA1411,S0130-0098-0018,S0130-0098-0019,BN,1,74,ACSR,2,AWG
1426,OSA1412,S0130-0098-010A,S0130-0098-010B,BN,2,78,ACSR,2,AWG
1427,OSA1413,S0130-0098-010B,S0130-0098-010C,BN,2,85,ACSR,2,AWG
1428,OSA1414,S0130-0098-015a,S0130-0098-015b,BN,2,63,ACSR,2,AWG
1429,UBA1415,S0130-0117-0002,S0130-0117-0001,BN,1,54,ACSR,2,AWG
1430,UBA1416,S0130-0117-0003,S0130-0117-0002,BN,1,78,ACSR,2,AWG
1431,UBA1417,S0130-0117-0004,S0130-0117-0003,BN,1,85,ACSR,2,AWG
1432,UBA1418,S0130-0117-0005,S0130-0117-0004,BN,1,63,ACSR,2,AWG
1433,UBA1419,S0130-0117-0006,S0130-0117-0005,BN,1,47,ACSR,2,AWG
1434,UBA1420,S0130-0117-0007,S0130-0117-0006,BN,1,55,ACSR,2,AWG
1435,UBA1421,S0130-0117-0008,S0130-0117-0007,BN,1,36,ACSR,2,AWG
1436,UBA1422,S0130-0117-0009,S0130-0117-0010,BN,1,48,ACSR,2,AWG
1437,UBA1423,S0130-0117-0009,S0130-0117-0008,BN,1,74,ACSR,2,AWG
1438,UBA1424,S0130-0117-0010,S0130-0117-0011,BN,1,62,ACSR,2,AWG
1439,OSA1425,S0130-0117-0011,S0130-0117-011A,BN,2,101,ACSR,2,AWG
1440,UBA1426,S0130-0117-0011,S0130-0117-0012,BN,1,54,ACSR,2,AWG
1441,UBA1427,S0130-0117-0012,S0130-0117-0013,BN,1,61,ACSR,2,AWG
1442,UBA1428,S0130-0117-0013,S0130-0117-0014,BN,1,59,ACSR,2,AWG
1443,UBA1429,S0130-0117-0014,S0130-0117-0015,BN,1,53,ACSR,2,AWG
1444,UBA1430,S0130-0117-0015,S0130-0117-0016,BN,1,60,ACSR,2,AWG
1445,OSA1431,S0130-0117-0016,S0130-0117-016A,BN,2,85,ACSR,2,AWG
1446,UBA1432,S0130-0117-0016,S0130-0117-0017,BN,1,85,ACSR,2,AWG
1447,OSA1433,S0130-0117-011A,S0130-0117-011B,BN,2,54,ACSR,2,AWG
1448,OSA1434,S0130-0117-011B,S0130-0117-011C,BN,2,65,ACSR,2,AWG
1449,OSA1435,S0130-0117-011C,S0130-0117-011D,BN,2,75,ACSR,2,AWG
1450,OSA1436,S0130-0117-011D,S0130-0117-011E,BN,2,70,ACSR,2,AWG
1451,OSA1437,S0130-0117-011E,S0130-0117-011F,BN,2,81,ACSR,2,AWG
1452,OSA1438,S0130-0117-011F,S0130-0117-011G,BN,2,59,ACSR,2,AWG
1453,OSA1439,S0130-0117-016A,S0130-0117-016B,BN,2,85,ACSR,2,AWG
1454,UBA1440,S130-31-04-0002,S130-31-04-0001,AN,1,43,ACSR,2,AWG
1455,UBA1441,S130-31-04-0003,S130-31-04-0002,AN,1,71,ACSR,2,AWG
1456,OSA1442,S130-31-04-0004,S130-31-04-004a,AN,2,66,ACSR,2,AWG
1457,UBA1443,S130-31-04-0004,S130-31-04-0005,AN,1,49,ACSR,2,AWG
1458,UBA1444,S130-31-04-0004,S130-31-04-0003,AN,1,72,ACSR,2,AWG
1459,UBA1445,S130-31-04-0005,S130-31-04-0006,AN,1,62,ACSR,2,AWG
1460,OSA1446,S130-31-04-004a,S130-31-04-004b,AN,2,77,ACSR,2,AWG
1461,OSA1447,S130-31-09-0001,S130-31-09-001a,AN,2,72,ACSR,2,AWG
1462,OSA1448,S130-31-09-0001,S130-31-09-001A,AN,2,58,ACSR,2,AWG
1463,UBA1449,S130-31-09-0001,S130-31-09-0002,AN,1,58,ACSR,2,AWG
1464,UBA1450,S130-31-09-0002,S130-31-09-0003,AN,1,88,ACSR,2,AWG
1465,OSA1451,S130-31-09-001a,S130-31-09-001b,AN,2,68,ACSR,2,AWG
1466,OSA1452,S130-31-09-001A,S130-31-09-001B,AN,2,98,ACSR,2,AWG
1467,UBA1453,S130-31-09-001b,S130-31-09-01b1,AN,1,70,ACSR,2,AWG
1468,OSA1454,S130-31-09-001b,S130-31-09-001c,AN,2,63,ACSR,2,AWG
1469,OSA1455,S130-31-09-001c,S130-31-09-001d,AN,2,43,ACSR,2,AWG
1470,UBA1456,S130-31-09-01b1,S130-31-09-01b2,AN,1,55,ACSR,2,AWG
1471,UBA1457,S130-53-08-0002,S130-53-08-0001,CN,1,68,ACSR,2,AWG
1472,UBA1458,S130-53-08-0003,S130-53-08-0002,CN,1,65,ACSR,2,AWG
1473,OSA1459,S130-53-08-0004,S130-53-08-004a,CN,2,58,ACSR,2,AWG
1474,OSA1460,S130-53-08-0004,S130-53-08-004A,CN,2,68,ACSR,2,AWG
1475,UBA1461,S130-53-08-0004,S130-53-08-0005,CN,1,56,ACSR,2,AWG
1476,UBA1462,S130-53-08-0004,S130-53-08-0003,CN,1,39,ACSR,2,AWG
1477,UBA1463,S130-53-08-0005,S130-53-08-0006,CN,1,77,ACSR,2,AWG
1478,UBA1464,S130-53-08-0006,S130-53-08-0007,CN,1,71,ACSR,2,AWG
1479,UBA1465,S130-53-08-0007,S130-53-08-0008,CN,1,67,ACSR,2,AWG
1480,UBA1466,S130-53-08-0008,S130-53-08-0009,CN,1,51,ACSR,2,AWG
1481,UBA1467,S130-53-08-0009,S130-53-08-0010,CN,1,58,ACSR,2,AWG
1482,UBA1468,S130-53-08-0010,S130-53-08-0011,CN,1,53,ACSR,2,AWG
1483,UBA1469,S130-53-08-0011,S130-53-08-0012,CN,1,103,ACSR,2,AWG
1484,UBA1470,S130-53-08-0012,S130-53-08-0013,CN,1,86,ACSR,2,AWG
1485,UBA1471,S130-53-08-0013,S130-53-08-0014,CN,1,65,ACSR,2,AWG
1486,UBA1472,S130-53-08-0014,S130-53-08-0015,CN,1,68,ACSR,2,AWG
1487,UBA1473,S130-53-08-0015,S130-53-08-0016,CN,1,74,ACSR,2,AWG
1488,UBA1474,S130-53-08-0016,S130-53-08-0017,CN,1,83,ACSR,2,AWG
1489,UBA1475,S130-53-08-0017,S130-53-08-0018,CN,1,64,ACSR,2,AWG
1490,UBA1476,S130-53-08-0018,S130-53-08-0019,CN,1,56,ACSR,2,AWG
1491,UBA1477,S130-53-08-0019,S130-53-08-0020,CN,1,60,ACSR,2,AWG
1492,UBA1478,S130-53-08-0020,S130-53-08-0021,CN,1,67,ACSR,2,AWG
1493,OSA1479,S130-53-08-004a,S130-53-08-004b,CN,2,65,ACSR,2,AWG
1494,OSA1480,S130-53-08-004A,S130-53-08-004B,CN,2,67,ACSR,2,AWG
1495,OSA1481,S130-53-08-004b,S130-53-08-004c,CN,2,70,ACSR,2,AWG
1496,OSA1482,S130-53-08-004B,S130-53-08-004C,CN,2,91,ACSR,2,AWG
1497,OSA1483,S130-53-08-004c,S130-53-08-004d,CN,2,67,ACSR,2,AWG
1498,OSA1484,S130-53-08-004C,S130-53-08-004D,CN,2,78,ACSR,2,AWG
1499,OSA1485,S130-53-08-004d,S130-53-08-004e,CN,2,55,ACSR,2,AWG
1500,OSA1486,S130-53-08-004D,S130-53-08-004E,CN,2,47,ACSR,2,AWG
1501,OSA1487,S130-53-08-004e,S130-53-08-004f,CN,2,65,ACSR,2,AWG
1502,OSA1488,S130-53-08-004E,S130-53-08-004F,CN,2,35,ACSR,2,AWG
1503,UBA1489,S130-53-20F-002,S130-53-20F-001,CN,1,127,ACSR,2,AWG
1504,UBA1490,S130-53-20F-003,S130-53-20F-002,CN,1,70,ACSR,2,AWG
1505,OSA1491,S130-53-20F-004,S130-53-20F-04a,CN,2,83,ACSR,2,AWG
1506,UBA1492,S130-53-20F-004,S130-53-20F-003,CN,1,65,ACSR,2,AWG
1507,UBA1493,S130-53-20F-005,S130-53-20F-004,CN,1,65,ACSR,2,AWG
1508,UBA1494,S130-53-20F-006,S130-53-20F-007,CN,1,108,ACSR,2,AWG
1509,UBA1495,S130-53-20F-006,S130-53-20F-005,CN,1,59,ACSR,2,AWG
1510,UBA1496,S130-53-20F-007,S130-53-20F-008,CN,1,68,ACSR,2,AWG
1511,UBA1497,S130-53-20F-008,S130-53-20F-009,CN,1,72,ACSR,2,AWG
1512,OSA1498,S130-53-20F-04a,S130-53-20F-04b,CN,2,58,ACSR,2,AWG
1513,UBA1499,S130-53-24-0002,S130-53-24-0001,CN,1,80,ACSR,2,AWG
1514,UBA1500,S130-53-24-0003,S130-53-24-0002,CN,1,63,ACSR,2,AWG
1515,UBA1501,S130-53-24-0004,S130-53-24-0005,CN,1,78,ACSR,2,AWG
1516,UBA1502,S130-53-24-0004,S130-53-24-0003,CN,1,63,ACSR,2,AWG
1517,OSA1503,S130-53-24-0005,S130-53-24-005a,CN,2,60,ACSR,2,AWG
1518,UBA1504,S130-53-24-0005,S130-53-24-0006,CN,1,76,ACSR,2,AWG
1519,UBA1505,S130-53-24-0006,S130-53-24-0007,CN,1,78,ACSR,2,AWG
1520,OSA1506,S130-53-24-0007,S130-53-24-007a,CN,2,64,ACSR,2,AWG
1521,UBA1507,S130-53-24-0007,S130-53-24-0008,CN,1,61,ACSR,2,AWG
1522,UBA1508,S130-53-24-0008,S130-53-24-0009,CN,1,63,ACSR,2,AWG
1523,OSA1509,S130-53-24-005a,S130-53-24-005b,CN,2,89,ACSR,2,AWG
1524,OSA1510,S130-53-24-007a,S130-53-24-007b,CN,2,90,ACSR,2,AWG
1525,UBA1511,S130-53-24-007b,S130-53-24-07b1,CN,1,90,ACSR,2,AWG
1526,OSA1512,S130-53-24-007b,S130-53-24-007c,CN,2,60,ACSR,2,AWG
1527,OSA1513,S130-53-24-007c,S130-53-24-007d,CN,2,89,ACSR,2,AWG
1528,UBA1514,S130-53-38-0002,S130-53-38-0001,CN,1,60,ACSR,2,AWG
1529,UBA1515,S130-53-38-0003,S130-53-38-0002,CN,1,50,ACSR,2,AWG
1530,UBA1516,S130-53-38-0004,S130-53-38-0003,CN,1,43,ACSR,2,AWG
1531,UBA1517,S130-53-38-0005,S130-53-38-0004,CN,1,65,ACSR,2,AWG
1532,UBA1518,S130-53-38-0006,S130-53-38-0005,CN,1,71,ACSR,2,AWG
1533,UBA1519,S130-53-38-0007,S130-53-38-0006,CN,1,68,ACSR,2,AWG
1534,UBA1520,S130-53-38-0008,S130-53-38-0007,CN,1,67,ACSR,2,AWG
1535,UBA1521,S130-53-38-0009,S130-53-38-0010,CN,1,71,ACSR,2,AWG
1536,UBA1522,S130-53-38-0009,S130-53-38-0008,CN,1,62,ACSR,2,AWG
1537,UBA1523,S130-53-38-0010,S130-53-38-0011,CN,1,79,ACSR,2,AWG
1538,UBA1524,S130-53-38-0011,S130-53-38-0012,CN,1,61,ACSR,2,AWG
1539,UBA1525,S130-53-38-0012,S130-53-38-0013,CN,1,86,ACSR,2,AWG
1540,UBA1526,S130-53-38-0013,S130-53-38-0014,CN,1,81,ACSR,2,AWG
1541,UBA1527,S130-53-38-0014,S130-53-38-0015,CN,1,58,ACSR,2,AWG
1542,UBA1528,S130-53-38-0015,S130-53-38-0016,CN,1,64,ACSR,2,AWG
1543,UBA1529,S130-53-38-0016,S130-53-38-0017,CN,1,60,ACSR,2,AWG
1544,UBA1530,S130-53-38-0017,S130-53-38-0018,CN,1,77,ACSR,2,AWG
1545,UBA1531,S130-53-38-0018,S130-53-38-0019,CN,1,81,ACSR,2,AWG
1546,UBA1532,S130-53-38-0019,S130-53-38-0020,CN,1,59,ACSR,2,AWG
1547,UBA1533,S130-53-38-0020,S130-53-38-0021,CN,1,77,ACSR,2,AWG
1548,UBA1534,S130-53-38-0021,S130-53-38-0022,CN,1,64,ACSR,2,AWG
1549,UBA1535,S130-53-44-0001,S130-53-44-0002,CN,1,77,ACSR,2,AWG
1550,UBA1536,S130-53-44-0002,S130-53-44-0003,CN,1,63,ACSR,2,AWG
1551,UBA1537,S130-53-44-0003,S130-53-44-0004,CN,1,73,ACSR,2,AWG
1552,UBA1538,S130-53-44-0004,S130-53-44-0005,CN,1,62,ACSR,2,AWG
1553,UBA1539,S130-53-44-0005,S130-53-44-0006,CN,1,65,ACSR,2,AWG
1554,UBA1540,S130-53-44-0006,S130-53-44-0007,CN,1,75,ACSR,2,AWG
1555,UBA1541,S130-53-44-0007,S130-53-44-0008,CN,1,85,ACSR,2,AWG
1556,OSA1542,S130-53-44-0008,S130-53-44-008a,CN,2,64,ACSR,2,AWG
1557,UBA1543,S130-53-44-0008,S130-53-44-0009,CN,1,65,ACSR,2,AWG
1558,UBA1544,S130-53-44-0009,S130-53-44-0010,CN,1,69,ACSR,2,AWG
1559,UBA1545,S130-53-44-0010,S130-53-44-0011,CN,1,64,ACSR,2,AWG
1560,UBA1546,S130-53-44-0011,S130-53-44-0012,CN,1,96,ACSR,2,AWG
1561,OSA1547,S130-53-44-008a,S130-53-44-008b,CN,2,64,ACSR,2,AWG
1562,UBA1548,S130-56-04-0002,S130-56-04-0001,BN,1,77,ACSR,2,AWG
1563,UBA1549,S130-56-04-0003,S130-56-04-0004,BN,1,63,ACSR,2,AWG
1564,UBA1550,S130-56-04-0003,S130-56-04-0002,BN,1,73,ACSR,2,AWG
1565,OSA1551,S130-56-04-0004,S130-56-04-004a,BN,2,62,ACSR,2,AWG
1566,UBA1552,S130-56-04-0004,S130-56-04-0005,BN,1,65,ACSR,2,AWG
1567,UBA1553,S130-56-04-0005,S130-56-04-0006,BN,1,75,ACSR,2,AWG
1568,UBA1554,S130-56-04-0006,S130-56-04-0007,BN,1,85,ACSR,2,AWG
1569,UBA1555,S130-56-12-0002,S130-56-12-0001,BN,1,69,ACSR,2,AWG
1570,UBA1556,S130-56-12-0003,S130-56-12-0002,BN,1,66,ACSR,2,AWG
1571,UBA1557,S130-56-12-0004,S130-56-12-0003,BN,1,79,ACSR,2,AWG
1572,UBA1558,S130-56-12-0005,S130-56-12-0004,BN,1,66,ACSR,2,AWG
1573,UBA1559,S130-56-12-0006,S130-56-12-0005,BN,1,66,ACSR,2,AWG
1574,UBA1560,S130-56-12-0007,S130-56-12-0008,BN,1,76,ACSR,2,AWG
1575,UBA1561,S130-56-12-0007,S130-56-12-0006,BN,1,68,ACSR,2,AWG
1576,UBA1562,S130-56-12-0008,S130-56-12-0009,BN,1,71,ACSR,2,AWG
1577,UBA1563,S130-56-12-0009,S130-56-12-0010,BN,1,92,ACSR,2,AWG
1578,UBA1564,S130-88-18-0002,S130-88-18-0001,BN,1,76,ACSR,2,AWG
1579,UBA1565,S130-88-18-0003,S130-88-18-0002,BN,1,78,ACSR,2,AWG
1580,UBA1566,S130-88-18-0004,S130-88-18-0003,BN,1,54,ACSR,2,AWG
1581,OSA1567,S130-88-18-0005,S130-88-18-005a,BN,2,48,ACSR,2,AWG
1582,UBA1568,S130-88-18-0005,S130-88-18-0004,BN,1,62,ACSR,2,AWG
1583,UBA1569,S130-88-18-0006,S130-88-18-0005,BN,1,88,ACSR,2,AWG
1584,UBA1570,S130-88-18-0007,S130-88-18-0006,BN,1,84,ACSR,2,AWG
1585,UBA1571,S130-88-18-0008,S130-88-18-0007,BN,1,69,ACSR,2,AWG
1586,UBA1572,S130-88-18-0009,S130-88-18-0008,BN,1,48,ACSR,2,AWG
1587,UBA1573,S130-88-18-0010,S130-88-18-0009,BN,1,77,ACSR,2,AWG
1588,UBA1574,S130-88-18-0011,S130-88-18-0010,BN,1,72,ACSR,2,AWG
1589,UBA1575,S130-88-18-0012,S130-88-18-0011,BN,1,71,ACSR,2,AWG
1590,UBA1576,S130-88-18-0013,S130-88-18-0012,BN,1,70,ACSR,2,AWG
1591,UBA1577,S130-88-18-0014,S130-88-18-0015,BN,1,89,ACSR,2,AWG
1592,UBA1578,S130-88-18-0014,S130-88-18-0013,BN,1,73,ACSR,2,AWG
1593,UBA1579,S130-88-18-0015,S130-88-18-0016,BN,1,69,ACSR,2,AWG
1594,OSA1580,S130-88-18-0016,S130-88-18-016a,BN,2,62,ACSR,2,AWG
1595,UBA1581,S130-88-18-0016,S130-88-18-0017,BN,1,87,ACSR,2,AWG
1596,UBA1582,S130-88-18-0017,S130-88-18-0018,BN,1,57,ACSR,2,AWG
1597,UBA1583,S130-88-18-0018,S130-88-18-0019,BN,1,69,ACSR,2,AWG
1598,UBA1584,S130-88-18-0019,S130-88-18-0020,BN,1,62,ACSR,2,AWG
1599,UBA1585,S130-88-18-0020,S130-88-18-0021,BN,1,56,ACSR,2,AWG
1600,UBA1586,S130-88-18-0021,S130-88-18-0022,BN,1,52,ACSR,2,AWG
1601,UBA1587,S130-88-18-0022,S130-88-18-0023,BN,1,35,ACSR,2,AWG
1602,OSA1588,S130-88-18-005a,S130-88-18-005b,BN,2,51,ACSR,2,AWG
1603,OSA1589,S130-88-18-016a,S130-88-18-016b,BN,2,50,ACSR,2,AWG
1604,UBA1590,DT0000000132-3B,S0132-003B-0003,CN,1,1,ACSR,2,AWG
1605,UBA1591,DT0000000132-3D,S0132-003D-0001,CN,1,1,ACSR,2,AWG
1606,UBA1592,DT0000000132-3D1,S0132-03D1-0001,CN,1,1,ACSR,2,AWG
1607,UBA1593,DT0000000132-3E,S0132-003E-0001,CN,1,1,ACSR,2,AWG
1608,UBA1594,DT0000000132-3G,S0132-003G-0001,CN,1,1,ACSR,2,AWG
1609,UBA1595,DT0000000132-3H,S0132-003H-0001,CN,1,1,ACSR,2,AWG
1610,UBA1596,DT0000000132-3H1,S0132-03H1-0001,CN,1,1,ACSR,2,AWG
1611,UBA1597,DT0000000132-3I,S0132-003I-0001,CN,1,1,ACSR,2,AWG
1612,UBA1598,DT0000000132-5,S0132-0005-0004,CN,1,1,ACSR,2,AWG
1613,UBA1599,DT0000000132-9,S0132-0009-0004,CN,1,1,ACSR,2,AWG
1614,UBA1600,DT0000000132-14,S0132-0014-0003,CN,1,1,ACSR,2,AWG
1615,UBA1601,S0132-0005-0002,S0132-0005-0001,CN,1,68,ACSR,2,AWG
1616,UBA1602,S0132-0005-0003,S0132-0005-0002,CN,1,71,ACSR,2,AWG
1617,OSA1603,S0132-0005-0004,S0132-0005-004a,CN,2,92,ACSR,2,AWG
1618,OSA1604,S0132-0005-0004,S0132-0005-004A,CN,2,76,ACSR,2,AWG
1619,UBA1605,S0132-0005-0004,S0132-0005-0005,CN,1,78,ACSR,2,AWG
1620,UBA1606,S0132-0005-0004,S0132-0005-0003,CN,1,54,ACSR,2,AWG
1621,UBA1607,S0132-0005-0005,S0132-0005-0006,CN,1,48,ACSR,2,AWG
1622,OSA1608,S0132-0005-004a,S0132-0005-004b,CN,2,62,ACSR,2,AWG
1623,OSA1609,S0132-0005-004A,S0132-0005-004B,CN,2,88,ACSR,2,AWG
1624,OSA1610,S0132-0005-004b,S0132-0005-004c,CN,2,84,ACSR,2,AWG
1625,OSA1611,S0132-0005-004c,S0132-0005-004d,CN,2,69,ACSR,2,AWG
1626,OSA1612,S0132-0005-004B,S0132-0005-004C,CN,2,48,ACSR,2,AWG
1627,OSA1613,S0132-0005-004C,S0132-0005-004D,CN,2,77,ACSR,2,AWG
1628,OSA1614,S0132-0005-004D,S0132-0005-004E,CN,2,72,ACSR,2,AWG
1629,UBA1615,S0132-0009-0002,S0132-0009-0001,CN,1,84,ACSR,2,AWG
1630,UBA1616,S0132-0009-0003,S0132-0009-0002,CN,1,43,ACSR,2,AWG
1631,OSA1617,S0132-0009-0004,S0132-0009-004A,CN,2,10,ACSR,2,AWG
1632,UBA1618,S0132-0009-0004,S0132-0009-0005,CN,1,45,ACSR,2,AWG
1633,UBA1619,S0132-0009-0004,S0132-0009-0003,CN,1,46,ACSR,2,AWG
1634,UBA1620,S0132-0009-0005,S0132-0009-0006,CN,1,44,ACSR,2,AWG
1635,UBA1621,S0132-0009-0006,S0132-0009-0007,CN,1,40,ACSR,2,AWG
1636,OSA1622,S0132-0009-0007,S0132-0009-007a,CN,2,9,ACSR,2,AWG
1637,OSA1623,S0132-0014-0002,S0132-0014-002a,CN,2,8,ACSR,2,AWG
1638,UBA1624,S0132-0014-0002,S0132-0014-0001,CN,1,55,ACSR,2,AWG
1639,UBA1625,S0132-0014-0003,S0132-0014-0004,CN,1,58,ACSR,2,AWG
1640,UBA1626,S0132-0014-0003,S0132-0014-0002,CN,1,63,ACSR,2,AWG
1641,UBA1627,S0132-0014-0004,S0132-0014-0005,CN,1,59,ACSR,2,AWG
1642,UBA1628,S0132-0014-0005,S0132-0014-0006,CN,1,33,ACSR,2,AWG
1643,UBA1629,S0132-0014-0006,S0132-0014-0007,CN,1,52,ACSR,2,AWG
1644,OSA1630,S0132-0014-0007,S0132-0014-007a,CN,2,52,ACSR,2,AWG
1645,UBA1631,S0132-0014-0007,S0132-0014-0008,CN,1,42,ACSR,2,AWG
1646,UBA1632,S0132-0014-0008,S0132-0014-0009,CN,1,20,ACSR,2,AWG
1647,UBA1633,S0132-0014-0009,S0132-0014-0010,CN,1,19,ACSR,2,AWG
1648,UBA1634,DT0000000137,S000137-0000001,AN,1,1,ACSR,2,AWG
1649,UBA2597,DT000000091A,S00091A-0000001,AN,1,6,ACSR,2,AWG
1650,UBA2598,DT000000111A,S00111A-0000001,CN,1,6,ACSR,2,AWG
1651,UBA2600,DT000000115A,S00115A-0000001,CN,1,6,ACSR,2,AWG
1652,UBA2601,DT000000115B,S00115B-0000001,AN,1,6,ACSR,2,AWG
1653,UBA2602,DT000000115C,S00115C-0000001,BN,1,6,ACSR,2,AWG
1654,UBA2603,DT000000117B,S00117B-0000002,BN,1,6,ACSR,2,AWG
1655,UBA2604,DT000000121A,S00121A-0000001,AN,1,6,ACSR,2,AWG
1656,UBA2605,DT000000125A,S00125A-0000001,CN,1,6,ACSR,2,AWG
1657,UBA2615,DT000000094A,S00094A-0000001,CN,1,6,ACSR,2,AWG
1658,UBA2616,DT000000100A,S00100A-0000001,BN,1,6,ACSR,2,AWG
1659,UBA2617,DT0000000049,S000049-0000001,AN,1,6,ACSR,2,AWG
1660,UBA2618,DT0000000092-5,S0092-0005-0001,BN,1,6,ACSR,2,AWG
1661,UBA2619,DT0000000100-6A,S0100-006A-0001,CN,1,6,ACSR,2,AWG
1662,UBA2620,DT0000000108-7A,S0108-007A-0001,CN,1,6,ACSR,2,AWG
1663,UBA2621,DT0000000112,S000112-0000001,BN,1,6,ACSR,2,AWG
1664,UBA2622,DT0000000126-8b,S0126-008b-0001,AN,1,6,ACSR,2,AWG
1665,UBA2626,DT0000000108-24-1,S108-24-01-0001,BN,1,6,ACSR,2,AWG
1666,UBA2628,DT000000115-4,S0115-0004-0005,AN,1,45,ACSR,2,AWG
1667,OSA2600,S0115-0004-0005,S0115-0004-005A,AN,1,48,ACSR,2,AWG
1668,UBA2635,S0115-0004-0005,S0115-0004-0006,AN,1,39,ACSR,2,AWG
1669,UBA2636,S0115-0004-0005,S0115-0004-0004,AN,1,50,ACSR,2,AWG
1670,UBA2637,S0115-0004-0004,S0115-0004-0003,AN,1,55,ACSR,2,AWG
1671,UBA2638,S0115-0004-0003,S0115-0004-0002,AN,1,47,ACSR,2,AWG
1672,UBA2639,S0115-0004-0002,S0115-0004-0001,AN,1,45,ACSR,2,AWG
1673,UBA2640,DT000000116,S000116-0000001,AN,1,45,ACSR,2,AWG
1674,UBA2641,S000116-0000001,S000116-0000002,AN,1,45,ACSR,2,AWG
1675,OSA2601,S0132-003B-0003,S0132-003B-003a,CN,1,47,ACSR,2,AWG
1676,OSA2602,S0132-003B-003a,S0132-003B-003b,CN,1,47,ACSR,2,AWG
1677,OSA2603,S0132-003B-0003,S0132-003B-003A,CN,1,47,ACSR,2,AWG
1678,UBA2642,S0132-003B-0003,S0132-003B-0004,CN,1,47,ACSR,2,AWG
1679,UBA2643,S0132-003B-0004,S0132-003B-0005,CN,1,47,ACSR,2,AWG
1680,OSA2604,S0132-003B-0004,S0132-003B-004A,CN,1,47,ACSR,2,AWG
1681,OSA2605,S0132-003B-004A,S0132-003B-004B,CN,1,47,ACSR,2,AWG
1682,OSA2606,S0132-003B-004B,S0132-003B-04B1,CN,1,47,ACSR,2,AWG
1683,OSA2607,S0132-003B-004B,S0132-003B-004C,CN,1,47,ACSR,2,AWG
1684,UBA2644,S0132-003B-0003,S0132-003B-0002,CN,1,47,ACSR,2,AWG
1685,UBA2645,S0132-003B-0002,S0132-003B-0001,CN,1,47,ACSR,2,AWG
1686,UBA2646,DT0000000134-2,S0134-0002-0005,AN,1,47,ACSR,2,AWG
1687,OSA2608,S0134-0002-0005,S0134-0002-005A,AN,1,47,ACSR,2,AWG
1688,OSA2609,S0134-0002-005A,S0134-0002-005B,AN,1,47,ACSR,2,AWG
1689,OSA2610,S0134-0002-005B,S0134-0002-005C,AN,1,47,ACSR,2,AWG
1690,OSA2611,S0134-0002-0005,S0134-0002-005a,AN,1,47,ACSR,2,AWG
1691,OSA2612,S0134-0002-005a,S0134-0002-05aa,AN,1,47,ACSR,2,AWG
1692,OSA2613,S0134-0002-05aa,S0134-0002-05ab,AN,1,47,ACSR,2,AWG
1693,OSA2614,S0134-0002-005a,S0134-0002-05aA,AN,1,47,ACSR,2,AWG
1694,UBA2647,S0134-0002-0005,S0134-0002-0006,AN,1,47,ACSR,2,AWG
1695,UBA2648,S0134-0002-0006,S0134-0002-0007,AN,1,47,ACSR,2,AWG
1696,UBA2649,S0134-0002-0007,S0134-0002-0008,AN,1,47,ACSR,2,AWG
1697,UBA2650,S0134-0002-0008,S0134-0002-0009,AN,1,47,ACSR,2,AWG
1698,UBA2651,S0134-0002-0009,S0134-0002-0010,AN,1,47,ACSR,2,AWG
1699,UBA2652,S0134-0002-0010,S0134-0002-0011,AN,1,47,ACSR,2,AWG
1700,UBA2653,S0134-0002-0005,S0134-0002-0004,AN,1,47,ACSR,2,AWG
1701,UBA2654,S0134-0002-0004,S0134-0002-0003,AN,1,47,ACSR,2,AWG
1702,UBA2655,S0134-0002-0003,S0134-0002-0002,AN,1,47,ACSR,2,AWG
1703,UBA2656,S0134-0002-0002,S0134-0002-0001,AN,1,47,ACSR,2,AWG
1704,OSA2615,S0134-0002-0003,S0134-0002-003A,AN,1,47,ACSR,2,AWG
1705,OSA2616,S0134-0002-003A,S0134-0002-003B,AN,1,47,ACSR,2,AWG
1706,OSA2617,S0134-0002-003B,S0134-0002-003C,AN,1,47,ACSR,2,AWG
1707,OSA2618,S0134-0002-003C,S0134-0002-003D,AN,1,47,ACSR,2,AWG
1708,OSA2619,S0134-0002-003D,S0134-0002-003E,AN,1,47,ACSR,2,AWG
1709,OSA2620,S0134-0002-0006,S0134-0002-006A,AN,1,47,ACSR,2,AWG
1710,UBA00928,S0108-0033-0002,S0108-0033-0001,CN,1,120,ACSR,2,AWG
1711,UBA00929,S0108-0033-0003,S0108-0033-0002,CN,1,97,ACSR,2,AWG
1712,UBA00930,S0108-0033-0004,S0108-0033-0003,CN,1,43,ACSR,2,AWG
1713,UBA00931,S0108-0033-0005,S0108-0033-0004,CN,1,84,ACSR,2,AWG
1714,UBA00932,S0108-0033-0006,S0108-0033-0005,CN,1,124,ACSR,2,AWG
1715,UBA00933,S0108-0033-0007,S0108-0033-0006,CN,1,103,ACSR,2,AWG
1716,UBA00934,S0108-0033-0008,S0108-0033-0007,CN,1,123,ACSR,2,AWG
1717,UBA00935,DT0000000108-33,S0108-0033-0008,CN,1,1,ACSR,2,AWG
1718,UBA00936,S0108-0033-0008,S0108-0033-0009,CN,1,90,ACSR,2,AWG
1719,UBA00937,S0108-0033-0009,S0108-0033-0010,CN,1,50,ACSR,2,AWG
1720,UBA00938,S0108-0033-0010,S0108-0033-0011,CN,1,104,ACSR,2,AWG
1721,USA00939,S0108-0033-0005,S0108-0033-005a,CN,2,46,ACSR,2,AWG
1722,USA00940,S0108-0033-0009,S0108-0033-009a,CN,2,39,ACSR,2,AWG
1723,USA00941,S0108-0033-009a,S0108-0033-009b,CN,2,42,ACSR,2,AWG
1724,USA00942,S0108-0033-009b,S0108-0033-009c,CN,2,47,ACSR,2,AWG
1725,USA00943,S0108-0033-009c,S0108-0033-009d,CN,2,39,ACSR,2,AWG
1726,USA00944,S0108-0033-009d,S0108-0033-009e,CN,2,47,ACSR,2,AWG
1727,UBA01229,S0108-045H-0002,S0108-045H-0001,CN,1,74,ACSR,2,AWG
1728,UBA01230,S0108-045H-0003,S0108-045H-0002,CN,1,95,ACSR,2,AWG
1729,UBA01231,DT0000000108-45H,S0108-045H-0003,CN,1,1,ACSR,2,AWG
1730,UBA01232,S0108-045H-0003,S0108-045H-0004,CN,1,70,ACSR,2,AWG
1731,UBA01233,S0108-045H-0004,S0108-045H-0005,CN,1,64,ACSR,2,AWG
1732,UBA01234,S0108-045H-0005,S0108-045H-0006,CN,1,72,ACSR,2,AWG
1733,UBA01235,S0108-045H-0006,S0108-045H-0007,CN,1,83,ACSR,2,AWG
1734,UBA01236,S0108-045H-0007,S0108-045H-0008,CN,1,71,ACSR,2,AWG
1735,UBA01237,S0108-045H-0008,S0108-045H-0009,CN,1,104,ACSR,2,AWG
1736,UBA01238,S0108-045H-0009,S0108-045H-0010,CN,1,79,ACSR,2,AWG
1737,USA01239,S0108-045H-0003,S0108-045H-003A,CN,2,70,ACSR,2,AWG
1738,USA01240,S0108-045H-003A,S0108-045H-003B,CN,2,68,ACSR,2,AWG
1739,USA01241,S0108-045H-003B,S0108-045H-003C,CN,2,66,ACSR,2,AWG
1740,USA01242,S0108-045H-003C,S0108-045H-003D,CN,2,73,ACSR,2,AWG
1741,USA01243,S0108-045H-003D,S0108-045H-003E,CN,2,72,ACSR,2,AWG
1742,USA01244,S0108-045H-003E,S0108-045H-003F,CN,2,71,ACSR,2,AWG
1743,UBA00909,S0108-0045-0002,S0108-0045-0001,CN,1,93,ACSR,2,AWG
1744,UBA00910,S0108-0045-0003,S0108-0045-0002,CN,1,96,ACSR,2,AWG
1745,UBA00911,S0108-0045-0004,S0108-0045-0003,CN,1,99,ACSR,2,AWG
1746,UBA00912,S0108-0045-0005,S0108-0045-0004,CN,1,106,ACSR,2,AWG
1747,UBA00913,S0108-0045-0006,S0108-0045-0005,CN,1,68,ACSR,2,AWG
1748,UBA00914,S0108-0045-0007,S0108-0045-0006,CN,1,102,ACSR,2,AWG
1749,UBA00915,DT0000000108-45,S0108-0045-0007,CN,1,1,ACSR,2,AWG
1750,USA00916,S0108-0045-0007,S0108-0045-007a,CN,2,95,ACSR,2,AWG
1751,USA00917,S0108-0045-007a,S0108-0045-007b,CN,2,83,ACSR,2,AWG
1752,USA00918,S0108-0045-007b,S0108-0045-007c,CN,2,61,ACSR,2,AWG
1753,USA00919,S0108-0045-007c,S0108-0045-007d,CN,2,67,ACSR,2,AWG
1754,USA00920,S0108-0045-007d,S0108-0045-007e,CN,2,102,ACSR,2,AWG
1755,USA00921,S0108-0045-007e,S0108-0045-007f,CN,2,93,ACSR,2,AWG
1756,UBA00922,S0108-0045-007f,S0108-0045-007g,CN,1,78,ACSR,2,AWG
1757,USA00923,S0108-0045-007g,S0108-0045-007h,CN,2,66,ACSR,2,AWG
1758,UBA00924,S0108-0045-0007,S0108-0045-0008,CN,1,78,ACSR,2,AWG
1759,UBA00925,S0108-0045-0008,S0108-0045-0009,CN,1,66,ACSR,2,AWG
1760,UBA00926,S0108-0045-0009,S0108-0045-0010,CN,1,74,ACSR,2,AWG
1761,UBA00927,S0108-0045-0010,S0108-0045-0011,CN,1,120,ACSR,2,AWG
1762,UBA01464,S0108-58AV-0002,S0108-58AV-0001,CN,1,83,ACSR,2,AWG
1763,UBA01465,S0108-58AV-0003,S0108-58AV-0002,CN,1,73,ACSR,2,AWG
1764,UBA01466,S0108-58AV-0004,S0108-58AV-0003,CN,1,94,ACSR,2,AWG
1765,UBA01467,S0108-58AV-0005,S0108-58AV-0004,CN,1,89,ACSR,2,AWG
1766,UBA01468,S0108-58AV-0006,S0108-58AV-0005,CN,1,88,ACSR,2,AWG
1767,UBA01469,S0108-58AV-0007,S0108-58AV-0006,CN,1,96,ACSR,2,AWG
1768,UBA01470,S0108-58AV-0008,S0108-58AV-0007,CN,1,94,ACSR,2,AWG
1769,UBA01471,S0108-58AV-0009,S0108-58AV-0008,CN,1,86,ACSR,2,AWG
1770,UBA01472,S0108-58AV-0010,S0108-58AV-0009,CN,1,84,ACSR,2,AWG
1771,UBA01473,S0108-58AV-0011,S0108-58AV-0010,CN,1,74,ACSR,2,AWG
1772,UBA01474,S0108-58AV-0012,S0108-58AV-0011,CN,1,97,ACSR,2,AWG
1773,UBA01475,S0108-58AV-0013,S0108-58AV-0012,CN,1,72,ACSR,2,AWG
1774,UBA01476,S0108-58AV-0014,S0108-58AV-0013,CN,1,50,ACSR,2,AWG
1775,UBA01477,S0108-58AV-0015,S0108-58AV-0014,CN,1,86,ACSR,2,AWG
1776,UBA01478,S0108-58AV-0016,S0108-58AV-0015,CN,1,81,ACSR,2,AWG
1777,UBA01479,DT0000000108-58AV,S0108-58AV-0016,CN,1,1,ACSR,2,AWG
1778,UBA01480,S0108-58AV-0016,S0108-58AV-0017,CN,1,81,ACSR,2,AWG
1779,UBA01481,S0108-58AV-0017,S0108-58AV-0018,CN,1,44,ACSR,2,AWG
1780,UBA01482,S0108-58AV-0018,S0108-58AV-0019,CN,1,52,ACSR,2,AWG
1781,UBA01483,S0108-58AV-0019,S0108-58AV-0020,CN,1,80,ACSR,2,AWG
1782,UBA01484,S0108-58AV-0020,S0108-58AV-0021,CN,1,56,ACSR,2,AWG
1783,UBA01485,S0108-58AV-0021,S0108-58AV-0022,CN,1,72,ACSR,2,AWG
1784,UBA01486,S0108-58AV-0022,S0108-58AV-0023,CN,1,63,ACSR,2,AWG
1785,UBA01487,S0108-58AV-0023,S0108-58AV-0024,CN,1,77,ACSR,2,AWG
1786,USA01488,S0108-58AV-0017,S0108-58AV-017A,CN,2,66,ACSR,2,AWG
1787,UBA01599,S108-58AO4-0002,S108-58AO4-0001,CN,1,57,ACSR,2,AWG
1788,UBA01600,S108-58AO4-0003,S108-58AO4-0002,CN,1,45,ACSR,2,AWG
1789,UBA01601,S108-58AO4-0004,S108-58AO4-0003,CN,1,79,ACSR,2,AWG
1790,UBA01602,DT0000000108-58AO4,S108-58AO4-0004,CN,1,1,ACSR,2,AWG
1791,UBA01603,S108-58AO4-0004,S108-58AO4-0005,CN,1,55,ACSR,2,AWG
1792,UBA01604,S108-58AO4-0005,S108-58AO4-0006,CN,1,62,ACSR,2,AWG
1793,UBA01605,S108-58AO4-0006,S108-58AO4-0007,CN,1,65,ACSR,2,AWG
1794,UBA01606,S108-58AO4-0007,S108-58AO4-0008,CN,1,71,ACSR,2,AWG
1795,UBA01607,S108-58AO4-0008,S108-58AO4-0009,CN,1,64,ACSR,2,AWG
1796,UBA01608,S108-58AO4-0009,S108-58AO4-0010,CN,1,76,ACSR,2,AWG
1797,UBA01609,S108-58AO4-0010,S108-58AO4-0011,CN,1,67,ACSR,2,AWG
1798,USA01610,S108-58AO4-0005,S108-58AO4-005A,CN,2,57,ACSR,2,AWG
1799,UBA01581,S108-58AN9-0002,S108-58AN9-0001,CN,1,85,ACSR,2,AWG
1800,UBA01582,S108-58AN9-0003,S108-58AN9-0002,CN,1,66,ACSR,2,AWG
1801,UBA01583,S108-58AN9-0004,S108-58AN9-0003,CN,1,32,ACSR,2,AWG
1802,UBA01584,S108-58AN9-0005,S108-58AN9-0004,CN,1,73,ACSR,2,AWG
1803,UBA01585,S108-58AN9-0006,S108-58AN9-0005,CN,1,77,ACSR,2,AWG
1804,UBA01586,S108-58AN9-0007,S108-58AN9-0006,CN,1,68,ACSR,2,AWG
1805,UBA01587,S108-58AN9-0008,S108-58AN9-0007,CN,1,62,ACSR,2,AWG
1806,UBA01588,S108-58AN9-0009,S108-58AN9-0008,CN,1,47,ACSR,2,AWG
1807,UBA01589,S108-58AN9-0010,S108-58AN9-0009,CN,1,140,ACSR,2,AWG
1808,UBA01590,DT0000000108-58AN9,S108-58AN9-0010,CN,1,1,ACSR,2,AWG
1809,UBA01591,S108-58AN9-0010,S108-58AN9-0011,CN,1,67,ACSR,2,AWG
1810,UBA01592,S108-58AN9-0011,S108-58AN9-0012,CN,1,67,ACSR,2,AWG
1811,UBA01593,S108-58AN9-0012,S108-58AN9-0013,CN,1,64,ACSR,2,AWG
1812,UBA01594,S108-58AN9-0013,S108-58AN9-0014,CN,1,49,ACSR,2,AWG
1813,UBA01595,S108-58AN9-0014,S108-58AN9-0015,CN,1,57,ACSR,2,AWG
1814,UBA01596,S108-58AN9-0015,S108-58AN9-0016,CN,1,64,ACSR,2,AWG
1815,UBA01597,S108-58AN9-0016,S108-58AN9-0017,CN,1,59,ACSR,2,AWG
1816,USA01598,S108-58AN9-0013,S108-58AN9-013a,CN,2,54,ACSR,2,AWG
1817,UBA01446,S0108-58AA-0002,S0108-58AA-0001,CN,1,84,ACSR,2,AWG
1818,UBA01447,S0108-58AA-0003,S0108-58AA-0002,CN,1,70,ACSR,2,AWG
1819,UBA01448,S0108-58AA-0004,S0108-58AA-0003,CN,1,53,ACSR,2,AWG
1820,UBA01449,S0108-58AA-0005,S0108-58AA-0004,CN,1,73,ACSR,2,AWG
1821,UBA01450,S0108-58AA-0006,S0108-58AA-0005,CN,1,74,ACSR,2,AWG
1822,UBA01451,S0108-58AA-0007,S0108-58AA-0006,CN,1,58,ACSR,2,AWG
1823,UBA01452,S0108-58AA-0008,S0108-58AA-0007,CN,1,63,ACSR,2,AWG
1824,UBA01453,S0108-58AA-0009,S0108-58AA-0008,CN,1,81,ACSR,2,AWG
1825,UBA01454,S0108-58AA-0010,S0108-58AA-0009,CN,1,76,ACSR,2,AWG
1826,UBA01455,DT0000000108-58AA,S0108-58AA-0010,CN,1,1,ACSR,2,AWG
1827,UBA01456,S0108-58AA-0010,S0108-58AA-0011,CN,1,93,ACSR,2,AWG
1828,UBA01457,S0108-58AA-0011,S0108-58AA-0012,CN,1,82,ACSR,2,AWG
1829,UBA01458,S0108-58AA-0012,S0108-58AA-0013,CN,1,95,ACSR,2,AWG
1830,UBA01459,S0108-58AA-0013,S0108-58AA-0014,CN,1,104,ACSR,2,AWG
1831,UBA01460,S0108-58AA-0014,S0108-58AA-0015,CN,1,109,ACSR,2,AWG
1832,UBA01461,S0108-58AA-0015,S0108-58AA-0016,CN,1,83,ACSR,2,AWG
1833,UBA01462,S0108-58AA-0016,S0108-58AA-0017,CN,1,94,ACSR,2,AWG
1834,UBA01463,S0108-58AA-0017,S0108-58AA-0018,CN,1,89,ACSR,2,AWG
1835,UBA01611,S108-58R11-0002,S108-58R11-0001,CN,1,138,ACSR,2,AWG
1836,UBA01612,S108-58R11-0003,S108-58R11-0002,CN,1,119,ACSR,2,AWG
1837,UBA01613,S108-58R11-0004,S108-58R11-0003,CN,1,152,ACSR,2,AWG
1838,UBA01614,S108-58R11-0005,S108-58R11-0004,CN,1,97,ACSR,2,AWG
1839,UBA01615,S108-58R11-0006,S108-58R11-0005,CN,1,97,ACSR,2,AWG
1840,UBA01616,S108-58R11-0007,S108-58R11-0006,CN,1,66,ACSR,2,AWG
1841,UBA01617,S108-58R11-0008,S108-58R11-0007,CN,1,127,ACSR,2,AWG
1842,UBA01618,S108-58R11-0009,S108-58R11-0008,CN,1,123,ACSR,2,AWG
1843,UBA01619,S108-58R11-0010,S108-58R11-0009,CN,1,97,ACSR,2,AWG
1844,UBA01620,S108-58R11-0011,S108-58R11-0010,CN,1,63,ACSR,2,AWG
1845,UBA01621,S108-58R11-0012,S108-58R11-0011,CN,1,66,ACSR,2,AWG
1846,UBA01622,DT0000000108-58R11,S108-58R11-0012,CN,1,1,ACSR,2,AWG
1847,UBA01623,S108-58R11-0012,S108-58R11-0013,CN,1,58,ACSR,2,AWG
1848,UBA01624,S108-58R11-0013,S108-58R11-0014,CN,1,43,ACSR,2,AWG
1849,UBA01625,S108-58R11-0014,S108-58R11-0015,CN,1,109,ACSR,2,AWG
1850,UBA01626,S108-58R11-0015,S108-58R11-0016,CN,1,88,ACSR,2,AWG
1851,UBA01627,S108-58R11-0016,S108-58R11-0017,CN,1,13,ACSR,2,AWG
1852,UBA01628,S108-58R11-0017,S108-58R11-0018,CN,1,59,ACSR,2,AWG
1853,UBA01629,S108-58R11-0018,S108-58R11-0019,CN,1,124,ACSR,2,AWG
1854,USA01630,S108-58R11-0005,S108-58R11-005a,CN,2,91,ACSR,2,AWG
1855,USA01631,S108-58R11-005a,S108-58R11-005b,CN,2,69,ACSR,2,AWG
1856,USA01632,S108-58R11-005b,S108-58R11-005c,CN,2,73,ACSR,2,AWG
1857,USA01633,S108-58R11-005c,S108-58R11-005d,CN,2,95,ACSR,2,AWG
1858,USA01634,S108-58R11-0015,S108-58R11-015A,CN,2,7,ACSR,2,AWG
1859,UBA01211,S0108-058M-0002,S0108-058M-0001,CN,1,112,ACSR,2,AWG
1860,UBA01212,S0108-058M-0003,S0108-058M-0002,CN,1,55,ACSR,2,AWG
1861,UBA01213,S0108-058M-0004,S0108-058M-0003,CN,1,83,ACSR,2,AWG
1862,UBA01214,S0108-058M-0005,S0108-058M-0004,CN,1,86,ACSR,2,AWG
1863,UBA01215,S0108-058M-0006,S0108-058M-0005,CN,1,73,ACSR,2,AWG
1864,UBA01216,S0108-058M-0007,S0108-058M-0006,CN,1,41,ACSR,2,AWG
1865,UBA01217,S0108-058M-0008,S0108-058M-0007,CN,1,97,ACSR,2,AWG
1866,UBA01218,S0108-058M-0009,S0108-058M-0008,CN,1,85,ACSR,2,AWG
1867,UBA01219,S0108-058M-0010,S0108-058M-0009,CN,1,63,ACSR,2,AWG
1868,UBA01220,S0108-058M-0011,S0108-058M-0010,CN,1,93,ACSR,2,AWG
1869,UBA01221,S0108-058M-0012,S0108-058M-0011,CN,1,73,ACSR,2,AWG
1870,UBA01222,DT0000000108-58M,S0108-058M-0012,CN,1,1,ACSR,2,AWG
1871,UBA01223,S0108-058M-0012,S0108-058M-0013,CN,1,87,ACSR,2,AWG
1872,UBA01224,S0108-058M-0013,S0108-058M-0014,CN,1,60,ACSR,2,AWG
1873,UBA01225,S0108-058M-0014,S0108-058M-0015,CN,1,24,ACSR,2,AWG
1874,UBA01226,S0108-058M-0015,S0108-058M-0016,CN,1,77,ACSR,2,AWG
1875,UBA01227,S0108-058M-0016,S0108-058M-0017,CN,1,58,ACSR,2,AWG
1876,UBA01228,S0108-058M-0017,S0108-058M-0018,CN,1,84,ACSR,2,AWG
1877,UBA01210,DT0000000108-59p,S0108-058p-0001,AN,1,1,ACSR,2,AWG
1878,UBA01197,DT0000000108-59j,S0108-059j-0001,AN,1,1,ACSR,2,AWG
1879,UBA01198,S0108-059j-0001,S0108-059j-0002,AN,1,69,ACSR,2,AWG
1880,UBA01199,S0108-059j-0002,S0108-059j-0003,AN,1,70,ACSR,2,AWG
1881,UBA01200,S0108-059j-0003,S0108-059j-0004,AN,1,68,ACSR,2,AWG
1882,UBA01201,S0108-059j-0004,S0108-059j-0005,AN,1,59,ACSR,2,AWG
1883,UBA01202,S0108-059j-0005,S0108-059j-0006,AN,1,94,ACSR,2,AWG
1884,UBA01203,S0108-059j-0006,S0108-059j-0007,AN,1,68,ACSR,2,AWG
1885,UBA01204,S0108-059j-0007,S0108-059j-0008,AN,1,59,ACSR,2,AWG
1886,USA01205,S0108-059j-0002,S0108-059j-002a,AN,2,94,ACSR,2,AWG
1887,USA01206,S0108-059j-0004,S0108-059j-004a,AN,2,63,ACSR,2,AWG
1888,USA01207,S0108-059j-0004,S0108-059j-004b,AN,2,40,ACSR,2,AWG
1889,USA01208,S0108-059j-004b,S0108-059j-004c,AN,2,35,ACSR,2,AWG
1890,USA01209,S0108-059j-0005,S0108-059j-005A,AN,2,35,ACSR,2,AWG
1891,UBA01189,S0108-059f-0002,S0108-059f-0001,AN,1,58,ACSR,2,AWG
1892,UBA01190,DT0000000108-59f,S0108-059f-0002,AN,1,1,ACSR,2,AWG
1893,UBA01191,S0108-059f-0002,S0108-059f-0003,AN,1,71,ACSR,2,AWG
1894,UBA01192,S0108-059f-0003,S0108-059f-0004,AN,1,60,ACSR,2,AWG
1895,UBA01193,S0108-059f-0004,S0108-059f-0005,AN,1,44,ACSR,2,AWG
1896,UBA01194,S0108-059f-0005,S0108-059f-0006,AN,1,43,ACSR,2,AWG
1897,USA01195,S0108-059f-0001,S0108-059f-001a,AN,2,58,ACSR,2,AWG
1898,USA01196,S0108-059f-0002,S0108-059f-002A,AN,2,54,ACSR,2,AWG
1899,UBA00908,DT0000000108-59,S0108-0059-0001,CN,1,1,ACSR,2,AWG
1900,UBA00894,S0108-0060-0002,S0108-0060-0001,CN,1,112,ACSR,2,AWG
1901,UBA00895,S0108-0060-0003,S0108-0060-0002,CN,1,75,ACSR,2,AWG
1902,UBA00896,S0108-0060-0004,S0108-0060-0003,CN,1,100,ACSR,2,AWG
1903,UBA00897,S0108-0060-0005,S0108-0060-0004,CN,1,75,ACSR,2,AWG
1904,UBA00898,S0108-0060-0006,S0108-0060-0005,CN,1,77,ACSR,2,AWG
1905,UBA00899,DT0000000108-60,S0108-0060-0006,CN,1,1,ACSR,2,AWG
1906,UBA00900,S0108-0060-0006,S0108-0060-0007,CN,1,66,ACSR,2,AWG
1907,UBA00901,S0108-0060-0007,S0108-0060-0008,CN,1,71,ACSR,2,AWG
1908,UBA00902,S0108-0060-0008,S0108-0060-0009,CN,1,42,ACSR,2,AWG
1909,UBA00903,S0108-0060-0009,S0108-0060-0010,CN,1,42,ACSR,2,AWG
1910,UBA00904,S0108-0060-0010,S0108-0060-0011,CN,1,67,ACSR,2,AWG
1911,UBA00905,S0108-0060-0011,S0108-0060-0012,CN,1,79,ACSR,2,AWG
1912,UBA00906,S0108-0060-0012,S0108-0060-0013,CN,1,85,ACSR,2,AWG
1913,UBA00907,S0108-0060-0013,S0108-0060-0014,CN,1,115,ACSR,2,AWG
1914,UBA00908,DT0000000117,S000117-0000001,CN,1,2,ACSR,2,AWG
1915,UBA00909,DT0000000132,S000132-0000001,BN,1,2,ACSR,2,AWG
