Count,Secondary Customer Service Drop ID,"From 
Bus ID","To  
Customer ID",Phasing,Installation Type,Length-1         (meters),Length-2         (meters),Conductor Type,"Conductor
Size",Unit (C) 
1,KSA1010071788,S0034-0018-0015,1010071788,BN,1,0.5,0,CU,10,AWG
2,KSA2020010007,S00094C-0000001,2020010007,BN,1,5.0,0,CU,2,AWG
3,KSA2020010010,S000100-0000002,2020010010,AN,1,0.5,0,CU,10,AWG
4,KSA2020010020,S000100-0000003,2020010020,AN,1,0.5,0,CU,10,AWG
5,KSA2020010029,S000100-000002b,2020010029,AN,1,0.5,0,CU,10,AWG
6,KSA2020010030,S000100-0000002,2020010030,AN,1,0.5,0,CU,10,AWG
7,KSA2020010040,S000100-000003A,2020010040,AN,1,0.5,0,CU,10,AWG
8,KSA2020010045,S000100-000003A,2020010045,AN,1,0.5,0,CU,10,AWG
9,KSA2020010046,S000100-000003A,2020010046,AN,1,0.5,0,CU,10,AWG
10,KSA2020010050,S000100-000003A,2020010050,AN,1,0.5,0,CU,10,AWG
11,KSA2020010060,S000100-000003A,2020010060,AN,1,0.5,0,CU,10,AWG
12,KSA2020010066,S0108-004b-002A,2020010066,AN,1,0.5,0,CU,10,AWG
13,KSA2020010070,S000100-0000003,2020010070,AN,1,0.5,0,CU,10,AWG
14,KSA2020010073,S000100-0000003,2020010073,AN,1,0.5,0,CU,10,AWG
15,KSA2020010080,S000100-0000003,2020010080,AN,1,0.5,0,CU,10,AWG
16,KSA2020010086,S000100-0000003,2020010086,AN,1,0.5,0,CU,10,AWG
17,KSA2020010090,S000100-0000003,2020010090,AN,1,0.5,0,CU,10,AWG
18,KSA2020010100,S000100-000002c,2020010100,AN,1,0.5,0,CU,10,AWG
19,KSA2020010105,S000100-000003A,2020010105,AN,1,0.5,0,CU,10,AWG
20,KSA2020010115,S0108-004b-002A,2020010115,AN,1,0.5,0,CU,10,AWG
21,KSA2020010120,S000100-0000004,2020010120,AN,1,0.5,0,CU,10,AWG
22,KSA2020010125,S000100-0000003,2020010125,AN,1,0.5,0,CU,10,AWG
23,KSA2020010126,S000100-0000004,2020010126,AN,1,0.5,0,CU,10,AWG
24,KSA2020010130,S000100-0000004,2020010130,AN,1,0.5,0,CU,10,AWG
25,KSA2020010132,S000100-0000003,2020010132,AN,1,0.5,0,CU,10,AWG
26,KSA2020010133,S000100-0000003,2020010133,AN,1,0.5,0,CU,10,AWG
27,KSA2020010140,S000100-0000004,2020010140,AN,1,0.5,0,CU,10,AWG
28,KSA2020010145,S000100-0000004,2020010145,AN,1,0.5,0,CU,10,AWG
29,KSA2020010150,S000100-0000004,2020010150,AN,1,0.5,0,CU,10,AWG
30,KSA2020010160,S000100-0000004,2020010160,AN,1,0.5,0,CU,10,AWG
31,KSA2020010170,S000100-0000004,2020010170,AN,1,0.5,0,CU,10,AWG
32,KSA2020010171,S000100-0000004,2020010171,AN,1,0.5,0,CU,10,AWG
33,KSA2020010175,S0108-004b-002B,2020010175,AN,1,0.5,0,CU,10,AWG
34,KSA2020010180,S000100-0000004,2020010180,AN,1,0.5,0,CU,10,AWG
35,KSA2020010185,S000100-0000004,2020010185,AN,1,0.5,0,CU,10,AWG
36,KSA2020010195,S000100-0000005,2020010195,AN,1,0.5,0,CU,10,AWG
37,KSA2020010210,S000100-0000006,2020010210,AN,1,0.5,0,CU,10,AWG
38,KSA2020010215,S0108-004b-002A,2020010215,AN,1,0.5,0,CU,10,AWG
39,KSA2020010220,S000100-0000006,2020010220,AN,1,0.5,0,CU,10,AWG
40,KSA2020010221,S000100-0000006,2020010221,AN,1,0.5,0,CU,10,AWG
41,KSA2020010235,S0108-0004-0004,2020010235,CN,1,0.5,0,CU,10,AWG
42,KSA2020010240,S000100-0000006,2020010240,AN,1,0.5,0,CU,10,AWG
43,KSA2020010245,S000100-000007A,2020010245,AN,1,0.5,0,CU,10,AWG
44,KSA2020010250,S000100-000007A,2020010250,AN,1,0.5,0,CU,10,AWG
45,KSA2020010255,S000100-000007A,2020010255,AN,1,0.5,0,CU,10,AWG
46,KSA2020010260,S000100-0000007,2020010260,AN,1,0.5,0,CU,10,AWG
47,KSA2020010270,S000100-0000007,2020010270,AN,1,0.5,0,CU,10,AWG
48,KSA2020010275,S000100-000007A,2020010275,AN,1,0.5,0,CU,10,AWG
49,KSA2020010280,S000100-0000007,2020010280,AN,1,0.5,0,CU,10,AWG
50,KSA2020010283,S0100-0006-0001,2020010283,CN,1,0.5,0,CU,10,AWG
51,KSA2020010290,S000100-0000008,2020010290,AN,1,0.5,0,CU,10,AWG
52,KSA2020010295,S000100-0000007,2020010295,AN,1,0.5,0,CU,10,AWG
53,KSA2020010296,S0100-0006-0001,2020010296,CN,1,0.5,0,CU,10,AWG
54,KSA2020010300,S000100-0000008,2020010300,AN,1,0.5,0,CU,10,AWG
55,KSA2020010310,S000100-0000008,2020010310,AN,1,0.5,0,CU,10,AWG
56,KSA2020010315,S000100-000007A,2020010315,AN,1,0.5,0,CU,10,AWG
57,KSA2020010320,S000100-0000008,2020010320,AN,1,0.5,0,CU,10,AWG
58,KSA2020010321,S000100-0000008,2020010321,AN,1,0.5,0,CU,10,AWG
59,KSA2020010325,S000100-000007A,2020010325,AN,1,0.5,0,CU,10,AWG
60,KSA2020010330,S000100-0000008,2020010330,AN,1,0.5,0,CU,10,AWG
61,KSA2020010340,S000100-0000008,2020010340,AN,1,0.5,0,CU,10,AWG
62,KSA2020010350,S000100-0000008,2020010350,AN,1,0.5,0,CU,10,AWG
63,KSA2020010360,S000100-0000008,2020010360,AN,1,0.5,0,CU,10,AWG
64,KSA2020010366,S000100-0000008,2020010366,AN,1,0.5,0,CU,10,AWG
65,KSA2020010368,S000100-0000008,2020010368,AN,1,0.5,0,CU,10,AWG
66,KSA2020010375,S000100-0000008,2020010375,AN,1,0.5,0,CU,10,AWG
67,KSA2020010380,S000100-0000008,2020010380,AN,1,0.5,0,CU,10,AWG
68,KSA2020010385,S000106-0000008,2020010385,AN,1,0.5,0,CU,10,AWG
69,KSA2020010390,S000100-0000009,2020010390,AN,1,0.5,0,CU,10,AWG
70,KSA2020010395,S0108-004b-002b,2020010395,AN,1,0.5,0,CU,10,AWG
71,KSA2020010400,S000100-0000009,2020010400,AN,1,0.5,0,CU,10,AWG
72,KSA2020010405,S0108-0010-0002,2020010405,CN,1,0.5,0,CU,10,AWG
73,KSA2020010410,S000100-0000009,2020010410,AN,1,0.5,0,CU,10,AWG
74,KSA2020010415,S0108-0010-0002,2020010415,CN,1,0.5,0,CU,10,AWG
75,KSA2020010420,S000100-000009a,2020010420,AN,1,0.5,0,CU,10,AWG
76,KSA2020010425,S0108-004b-002d,2020010425,AN,1,0.5,0,CU,10,AWG
77,KSA2020010430,S000100-000009a,2020010430,AN,1,0.5,0,CU,10,AWG
78,KSA2020010435,S0108-004b-002c,2020010435,AN,1,0.5,0,CU,10,AWG
79,KSA2020010440,S000100-000009a,2020010440,AN,1,0.5,0,CU,10,AWG
80,KSA2020010447,S000100-0000003,2020010447,AN,1,0.5,0,CU,10,AWG
81,KSA2020010450,S000100-0000009,2020010450,AN,1,0.5,0,CU,10,AWG
82,KSA2020010455,S000100-000009a,2020010455,AN,1,0.5,0,CU,10,AWG
83,KSA2020010460,S000100-000009a,2020010460,AN,1,0.5,0,CU,10,AWG
84,KSA2020010465,S000100-0000004,2020010465,AN,1,0.5,0,CU,10,AWG
85,KSA2020010470,S000100-0000009,2020010470,AN,1,0.5,0,CU,10,AWG
86,KSA2020010473,S000100-0000009,2020010473,AN,1,0.5,0,CU,10,AWG
87,KSA2020010480,S000100-0000009,2020010480,AN,1,0.5,0,CU,10,AWG
88,KSA2020010485,S000100-000009a,2020010485,AN,1,0.5,0,CU,10,AWG
89,KSA2020010490,S000106-00004BC,2020010490,AN,1,0.5,0,CU,10,AWG
90,KSA2020010495,S000100-0000008,2020010495,AN,1,0.5,0,CU,10,AWG
91,KSA2020010500,S000106-00004BC,2020010500,AN,1,0.5,0,CU,10,AWG
92,KSA2020010505,S0108-0010-0002,2020010505,CN,1,0.5,0,CU,10,AWG
93,KSA2020010510,S000100-0000009,2020010510,AN,1,0.5,0,CU,10,AWG
94,KSA2020010515,S000106-0000008,2020010515,AN,1,0.5,0,CU,10,AWG
95,KSA2020010525,S000106-00004BC,2020010525,AN,1,0.5,0,CU,10,AWG
96,KSA2020010526,S000106-00004BC,2020010526,AN,1,0.5,0,CU,10,AWG
97,KSA2020010532,S000106-00004BC,2020010532,AN,1,0.5,0,CU,10,AWG
98,KSA2020010535,S000106-00004BB,2020010535,AN,1,0.5,0,CU,10,AWG
99,KSA2020010536,S000106-00004Bb,2020010536,AN,1,0.5,0,CU,10,AWG
100,KSA2020010537,S000106-00004BC,2020010537,AN,1,0.5,0,CU,10,AWG
101,KSA2020010538,S000106-00004BC,2020010538,AN,1,0.5,0,CU,10,AWG
102,KSA2020010540,S000106-00004BC,2020010540,AN,1,0.5,0,CU,10,AWG
103,KSA2020010541,S000106-00004BB,2020010541,AN,1,0.5,0,CU,10,AWG
104,KSA2020010545,S000106-00004BB,2020010545,AN,1,0.5,0,CU,10,AWG
105,KSA2020010550,S000106-00004BB,2020010550,AN,1,0.5,0,CU,10,AWG
106,KSA2020010560,S000106-00004BB,2020010560,AN,1,0.5,0,CU,10,AWG
107,KSA2020010565,S0108-004b-002A,2020010565,AN,1,0.5,0,CU,10,AWG
108,KSA2020010570,S000106-00004BB,2020010570,AN,1,0.5,0,CU,10,AWG
109,KSA2020010572,S000106-00004BB,2020010572,AN,1,0.5,0,CU,10,AWG
110,KSA2020010575,S000106-00004BB,2020010575,AN,1,0.5,0,CU,10,AWG
111,KSA2020010580,S000106-00004BB,2020010580,AN,1,0.5,0,CU,10,AWG
112,KSA2020010585,S000106-00004BA,2020010585,AN,1,0.5,0,CU,10,AWG
113,KSA2020010586,S000106-00004BA,2020010586,AN,1,0.5,0,CU,10,AWG
114,KSA2020010590,S000106-00004BA,2020010590,AN,1,0.5,0,CU,10,AWG
115,KSA2020010595,S000106-00004BA,2020010595,AN,1,0.5,0,CU,10,AWG
116,KSA2020010600,S000106-00004BA,2020010600,AN,1,0.5,0,CU,10,AWG
117,KSA2020010605,S0108-004b-002A,2020010605,AN,1,0.5,0,CU,10,AWG
118,KSA2020010610,S000106-00004BA,2020010610,AN,1,0.5,0,CU,10,AWG
119,KSA2020010615,S000106-00004Bc,2020010615,AN,1,0.5,0,CU,10,AWG
120,KSA2020010620,S000106-000004B,2020010620,AN,1,0.5,0,CU,10,AWG
121,KSA2020010625,S000106-00004Bb,2020010625,AN,1,0.5,0,CU,10,AWG
122,KSA2020010630,S000106-000004B,2020010630,AN,1,0.5,0,CU,10,AWG
123,KSA2020010640,S000106-00004Ba,2020010640,AN,1,0.5,0,CU,10,AWG
124,KSA2020010645,S000106-0000008,2020010645,AN,1,0.5,0,CU,10,AWG
125,KSA2020010650,S0108-004b-002C,2020010650,AN,1,0.5,0,CU,10,AWG
126,KSA2020010665,S0108-004b-002b,2020010665,AN,1,0.5,0,CU,10,AWG
127,KSA2020010666,S000106-00004Ba,2020010666,AN,1,0.5,0,CU,10,AWG
128,KSA2020010670,S000106-00004Ba,2020010670,AN,1,0.5,0,CU,10,AWG
129,KSA2020010674,S0108-004b-002C,2020010674,AN,1,0.5,0,CU,10,AWG
130,KSA2020010675,S000106-00004Bb,2020010675,AN,1,0.5,0,CU,10,AWG
131,KSA2020010676,S000106-00004Bb,2020010676,AN,1,0.5,0,CU,10,AWG
132,KSA2020010680,S000106-00004Bb,2020010680,AN,1,0.5,0,CU,10,AWG
133,KSA2020010685,S0108-004b-002C,2020010685,AN,1,0.5,0,CU,10,AWG
134,KSA2020010690,S0108-004b-002d,2020010690,AN,1,0.5,0,CU,10,AWG
135,KSA2020010695,S000106-00004Bb,2020010695,AN,1,0.5,0,CU,10,AWG
136,KSA2020010696,S000106-00004Bb,2020010696,AN,1,0.5,0,CU,10,AWG
137,KSA2020010698,S000106-00004Bb,2020010698,AN,1,0.5,0,CU,10,AWG
138,KSA2020010700,S000106-00004Bb,2020010700,AN,1,0.5,0,CU,10,AWG
139,KSA2020010705,S000106-0000006,2020010705,AN,1,0.5,0,CU,10,AWG
140,KSA2020010710,S000106-00004Bc,2020010710,AN,1,0.5,0,CU,10,AWG
141,KSA2020010715,S0108-004b-002B,2020010715,AN,1,0.5,0,CU,10,AWG
142,KSA2020010720,S0108-004b-002D,2020010720,AN,1,0.5,0,CU,10,AWG
143,KSA2020010730,S000106-00004Bc,2020010730,AN,1,0.5,0,CU,10,AWG
144,KSA2020010732,S000106-00004Bc,2020010732,AN,1,0.5,0,CU,10,AWG
145,KSA2020010735,S000106-00004Bc,2020010735,AN,1,0.5,0,CU,10,AWG
146,KSA2020010740,S000106-00004Bc,2020010740,AN,1,0.5,0,CU,10,AWG
147,KSA2020010745,S000106-00004Bc,2020010745,AN,1,0.5,0,CU,10,AWG
148,KSA2020010750,S000106-00004Bc,2020010750,AN,1,0.5,0,CU,10,AWG
149,KSA2020010755,S0108-004b-002d,2020010755,AN,1,0.5,0,CU,10,AWG
150,KSA2020010765,S0108-0004-0002,2020010765,CN,1,0.5,0,CU,10,AWG
151,KSA2020010770,S0108-0004-0003,2020010770,CN,1,0.5,0,CU,10,AWG
152,KSA2020010776,S0108-0004-0003,2020010776,CN,1,0.5,0,CU,10,AWG
153,KSA2020010780,S0108-0004-0003,2020010780,CN,1,0.5,0,CU,10,AWG
154,KSA2020010785,S0108-0004-0003,2020010785,CN,1,0.5,0,CU,10,AWG
155,KSA2020010793,S000106-00004Bc,2020010793,AN,1,0.5,0,CU,10,AWG
156,KSA2020010795,S0108-0004-0003,2020010795,CN,1,0.5,0,CU,10,AWG
157,KSA2020010810,S0108-0004-0003,2020010810,CN,1,0.5,0,CU,10,AWG
158,KSA2020010820,S0108-0004-0003,2020010820,CN,1,0.5,0,CU,10,AWG
159,KSA2020010830,S0108-0004-0004,2020010830,CN,1,0.5,0,CU,10,AWG
160,KSA2020010834,S0108-0004-0004,2020010834,CN,1,0.5,0,CU,10,AWG
161,KSA2020010835,S0108-0004-0004,2020010835,CN,1,64.0,0,ACSR,2,AWG
162,KSA2020010840,S0108-0004-0004,2020010840,CN,1,0.5,0,CU,10,AWG
163,KSA2020010845,S000100-0000003,2020010845,AN,1,0.5,0,CU,10,AWG
164,KSA2020010850,S0108-0004-0004,2020010850,CN,1,0.5,0,CU,10,AWG
165,KSA2020010860,S0108-0004-0004,2020010860,CN,1,0.5,0,CU,10,AWG
166,KSA2020010865,S000100-000007A,2020010865,AN,1,0.5,0,CU,10,AWG
167,KSA2020010870,S0108-0004-0004,2020010870,CN,1,0.5,0,CU,10,AWG
168,KSA2020010875,S0108-0004-0003,2020010875,CN,1,0.5,0,CU,10,AWG
169,KSA2020010880,S0108-0004-0005,2020010880,CN,1,0.5,0,CU,10,AWG
170,KSA2020010890,S0108-0004-0005,2020010890,CN,1,0.5,0,CU,10,AWG
171,KSA2020010895,S0108-004b-002b,2020010895,AN,1,0.5,0,CU,10,AWG
172,KSA2020010911,S0108-0004-0004,2020010911,CN,1,0.5,0,CU,10,AWG
173,KSA2020010914,S0108-0004-0004,2020010914,CN,1,0.5,0,CU,10,AWG
174,KSA2020010915,S0108-0004-0005,2020010915,CN,1,0.5,0,CU,10,AWG
175,KSA2020010920,S0108-0004-0005,2020010920,CN,1,0.5,0,CU,10,AWG
176,KSA2020010925,S0108-0004-0005,2020010925,CN,1,0.5,0,CU,10,AWG
177,KSA2020010926,S0108-0004-0005,2020010926,CN,1,0.5,0,CU,10,AWG
178,KSA2020010930,S0108-0004-0005,2020010930,CN,1,0.5,0,CU,10,AWG
179,KSA2020010940,S0108-0004-0005,2020010940,CN,1,0.5,0,CU,10,AWG
180,KSA2020010945,S0108-004b-002c,2020010945,AN,1,0.5,0,CU,10,AWG
181,KSA2020010950,S0108-0004-0005,2020010950,CN,1,0.5,0,CU,10,AWG
182,KSA2020010955,S0108-0004-0006,2020010955,CN,1,0.5,0,CU,10,AWG
183,KSA2020010960,S0108-0004-0005,2020010960,CN,1,0.5,0,CU,10,AWG
184,KSA2020010970,S0108-004b-0001,2020010970,AN,1,0.5,0,CU,10,AWG
185,KSA2020010975,S0108-004b-0001,2020010975,AN,1,0.5,0,CU,10,AWG
186,KSA2020010980,S0108-0004-0005,2020010980,CN,1,0.5,0,CU,10,AWG
187,KSA2020010990,S0108-004b-0001,2020010990,AN,1,0.5,0,CU,10,AWG
188,KSA2020010995,S000110-00003BA,2020010995,BN,1,0.5,0,CU,10,AWG
189,KSA2020011001,S0108-004b-0001,2020011001,AN,1,0.5,0,CU,10,AWG
190,KSA2020011010,S0108-0004-0005,2020011010,CN,1,0.5,0,CU,10,AWG
191,KSA2020011015,S000100-000002c,2020011015,AN,1,0.5,0,CU,10,AWG
192,KSA2020011040,S0108-0004-0004,2020011040,CN,1,0.5,0,CU,10,AWG
193,KSA2020011045,S000100-0000004,2020011045,AN,1,0.5,0,CU,10,AWG
194,KSA2020011050,S0108-0004-0004,2020011050,CN,1,0.5,0,CU,10,AWG
195,KSA2020011055,S0108-0004-0004,2020011055,CN,1,0.5,0,CU,10,AWG
196,KSA2020011060,S0108-004b-002c,2020011060,AN,1,0.5,0,CU,10,AWG
197,KSA2020011085,S000100-000003A,2020011085,AN,1,0.5,0,CU,10,AWG
198,KSA2020011088,S0108-004b-002d,2020011088,AN,1,0.5,0,CU,10,AWG
199,KSA2020011090,S0108-004b-002b,2020011090,AN,1,0.5,0,CU,10,AWG
200,KSA2020011092,S0108-004b-002c,2020011092,AN,1,0.5,0,CU,10,AWG
201,KSA2020011093,S0108-004b-002c,2020011093,AN,1,0.5,0,CU,10,AWG
202,KSA2020011095,S0108-004b-002c,2020011095,AN,1,0.5,0,CU,10,AWG
203,KSA2020011096,S0108-004b-002d,2020011096,AN,1,0.5,0,CU,10,AWG
204,KSA2020011098,S0108-004b-002d,2020011098,AN,1,0.5,0,CU,10,AWG
205,KSA2020011099,S0108-004b-002d,2020011099,AN,1,0.5,0,CU,10,AWG
206,KSA2020011100,S0108-004b-002c,2020011100,AN,1,0.5,0,CU,10,AWG
207,KSA2020011101,S0108-004b-002c,2020011101,AN,1,0.5,0,CU,10,AWG
208,KSA2020011105,S0108-004b-002c,2020011105,AN,1,0.5,0,CU,10,AWG
209,KSA2020011107,S0108-004b-002c,2020011107,AN,1,0.5,0,CU,10,AWG
210,KSA2020011108,S0108-004b-002c,2020011108,AN,1,0.5,0,CU,10,AWG
211,KSA2020011109,S0108-004b-002d,2020011109,AN,1,0.5,0,CU,10,AWG
212,KSA2020011110,S0108-004b-002d,2020011110,AN,1,0.5,0,CU,10,AWG
213,KSA2020011111,S0108-0004-0004,2020011111,CN,1,0.5,0,CU,10,AWG
214,KSA2020011112,S0108-004b-002d,2020011112,AN,1,0.5,0,CU,10,AWG
215,KSA2020011114,S0108-004b-002d,2020011114,AN,1,0.5,0,CU,10,AWG
216,KSA2020011115,S0108-004b-002b,2020011115,AN,1,0.5,0,CU,10,AWG
217,KSA2020011117,S0108-004b-002c,2020011117,AN,1,0.5,0,CU,10,AWG
218,KSA2020011120,S0108-004b-002b,2020011120,AN,1,0.5,0,CU,10,AWG
219,KSA2020011123,S0108-004b-002d,2020011123,AN,1,0.5,0,CU,10,AWG
220,KSA2020011124,S0108-004b-002c,2020011124,AN,1,0.5,0,CU,10,AWG
221,KSA2020011125,S0108-004b-002c,2020011125,AN,1,0.5,0,CU,10,AWG
222,KSA2020011126,S0108-004b-002d,2020011126,AN,1,0.5,0,CU,10,AWG
223,KSA2020011135,S0108-004b-002B,2020011135,AN,1,0.5,0,CU,10,AWG
224,KSA2020011145,S0108-004b-002b,2020011145,AN,1,0.5,0,CU,10,AWG
225,KSA2020011150,S0108-004b-002b,2020011150,AN,1,0.5,0,CU,10,AWG
226,KSA2020011160,S0108-004b-002a,2020011160,AN,1,0.5,0,CU,10,AWG
227,KSA2020011163,S0108-004b-002b,2020011163,AN,1,0.5,0,CU,10,AWG
228,KSA2020011164,S0108-004b-002a,2020011164,AN,1,0.5,0,CU,10,AWG
229,KSA2020011165,S0108-004b-002a,2020011165,AN,1,0.5,0,CU,10,AWG
230,KSA2020011166,S0108-004b-002a,2020011166,AN,1,0.5,0,CU,10,AWG
231,KSA2020011170,S0108-004b-002a,2020011170,AN,1,0.5,0,CU,10,AWG
232,KSA2020011175,S0108-004b-002C,2020011175,AN,1,0.5,0,CU,10,AWG
233,KSA2020011180,S0108-004b-002a,2020011180,AN,1,0.5,0,CU,10,AWG
234,KSA2020011185,S0108-004b-002b,2020011185,AN,1,0.5,0,CU,10,AWG
235,KSA2020011190,S0108-004b-002a,2020011190,AN,1,0.5,0,CU,10,AWG
236,KSA2020011195,S000106-00004Bb,2020011195,AN,1,0.5,0,CU,10,AWG
237,KSA2020011200,S0108-004b-0002,2020011200,AN,1,0.5,0,CU,10,AWG
238,KSA2020011205,S0108-004b-002b,2020011205,AN,1,0.5,0,CU,10,AWG
239,KSA2020011210,S0108-004b-0002,2020011210,AN,1,0.5,0,CU,10,AWG
240,KSA2020011220,S0108-004b-002a,2020011220,AN,1,0.5,0,CU,10,AWG
241,KSA2020011230,S0108-004b-0002,2020011230,AN,1,0.5,0,CU,10,AWG
242,KSA2020011235,S0108-004b-002C,2020011235,AN,1,0.5,0,CU,10,AWG
243,KSA2020011240,S0108-004b-0003,2020011240,AN,1,0.5,0,CU,10,AWG
244,KSA2020011245,S0108-004b-0003,2020011245,AN,1,0.5,0,CU,10,AWG
245,KSA2020011250,S0108-004b-002a,2020011250,AN,1,0.5,0,CU,10,AWG
246,KSA2020011255,S000100-0000009,2020011255,AN,1,0.5,0,CU,10,AWG
247,KSA2020011260,S0108-004b-0002,2020011260,AN,1,0.5,0,CU,10,AWG
248,KSA2020011265,S0108-004b-002C,2020011265,AN,1,0.5,0,CU,10,AWG
249,KSA2020011270,S0108-004b-0002,2020011270,AN,1,0.5,0,CU,10,AWG
250,KSA2020011271,S0108-004b-0002,2020011271,AN,1,0.5,0,CU,10,AWG
251,KSA2020011272,S0108-004b-0002,2020011272,AN,1,0.5,0,CU,10,AWG
252,KSA2020011275,S0108-004b-002A,2020011275,AN,1,0.5,0,CU,10,AWG
253,KSA2020011276,S0108-004b-0002,2020011276,AN,1,0.5,0,CU,10,AWG
254,KSA2020011280,S0108-004b-0002,2020011280,AN,1,0.5,0,CU,10,AWG
255,KSA2020011281,S0108-004b-0001,2020011281,AN,1,0.5,0,CU,10,AWG
256,KSA2020011283,S0108-004b-0002,2020011283,AN,1,0.5,0,CU,10,AWG
257,KSA2020011284,S0108-004b-0001,2020011284,AN,1,0.5,0,CU,10,AWG
258,KSA2020011285,S0108-004b-0002,2020011285,AN,1,0.5,0,CU,10,AWG
259,KSA2020011286,S0108-004b-0002,2020011286,AN,1,0.5,0,CU,10,AWG
260,KSA2020011287,S0108-004b-0002,2020011287,AN,1,0.5,0,CU,10,AWG
261,KSA2020011288,S0108-004b-0002,2020011288,AN,1,0.5,0,CU,10,AWG
262,KSA2020011289,S0108-004b-002A,2020011289,AN,1,0.5,0,CU,10,AWG
263,KSA2020011290,S0108-004b-0002,2020011290,AN,1,0.5,0,CU,10,AWG
264,KSA2020011295,S0108-004b-0002,2020011295,AN,1,0.5,0,CU,10,AWG
265,KSA2020011300,S0108-0004-0005,2020011300,CN,1,0.5,0,CU,10,AWG
266,KSA2020011310,S0108-004b-0003,2020011310,AN,1,0.5,0,CU,10,AWG
267,KSA2020011325,S000106-00004Bb,2020011325,AN,1,0.5,0,CU,10,AWG
268,KSA2020011330,S0108-004b-0003,2020011330,AN,1,0.5,0,CU,10,AWG
269,KSA2020011335,S0108-004b-0002,2020011335,AN,1,0.5,0,CU,10,AWG
270,KSA2020011340,S0108-004b-002A,2020011340,AN,1,0.5,0,CU,10,AWG
271,KSA2020011350,S0108-004b-002A,2020011350,AN,1,0.5,0,CU,10,AWG
272,KSA2020011351,S0108-004b-002B,2020011351,AN,1,0.5,0,CU,10,AWG
273,KSA2020011352,S0108-004b-002A,2020011352,AN,1,0.5,0,CU,10,AWG
274,KSA2020011353,S0108-004b-002A,2020011353,AN,1,0.5,0,CU,10,AWG
275,KSA2020011354,S0108-004b-0003,2020011354,AN,1,0.5,0,CU,10,AWG
276,KSA2020011355,S0108-004b-002A,2020011355,AN,1,0.5,0,CU,10,AWG
277,KSA2020011360,S0108-004b-002A,2020011360,AN,1,0.5,0,CU,10,AWG
278,KSA2020011363,S0108-004b-002A,2020011363,AN,1,0.5,0,CU,10,AWG
279,KSA2020011364,S0108-004b-002C,2020011364,AN,1,0.5,0,CU,10,AWG
280,KSA2020011365,S0108-004b-002B,2020011365,AN,1,0.5,0,CU,10,AWG
281,KSA2020011366,S0108-004b-002B,2020011366,AN,1,0.5,0,CU,10,AWG
282,KSA2020011367,S0108-004b-002B,2020011367,AN,1,0.5,0,CU,10,AWG
283,KSA2020011368,S0108-004b-002B,2020011368,AN,1,0.5,0,CU,10,AWG
284,KSA2020011369,S0108-004b-002A,2020011369,AN,1,0.5,0,CU,10,AWG
285,KSA2020011370,S0108-004b-002B,2020011370,AN,1,0.5,0,CU,10,AWG
286,KSA2020011383,S0108-004b-002C,2020011383,AN,1,0.5,0,CU,10,AWG
287,KSA2020011385,S0108-004b-002A,2020011385,AN,1,0.5,0,CU,10,AWG
288,KSA2020011386,S0108-004b-002C,2020011386,AN,1,0.5,0,CU,10,AWG
289,KSA2020011390,S0108-004b-002A,2020011390,AN,1,0.5,0,CU,10,AWG
290,KSA2020011391,S0108-004b-002B,2020011391,AN,1,0.5,0,CU,10,AWG
291,KSA2020011395,S0108-004b-002B,2020011395,AN,1,0.5,0,CU,10,AWG
292,KSA2020011400,S0108-004b-002B,2020011400,AN,1,0.5,0,CU,10,AWG
293,KSA2020011410,S0108-004b-002B,2020011410,AN,1,0.5,0,CU,10,AWG
294,KSA2020011415,S0108-004b-002B,2020011415,AN,1,0.5,0,CU,10,AWG
295,KSA2020011420,S0108-004b-002B,2020011420,AN,1,0.5,0,CU,10,AWG
296,KSA2020011425,S000100-000002c,2020011425,AN,1,0.5,0,CU,10,AWG
297,KSA2020011430,S0108-004b-002B,2020011430,AN,1,0.5,0,CU,10,AWG
298,KSA2020011435,S0108-004b-002C,2020011435,AN,1,0.5,0,CU,10,AWG
299,KSA2020011445,S0108-004b-002A,2020011445,AN,1,0.5,0,CU,10,AWG
300,KSA2020011450,S0108-004b-002B,2020011450,AN,1,0.5,0,CU,10,AWG
301,KSA2020011455,S000106-00004Bb,2020011455,AN,2,31.0,0,ACSR,2,AWG
302,KSA2020011460,S0108-004b-002B,2020011460,AN,1,0.5,0,CU,10,AWG
303,KSA2020011465,S0108-004b-002C,2020011465,AN,1,0.5,0,CU,10,AWG
304,KSA2020011470,S0108-004b-002B,2020011470,AN,1,0.5,0,CU,10,AWG
305,KSA2020011480,S0108-004b-002B,2020011480,AN,1,0.5,0,CU,10,AWG
306,KSA2020011490,S0108-004b-002B,2020011490,AN,1,0.5,0,CU,10,AWG
307,KSA2020011495,S000100-000003A,2020011495,AN,1,0.5,0,CU,10,AWG
308,KSA2020011500,S0108-004b-002B,2020011500,AN,1,0.5,0,CU,10,AWG
309,KSA2020011505,S0108-004b-002C,2020011505,AN,1,0.5,0,CU,10,AWG
310,KSA2020011506,S0108-004b-002A,2020011506,AN,1,0.5,0,CU,10,AWG
311,KSA2020011510,S0108-004b-002C,2020011510,AN,1,0.5,0,CU,10,AWG
312,KSA2020011515,S0108-004b-002C,2020011515,AN,1,0.5,0,CU,10,AWG
313,KSA2020011516,S0108-004b-002C,2020011516,AN,1,0.5,0,CU,10,AWG
314,KSA2020011520,S0108-004b-002C,2020011520,AN,1,0.5,0,CU,10,AWG
315,KSA2020011525,S000100-000003A,2020011525,AN,1,0.5,0,CU,10,AWG
316,KSA2020011530,S0108-004b-002C,2020011530,AN,1,0.5,0,CU,10,AWG
317,KSA2020011540,S0108-0004-0005,2020011540,CN,1,0.5,0,CU,10,AWG
318,KSA2020011545,S0108-004b-002c,2020011545,AN,1,1.0,0,ACSR,2,AWG
319,KSA2020011550,S0108-004b-0001,2020011550,AN,1,0.5,0,CU,10,AWG
320,KSA2020011555,S0108-0004-0006,2020011555,CN,1,0.5,0,CU,10,AWG
321,KSA2020011560,S0108-0004-0005,2020011560,CN,1,0.5,0,CU,10,AWG
322,KSA2020011565,S000100-000003A,2020011565,AN,1,0.5,0,CU,10,AWG
323,KSA2020011575,S0108-0004-0006,2020011575,CN,1,0.5,0,CU,10,AWG
324,KSA2020011585,S0108-0004-0006,2020011585,CN,1,0.5,0,CU,10,AWG
325,KSA2020011590,S0108-0004-0006,2020011590,CN,1,0.5,0,CU,10,AWG
326,KSA2020011591,S0108-0004-0006,2020011591,CN,1,0.5,0,CU,10,AWG
327,KSA2020011595,S0108-0004-0006,2020011595,CN,1,0.5,0,CU,10,AWG
328,KSA2020011600,S0108-0004-0006,2020011600,CN,1,0.5,0,CU,10,AWG
329,KSA2020011605,S000100-000003A,2020011605,AN,1,0.5,0,CU,10,AWG
330,KSA2020011610,S0108-0004-0006,2020011610,CN,1,0.5,0,CU,10,AWG
331,KSA2020011615,S000100-000003A,2020011615,AN,1,0.5,0,CU,10,AWG
332,KSA2020011620,S0108-0004-0006,2020011620,CN,1,0.5,0,CU,10,AWG
333,KSA2020011625,S0108-0010-0002,2020011625,CN,1,83.0,0,ACSR,2,AWG
334,KSA2020011630,S0108-0004-0006,2020011630,CN,1,0.5,0,CU,10,AWG
335,KSA2020011635,S000106-00004BB,2020011635,AN,1,0.5,0,CU,10,AWG
336,KSA2020011640,S0108-0004-0006,2020011640,CN,1,0.5,0,CU,10,AWG
337,KSA2020011645,S0108-004b-002d,2020011645,AN,1,0.5,0,CU,10,AWG
338,KSA2020011670,S0108-0004-0006,2020011670,CN,1,0.5,0,CU,10,AWG
339,KSA2020011680,S0108-0004-0007,2020011680,CN,1,0.5,0,CU,10,AWG
340,KSA2020011700,S0108-0004-0007,2020011700,CN,1,0.5,0,CU,10,AWG
341,KSA2020011710,S0108-0004-0007,2020011710,CN,1,0.5,0,CU,10,AWG
342,KSA2020011715,S0108-0004-0007,2020011715,CN,1,0.5,0,CU,10,AWG
343,KSA2020011720,S0108-0004-0007,2020011720,CN,1,0.5,0,CU,10,AWG
344,KSA2020011721,S0108-0004-0007,2020011721,CN,1,0.5,0,CU,10,AWG
345,KSA2020011722,S0108-0004-0007,2020011722,CN,1,0.5,0,CU,10,AWG
346,KSA2020011725,S0108-0004-0007,2020011725,CN,1,0.5,0,CU,10,AWG
347,KSA2020011726,S0108-0004-0007,2020011726,CN,1,0.5,0,CU,10,AWG
348,KSA2020011727,S0108-0004-0007,2020011727,CN,1,0.5,0,CU,10,AWG
349,KSA2020011728,S0108-0004-0007,2020011728,CN,1,0.5,0,CU,10,AWG
350,KSA2020011729,S0108-0004-0007,2020011729,CN,1,0.5,0,CU,10,AWG
351,KSA2020011730,S0108-0004-0007,2020011730,CN,1,0.5,0,CU,10,AWG
352,KSA2020011731,S0108-0010-0002,2020011731,CN,1,0.5,0,CU,10,AWG
353,KSA2020011735,S0108-0004-0007,2020011735,CN,1,0.5,0,CU,10,AWG
354,KSA2020011750,S0108-0004-0007,2020011750,CN,1,0.5,0,CU,10,AWG
355,KSA2020011760,S0108-0004-0007,2020011760,CN,1,0.5,0,CU,10,AWG
356,KSA2020011770,S0108-0004-0007,2020011770,CN,1,0.5,0,CU,10,AWG
357,KSA2020011775,S0108-0010-0002,2020011775,CN,1,0.5,0,CU,10,AWG
358,KSA2020011780,S0108-0010-0002,2020011780,CN,1,0.5,0,CU,10,AWG
359,KSA2020011795,S0108-0010-0002,2020011795,CN,1,0.5,0,CU,10,AWG
360,KSA2020011811,S0108-0010-0002,2020011811,CN,1,0.5,0,CU,10,AWG
361,KSA2020011812,S0108-0010-0002,2020011812,CN,1,0.5,0,CU,10,AWG
362,KSA2020011815,S0108-0010-0002,2020011815,CN,1,0.5,0,CU,10,AWG
363,KSA2020011816,S0108-0010-0002,2020011816,CN,1,0.5,0,CU,10,AWG
364,KSA2020011820,S0108-0010-0002,2020011820,CN,1,0.5,0,CU,10,AWG
365,KSA2020011850,S0108-0004-0003,2020011850,CN,1,0.5,0,CU,10,AWG
366,KSA2020011851,S0108-0004-0002,2020011851,CN,1,0.5,0,CU,10,AWG
367,KSA2020011860,S0108-0004-0002,2020011860,CN,1,0.5,0,CU,10,AWG
368,KSA2020011865,S0108-0004-0002,2020011865,CN,1,0.5,0,CU,10,AWG
369,KSA2020011870,S0108-0004-0002,2020011870,CN,1,0.5,0,CU,10,AWG
370,KSA2020011875,S0108-0004-0002,2020011875,CN,1,0.5,0,CU,10,AWG
371,KSA2020011880,S0108-0004-0002,2020011880,CN,1,0.5,0,CU,10,AWG
372,KSA2020011881,S0108-0004-0002,2020011881,CN,1,0.5,0,CU,10,AWG
373,KSA2020011882,S0108-0004-0002,2020011882,CN,1,0.5,0,CU,10,AWG
374,KSA2020011885,S0108-0004-0002,2020011885,CN,1,0.5,0,CU,10,AWG
375,KSA2020011890,S0108-0004-0002,2020011890,CN,1,0.5,0,CU,10,AWG
376,KSA2020011900,S0108-0004-0002,2020011900,CN,1,0.5,0,CU,10,AWG
377,KSA2020011910,S0108-0004-0002,2020011910,CN,1,0.5,0,CU,10,AWG
378,KSA2020011920,S0108-0004-0002,2020011920,CN,1,0.5,0,CU,10,AWG
379,KSA2020011925,S0108-0004-0002,2020011925,CN,1,0.5,0,CU,10,AWG
380,KSA2020011930,S000106-0000006,2020011930,AN,1,0.5,0,CU,10,AWG
381,KSA2020011940,S000106-0000006,2020011940,AN,1,0.5,0,CU,10,AWG
382,KSA2020011950,S0108-0004-0002,2020011950,CN,1,0.5,0,CU,10,AWG
383,KSA2020011960,S000106-0000007,2020011960,AN,1,0.5,0,CU,10,AWG
384,KSA2020011970,S000106-0000007,2020011970,AN,1,0.5,0,CU,10,AWG
385,KSA2020011976,S000106-0000007,2020011976,AN,1,0.5,0,CU,10,AWG
386,KSA2020011980,S000106-0000007,2020011980,AN,1,0.5,0,CU,10,AWG
387,KSA2020011985,S000106-0000007,2020011985,AN,1,0.5,0,CU,10,AWG
388,KSA2020011990,S000106-0000007,2020011990,AN,1,0.5,0,CU,10,AWG
389,KSA2020011995,S000106-0000007,2020011995,AN,1,0.5,0,CU,10,AWG
390,KSA2020012005,S0108-0004-0002,2020012005,CN,1,0.5,0,CU,10,AWG
391,KSA2020012006,S0108-0004-0002,2020012006,CN,1,0.5,0,CU,10,AWG
392,KSA2020012007,S000106-0000008,2020012007,AN,1,0.5,0,CU,10,AWG
393,KSA2020012008,S0108-004b-002d,2020012008,AN,1,0.5,0,CU,10,AWG
394,KSA2020012015,S000106-0000008,2020012015,AN,1,0.5,0,CU,10,AWG
395,KSA2020012020,S000106-0000008,2020012020,AN,1,0.5,0,CU,10,AWG
396,KSA2020012021,S000106-0000008,2020012021,AN,1,0.5,0,CU,10,AWG
397,KSA2020012040,S000106-0000007,2020012040,AN,1,0.5,0,CU,10,AWG
398,KSA2020012042,S000106-0000008,2020012042,AN,1,0.5,0,CU,10,AWG
399,KSA2020012045,S000106-0000008,2020012045,AN,1,0.5,0,CU,10,AWG
400,KSA2020012050,S000106-0000008,2020012050,AN,1,0.5,0,CU,10,AWG
401,KSA2020012052,S000106-0000008,2020012052,AN,1,0.5,0,CU,10,AWG
402,KSA2020012053,S000106-0000008,2020012053,AN,1,0.5,0,CU,10,AWG
403,KSA2020012054,S000106-0000008,2020012054,AN,1,0.5,0,CU,10,AWG
404,KSA2020012057,S000106-0000008,2020012057,AN,1,0.5,0,CU,10,AWG
405,KSA2020012058,S000106-0000008,2020012058,AN,1,0.5,0,CU,10,AWG
406,KSA2020012059,S000106-0000008,2020012059,AN,1,0.5,0,CU,10,AWG
407,KSA2020012060,S0108-004b-002d,2020012060,AN,1,0.5,0,CU,10,AWG
408,KSA2020012061,S000106-0000008,2020012061,AN,1,0.5,0,CU,10,AWG
409,KSA2020012062,S000106-0000008,2020012062,AN,1,0.5,0,CU,10,AWG
410,KSA2020012065,S000106-0000008,2020012065,AN,1,0.5,0,CU,10,AWG
411,KSA2020012080,S000106-0000008,2020012080,AN,1,0.5,0,CU,10,AWG
412,KSA2020012083,S000106-0000008,2020012083,AN,1,0.5,0,CU,10,AWG
413,KSA2020012100,S000106-0000008,2020012100,AN,1,0.5,0,CU,10,AWG
414,KSA2020012102,S000106-0000008,2020012102,AN,1,0.5,0,CU,10,AWG
415,KSA2020012105,S000106-0000008,2020012105,AN,1,0.5,0,CU,10,AWG
416,KSA2020012110,S000106-0000007,2020012110,AN,1,0.5,0,CU,10,AWG
417,KSA2020012135,S000106-0000008,2020012135,AN,1,0.5,0,CU,10,AWG
418,KSA2020012141,S000110-00003BA,2020012141,BN,1,0.5,0,CU,10,AWG
419,KSA2020012145,S000110-00003BA,2020012145,BN,1,0.5,0,CU,10,AWG
420,KSA2020012150,S000106-0000007,2020012150,AN,1,0.5,0,CU,10,AWG
421,KSA2020012160,S000110-00003BA,2020012160,BN,1,0.5,0,CU,10,AWG
422,KSA2020012175,S000106-0000007,2020012175,AN,1,0.5,0,CU,10,AWG
423,KSA2020012190,S000110-00003Bb,2020012190,BN,1,0.5,0,CU,10,AWG
424,KSA2020012205,S000106-0000008,2020012205,AN,1,0.5,0,CU,10,AWG
425,KSA2020012220,S000110-00003Bb,2020012220,BN,1,0.5,0,CU,10,AWG
426,KSA2020012230,S000106-0000006,2020012230,AN,1,0.5,0,CU,10,AWG
427,KSA2020012240,S000106-0000006,2020012240,AN,1,0.5,0,CU,10,AWG
428,KSA2020012243,S000106-0000006,2020012243,AN,1,0.5,0,CU,10,AWG
429,KSA2020012245,S000106-0000006,2020012245,AN,1,0.5,0,CU,10,AWG
430,KSA2020012246,S000106-0000006,2020012246,AN,1,5.0,0,AL,2,AWG
431,KSA2020012260,S000106-0000006,2020012260,AN,1,0.5,0,CU,10,AWG
432,KSA2020012270,S000106-0000005,2020012270,AN,1,0.5,0,CU,10,AWG
433,KSA2020012280,S0108-0004-0002,2020012280,CN,1,0.5,0,CU,10,AWG
434,KSA2020012281,S0108-004b-002c,2020012281,AN,1,0.5,0,CU,10,AWG
435,KSA2020012282,S0108-004b-002d,2020012282,AN,1,0.5,0,CU,10,AWG
436,KSA2020012285,S000106-00004Bc,2020012285,AN,1,0.5,0,CU,10,AWG
437,KSA2020012303,S000100-000002c,2020012303,AN,1,0.5,0,CU,10,AWG
438,KSA2020012305,S000100-0000003,2020012305,AN,1,0.5,0,CU,10,AWG
439,KSA2020012307,S000100-0000004,2020012307,AN,2,62.0,0,ACSR,2,AWG
440,KSA2020012310,S0108-004b-0003,2020012310,AN,1,0.5,0,CU,10,AWG
441,KSA2020012311,S000100-0000004,2020012311,AN,1,0.5,0,CU,10,AWG
442,KSA2020012313,S000106-0000007,2020012313,AN,1,60.0,0,ACSR,2,AWG
443,KSA2020012315,S0108-004b-002B,2020012315,AN,1,0.5,0,CU,10,AWG
444,KSA2020012316,S000106-00004Ba,2020012316,AN,1,0.5,0,CU,10,AWG
445,KSA2020012317,S000106-00004Bc,2020012317,AN,1,0.5,0,CU,10,AWG
446,KSA2020012319,S000100-000003A,2020012319,AN,1,0.5,0,CU,10,AWG
447,KSA2020012320,S000106-00004Bb,2020012320,AN,1,0.5,0,CU,10,AWG
448,KSA2020012321,S000106-00004Bc,2020012321,AN,2,62.0,0,ACSR,2,AWG
449,KSA2020012322,S000106-00004BB,2020012322,AN,1,0.5,0,CU,10,AWG
450,KSA2020012323,S000100-000002c,2020012323,AN,1,0.5,0,CU,10,AWG
451,KSA2020012324,S0108-004b-0003,2020012324,AN,1,0.5,0,CU,10,AWG
452,KSA2020012325,S0108-0004-0003,2020012325,CN,1,0.5,0,CU,10,AWG
453,KSA2020012326,S0108-004b-0003,2020012326,AN,1,0.5,0,CU,10,AWG
454,KSA2020012328,S000106-00004BC,2020012328,AN,1,0.5,0,CU,10,AWG
455,KSA2020012329,S000100-000002b,2020012329,AN,1,0.5,0,CU,10,AWG
456,KSA2020012333,S000102-0000001,2020012333,BN,1,5.0,0,AL,2,AWG
457,KSA2020012334,S0108-004b-0001,2020012334,AN,1,0.5,0,CU,10,AWG
458,KSA2020012336,S0108-004b-002A,2020012336,AN,1,0.5,0,CU,10,AWG
459,KSA2020012337,S0108-004b-0002,2020012337,AN,1,0.5,0,CU,10,AWG
460,KSA2020012338,S0108-0004-0002,2020012338,CN,1,1.0,0,ACSR,2,AWG
461,KSA2020012339,S0108-004b-002a,2020012339,AN,1,1.0,0,ACSR,2,AWG
462,KSA2020012340,S000106-0000007,2020012340,AN,1,1.0,0,ACSR,2,AWG
463,KSA2020012341,S000100-000003A,2020012341,AN,1,0.5,0,CU,10,AWG
464,KSA2020012342,S000100-000003A,2020012342,AN,1,0.5,0,CU,10,AWG
465,KSA2020012343,S000100-000003A,2020012343,AN,1,0.5,0,CU,10,AWG
466,KSA2020012344,S000100-000003A,2020012344,AN,1,0.5,0,CU,10,AWG
467,KSA2020012345,S0108-004b-002a,2020012345,AN,1,1.0,0,ACSR,2,AWG
468,KSA2020012347,S0108-004b-002A,2020012347,AN,1,1.0,0,ACSR,2,AWG
469,KSA2020012349,S000106-00004Ba,2020012349,AN,1,1.0,0,ACSR,2,AWG
470,KSA2020012350,S000100-0000004,2020012350,AN,1,1.0,0,ACSR,2,AWG
471,KSA2020012352,S000106-00004Ba,2020012352,AN,1,1.0,0,ACSR,2,AWG
472,KSA2020012353,S0108-004b-0002,2020012353,AN,1,1.0,0,ACSR,2,AWG
473,KSA2020012354,S000106-00004BC,2020012354,AN,1,1.0,0,ACSR,2,AWG
474,KSA2020012356,S0108-004b-002B,2020012356,AN,1,1.0,0,ACSR,2,AWG
475,KSA2020012358,S000106-00004BB,2020012358,AN,1,1.0,0,ACSR,2,AWG
476,KSA2020012359,S0108-0010-0002,2020012359,CN,1,1.0,0,ACSR,2,AWG
477,KSA2020012360,S000100-0000002,2020012360,AN,1,1.0,0,ACSR,2,AWG
478,KSA2020012361,S0108-004b-0001,2020012361,AN,1,1.0,0,ACSR,2,AWG
479,KSA2020012362,S0108-004b-0002,2020012362,AN,1,1.0,0,ACSR,2,AWG
480,KSA2020020010,S000106-0000005,2020020010,AN,1,0.5,0,CU,10,AWG
481,KSA2020020011,S000106-0000005,2020020011,AN,1,0.5,0,CU,10,AWG
482,KSA2020020014,S000106-0000005,2020020014,AN,1,0.5,0,CU,10,AWG
483,KSA2020020015,S000106-0000005,2020020015,AN,1,0.5,0,CU,10,AWG
484,KSA2020020020,S000106-0000005,2020020020,AN,1,0.5,0,CU,10,AWG
485,KSA2020020030,S000106-0000005,2020020030,AN,1,0.5,0,CU,10,AWG
486,KSA2020020040,S000106-0000005,2020020040,AN,1,0.5,0,CU,10,AWG
487,KSA2020020060,S000106-0000004,2020020060,AN,1,0.5,0,CU,10,AWG
488,KSA2020020070,S000106-0000004,2020020070,AN,1,0.5,0,CU,10,AWG
489,KSA2020020074,S000106-0000004,2020020074,AN,1,0.5,0,CU,10,AWG
490,KSA2020020076,S000106-0000004,2020020076,AN,1,0.5,0,CU,10,AWG
491,KSA2020020080,S000106-0000004,2020020080,AN,1,0.5,0,CU,10,AWG
492,KSA2020020082,S000106-0000004,2020020082,AN,1,0.5,0,CU,10,AWG
493,KSA2020020085,S000106-0000004,2020020085,AN,1,0.5,0,CU,10,AWG
494,KSA2020020090,S000106-0000004,2020020090,AN,1,0.5,0,CU,10,AWG
495,KSA2020020100,S000106-0000004,2020020100,AN,1,0.5,0,CU,10,AWG
496,KSA2020020115,S0106-0002-0005,2020020115,BN,1,0.5,0,CU,10,AWG
497,KSA2020020120,S0106-0002-0005,2020020120,BN,1,0.5,0,CU,10,AWG
498,KSA2020020125,S0106-0002-0005,2020020125,BN,1,0.5,0,CU,10,AWG
499,KSA2020020135,S000106-000004A,2020020135,AN,1,0.5,0,CU,10,AWG
500,KSA2020020140,S0122-0004-0007,2020020140,BN,1,0.5,0,CU,10,AWG
501,KSA2020020145,S0122-0004-0008,2020020145,BN,1,0.5,0,CU,10,AWG
502,KSA2020020150,S000106-000004A,2020020150,AN,1,0.5,0,CU,10,AWG
503,KSA2020020155,S000110-000003A,2020020155,BN,1,0.5,0,CU,10,AWG
504,KSA2020020160,S000106-000004A,2020020160,AN,1,0.5,0,CU,10,AWG
505,KSA2020020165,S000106-000004A,2020020165,AN,1,0.5,0,CU,10,AWG
506,KSA2020020175,S000110-000003B,2020020175,BN,1,0.5,0,CU,10,AWG
507,KSA2020020185,S000110-000003A,2020020185,BN,1,0.5,0,CU,10,AWG
508,KSA2020020190,S0106-0002-0002,2020020190,BN,1,0.5,0,CU,10,AWG
509,KSA2020020195,S0106-0002-003A,2020020195,BN,1,0.5,0,CU,10,AWG
510,KSA2020020200,S0106-0002-0002,2020020200,BN,1,0.5,0,CU,10,AWG
511,KSA2020020205,S0106-0002-0003,2020020205,BN,1,0.5,0,CU,10,AWG
512,KSA2020020210,S0106-0002-0002,2020020210,BN,1,0.5,0,CU,10,AWG
513,KSA2020020215,S000106-0000001,2020020215,AN,1,0.5,0,CU,10,AWG
514,KSA2020020220,S0106-0002-0002,2020020220,BN,1,0.5,0,CU,10,AWG
515,KSA2020020235,S0106-0002-0002,2020020235,BN,1,0.5,0,CU,10,AWG
516,KSA2020020240,S0106-0002-0002,2020020240,BN,1,0.5,0,CU,10,AWG
517,KSA2020020243,S0106-0002-0002,2020020243,BN,1,0.5,0,CU,10,AWG
518,KSA2020020244,S0106-0002-0002,2020020244,BN,1,0.5,0,CU,10,AWG
519,KSA2020020255,S0122-0004-0008,2020020255,BN,1,0.5,0,CU,10,AWG
520,KSA2020020260,S000106-0000003,2020020260,AN,1,0.5,0,CU,10,AWG
521,KSA2020020265,S000106-0000003,2020020265,AN,1,0.5,0,CU,10,AWG
522,KSA2020020272,S000106-0000003,2020020272,AN,1,0.5,0,CU,10,AWG
523,KSA2020020275,S000106-0000003,2020020275,AN,1,0.5,0,CU,10,AWG
524,KSA2020020280,S000106-0000003,2020020280,AN,1,0.5,0,CU,10,AWG
525,KSA2020020285,S000106-0000003,2020020285,AN,1,0.5,0,CU,10,AWG
526,KSA2020020290,S000106-0000003,2020020290,AN,1,0.5,0,CU,10,AWG
527,KSA2020020295,S000110-000003B,2020020295,BN,1,0.5,0,CU,10,AWG
528,KSA2020020300,S000106-0000003,2020020300,AN,1,0.5,0,CU,10,AWG
529,KSA2020020305,S000110-000003A,2020020305,BN,1,0.5,0,CU,10,AWG
530,KSA2020020310,S000106-0000003,2020020310,AN,1,0.5,0,CU,10,AWG
531,KSA2020020315,S0106-0002-003A,2020020315,BN,1,0.5,0,CU,10,AWG
532,KSA2020020325,S0115-0004-0006,2020020325,AN,1,0.5,0,CU,10,AWG
533,KSA2020020335,S000106-0000002,2020020335,AN,1,0.5,0,CU,10,AWG
534,KSA2020020340,S000106-0000003,2020020340,AN,1,0.5,0,CU,10,AWG
535,KSA2020020345,S000106-0000002,2020020345,AN,1,0.5,0,CU,10,AWG
536,KSA2020020350,S000106-0000002,2020020350,AN,1,0.5,0,CU,10,AWG
537,KSA2020020355,S0122-0004-0008,2020020355,BN,1,0.5,0,CU,10,AWG
538,KSA2020020360,S000106-0000002,2020020360,AN,1,0.5,0,CU,10,AWG
539,KSA2020020365,S000106-0000002,2020020365,AN,1,0.5,0,CU,10,AWG
540,KSA2020020370,S000106-0000002,2020020370,AN,1,0.5,0,CU,10,AWG
541,KSA2020020373,S000106-0000002,2020020373,AN,1,0.5,0,CU,10,AWG
542,KSA2020020375,S000106-0000002,2020020375,AN,1,0.5,0,CU,10,AWG
543,KSA2020020380,S000106-0000002,2020020380,AN,1,0.5,0,CU,10,AWG
544,KSA2020020381,S000106-0000002,2020020381,AN,1,0.5,0,CU,10,AWG
545,KSA2020020385,S000106-0000004,2020020385,AN,1,0.5,0,CU,10,AWG
546,KSA2020020390,S000106-000001A,2020020390,AN,1,0.5,0,CU,10,AWG
547,KSA2020020395,S0106-0002-0002,2020020395,BN,1,0.5,0,CU,10,AWG
548,KSA2020020400,S000106-000001A,2020020400,AN,1,0.5,0,CU,10,AWG
549,KSA2020020405,S000110-0000002,2020020405,BN,1,0.5,0,CU,10,AWG
550,KSA2020020410,S000106-000001A,2020020410,AN,1,0.5,0,CU,10,AWG
551,KSA2020020415,S000106-0000003,2020020415,AN,1,0.5,0,CU,10,AWG
552,KSA2020020420,S000106-000001A,2020020420,AN,1,0.5,0,CU,10,AWG
553,KSA2020020430,S000106-000001A,2020020430,AN,1,0.5,0,CU,10,AWG
554,KSA2020020435,S0122-0004-0008,2020020435,BN,1,0.5,0,CU,10,AWG
555,KSA2020020440,S000106-0000001,2020020440,AN,1,0.5,0,CU,10,AWG
556,KSA2020020441,S000106-0000001,2020020441,AN,1,0.5,0,CU,10,AWG
557,KSA2020020445,S000110-000003A,2020020445,BN,1,0.5,0,CU,10,AWG
558,KSA2020020450,S000106-0000001,2020020450,AN,1,0.5,0,CU,10,AWG
559,KSA2020020452,S000106-0000001,2020020452,AN,1,0.5,0,CU,10,AWG
560,KSA2020020454,S000106-000001A,2020020454,AN,1,0.5,0,CU,10,AWG
561,KSA2020020457,S000106-0000001,2020020457,AN,1,0.5,0,CU,10,AWG
562,KSA2020020460,S000106-0000001,2020020460,AN,1,0.5,0,CU,10,AWG
563,KSA2020020465,S000106-0000001,2020020465,AN,1,0.5,0,CU,10,AWG
564,KSA2020020470,S000106-0000001,2020020470,AN,1,0.5,0,CU,10,AWG
565,KSA2020020475,S000106-0000001,2020020475,AN,1,0.5,0,CU,10,AWG
566,KSA2020020485,S000106-0000001,2020020485,AN,1,0.5,0,CU,10,AWG
567,KSA2020020490,S000106-0000001,2020020490,AN,1,0.5,0,CU,10,AWG
568,KSA2020020495,S000110-000003B,2020020495,BN,1,0.5,0,CU,10,AWG
569,KSA2020020500,S000106-0000001,2020020500,AN,1,0.5,0,CU,10,AWG
570,KSA2020020505,S0106-0002-006C,2020020505,BN,1,0.5,0,CU,10,AWG
571,KSA2020020510,S000106-0000001,2020020510,AN,1,0.5,0,CU,10,AWG
572,KSA2020020515,S0106-0002-003A,2020020515,BN,1,0.5,0,CU,10,AWG
573,KSA2020020520,S000106-0000001,2020020520,AN,1,0.5,0,CU,10,AWG
574,KSA2020020535,S0122-0004-0007,2020020535,BN,1,0.5,0,CU,10,AWG
575,KSA2020020540,S0122-0004-0008,2020020540,BN,1,0.5,0,CU,10,AWG
576,KSA2020020550,S0122-0004-0008,2020020550,BN,1,0.5,0,CU,10,AWG
577,KSA2020020555,S0122-0004-0008,2020020555,BN,1,0.5,0,CU,10,AWG
578,KSA2020020560,S0122-0004-0008,2020020560,BN,1,0.5,0,CU,10,AWG
579,KSA2020020570,S0122-0004-0007,2020020570,BN,1,0.5,0,CU,10,AWG
580,KSA2020020575,S000106-000004A,2020020575,AN,1,0.5,0,CU,10,AWG
581,KSA2020020580,S0122-0004-0006,2020020580,BN,1,0.5,0,CU,10,AWG
582,KSA2020020583,S0122-0004-0007,2020020583,BN,1,0.5,0,CU,10,AWG
583,KSA2020020584,S0122-0004-0007,2020020584,BN,1,0.5,0,CU,10,AWG
584,KSA2020020585,S0122-0004-0007,2020020585,BN,1,0.5,0,CU,10,AWG
585,KSA2020020586,S0122-0004-0007,2020020586,BN,1,0.5,0,CU,10,AWG
586,KSA2020020590,S0122-0004-0007,2020020590,BN,1,0.5,0,CU,10,AWG
587,KSA2020020595,S000110-0000004,2020020595,BN,1,0.5,0,CU,10,AWG
588,KSA2020020600,S0122-0004-0007,2020020600,BN,1,0.5,0,CU,10,AWG
589,KSA2020020605,S000110-000003A,2020020605,BN,1,0.5,0,CU,10,AWG
590,KSA2020020610,S0106-0002-003a,2020020610,BN,1,0.5,0,CU,10,AWG
591,KSA2020020620,S0106-0002-003a,2020020620,BN,1,0.5,0,CU,10,AWG
592,KSA2020020625,S0106-0002-0002,2020020625,BN,1,0.5,0,CU,10,AWG
593,KSA2020020630,S0106-0002-003a,2020020630,BN,1,0.5,0,CU,10,AWG
594,KSA2020020634,S0106-0002-003a,2020020634,BN,1,0.5,0,CU,10,AWG
595,KSA2020020635,S000106-00004Ba,2020020635,AN,1,0.5,0,CU,10,AWG
596,KSA2020020636,S0106-0002-003a,2020020636,BN,1,0.5,0,CU,10,AWG
597,KSA2020020637,S0106-0002-003a,2020020637,BN,1,0.5,0,CU,10,AWG
598,KSA2020020640,S0106-0002-0003,2020020640,BN,1,0.5,0,CU,10,AWG
599,KSA2020020645,S0106-0002-006C,2020020645,BN,1,0.5,0,CU,10,AWG
600,KSA2020020650,S0106-0002-0003,2020020650,BN,1,0.5,0,CU,10,AWG
601,KSA2020020655,S0106-0002-0003,2020020655,BN,1,0.5,0,CU,10,AWG
602,KSA2020020660,S000106-000004B,2020020660,AN,1,0.5,0,CU,10,AWG
603,KSA2020020665,S000110-0000002,2020020665,BN,1,0.5,0,CU,10,AWG
604,KSA2020020670,S0106-0002-0003,2020020670,BN,1,0.5,0,CU,10,AWG
605,KSA2020020680,S0106-0002-0003,2020020680,BN,1,0.5,0,CU,10,AWG
606,KSA2020020685,S0106-0002-0003,2020020685,BN,1,0.5,0,CU,10,AWG
607,KSA2020020690,S0106-0002-0004,2020020690,BN,1,0.5,0,CU,10,AWG
608,KSA2020020695,S0106-0002-006C,2020020695,BN,1,0.5,0,CU,10,AWG
609,KSA2020020706,S0106-0002-0004,2020020706,BN,1,0.5,0,CU,10,AWG
610,KSA2020020711,S0106-0002-0005,2020020711,BN,1,0.5,0,CU,10,AWG
611,KSA2020020720,S0106-0002-0004,2020020720,BN,1,0.5,0,CU,10,AWG
612,KSA2020020730,S0106-0002-0004,2020020730,BN,1,0.5,0,CU,10,AWG
613,KSA2020020735,S000110-0000002,2020020735,BN,1,0.5,0,CU,10,AWG
614,KSA2020020745,S0106-0002-0005,2020020745,BN,1,0.5,0,CU,10,AWG
615,KSA2020020750,S0106-0002-0003,2020020750,BN,1,0.5,0,CU,10,AWG
616,KSA2020020755,S000106-0000001,2020020755,AN,1,0.5,0,CU,10,AWG
617,KSA2020020760,S0106-0002-003A,2020020760,BN,1,0.5,0,CU,10,AWG
618,KSA2020020765,S000106-000004B,2020020765,AN,1,0.5,0,CU,10,AWG
619,KSA2020020770,S0106-0002-003A,2020020770,BN,1,0.5,0,CU,10,AWG
620,KSA2020020785,S000110-000003B,2020020785,BN,1,0.5,0,CU,10,AWG
621,KSA2020020793,S0106-0002-003A,2020020793,BN,1,0.5,0,CU,10,AWG
622,KSA2020020800,S0106-0002-003A,2020020800,BN,1,0.5,0,CU,10,AWG
623,KSA2020020801,S0106-0002-003A,2020020801,BN,1,0.5,0,CU,10,AWG
624,KSA2020020802,S0106-0002-003A,2020020802,BN,1,0.5,0,CU,10,AWG
625,KSA2020020803,S0106-0002-003A,2020020803,BN,1,0.5,0,CU,10,AWG
626,KSA2020020804,S0106-0002-003A,2020020804,BN,1,0.5,0,CU,10,AWG
627,KSA2020020805,S0106-0002-003A,2020020805,BN,1,0.5,0,CU,10,AWG
628,KSA2020020806,S0106-0002-003A,2020020806,BN,1,0.5,0,CU,10,AWG
629,KSA2020020807,S0106-0002-003A,2020020807,BN,1,0.5,0,CU,10,AWG
630,KSA2020020808,S0106-0002-003A,2020020808,BN,1,0.5,0,CU,10,AWG
631,KSA2020020809,S0106-0002-003A,2020020809,BN,1,0.5,0,CU,10,AWG
632,KSA2020020810,S0106-0002-003A,2020020810,BN,1,0.5,0,CU,10,AWG
633,KSA2020020820,S0106-0002-003A,2020020820,BN,1,0.5,0,CU,10,AWG
634,KSA2020020830,S000106-00004BB,2020020830,AN,1,0.5,0,CU,10,AWG
635,KSA2020020835,S0106-0002-003A,2020020835,BN,1,0.5,0,CU,10,AWG
636,KSA2020020840,S0106-0002-003B,2020020840,BN,1,0.5,0,CU,10,AWG
637,KSA2020020850,S0106-0002-003B,2020020850,BN,1,0.5,0,CU,10,AWG
638,KSA2020020860,S0106-0002-003B,2020020860,BN,1,0.5,0,CU,10,AWG
639,KSA2020020870,S0106-0002-003B,2020020870,BN,1,0.5,0,CU,10,AWG
640,KSA2020020880,S0106-0002-003B,2020020880,BN,1,0.5,0,CU,10,AWG
641,KSA2020020890,S0106-0002-003B,2020020890,BN,1,0.5,0,CU,10,AWG
642,KSA2020020900,S0106-0002-003B,2020020900,BN,1,0.5,0,CU,10,AWG
643,KSA2020020910,S000106-00004BB,2020020910,AN,1,0.5,0,CU,10,AWG
644,KSA2020020920,S000110-0000002,2020020920,BN,1,0.5,0,CU,10,AWG
645,KSA2020020925,S000110-0000002,2020020925,BN,1,0.5,0,CU,10,AWG
646,KSA2020020930,S000110-0000002,2020020930,BN,1,0.5,0,CU,10,AWG
647,KSA2020020935,S000110-0000002,2020020935,BN,1,0.5,0,CU,10,AWG
648,KSA2020020940,S000110-0000002,2020020940,BN,1,0.5,0,CU,10,AWG
649,KSA2020020950,S000110-0000002,2020020950,BN,1,0.5,0,CU,10,AWG
650,KSA2020020955,S000110-0000003,2020020955,BN,1,0.5,0,CU,10,AWG
651,KSA2020020956,S000110-0000003,2020020956,BN,1,0.5,0,CU,10,AWG
652,KSA2020020960,S000110-0000003,2020020960,BN,1,0.5,0,CU,10,AWG
653,KSA2020020962,S000110-0000003,2020020962,BN,1,0.5,0,CU,10,AWG
654,KSA2020020965,S000110-0000003,2020020965,BN,1,0.5,0,CU,10,AWG
655,KSA2020020980,S000110-0000003,2020020980,BN,1,0.5,0,CU,10,AWG
656,KSA2020020990,S000110-0000003,2020020990,BN,1,0.5,0,CU,10,AWG
657,KSA2020021000,S000110-0000003,2020021000,BN,1,0.5,0,CU,10,AWG
658,KSA2020021010,S000110-0000003,2020021010,BN,1,0.5,0,CU,10,AWG
659,KSA2020021020,S000110-0000003,2020021020,BN,1,0.5,0,CU,10,AWG
660,KSA2020021025,S000110-0000003,2020021025,BN,1,0.5,0,CU,10,AWG
661,KSA2020021030,S000110-000003A,2020021030,BN,1,0.5,0,CU,10,AWG
662,KSA2020021040,S000110-000003A,2020021040,BN,1,0.5,0,CU,10,AWG
663,KSA2020021050,S000110-000003A,2020021050,BN,1,0.5,0,CU,10,AWG
664,KSA2020021060,S000110-000003A,2020021060,BN,1,0.5,0,CU,10,AWG
665,KSA2020021070,S000110-000003A,2020021070,BN,1,0.5,0,CU,10,AWG
666,KSA2020021071,S000110-000003A,2020021071,BN,1,0.5,0,CU,10,AWG
667,KSA2020021075,S000110-000003A,2020021075,BN,1,0.5,0,CU,10,AWG
668,KSA2020021080,S000110-000003A,2020021080,BN,1,0.5,0,CU,10,AWG
669,KSA2020021083,S000110-000003A,2020021083,BN,1,0.5,0,CU,10,AWG
670,KSA2020021088,S000110-000003B,2020021088,BN,1,0.5,0,CU,10,AWG
671,KSA2020021089,S000110-000003B,2020021089,BN,1,0.5,0,CU,10,AWG
672,KSA2020021090,S000110-000003B,2020021090,BN,1,0.5,0,CU,10,AWG
673,KSA2020021091,S000110-000003B,2020021091,BN,1,0.5,0,CU,10,AWG
674,KSA2020021092,S000110-000003B,2020021092,BN,1,0.5,0,CU,10,AWG
675,KSA2020021093,S000110-000003B,2020021093,BN,1,0.5,0,CU,10,AWG
676,KSA2020021095,S000110-000003B,2020021095,BN,1,0.5,0,CU,10,AWG
677,KSA2020021096,S000110-000003B,2020021096,BN,1,0.5,0,CU,10,AWG
678,KSA2020021097,S000110-000003B,2020021097,BN,1,0.5,0,CU,10,AWG
679,KSA2020021098,S000110-000003B,2020021098,BN,1,0.5,0,CU,10,AWG
680,KSA2020021099,S000110-000003B,2020021099,BN,1,0.5,0,CU,10,AWG
681,KSA2020021100,S000110-000003B,2020021100,BN,1,0.5,0,CU,10,AWG
682,KSA2020021110,S000110-000003B,2020021110,BN,1,0.5,0,CU,10,AWG
683,KSA2020021120,S000110-000003B,2020021120,BN,1,0.5,0,CU,10,AWG
684,KSA2020021121,S000110-000003B,2020021121,BN,1,0.5,0,CU,10,AWG
685,KSA2020021123,S000110-000003B,2020021123,BN,1,0.5,0,CU,10,AWG
686,KSA2020021125,S000110-000003B,2020021125,BN,1,0.5,0,CU,10,AWG
687,KSA2020021130,S000110-000003B,2020021130,BN,1,0.5,0,CU,10,AWG
688,KSA2020021140,S000110-000003B,2020021140,BN,1,0.5,0,CU,10,AWG
689,KSA2020021160,S000110-00003BA,2020021160,BN,1,0.5,0,CU,10,AWG
690,KSA2020021169,S000110-00003BA,2020021169,BN,1,0.5,0,CU,10,AWG
691,KSA2020021171,S000110-00003BA,2020021171,BN,1,0.5,0,CU,10,AWG
692,KSA2020021180,S000110-00003BA,2020021180,BN,1,0.5,0,CU,10,AWG
693,KSA2020021190,S0115-0004-0006,2020021190,AN,1,0.5,0,CU,10,AWG
694,KSA2020021200,S0115-0004-0006,2020021200,AN,1,0.5,0,CU,10,AWG
695,KSA2020021220,S000110-00003BA,2020021220,BN,1,0.5,0,CU,10,AWG
696,KSA2020021230,S0106-0002-006C,2020021230,BN,1,0.5,0,CU,10,AWG
697,KSA2020021240,S0106-0002-006C,2020021240,BN,1,0.5,0,CU,10,AWG
698,KSA2020021250,S0106-0002-006C,2020021250,BN,1,0.5,0,CU,10,AWG
699,KSA2020021260,S0106-0002-006C,2020021260,BN,1,0.5,0,CU,10,AWG
700,KSA2020021265,S0106-0002-006C,2020021265,BN,1,0.5,0,CU,10,AWG
701,KSA2020021280,S0106-0002-006C,2020021280,BN,1,0.5,0,CU,10,AWG
702,KSA2020021290,S0106-0002-006C,2020021290,BN,1,0.5,0,CU,10,AWG
703,KSA2020021295,S0106-0002-006C,2020021295,BN,1,0.5,0,CU,10,AWG
704,KSA2020021300,S0106-0002-006C,2020021300,BN,1,0.5,0,CU,10,AWG
705,KSA2020021310,S000110-0000004,2020021310,BN,1,0.5,0,CU,10,AWG
706,KSA2020021340,S000110-0000004,2020021340,BN,1,0.5,0,CU,10,AWG
707,KSA2020021350,S000110-0000004,2020021350,BN,1,0.5,0,CU,10,AWG
708,KSA2020021355,S000110-0000004,2020021355,BN,1,0.5,0,CU,10,AWG
709,KSA2020021356,S000110-0000004,2020021356,BN,1,0.5,0,CU,10,AWG
710,KSA2020021357,S000110-0000004,2020021357,BN,1,0.5,0,CU,10,AWG
711,KSA2020021380,S000110-0000004,2020021380,BN,1,0.5,0,CU,10,AWG
712,KSA2020021385,S000110-00003BA,2020021385,BN,1,0.5,0,CU,10,AWG
713,KSA2020021390,S000110-0000004,2020021390,BN,1,0.5,0,CU,10,AWG
714,KSA2020021420,S0106-0002-006A,2020021420,BN,1,0.5,0,CU,10,AWG
715,KSA2020021422,S0106-0002-006A,2020021422,BN,1,0.5,0,CU,10,AWG
716,KSA2020021425,S0106-0002-006A,2020021425,BN,1,0.5,0,CU,10,AWG
717,KSA2020021441,S0106-0002-006A,2020021441,BN,1,0.5,0,CU,10,AWG
718,KSA2020021445,S0106-0002-006A,2020021445,BN,1,0.5,0,CU,10,AWG
719,KSA2020021447,S0106-0002-006A,2020021447,BN,1,0.5,0,CU,10,AWG
720,KSA2020021455,S0106-0002-006A,2020021455,BN,1,0.5,0,CU,10,AWG
721,KSA2020021460,S0106-0002-0006,2020021460,BN,1,0.5,0,CU,10,AWG
722,KSA2020021465,S0106-0002-0006,2020021465,BN,1,0.5,0,CU,10,AWG
723,KSA2020021470,S0106-0002-0006,2020021470,BN,1,0.5,0,CU,10,AWG
724,KSA2020021480,S0106-0002-0007,2020021480,BN,1,0.5,0,CU,10,AWG
725,KSA2020021490,S0106-0002-0007,2020021490,BN,1,0.5,0,CU,10,AWG
726,KSA2020021500,S0106-0002-0007,2020021500,BN,1,0.5,0,CU,10,AWG
727,KSA2020021504,S0106-0002-0007,2020021504,BN,1,0.5,0,CU,10,AWG
728,KSA2020021505,S0106-0002-0007,2020021505,BN,1,0.5,0,CU,10,AWG
729,KSA2020021510,S0106-0002-0007,2020021510,BN,1,0.5,0,CU,10,AWG
730,KSA2020021531,S0106-0002-0005,2020021531,BN,1,0.5,0,CU,10,AWG
731,KSA2020021535,S0106-0002-0006,2020021535,BN,1,0.5,0,CU,10,AWG
732,KSA2020021536,S0106-0002-0006,2020021536,BN,1,0.5,0,CU,10,AWG
733,KSA2020021537,S0106-0002-0006,2020021537,BN,1,0.5,0,CU,10,AWG
734,KSA2020021540,S0106-0002-0006,2020021540,BN,1,0.5,0,CU,10,AWG
735,KSA2020021542,S0106-0002-0006,2020021542,BN,1,0.5,0,CU,10,AWG
736,KSA2020021543,S0106-0002-0006,2020021543,BN,1,0.5,0,CU,10,AWG
737,KSA2020021545,S0106-0002-0006,2020021545,BN,1,0.5,0,CU,10,AWG
738,KSA2020021547,S0106-0002-0006,2020021547,BN,1,0.5,0,CU,10,AWG
739,KSA2020021554,S0106-0002-0006,2020021554,BN,1,0.5,0,CU,10,AWG
740,KSA2020021555,S0106-0002-0006,2020021555,BN,1,0.5,0,CU,10,AWG
741,KSA2020021560,S0106-0002-0006,2020021560,BN,1,0.5,0,CU,10,AWG
742,KSA2020021570,S0106-0002-0005,2020021570,BN,1,0.5,0,CU,10,AWG
743,KSA2020021572,S0106-0002-0005,2020021572,BN,1,0.5,0,CU,10,AWG
744,KSA2020021575,S0106-0002-0006,2020021575,BN,1,0.5,0,CU,10,AWG
745,KSA2020021580,S0106-0002-0005,2020021580,BN,1,0.5,0,CU,10,AWG
746,KSA2020021590,S0106-0002-0005,2020021590,BN,1,0.5,0,CU,10,AWG
747,KSA2020021600,S0106-0002-0005,2020021600,BN,1,0.5,0,CU,10,AWG
748,KSA2020021610,S0106-0002-0005,2020021610,BN,1,0.5,0,CU,10,AWG
749,KSA2020021620,S0106-0002-0005,2020021620,BN,1,0.5,0,CU,10,AWG
750,KSA2020021640,S0106-0002-0006,2020021640,BN,1,0.5,0,CU,10,AWG
751,KSA2020021650,S0106-0002-0004,2020021650,BN,1,0.5,0,CU,10,AWG
752,KSA2020021652,S0106-0002-0006,2020021652,BN,1,55.0,0,ACSR,2,AWG
753,KSA2020021653,S0106-0002-0005,2020021653,BN,1,0.5,0,CU,10,AWG
754,KSA2020021654,S0106-0002-006A,2020021654,BN,1,0.5,0,CU,10,AWG
755,KSA2020021655,S0106-0002-003a,2020021655,BN,1,0.5,0,CU,10,AWG
756,KSA2020021657,S000110-00003BA,2020021657,BN,1,0.5,0,CU,10,AWG
757,KSA2020021658,S000106-000004A,2020021658,AN,1,0.5,0,CU,10,AWG
758,KSA2020021659,S000106-0000001,2020021659,AN,2,48.0,0,ACSR,2,AWG
759,KSA2020021660,S0122-0004-0008,2020021660,BN,1,0.5,0,CU,10,AWG
760,KSA2020021662,S0106-0002-0002,2020021662,BN,1,0.5,0,CU,10,AWG
761,KSA2020021663,S0122-0004-0008,2020021663,BN,1,0.5,0,CU,10,AWG
762,KSA2020021664,S0106-0002-006C,2020021664,BN,1,0.5,0,CU,10,AWG
763,KSA2020021665,S000110-000003B,2020021665,BN,1,0.5,0,CU,10,AWG
764,KSA2020021666,S000106-0000004,2020021666,AN,1,0.5,0,CU,10,AWG
765,KSA2020021667,S0106-0002-0002,2020021667,BN,1,0.5,0,CU,10,AWG
766,KSA2020021668,S000100-0000010,2020021668,AN,1,45.0,0,ACSR,2,AWG
767,KSA2020021670,S000106-0000002,2020021670,AN,1,45.0,0,ACSR,2,AWG
768,KSA2020021671,S000110-000003B,2020021671,BN,1,45.0,0,ACSR,2,AWG
769,KSA2020021672,S000106-0000001,2020021672,AN,1,45.0,0,ACSR,2,AWG
770,KSA2020021675,S000110-00003BA,2020021675,BN,1,45.0,0,ACSR,2,AWG
771,KSA2020021676,S000110-00003BA,2020021676,BN,1,45.0,0,ACSR,2,AWG
772,KSA2020021678,S000110-000003B,2020021678,BN,1,45.0,0,ACSR,2,AWG
773,KSA2020021679,S000106-0000002,2020021679,AN,1,45.0,0,ACSR,2,AWG
774,KSA2020021680,S0122-0004-0007,2020021680,BN,1,45.0,0,ACSR,2,AWG
775,KSA2020021681,S0106-0002-0002,2020021681,BN,1,45.0,0,ACSR,2,AWG
776,KSA2020021682,S0106-0002-003A,2020021682,BN,1,45.0,0,ACSR,2,AWG
777,KSA2020021684,S0106-0002-0006,2020021684,BN,1,45.0,0,ACSR,2,AWG
778,KSA2020021686,S000110-00003BA,2020021686,BN,1,45.0,0,ACSR,2,AWG
779,KSA2020030015,S0122-0004-0006,2020030015,BN,1,0.5,0,CU,10,AWG
780,KSA2020030020,S0122-0004-0006,2020030020,BN,1,0.5,0,CU,10,AWG
781,KSA2020030030,S0122-0004-0006,2020030030,BN,1,0.5,0,CU,10,AWG
782,KSA2020030050,S0122-0004-0006,2020030050,BN,1,0.5,0,CU,10,AWG
783,KSA2020030060,S0122-0004-0006,2020030060,BN,1,0.5,0,CU,10,AWG
784,KSA2020030061,S0122-0004-0006,2020030061,BN,1,0.5,0,CU,10,AWG
785,KSA2020030063,S0122-0004-0006,2020030063,BN,1,0.5,0,CU,10,AWG
786,KSA2020030064,S0122-0004-0006,2020030064,BN,1,0.5,0,CU,10,AWG
787,KSA2020030065,S0122-0004-0006,2020030065,BN,1,0.5,0,CU,10,AWG
788,KSA2020030070,S0122-0004-0006,2020030070,BN,1,0.5,0,CU,10,AWG
789,KSA2020030071,S0122-0004-0006,2020030071,BN,1,0.5,0,CU,10,AWG
790,KSA2020030073,S0122-0004-0006,2020030073,BN,1,0.5,0,CU,10,AWG
791,KSA2020030080,S0122-0004-0006,2020030080,BN,1,0.5,0,CU,10,AWG
792,KSA2020030090,S0122-0004-0006,2020030090,BN,1,0.5,0,CU,10,AWG
793,KSA2020030105,S0122-0004-02A1,2020030105,BN,1,0.5,0,CU,10,AWG
794,KSA2020030120,S0122-0004-0006,2020030120,BN,1,0.5,0,CU,10,AWG
795,KSA2020030125,S000115-0000003,2020030125,CN,1,0.5,0,CU,10,AWG
796,KSA2020030130,S0122-0004-0006,2020030130,BN,1,0.5,0,CU,10,AWG
797,KSA2020030135,S0115-0004-0005,2020030135,AN,1,0.5,0,CU,10,AWG
798,KSA2020030140,S0122-0004-0006,2020030140,BN,1,0.5,0,CU,10,AWG
799,KSA2020030145,S0122-0004-0006,2020030145,BN,1,0.5,0,CU,10,AWG
800,KSA2020030150,S0122-0004-0006,2020030150,BN,1,0.5,0,CU,10,AWG
801,KSA2020030165,S0122-0004-0005,2020030165,BN,1,0.5,0,CU,10,AWG
802,KSA2020030170,S0122-0004-0005,2020030170,BN,1,0.5,0,CU,10,AWG
803,KSA2020030175,S000115-0000002,2020030175,CN,1,0.5,0,CU,10,AWG
804,KSA2020030180,S0122-0004-0005,2020030180,BN,1,0.5,0,CU,10,AWG
805,KSA2020030185,S000110-0000005,2020030185,BN,1,0.5,0,CU,10,AWG
806,KSA2020030190,S0122-0004-0005,2020030190,BN,1,0.5,0,CU,10,AWG
807,KSA2020030195,S000110-0000005,2020030195,BN,1,0.5,0,CU,10,AWG
808,KSA2020030200,S0122-0004-0005,2020030200,BN,1,0.5,0,CU,10,AWG
809,KSA2020030205,S0122-0004-02A1,2020030205,BN,1,0.5,0,CU,10,AWG
810,KSA2020030210,S0122-0004-005a,2020030210,BN,1,0.5,0,CU,10,AWG
811,KSA2020030215,S000121-000001b,2020030215,AN,1,0.5,0,CU,10,AWG
812,KSA2020030220,S0122-0004-005a,2020030220,BN,1,0.5,0,CU,10,AWG
813,KSA2020030221,S0122-0004-005a,2020030221,BN,1,0.5,0,CU,10,AWG
814,KSA2020030226,S0122-0004-005A,2020030226,BN,1,0.5,0,CU,10,AWG
815,KSA2020030230,S0122-0004-005a,2020030230,BN,1,0.5,0,CU,10,AWG
816,KSA2020030235,S0122-0004-0004,2020030235,BN,1,0.5,0,CU,10,AWG
817,KSA2020030240,S0122-0004-005a,2020030240,BN,1,0.5,0,CU,10,AWG
818,KSA2020030245,S0115-0004-005A,2020030245,AN,1,0.5,0,CU,10,AWG
819,KSA2020030250,S0122-0004-0005,2020030250,BN,1,0.5,0,CU,10,AWG
820,KSA2020030255,S0122-0004-005A,2020030255,BN,1,0.5,0,CU,10,AWG
821,KSA2020030256,S0122-0004-005A,2020030256,BN,1,0.5,0,CU,10,AWG
822,KSA2020030260,S0122-0004-004A,2020030260,BN,1,0.5,0,CU,10,AWG
823,KSA2020030265,S000115-000003A,2020030265,CN,1,0.5,0,CU,10,AWG
824,KSA2020030272,S0122-0004-005B,2020030272,BN,1,0.5,0,CU,10,AWG
825,KSA2020030273,S0122-0004-004A,2020030273,BN,1,0.5,0,CU,10,AWG
826,KSA2020030275,S0122-0004-005B,2020030275,BN,1,0.5,0,CU,10,AWG
827,KSA2020030279,S0122-0004-005B,2020030279,BN,1,0.5,0,CU,10,AWG
828,KSA2020030280,S0122-0004-005B,2020030280,BN,1,0.5,0,CU,10,AWG
829,KSA2020030281,S0122-0004-005B,2020030281,BN,1,0.5,0,CU,10,AWG
830,KSA2020030282,S0122-0004-005B,2020030282,BN,1,0.5,0,CU,10,AWG
831,KSA2020030290,S0122-0004-004B,2020030290,BN,1,0.5,0,CU,10,AWG
832,KSA2020030295,S0122-0004-0005,2020030295,BN,1,0.5,0,CU,10,AWG
833,KSA2020030300,S0122-0004-0004,2020030300,BN,1,0.5,0,CU,10,AWG
834,KSA2020030305,S0115-0004-005A,2020030305,AN,1,0.5,0,CU,10,AWG
835,KSA2020030315,S0115-0004-0005,2020030315,AN,1,0.5,0,CU,10,AWG
836,KSA2020030320,S0122-0004-0004,2020030320,BN,1,0.5,0,CU,10,AWG
837,KSA2020030325,S0115-0004-0006,2020030325,AN,1,0.5,0,CU,10,AWG
838,KSA2020030330,S0122-0004-0004,2020030330,BN,1,0.5,0,CU,10,AWG
839,KSA2020030335,S000115-0000002,2020030335,CN,1,0.5,0,CU,10,AWG
840,KSA2020030340,S0122-0004-0004,2020030340,BN,1,0.5,0,CU,10,AWG
841,KSA2020030345,S0122-0004-02A1,2020030345,BN,1,0.5,0,CU,10,AWG
842,KSA2020030347,S0122-0004-0004,2020030347,BN,1,0.5,0,CU,10,AWG
843,KSA2020030350,S0122-0004-0004,2020030350,BN,1,0.5,0,CU,10,AWG
844,KSA2020030370,S0122-0004-004A,2020030370,BN,1,0.5,0,CU,10,AWG
845,KSA2020030375,S0115-0004-0006,2020030375,AN,1,0.5,0,CU,10,AWG
846,KSA2020030380,S0122-0004-004A,2020030380,BN,1,0.5,0,CU,10,AWG
847,KSA2020030385,S0115-0004-0006,2020030385,AN,1,0.5,0,CU,10,AWG
848,KSA2020030390,S0122-0004-004A,2020030390,BN,1,0.5,0,CU,10,AWG
849,KSA2020030392,S0122-0004-004A,2020030392,BN,1,0.5,0,CU,10,AWG
850,KSA2020030393,S0122-0004-004A,2020030393,BN,1,0.5,0,CU,10,AWG
851,KSA2020030394,S0122-0004-004A,2020030394,BN,1,0.5,0,CU,10,AWG
852,KSA2020030395,S0122-0004-004A,2020030395,BN,1,0.5,0,CU,10,AWG
853,KSA2020030396,S0122-0004-004A,2020030396,BN,1,0.5,0,CU,10,AWG
854,KSA2020030398,S0122-0004-004A,2020030398,BN,1,0.5,0,CU,10,AWG
855,KSA2020030399,S0122-0004-004A,2020030399,BN,1,0.5,0,CU,10,AWG
856,KSA2020030400,S0122-0004-004A,2020030400,BN,1,0.5,0,CU,10,AWG
857,KSA2020030401,S0122-0004-004A,2020030401,BN,1,0.5,0,CU,10,AWG
858,KSA2020030402,S0122-0004-004B,2020030402,BN,1,0.5,0,CU,10,AWG
859,KSA2020030405,S0122-0004-02A1,2020030405,BN,1,0.5,0,CU,10,AWG
860,KSA2020030407,S0122-0004-02A1,2020030407,BN,1,0.5,0,CU,10,AWG
861,KSA2020030408,S0122-0004-02A1,2020030408,BN,1,0.5,0,CU,10,AWG
862,KSA2020030409,S0122-0004-02A1,2020030409,BN,1,0.5,0,CU,10,AWG
863,KSA2020030410,S0122-0004-02A1,2020030410,BN,1,0.5,0,CU,10,AWG
864,KSA2020030411,S0122-0004-003A,2020030411,BN,1,0.5,0,CU,10,AWG
865,KSA2020030413,S0122-0004-0002,2020030413,BN,1,0.5,0,CU,10,AWG
866,KSA2020030414,S0122-0004-02A1,2020030414,BN,1,0.5,0,CU,10,AWG
867,KSA2020030415,S0122-0004-02A1,2020030415,BN,1,0.5,0,CU,10,AWG
868,KSA2020030416,S0122-0004-02A1,2020030416,BN,1,0.5,0,CU,10,AWG
869,KSA2020030417,S0122-0004-0005,2020030417,BN,1,0.5,0,CU,10,AWG
870,KSA2020030418,S0122-0004-02A1,2020030418,BN,1,0.5,0,CU,10,AWG
871,KSA2020030419,S0122-0004-02A1,2020030419,BN,1,0.5,0,CU,10,AWG
872,KSA2020030435,S0122-0004-004A,2020030435,BN,1,0.5,0,CU,10,AWG
873,KSA2020030440,S0122-0004-0003,2020030440,BN,1,0.5,0,CU,10,AWG
874,KSA2020030445,S0122-0004-0004,2020030445,BN,1,60.0,0,ACSR,2,AWG
875,KSA2020030450,S0122-0004-0003,2020030450,BN,1,0.5,0,CU,10,AWG
876,KSA2020030455,S0122-0004-0003,2020030455,BN,1,0.5,0,CU,10,AWG
877,KSA2020030465,S0122-0004-0004,2020030465,BN,1,0.5,0,CU,10,AWG
878,KSA2020030470,S0122-0004-0002,2020030470,BN,1,0.5,0,CU,10,AWG
879,KSA2020030475,S0115-0004-0006,2020030475,AN,1,0.5,0,CU,10,AWG
880,KSA2020030480,S0122-0004-0003,2020030480,BN,1,0.5,0,CU,10,AWG
881,KSA2020030490,S0122-0004-0003,2020030490,BN,1,0.5,0,CU,10,AWG
882,KSA2020030500,S0122-0004-0003,2020030500,BN,1,0.5,0,CU,10,AWG
883,KSA2020030505,S000115-0000002,2020030505,CN,1,0.5,0,CU,10,AWG
884,KSA2020030510,S0122-0004-0003,2020030510,BN,1,0.5,0,CU,10,AWG
885,KSA2020030515,S0122-0004-0006,2020030515,BN,1,0.5,0,CU,10,AWG
886,KSA2020030525,S0122-0004-005B,2020030525,BN,1,0.5,0,CU,10,AWG
887,KSA2020030535,S0122-0004-005B,2020030535,BN,1,0.5,0,CU,10,AWG
888,KSA2020030540,S0122-0004-0003,2020030540,BN,1,0.5,0,CU,10,AWG
889,KSA2020030545,S0122-0004-005B,2020030545,BN,1,0.5,0,CU,10,AWG
890,KSA2020030550,S0122-0004-0003,2020030550,BN,1,0.5,0,CU,10,AWG
891,KSA2020030560,S0122-0004-0003,2020030560,BN,1,0.5,0,CU,10,AWG
892,KSA2020030565,S0122-0004-0006,2020030565,BN,1,0.5,0,CU,10,AWG
893,KSA2020030570,S0122-0004-0003,2020030570,BN,1,0.5,0,CU,10,AWG
894,KSA2020030585,S0122-0004-0005,2020030585,BN,1,0.5,0,CU,10,AWG
895,KSA2020030590,S0122-0004-0004,2020030590,BN,1,0.5,0,CU,10,AWG
896,KSA2020030595,S0122-0004-005B,2020030595,BN,1,0.5,0,CU,10,AWG
897,KSA2020030600,S0122-003b-0001,2020030600,BN,1,0.5,0,CU,10,AWG
898,KSA2020030605,S0122-0004-02A1,2020030605,BN,1,0.5,0,CU,10,AWG
899,KSA2020030610,S0122-003b-0001,2020030610,BN,1,0.5,0,CU,10,AWG
900,KSA2020030615,S0122-0004-0004,2020030615,BN,1,0.5,0,CU,10,AWG
901,KSA2020030625,S0122-0004-0004,2020030625,BN,1,0.5,0,CU,10,AWG
902,KSA2020030630,S0122-003b-0001,2020030630,BN,1,0.5,0,CU,10,AWG
903,KSA2020030635,S0122-0004-004A,2020030635,BN,1,0.5,0,CU,10,AWG
904,KSA2020030640,S0122-003b-0001,2020030640,BN,1,0.5,0,CU,10,AWG
905,KSA2020030645,S0122-0004-02A1,2020030645,BN,1,0.5,0,CU,10,AWG
906,KSA2020030650,S0122-003b-0001,2020030650,BN,1,0.5,0,CU,10,AWG
907,KSA2020030655,S0122-0004-0003,2020030655,BN,1,0.5,0,CU,10,AWG
908,KSA2020030660,S0122-003b-0001,2020030660,BN,1,0.5,0,CU,10,AWG
909,KSA2020030665,S000121-000001c,2020030665,AN,1,0.5,0,CU,10,AWG
910,KSA2020030670,S0122-003b-0002,2020030670,BN,1,0.5,0,CU,10,AWG
911,KSA2020030675,S0122-0004-004A,2020030675,BN,1,0.5,0,CU,10,AWG
912,KSA2020030680,S0122-003b-002a,2020030680,BN,1,0.5,0,CU,10,AWG
913,KSA2020030685,S0122-003b-002a,2020030685,BN,1,0.5,0,CU,10,AWG
914,KSA2020030690,S0122-003b-0002,2020030690,BN,1,0.5,0,CU,10,AWG
915,KSA2020030693,S0122-003b-0003,2020030693,BN,1,0.5,0,CU,10,AWG
916,KSA2020030700,S0122-003b-0003,2020030700,BN,1,0.5,0,CU,10,AWG
917,KSA2020030710,S0122-003b-0003,2020030710,BN,1,0.5,0,CU,10,AWG
918,KSA2020030715,S0115-0004-0006,2020030715,AN,1,0.5,0,CU,10,AWG
919,KSA2020030720,S0106-0002-0008,2020030720,BN,1,0.5,0,CU,10,AWG
920,KSA2020030725,S0122-003b-0001,2020030725,BN,1,0.5,0,CU,10,AWG
921,KSA2020030730,S0122-003b-0003,2020030730,BN,1,0.5,0,CU,10,AWG
922,KSA2020030735,S0115-0004-0006,2020030735,AN,1,0.5,0,CU,10,AWG
923,KSA2020030745,S0115-0004-0002,2020030745,AN,1,0.5,0,CU,10,AWG
924,KSA2020030750,S0106-0002-0008,2020030750,BN,1,0.5,0,CU,10,AWG
925,KSA2020030755,S0106-0002-0008,2020030755,BN,1,0.5,0,CU,10,AWG
926,KSA2020030760,S0106-0002-0008,2020030760,BN,1,0.5,0,CU,10,AWG
927,KSA2020030765,S0106-0002-0008,2020030765,BN,1,46.0,0,ACSR,2,AWG
928,KSA2020030770,S0106-0002-0007,2020030770,BN,1,0.5,0,CU,10,AWG
929,KSA2020030775,S0122-0004-005B,2020030775,BN,1,0.5,0,CU,10,AWG
930,KSA2020030780,S0106-0002-0007,2020030780,BN,1,0.5,0,CU,10,AWG
931,KSA2020030785,S0122-0004-005B,2020030785,BN,1,0.5,0,CU,10,AWG
932,KSA2020030790,S0106-0002-0007,2020030790,BN,1,0.5,0,CU,10,AWG
933,KSA2020030795,S0122-0004-02A1,2020030795,BN,1,54.0,0,ACSR,2,AWG
934,KSA2020030800,S0106-0002-0008,2020030800,BN,1,0.5,0,CU,10,AWG
935,KSA2020030805,S0122-003b-002a,2020030805,BN,1,46.0,0,ACSR,2,AWG
936,KSA2020030810,S0122-003b-0005,2020030810,BN,1,0.5,0,CU,10,AWG
937,KSA2020030815,S0122-0004-005B,2020030815,BN,1,52.0,0,ACSR,2,AWG
938,KSA2020030820,S0122-003b-0005,2020030820,BN,1,0.5,0,CU,10,AWG
939,KSA2020030825,S0122-003b-0006,2020030825,BN,1,52.0,0,ACSR,2,AWG
940,KSA2020030840,S0122-003b-0005,2020030840,BN,1,0.5,0,CU,10,AWG
941,KSA2020030850,S0122-003b-0005,2020030850,BN,1,0.5,0,CU,10,AWG
942,KSA2020030853,S0122-003b-0005,2020030853,BN,1,0.5,0,CU,10,AWG
943,KSA2020030865,S0122-003b-0005,2020030865,BN,1,0.5,0,CU,10,AWG
944,KSA2020030870,S0122-003b-0006,2020030870,BN,1,0.5,0,CU,10,AWG
945,KSA2020030875,S0106-0002-0007,2020030875,BN,1,0.5,0,CU,10,AWG
946,KSA2020030880,S0122-003b-0006,2020030880,BN,1,0.5,0,CU,10,AWG
947,KSA2020030890,S0122-003b-0006,2020030890,BN,1,0.5,0,CU,10,AWG
948,KSA2020030916,S0122-003b-0006,2020030916,BN,1,0.5,0,CU,10,AWG
949,KSA2020030917,S0122-003b-0006,2020030917,BN,1,0.5,0,CU,10,AWG
950,KSA2020030970,S0132-0005-004b,2020030970,CN,1,0.5,0,CU,10,AWG
951,KSA2020030982,S000115-0000001,2020030982,CN,1,0.5,0,CU,10,AWG
952,KSA2020030984,S000115-0000001,2020030984,CN,1,0.5,0,CU,10,AWG
953,KSA2020030985,S000115-0000001,2020030985,CN,1,0.5,0,CU,10,AWG
954,KSA2020030991,S0132-0005-004b,2020030991,CN,1,0.5,0,CU,10,AWG
955,KSA2020031000,S0132-0005-004b,2020031000,CN,1,0.5,0,CU,10,AWG
956,KSA2020031010,S00115B-0000001,2020031010,AN,1,0.5,0,CU,10,AWG
957,KSA2020031015,S000115-0000002,2020031015,CN,1,0.5,0,CU,10,AWG
958,KSA2020031016,S000115-0000002,2020031016,CN,1,0.5,0,CU,10,AWG
959,KSA2020031017,S000115-0000002,2020031017,CN,1,0.5,0,CU,10,AWG
960,KSA2020031018,S000115-0000002,2020031018,CN,1,0.5,0,CU,10,AWG
961,KSA2020031020,S000115-0000002,2020031020,CN,1,0.5,0,CU,10,AWG
962,KSA2020031040,S000115-0000002,2020031040,CN,1,0.5,0,CU,10,AWG
963,KSA2020031060,S000115-0000001,2020031060,CN,1,0.5,0,CU,10,AWG
964,KSA2020031065,S000115-0000002,2020031065,CN,1,0.5,0,CU,10,AWG
965,KSA2020031080,S000110-0000005,2020031080,BN,1,0.5,0,CU,10,AWG
966,KSA2020031090,S000110-0000005,2020031090,BN,1,0.5,0,CU,10,AWG
967,KSA2020031092,S000110-0000005,2020031092,BN,1,0.5,0,CU,10,AWG
968,KSA2020031095,S000110-0000005,2020031095,BN,1,0.5,0,CU,10,AWG
969,KSA2020031096,S000110-0000005,2020031096,BN,1,0.5,0,CU,10,AWG
970,KSA2020031100,S000110-0000005,2020031100,BN,1,0.5,0,CU,10,AWG
971,KSA2020031110,S000110-0000005,2020031110,BN,1,0.5,0,CU,10,AWG
972,KSA2020031130,S0115-0004-005A,2020031130,AN,1,0.5,0,CU,10,AWG
973,KSA2020031142,S0115-0004-005A,2020031142,AN,1,0.5,0,CU,10,AWG
974,KSA2020031145,S0115-0004-005A,2020031145,AN,1,0.5,0,CU,10,AWG
975,KSA2020031150,S0115-0004-005A,2020031150,AN,1,0.5,0,CU,10,AWG
976,KSA2020031151,S0115-0004-005A,2020031151,AN,1,0.5,0,CU,10,AWG
977,KSA2020031160,S0115-0004-0005,2020031160,AN,1,0.5,0,CU,10,AWG
978,KSA2020031170,S0115-0004-005A,2020031170,AN,1,0.5,0,CU,10,AWG
979,KSA2020031200,S0115-0004-005A,2020031200,AN,1,0.5,0,CU,10,AWG
980,KSA2020031210,S0115-0004-0005,2020031210,AN,1,0.5,0,CU,10,AWG
981,KSA2020031220,S0115-0004-0005,2020031220,AN,1,0.5,0,CU,10,AWG
982,KSA2020031230,S0115-0004-0005,2020031230,AN,1,0.5,0,CU,10,AWG
983,KSA2020031233,S0115-0004-0005,2020031233,AN,1,0.5,0,CU,10,AWG
984,KSA2020031240,S0115-0004-0005,2020031240,AN,1,0.5,0,CU,10,AWG
985,KSA2020031250,S000110-0000005,2020031250,BN,1,0.5,0,CU,10,AWG
986,KSA2020031260,S0115-0004-0005,2020031260,AN,1,0.5,0,CU,10,AWG
987,KSA2020031268,S0115-0004-0005,2020031268,AN,1,0.5,0,CU,10,AWG
988,KSA2020031269,S0115-0004-0005,2020031269,AN,1,0.5,0,CU,10,AWG
989,KSA2020031271,S0115-0004-0005,2020031271,AN,1,0.5,0,CU,10,AWG
990,KSA2020031280,S0115-0004-0005,2020031280,AN,1,0.5,0,CU,10,AWG
991,KSA2020031285,S0115-0004-0005,2020031285,AN,1,0.5,0,CU,10,AWG
992,KSA2020031286,S0115-0004-0005,2020031286,AN,1,0.5,0,CU,10,AWG
993,KSA2020031291,S0115-0004-0005,2020031291,AN,1,0.5,0,CU,10,AWG
994,KSA2020031295,S0115-0004-0005,2020031295,AN,1,0.5,0,CU,10,AWG
995,KSA2020031296,S0115-0004-0005,2020031296,AN,1,0.5,0,CU,10,AWG
996,KSA2020031297,S0115-0004-0005,2020031297,AN,1,0.5,0,CU,10,AWG
997,KSA2020031300,S0115-0004-0006,2020031300,AN,1,0.5,0,CU,10,AWG
998,KSA2020031302,S0115-0004-0006,2020031302,AN,1,0.5,0,CU,10,AWG
999,KSA2020031303,S0115-0004-0006,2020031303,AN,1,0.5,0,CU,10,AWG
1000,KSA2020031305,S0115-0004-0006,2020031305,AN,1,0.5,0,CU,10,AWG
1001,KSA2020031310,S0115-0004-0005,2020031310,AN,1,0.5,0,CU,10,AWG
1002,KSA2020031320,S0115-0004-0006,2020031320,AN,1,0.5,0,CU,10,AWG
1003,KSA2020031330,S0115-0004-0006,2020031330,AN,1,0.5,0,CU,10,AWG
1004,KSA2020031333,S0115-0004-0006,2020031333,AN,1,0.5,0,CU,10,AWG
1005,KSA2020031334,S0115-0004-0006,2020031334,AN,1,0.5,0,CU,10,AWG
1006,KSA2020031335,S0115-0004-0006,2020031335,AN,1,0.5,0,CU,10,AWG
1007,KSA2020031336,S0115-0004-0006,2020031336,AN,1,0.5,0,CU,10,AWG
1008,KSA2020031337,S0115-0004-0006,2020031337,AN,1,0.5,0,CU,10,AWG
1009,KSA2020031338,S0115-0004-0006,2020031338,AN,1,0.5,0,CU,10,AWG
1010,KSA2020031340,S0115-0004-0006,2020031340,AN,1,0.5,0,CU,10,AWG
1011,KSA2020031341,S0115-0004-0006,2020031341,AN,1,0.5,0,CU,10,AWG
1012,KSA2020031343,S0115-0004-0005,2020031343,AN,1,0.5,0,CU,10,AWG
1013,KSA2020031344,S0115-0004-0005,2020031344,AN,1,0.5,0,CU,10,AWG
1014,KSA2020031350,S0115-0004-0005,2020031350,AN,1,0.5,0,CU,10,AWG
1015,KSA2020031370,S0115-0004-0003,2020031370,AN,1,0.5,0,CU,10,AWG
1016,KSA2020031385,S0115-0004-0003,2020031385,AN,1,0.5,0,CU,10,AWG
1017,KSA2020031390,S0115-0004-0003,2020031390,AN,1,0.5,0,CU,10,AWG
1018,KSA2020031400,S0115-0004-0003,2020031400,AN,1,0.5,0,CU,10,AWG
1019,KSA2020031405,S0115-0004-0005,2020031405,AN,1,0.5,0,CU,10,AWG
1020,KSA2020031410,S0115-0004-0003,2020031410,AN,1,0.5,0,CU,10,AWG
1021,KSA2020031415,S0115-0004-0003,2020031415,AN,1,0.5,0,CU,10,AWG
1022,KSA2020031420,S0115-0004-0003,2020031420,AN,1,0.5,0,CU,10,AWG
1023,KSA2020031440,S0115-0004-0002,2020031440,AN,1,0.5,0,CU,10,AWG
1024,KSA2020031450,S0115-0004-0002,2020031450,AN,1,0.5,0,CU,10,AWG
1025,KSA2020031460,S0115-0004-0001,2020031460,AN,1,0.5,0,CU,10,AWG
1026,KSA2020031490,S000115-000003A,2020031490,CN,1,0.5,0,CU,10,AWG
1027,KSA2020031505,S0115-0004-0003,2020031505,AN,1,0.5,0,CU,10,AWG
1028,KSA2020031506,S000115-000003A,2020031506,CN,1,0.5,0,CU,10,AWG
1029,KSA2020031510,S000115-000003A,2020031510,CN,1,0.5,0,CU,10,AWG
1030,KSA2020031523,S000115-000003A,2020031523,CN,1,0.5,0,CU,10,AWG
1031,KSA2020031525,S000115-000003A,2020031525,CN,1,0.5,0,CU,10,AWG
1032,KSA2020031540,S000115-000003A,2020031540,CN,1,0.5,0,CU,10,AWG
1033,KSA2020031550,S000115-000003A,2020031550,CN,1,0.5,0,CU,10,AWG
1034,KSA2020031570,S000115-0000003,2020031570,CN,1,0.5,0,CU,10,AWG
1035,KSA2020031576,S000115-0000003,2020031576,CN,1,0.5,0,CU,10,AWG
1036,KSA2020031580,S000115-0000003,2020031580,CN,1,0.5,0,CU,10,AWG
1037,KSA2020031590,S000115-0000002,2020031590,CN,1,0.5,0,CU,10,AWG
1038,KSA2020031600,S000115-0000002,2020031600,CN,1,0.5,0,CU,10,AWG
1039,KSA2020031601,S0115-0004-005A,2020031601,AN,1,0.5,0,CU,10,AWG
1040,KSA2020031605,S000115-0000003,2020031605,CN,1,0.5,0,CU,10,AWG
1041,KSA2020031606,S000115-0000002,2020031606,CN,1,0.5,0,CU,10,AWG
1042,KSA2020031607,S000115-0000002,2020031607,CN,1,0.5,0,CU,10,AWG
1043,KSA2020031615,S000115-0000003,2020031615,CN,1,0.5,0,CU,10,AWG
1044,KSA2020031620,S000115-000003a,2020031620,CN,1,0.5,0,CU,10,AWG
1045,KSA2020031630,S000115-000003a,2020031630,CN,1,0.5,0,CU,10,AWG
1046,KSA2020031640,S000115-000003a,2020031640,CN,1,0.5,0,CU,10,AWG
1047,KSA2020031650,S000115-000003a,2020031650,CN,1,0.5,0,CU,10,AWG
1048,KSA2020031657,S0122-003b-004a,2020031657,BN,1,0.5,0,CU,10,AWG
1049,KSA2020031660,S000115-000003a,2020031660,CN,1,0.5,0,CU,10,AWG
1050,KSA2020031670,S000115-000003a,2020031670,CN,1,0.5,0,CU,10,AWG
1051,KSA2020031680,S000115-000003a,2020031680,CN,1,0.5,0,CU,10,AWG
1052,KSA2020031690,S000115-000003b,2020031690,CN,1,0.5,0,CU,10,AWG
1053,KSA2020031695,S000115-000003b,2020031695,CN,1,0.5,0,CU,10,AWG
1054,KSA2020031700,S000115-000003b,2020031700,CN,1,0.5,0,CU,10,AWG
1055,KSA2020031702,S0122-003b-004a,2020031702,BN,1,0.5,0,CU,10,AWG
1056,KSA2020031710,S0122-003b-004a,2020031710,BN,1,0.5,0,CU,10,AWG
1057,KSA2020031720,S0122-003b-004a,2020031720,BN,1,0.5,0,CU,10,AWG
1058,KSA2020031730,S0122-003b-004a,2020031730,BN,1,0.5,0,CU,10,AWG
1059,KSA2020031750,S000115-000003b,2020031750,CN,1,0.5,0,CU,10,AWG
1060,KSA2020031760,S000115-000003c,2020031760,CN,1,0.5,0,CU,10,AWG
1061,KSA2020031765,S000115-000003c,2020031765,CN,1,0.5,0,CU,10,AWG
1062,KSA2020031770,S000115-000003c,2020031770,CN,1,0.5,0,CU,10,AWG
1063,KSA2020031780,S000115-000003c,2020031780,CN,1,0.5,0,CU,10,AWG
1064,KSA2020031790,S0122-003b-002b,2020031790,BN,1,0.5,0,CU,10,AWG
1065,KSA2020031800,S000115-000003d,2020031800,CN,1,0.5,0,CU,10,AWG
1066,KSA2020031810,S000115-000003d,2020031810,CN,1,0.5,0,CU,10,AWG
1067,KSA2020031815,S000119-000004b,2020031815,AN,1,0.5,0,CU,10,AWG
1068,KSA2020031820,S000115-000003d,2020031820,CN,1,0.5,0,CU,10,AWG
1069,KSA2020031830,S0122-003b-002a,2020031830,BN,1,0.5,0,CU,10,AWG
1070,KSA2020031845,S0122-003b-002a,2020031845,BN,1,0.5,0,CU,10,AWG
1071,KSA2020031850,S000115-000003d,2020031850,CN,1,0.5,0,CU,10,AWG
1072,KSA2020031855,S000119-000004b,2020031855,AN,1,0.5,0,CU,10,AWG
1073,KSA2020031860,S000121-000001b,2020031860,AN,1,0.5,0,CU,10,AWG
1074,KSA2020031870,S000121-000001b,2020031870,AN,1,0.5,0,CU,10,AWG
1075,KSA2020031880,S000119-000004b,2020031880,AN,1,0.5,0,CU,10,AWG
1076,KSA2020031890,S000115-000003d,2020031890,CN,1,0.5,0,CU,10,AWG
1077,KSA2020031900,S000121-000001b,2020031900,AN,1,0.5,0,CU,10,AWG
1078,KSA2020031905,S000121-000001c,2020031905,AN,1,0.5,0,CU,10,AWG
1079,KSA2020031910,S000121-000001c,2020031910,AN,1,0.5,0,CU,10,AWG
1080,KSA2020031915,S000121-000001c,2020031915,AN,1,0.5,0,CU,10,AWG
1081,KSA2020031920,S000121-000001b,2020031920,AN,1,0.5,0,CU,10,AWG
1082,KSA2020031925,S000121-000001b,2020031925,AN,1,0.5,0,CU,10,AWG
1083,KSA2020031930,S000121-000001c,2020031930,AN,1,0.5,0,CU,10,AWG
1084,KSA2020031940,S000121-000001c,2020031940,AN,1,0.5,0,CU,10,AWG
1085,KSA2020031941,S000121-000001b,2020031941,AN,1,0.5,0,CU,10,AWG
1086,KSA2020031942,S000121-000001c,2020031942,AN,1,0.5,0,CU,10,AWG
1087,KSA2020031945,S000121-000001c,2020031945,AN,1,0.5,0,CU,10,AWG
1088,KSA2020031950,S000121-000001c,2020031950,AN,1,0.5,0,CU,10,AWG
1089,KSA2020031960,S000121-000001c,2020031960,AN,1,0.5,0,CU,10,AWG
1090,KSA2020031970,S0122-003b-0005,2020031970,BN,1,0.5,0,CU,10,AWG
1091,KSA2020031971,S0122-0004-005B,2020031971,BN,1,0.5,0,CU,10,AWG
1092,KSA2020031972,S0115-0004-005A,2020031972,AN,1,0.5,0,CU,10,AWG
1093,KSA2020031973,S0122-0004-005A,2020031973,BN,1,0.5,0,CU,10,AWG
1094,KSA2020031974,S0122-0004-005B,2020031974,BN,1,0.5,0,CU,10,AWG
1095,KSA2020031975,S0122-0004-005B,2020031975,BN,1,0.5,0,CU,10,AWG
1096,KSA2020031976,S0122-0004-0008,2020031976,BN,1,0.5,0,CU,10,AWG
1097,KSA2020031977,S0115-0004-0006,2020031977,AN,1,0.5,0,CU,10,AWG
1098,KSA2020031978,S0115-0004-005A,2020031978,AN,1,0.5,0,CU,10,AWG
1099,KSA2020031979,S0115-0004-005A,2020031979,AN,1,0.5,0,CU,10,AWG
1100,KSA2020031980,S0115-0004-0005,2020031980,AN,1,0.5,0,CU,10,AWG
1101,KSA2020031981,S0115-0004-0001,2020031981,AN,1,0.5,0,CU,10,AWG
1102,KSA2020031982,S0122-003b-002a,2020031982,BN,1,0.5,0,CU,10,AWG
1103,KSA2020031983,S0115-0004-0002,2020031983,AN,1,0.5,0,CU,10,AWG
1104,KSA2020031984,S000115-0000003,2020031984,CN,1,0.5,0,CU,10,AWG
1105,KSA2020031985,S0122-0004-005B,2020031985,BN,1,0.5,0,CU,10,AWG
1106,KSA2020031986,S0115-0004-0002,2020031986,AN,1,0.5,0,CU,10,AWG
1107,KSA2020031987,S000115-000003A,2020031987,CN,1,0.5,0,CU,10,AWG
1108,KSA2020031988,S000115-000003A,2020031988,CN,1,0.5,0,CU,10,AWG
1109,KSA2020031990,S0122-0004-0007,2020031990,BN,1,47.0,0,ACSR,2,AWG
1110,KSA2020031991,S0122-0004-005B,2020031991,BN,1,0.5,0,CU,10,AWG
1111,KSA2020031992,S0122-0004-02A1,2020031992,BN,1,0.5,0,CU,10,AWG
1112,KSA2020031993,S0115-0004-0002,2020031993,AN,1,47.0,0,ACSR,2,AWG
1113,KSA2020031995,S0122-003b-0001,2020031995,BN,2,40.0,0,ACSR,2,AWG
1114,KSA2020031996,S0122-0004-02A1,2020031996,BN,1,0.5,0,CU,10,AWG
1115,KSA2020031997,S0122-0004-0004,2020031997,BN,1,0.5,0,CU,10,AWG
1116,KSA2020031998,S0122-0004-0004,2020031998,BN,1,0.5,0,CU,10,AWG
1117,KSA2020031999,S0122-0004-005B,2020031999,BN,1,0.5,0,CU,10,AWG
1118,KSA2020032000,S0122-0004-005B,2020032000,BN,1,0.5,0,CU,10,AWG
1119,KSA2020032001,S0122-0004-005A,2020032001,BN,1,0.5,0,CU,10,AWG
1120,KSA2020032002,S0122-003b-004a,2020032002,BN,2,40.0,0,ACSR,2,AWG
1121,KSA2020032003,S0115-0004-0006,2020032003,AN,2,40.0,0,ACSR,2,AWG
1122,KSA2020032004,S000115-000003c,2020032004,CN,2,40.0,0,ACSR,2,AWG
1123,KSA2020032005,S000115-000003A,2020032005,CN,2,40.0,0,ACSR,2,AWG
1124,KSA2020032007,S0115-0004-0006,2020032007,AN,2,40.0,0,ACSR,2,AWG
1125,KSA2020032008,S0115-0004-0006,2020032008,AN,2,40.0,0,ACSR,2,AWG
1126,KSA2020032009,S000115-0000001,2020032009,CN,2,40.0,0,ACSR,2,AWG
1127,KSA2020032010,S0122-003b-0001,2020032010,BN,2,40.0,0,ACSR,2,AWG
1128,KSA2020032011,S0122-003b-002b,2020032011,BN,2,40.0,0,ACSR,2,AWG
1129,KSA2020032012,S0122-003b-0006,2020032012,BN,2,40.0,0,ACSR,2,AWG
1130,KSA2020032014,S000115-0000002,2020032014,CN,2,40.0,0,ACSR,2,AWG
1131,KSA2020032015,S0115-0004-0006,2020032015,AN,2,40.0,0,ACSR,2,AWG
1132,KSA2020032016,S0115-0004-0006,2020032016,AN,2,40.0,0,ACSR,2,AWG
1133,KSA2020032017,S0115-0004-0006,2020032017,AN,2,40.0,0,ACSR,2,AWG
1134,KSA2020032018,S0122-003b-0006,2020032018,BN,2,40.0,0,ACSR,2,AWG
1135,KSA2020032019,S0122-003b-0006,2020032019,BN,2,40.0,0,ACSR,2,AWG
1136,KSA2020032020,S0122-003b-0006,2020032020,BN,2,40.0,0,ACSR,2,AWG
1137,KSA2020040020,S000121-000001b,2020040020,AN,1,0.5,0,CU,10,AWG
1138,KSA2020040027,S000121-000001b,2020040027,AN,1,0.5,0,CU,10,AWG
1139,KSA2020040028,S000121-000001b,2020040028,AN,1,0.5,0,CU,10,AWG
1140,KSA2020040029,S000121-000001b,2020040029,AN,1,0.5,0,CU,10,AWG
1141,KSA2020040040,S000121-000001b,2020040040,AN,1,0.5,0,CU,10,AWG
1142,KSA2020040050,S000121-000001b,2020040050,AN,1,0.5,0,CU,10,AWG
1143,KSA2020040060,S0122-0004-0002,2020040060,BN,1,0.5,0,CU,10,AWG
1144,KSA2020040070,S0122-0004-0002,2020040070,BN,1,0.5,0,CU,10,AWG
1145,KSA2020040080,S0122-0004-0002,2020040080,BN,1,0.5,0,CU,10,AWG
1146,KSA2020040090,S0122-0004-0002,2020040090,BN,1,0.5,0,CU,10,AWG
1147,KSA2020040100,S0122-0004-0002,2020040100,BN,1,0.5,0,CU,10,AWG
1148,KSA2020040110,S0122-0004-0002,2020040110,BN,1,0.5,0,CU,10,AWG
1149,KSA2020040115,S0122-0004-0002,2020040115,BN,1,0.5,0,CU,10,AWG
1150,KSA2020040120,S0122-0004-0002,2020040120,BN,1,0.5,0,CU,10,AWG
1151,KSA2020040123,S0122-0004-0002,2020040123,BN,1,0.5,0,CU,10,AWG
1152,KSA2020040124,S0122-0004-0002,2020040124,BN,1,0.5,0,CU,10,AWG
1153,KSA2020040125,S0122-0004-002A,2020040125,BN,1,0.5,0,CU,10,AWG
1154,KSA2020040130,S0122-0004-02A1,2020040130,BN,1,0.5,0,CU,10,AWG
1155,KSA2020040135,S000116-0000001,2020040135,AN,1,0.5,0,CU,10,AWG
1156,KSA2020040155,S0122-0004-002A,2020040155,BN,1,0.5,0,CU,10,AWG
1157,KSA2020040160,S0122-0004-002A,2020040160,BN,1,55.0,0,ACSR,2,AWG
1158,KSA2020040170,S0122-0004-002B,2020040170,BN,1,0.5,0,CU,10,AWG
1159,KSA2020040175,S0122-0004-002A,2020040175,BN,1,0.5,0,CU,10,AWG
1160,KSA2020040190,S0122-0004-002B,2020040190,BN,1,0.5,0,CU,10,AWG
1161,KSA2020040195,S0126-0012-001A,2020040195,AN,1,0.5,0,CU,10,AWG
1162,KSA2020040200,S0122-0004-002B,2020040200,BN,1,0.5,0,CU,10,AWG
1163,KSA2020040210,S0122-0004-002B,2020040210,BN,1,0.5,0,CU,10,AWG
1164,KSA2020040215,S0122-0004-002A,2020040215,BN,1,0.5,0,CU,10,AWG
1165,KSA2020040220,S0122-0004-0002,2020040220,BN,1,0.5,0,CU,10,AWG
1166,KSA2020040230,S0122-0004-0002,2020040230,BN,1,0.5,0,CU,10,AWG
1167,KSA2020040235,S000115-0000004,2020040235,CN,1,0.5,0,CU,10,AWG
1168,KSA2020040240,S0122-0004-0002,2020040240,BN,1,0.5,0,CU,10,AWG
1169,KSA2020040245,S000116-0000001,2020040245,AN,1,0.5,0,CU,10,AWG
1170,KSA2020040250,S0122-0004-0001,2020040250,BN,1,0.5,0,CU,10,AWG
1171,KSA2020040260,S0122-0004-0001,2020040260,BN,1,0.5,0,CU,10,AWG
1172,KSA2020040270,S0122-0004-0001,2020040270,BN,1,0.5,0,CU,10,AWG
1173,KSA2020040271,S0122-0004-0001,2020040271,BN,1,0.5,0,CU,10,AWG
1174,KSA2020040273,S0122-0004-0001,2020040273,BN,1,0.5,0,CU,10,AWG
1175,KSA2020040274,S0122-0004-0001,2020040274,BN,1,0.5,0,CU,10,AWG
1176,KSA2020040275,S0122-0004-0001,2020040275,BN,1,0.5,0,CU,10,AWG
1177,KSA2020040276,S0122-0004-0001,2020040276,BN,1,0.5,0,CU,10,AWG
1178,KSA2020040277,S0122-0004-0001,2020040277,BN,1,0.5,0,CU,10,AWG
1179,KSA2020040278,S0122-0004-0001,2020040278,BN,1,0.5,0,CU,10,AWG
1180,KSA2020040280,S0122-0004-0001,2020040280,BN,1,0.5,0,CU,10,AWG
1181,KSA2020040285,S0122-0004-0001,2020040285,BN,1,0.5,0,CU,10,AWG
1182,KSA2020040295,S000125-0000001,2020040295,CN,1,0.5,0,CU,10,AWG
1183,KSA2020040296,S000121-000001b,2020040296,AN,1,0.5,0,CU,10,AWG
1184,KSA2020040300,S0122-0004-0001,2020040300,BN,1,0.5,0,CU,10,AWG
1185,KSA2020040305,S000125-0000001,2020040305,CN,1,0.5,0,CU,10,AWG
1186,KSA2020040310,S000125-0000001,2020040310,CN,1,0.5,0,CU,10,AWG
1187,KSA2020040320,S0122-0004-0001,2020040320,BN,1,0.5,0,CU,10,AWG
1188,KSA2020040330,S0122-0004-0001,2020040330,BN,1,0.5,0,CU,10,AWG
1189,KSA2020040340,S0122-0004-0001,2020040340,BN,1,0.5,0,CU,10,AWG
1190,KSA2020040345,S000121-0000001,2020040345,AN,1,0.5,0,CU,10,AWG
1191,KSA2020040350,S0122-0004-0001,2020040350,BN,1,0.5,0,CU,10,AWG
1192,KSA2020040355,S000121-0000001,2020040355,AN,1,0.5,0,CU,10,AWG
1193,KSA2020040370,S000121-000001a,2020040370,AN,1,0.5,0,CU,10,AWG
1194,KSA2020040375,S000121-0000001,2020040375,AN,1,0.5,0,CU,10,AWG
1195,KSA2020040380,S000121-000001a,2020040380,AN,1,0.5,0,CU,10,AWG
1196,KSA2020040385,S000121-000001a,2020040385,AN,1,0.5,0,CU,10,AWG
1197,KSA2020040395,S000121-000001b,2020040395,AN,1,0.5,0,CU,10,AWG
1198,KSA2020040400,S000121-000001a,2020040400,AN,1,0.5,0,CU,10,AWG
1199,KSA2020040405,S000125-0000001,2020040405,CN,1,0.5,0,CU,10,AWG
1200,KSA2020040410,S000121-0000001,2020040410,AN,1,0.5,0,CU,10,AWG
1201,KSA2020040415,S0115-0004-0001,2020040415,AN,1,0.5,0,CU,10,AWG
1202,KSA2020040420,S000121-0000001,2020040420,AN,1,0.5,0,CU,10,AWG
1203,KSA2020040430,S000121-0000001,2020040430,AN,1,0.5,0,CU,10,AWG
1204,KSA2020040440,S000119-0000003,2020040440,AN,1,0.5,0,CU,10,AWG
1205,KSA2020040450,S000121-0000001,2020040450,AN,1,0.5,0,CU,10,AWG
1206,KSA2020040460,S000119-0000004,2020040460,AN,1,0.5,0,CU,10,AWG
1207,KSA2020040470,S000119-000004A,2020040470,AN,1,0.5,0,CU,10,AWG
1208,KSA2020040475,S000119-000004A,2020040475,AN,1,0.5,0,CU,10,AWG
1209,KSA2020040480,S000115-0000004,2020040480,CN,1,0.5,0,CU,10,AWG
1210,KSA2020040485,S0122-0004-002A,2020040485,BN,1,0.5,0,CU,10,AWG
1211,KSA2020040490,S000119-000004A,2020040490,AN,1,0.5,0,CU,10,AWG
1212,KSA2020040500,S000119-000004A,2020040500,AN,1,0.5,0,CU,10,AWG
1213,KSA2020040505,S000119-000004A,2020040505,AN,1,0.5,0,CU,10,AWG
1214,KSA2020040510,S000119-000004A,2020040510,AN,1,0.5,0,CU,10,AWG
1215,KSA2020040520,S000119-000004A,2020040520,AN,1,0.5,0,CU,10,AWG
1216,KSA2020040525,S0122-0004-0002,2020040525,BN,1,0.5,0,CU,10,AWG
1217,KSA2020040530,S000119-000004A,2020040530,AN,1,0.5,0,CU,10,AWG
1218,KSA2020040535,S000119-000004A,2020040535,AN,1,0.5,0,CU,10,AWG
1219,KSA2020040540,S000119-000004A,2020040540,AN,1,0.5,0,CU,10,AWG
1220,KSA2020040545,S000119-000004A,2020040545,AN,1,0.5,0,CU,10,AWG
1221,KSA2020040546,S000119-000004A,2020040546,AN,1,0.5,0,CU,10,AWG
1222,KSA2020040550,S000119-000004A,2020040550,AN,1,0.5,0,CU,10,AWG
1223,KSA2020040555,S000119-000004A,2020040555,AN,1,0.5,0,CU,10,AWG
1224,KSA2020040560,S000119-000004A,2020040560,AN,1,0.5,0,CU,10,AWG
1225,KSA2020040575,S000119-000004A,2020040575,AN,1,0.5,0,CU,10,AWG
1226,KSA2020040580,S000115-0000001,2020040580,CN,1,0.5,0,CU,10,AWG
1227,KSA2020040590,S000119-000004a,2020040590,AN,1,0.5,0,CU,10,AWG
1228,KSA2020040605,S000116-0000002,2020040605,AN,1,0.5,0,CU,10,AWG
1229,KSA2020040610,S000119-000004a,2020040610,AN,1,0.5,0,CU,10,AWG
1230,KSA2020040630,S000119-0000004,2020040630,AN,1,0.5,0,CU,10,AWG
1231,KSA2020040635,S000119-0000002,2020040635,AN,1,0.5,0,CU,10,AWG
1232,KSA2020040640,S000119-0000002,2020040640,AN,1,0.5,0,CU,10,AWG
1233,KSA2020040650,S000119-0000004,2020040650,AN,1,0.5,0,CU,10,AWG
1234,KSA2020040660,S000119-0000002,2020040660,AN,1,0.5,0,CU,10,AWG
1235,KSA2020040665,S000119-0000004,2020040665,AN,1,0.5,0,CU,10,AWG
1236,KSA2020040670,S000119-0000003,2020040670,AN,1,0.5,0,CU,10,AWG
1237,KSA2020040675,S0122-0004-002B,2020040675,BN,1,0.5,0,CU,10,AWG
1238,KSA2020040680,S000119-0000003,2020040680,AN,1,0.5,0,CU,10,AWG
1239,KSA2020040685,S000119-0000003,2020040685,AN,1,0.5,0,CU,10,AWG
1240,KSA2020040690,S000119-0000002,2020040690,AN,1,0.5,0,CU,10,AWG
1241,KSA2020040695,S000119-000004a,2020040695,AN,1,0.5,0,CU,10,AWG
1242,KSA2020040700,S000115-00003cA,2020040700,CN,1,0.5,0,CU,10,AWG
1243,KSA2020040710,S000115-00003cA,2020040710,CN,1,0.5,0,CU,10,AWG
1244,KSA2020040715,S000116-0000002,2020040715,AN,1,0.5,0,CU,10,AWG
1245,KSA2020040720,S000115-00003cA,2020040720,CN,1,0.5,0,CU,10,AWG
1246,KSA2020040730,S000119-0000002,2020040730,AN,1,0.5,0,CU,10,AWG
1247,KSA2020040735,S000119-0000002,2020040735,AN,1,0.5,0,CU,10,AWG
1248,KSA2020040745,S000119-0000002,2020040745,AN,1,0.5,0,CU,10,AWG
1249,KSA2020040750,S000119-000004A,2020040750,AN,1,0.5,0,CU,10,AWG
1250,KSA2020040755,S000119-0000001,2020040755,AN,1,0.5,0,CU,10,AWG
1251,KSA2020040765,S000119-0000001,2020040765,AN,1,0.5,0,CU,10,AWG
1252,KSA2020040770,S000116-0000001,2020040770,AN,1,0.5,0,CU,10,AWG
1253,KSA2020040775,S000116-0000001,2020040775,AN,1,0.5,0,CU,10,AWG
1254,KSA2020040780,S000119-0000001,2020040780,AN,1,0.5,0,CU,10,AWG
1255,KSA2020040784,S000119-0000002,2020040784,AN,1,0.5,0,CU,10,AWG
1256,KSA2020040785,S000119-0000002,2020040785,AN,1,0.5,0,CU,10,AWG
1257,KSA2020040790,S000116-0000002,2020040790,AN,1,0.5,0,CU,10,AWG
1258,KSA2020040793,S000119-0000002,2020040793,AN,1,0.5,0,CU,10,AWG
1259,KSA2020040795,S000116-0000002,2020040795,AN,1,0.5,0,CU,10,AWG
1260,KSA2020040801,S000116-0000002,2020040801,AN,1,0.5,0,CU,10,AWG
1261,KSA2020040802,S000116-0000002,2020040802,AN,1,0.5,0,CU,10,AWG
1262,KSA2020040803,S000116-0000002,2020040803,AN,1,0.5,0,CU,10,AWG
1263,KSA2020040804,S000116-0000002,2020040804,AN,1,0.5,0,CU,10,AWG
1264,KSA2020040805,S000116-0000002,2020040805,AN,1,0.5,0,CU,10,AWG
1265,KSA2020040806,S000116-0000002,2020040806,AN,1,0.5,0,CU,10,AWG
1266,KSA2020040807,S000116-0000002,2020040807,AN,1,0.5,0,CU,10,AWG
1267,KSA2020040808,S000116-0000002,2020040808,AN,1,0.5,0,CU,10,AWG
1268,KSA2020040809,S000116-0000002,2020040809,AN,1,0.5,0,CU,10,AWG
1269,KSA2020040815,S000116-0000002,2020040815,AN,1,0.5,0,CU,10,AWG
1270,KSA2020040820,S000116-0000001,2020040820,AN,1,0.5,0,CU,10,AWG
1271,KSA2020040825,S000116-0000002,2020040825,AN,1,0.5,0,CU,10,AWG
1272,KSA2020040830,S000116-0000001,2020040830,AN,1,0.5,0,CU,10,AWG
1273,KSA2020040835,S000116-0000001,2020040835,AN,1,0.5,0,CU,10,AWG
1274,KSA2020040840,S000116-0000001,2020040840,AN,1,0.5,0,CU,10,AWG
1275,KSA2020040850,S000116-0000001,2020040850,AN,1,0.5,0,CU,10,AWG
1276,KSA2020040860,S000115-0000004,2020040860,CN,1,0.5,0,CU,10,AWG
1277,KSA2020040865,S000116-0000001,2020040865,AN,1,0.5,0,CU,10,AWG
1278,KSA2020040886,S000116-0000001,2020040886,AN,1,0.5,0,CU,10,AWG
1279,KSA2020040900,S000116-0000001,2020040900,AN,1,0.5,0,CU,10,AWG
1280,KSA2020040902,S000115-0000004,2020040902,CN,1,0.5,0,CU,10,AWG
1281,KSA2020040903,S000116-0000001,2020040903,AN,1,0.5,0,CU,10,AWG
1282,KSA2020040904,S000116-0000001,2020040904,AN,1,0.5,0,CU,10,AWG
1283,KSA2020040905,S000115-0000004,2020040905,CN,1,0.5,0,CU,10,AWG
1284,KSA2020040907,S000115-0000004,2020040907,CN,1,0.5,0,CU,10,AWG
1285,KSA2020040920,S000116-0000001,2020040920,AN,1,0.5,0,CU,10,AWG
1286,KSA2020040921,S000116-0000001,2020040921,AN,1,0.5,0,CU,10,AWG
1287,KSA2020040930,S000116-0000001,2020040930,AN,1,0.5,0,CU,10,AWG
1288,KSA2020040935,S000116-0000002,2020040935,AN,1,0.5,0,CU,10,AWG
1289,KSA2020040958,S00117B-0000002,2020040958,BN,1,0.5,0,CU,10,AWG
1290,KSA2020041040,S0115-0004-0001,2020041040,AN,1,0.5,0,CU,10,AWG
1291,KSA2020041060,S0115-0004-0001,2020041060,AN,1,0.5,0,CU,10,AWG
1292,KSA2020041080,S0115-0004-0001,2020041080,AN,1,0.5,0,CU,10,AWG
1293,KSA2020041090,S0115-0004-0001,2020041090,AN,1,0.5,0,CU,10,AWG
1294,KSA2020041095,S0115-0004-0001,2020041095,AN,1,0.5,0,CU,10,AWG
1295,KSA2020041100,S0115-0004-0001,2020041100,AN,1,0.5,0,CU,10,AWG
1296,KSA2020041110,S00117B-0000002,2020041110,BN,1,0.5,0,CU,10,AWG
1297,KSA2020041120,S00117B-0000002,2020041120,BN,1,0.5,0,CU,10,AWG
1298,KSA2020041125,S0115-0004-0002,2020041125,AN,1,0.5,0,CU,10,AWG
1299,KSA2020041130,S00117B-0000002,2020041130,BN,1,0.5,0,CU,10,AWG
1300,KSA2020041301,S0126-0012-001A,2020041301,AN,1,0.5,0,CU,10,AWG
1301,KSA2020041308,S0126-0012-001A,2020041308,AN,1,0.5,0,CU,10,AWG
1302,KSA2020041336,S000116-0000001,2020041336,AN,1,0.5,0,CU,10,AWG
1303,KSA2020041380,S0126-0012-001A,2020041380,AN,1,0.5,0,CU,10,AWG
1304,KSA2020041546,S0126-0012-001A,2020041546,AN,1,0.5,0,CU,10,AWG
1305,KSA2020041631,S000121-0000001,2020041631,AN,1,0.5,0,CU,10,AWG
1306,KSA2020041632,S0115-0004-0001,2020041632,AN,1,0.5,0,CU,10,AWG
1307,KSA2020041634,S000116-0000002,2020041634,AN,1,0.5,0,CU,10,AWG
1308,KSA2020041636,S000115-0000003,2020041636,CN,1,0.5,0,CU,10,AWG
1309,KSA2020041637,S000119-000004a,2020041637,AN,1,0.5,0,CU,10,AWG
1310,KSA2020041638,S000119-000003B,2020041638,AN,1,0.5,0,CU,10,AWG
1311,KSA2020041639,S000119-000004A,2020041639,AN,1,0.5,0,CU,10,AWG
1312,KSA2020041640,S000119-0000003,2020041640,AN,1,0.5,0,CU,10,AWG
1313,KSA2020041641,S000125-0000001,2020041641,CN,1,0.5,0,CU,10,AWG
1314,KSA2020041643,S00117B-0000002,2020041643,BN,1,0.5,0,CU,10,AWG
1315,KSA2020041644,S000115-000003a,2020041644,CN,1,0.5,0,CU,10,AWG
1316,KSA2020041645,S000115-000003a,2020041645,CN,1,0.5,0,CU,10,AWG
1317,KSA2020041646,S000115-000003a,2020041646,CN,1,0.5,0,CU,10,AWG
1318,KSA2020041647,S000115-000003a,2020041647,CN,1,0.5,0,CU,10,AWG
1319,KSA2020041648,S00115B-0000001,2020041648,AN,1,6.0,0,CU,2,AWG
1320,KSA2020041649,S0115-0004-0001,2020041649,AN,1,0.5,0,CU,10,AWG
1321,KSA2020041652,S000119-0000004,2020041652,AN,1,0.5,0,CU,10,AWG
1322,KSA2020041653,S000119-0000004,2020041653,AN,1,0.5,0,CU,10,AWG
1323,KSA2020041654,S000119-0000004,2020041654,AN,1,0.5,0,CU,10,AWG
1324,KSA2020041655,S000119-0000004,2020041655,AN,1,0.5,0,CU,10,AWG
1325,KSA2020041656,S000119-0000004,2020041656,AN,1,0.5,0,CU,10,AWG
1326,KSA2020041659,S000119-000004A,2020041659,AN,1,1.0,0,ACSR,2,AWG
1327,KSA2020041660,S0122-0004-002B,2020041660,BN,1,1.0,0,ACSR,2,AWG
1328,KSA2020041661,S00117B-0000002,2020041661,BN,1,1.0,0,ACSR,2,AWG
1329,KSA2020041662,S00117B-0000002,2020041662,BN,1,1.0,0,ACSR,2,AWG
1330,KSA2020041666,S000116-0000002,2020041666,AN,1,1.0,0,ACSR,2,AWG
1331,KSA2020041668,S000119-000004A,2020041668,AN,1,1.0,0,ACSR,2,AWG
1332,KSA2020041669,S0122-0004-002A,2020041669,BN,1,1.0,0,ACSR,2,AWG
1333,KSA2020041670,S000119-0000003,2020041670,AN,1,1.0,0,ACSR,2,AWG
1334,KSA2020041671,S000119-000004A,2020041671,AN,1,1.0,0,ACSR,2,AWG
1335,KSA2020050020,S0126-0010-002A,2020050020,AN,1,0.5,0,CU,10,AWG
1336,KSA2020050030,S0126-008B-0004,2020050030,BN,1,0.5,0,CU,10,AWG
1337,KSA2020050044,S0126-0012-001A,2020050044,AN,1,0.5,0,CU,10,AWG
1338,KSA2020050048,S0126-0012-001A,2020050048,AN,1,0.5,0,CU,10,AWG
1339,KSA2020050054,S0126-0010-002A,2020050054,AN,1,0.5,0,CU,10,AWG
1340,KSA2020050058,S0126-0010-0002,2020050058,AN,1,0.5,0,CU,10,AWG
1341,KSA2020050120,S0126-0010-0002,2020050120,AN,1,0.5,0,CU,10,AWG
1342,KSA2020050125,S000121-0000001,2020050125,AN,1,0.5,0,CU,10,AWG
1343,KSA2020050135,S0126-0012-001A,2020050135,AN,1,0.5,0,CU,10,AWG
1344,KSA2020050145,S0126-0006-003C,2020050145,AN,1,0.5,0,CU,10,AWG
1345,KSA2020050150,S0126-008B-0004,2020050150,BN,1,0.5,0,CU,10,AWG
1346,KSA2020050165,S0126-008B-0004,2020050165,BN,1,0.5,0,CU,10,AWG
1347,KSA2020050175,S000125-000003A,2020050175,CN,1,0.5,0,CU,10,AWG
1348,KSA2020050195,S0126-008B-0004,2020050195,BN,1,0.5,0,CU,10,AWG
1349,KSA2020050228,S0126-0010-002A,2020050228,AN,1,0.5,0,CU,10,AWG
1350,KSA2020050229,S0126-0010-002A,2020050229,AN,1,0.5,0,CU,10,AWG
1351,KSA2020050230,S0126-0010-002B,2020050230,AN,1,0.5,0,CU,10,AWG
1352,KSA2020050231,S0126-008B-0004,2020050231,BN,1,0.5,0,CU,10,AWG
1353,KSA2020050232,S0126-0010-002B,2020050232,AN,1,0.5,0,CU,10,AWG
1354,KSA2020050233,S0126-0010-002A,2020050233,AN,1,0.5,0,CU,10,AWG
1355,KSA2020050234,S0126-0012-001A,2020050234,AN,1,0.5,0,CU,10,AWG
1356,KSA2020050235,S0126-0010-002A,2020050235,AN,1,0.5,0,CU,10,AWG
1357,KSA2020050236,S0126-0010-002B,2020050236,AN,1,0.5,0,CU,10,AWG
1358,KSA2020050241,S0126-0010-002B,2020050241,AN,1,0.5,0,CU,10,AWG
1359,KSA2020050244,S0126-0010-002B,2020050244,AN,1,0.5,0,CU,10,AWG
1360,KSA2020050245,S0126-0010-002B,2020050245,AN,1,0.5,0,CU,10,AWG
1361,KSA2020050246,S0126-0010-002B,2020050246,AN,1,0.5,0,CU,10,AWG
1362,KSA2020050260,S0126-0010-002B,2020050260,AN,1,0.5,0,CU,10,AWG
1363,KSA2020050262,S0126-0010-002B,2020050262,AN,1,0.5,0,CU,10,AWG
1364,KSA2020050263,S0126-0010-002B,2020050263,AN,1,0.5,0,CU,10,AWG
1365,KSA2020050264,S0126-0010-002B,2020050264,AN,1,0.5,0,CU,10,AWG
1366,KSA2020050266,S0126-0010-002B,2020050266,AN,1,0.5,0,CU,10,AWG
1367,KSA2020050268,S0126-0010-002B,2020050268,AN,1,0.5,0,CU,10,AWG
1368,KSA2020050275,S0126-0006-003C,2020050275,AN,1,0.5,0,CU,10,AWG
1369,KSA2020050285,S0126-008B-0004,2020050285,BN,1,0.5,0,CU,10,AWG
1370,KSA2020050295,S000119-000004B,2020050295,AN,1,0.5,0,CU,10,AWG
1371,KSA2020050300,S000119-000003B,2020050300,AN,1,0.5,0,CU,10,AWG
1372,KSA2020050305,S000119-000003B,2020050305,AN,1,0.5,0,CU,10,AWG
1373,KSA2020050310,S000119-000003B,2020050310,AN,1,0.5,0,CU,10,AWG
1374,KSA2020050315,S000119-000003B,2020050315,AN,1,0.5,0,CU,10,AWG
1375,KSA2020050335,S000119-000003B,2020050335,AN,1,0.5,0,CU,10,AWG
1376,KSA2020050365,S0126-0006-003C,2020050365,AN,1,0.5,0,CU,10,AWG
1377,KSA2020050370,S0126-008B-0004,2020050370,BN,1,0.5,0,CU,10,AWG
1378,KSA2020050371,S0126-008B-0004,2020050371,BN,1,0.5,0,CU,10,AWG
1379,KSA2020050385,S0126-008B-0004,2020050385,BN,1,0.5,0,CU,10,AWG
1380,KSA2020050395,S0126-008B-0004,2020050395,BN,1,0.5,0,CU,10,AWG
1381,KSA2020050396,S0126-008B-0004,2020050396,BN,1,0.5,0,CU,10,AWG
1382,KSA2020050397,S0126-008B-0004,2020050397,BN,1,0.5,0,CU,10,AWG
1383,KSA2020050400,S0126-008B-0004,2020050400,BN,1,0.5,0,CU,10,AWG
1384,KSA2020050410,S0126-008B-0004,2020050410,BN,1,0.5,0,CU,10,AWG
1385,KSA2020050415,S0126-0006-003C,2020050415,AN,1,0.5,0,CU,10,AWG
1386,KSA2020050420,S0126-008B-0004,2020050420,BN,1,0.5,0,CU,10,AWG
1387,KSA2020050425,S0126-0006-003C,2020050425,AN,1,0.5,0,CU,10,AWG
1388,KSA2020050430,S0126-008B-0004,2020050430,BN,1,0.5,0,CU,10,AWG
1389,KSA2020050435,S0126-008B-0004,2020050435,BN,1,0.5,0,CU,10,AWG
1390,KSA2020050445,S0126-0010-002B,2020050445,AN,1,0.5,0,CU,10,AWG
1391,KSA2020050450,S0126-008B-0004,2020050450,BN,1,0.5,0,CU,10,AWG
1392,KSA2020050455,S000119-000004D,2020050455,AN,1,0.5,0,CU,10,AWG
1393,KSA2020050470,S0126-008B-0003,2020050470,BN,1,0.5,0,CU,10,AWG
1394,KSA2020050475,S0126-0010-002B,2020050475,AN,1,0.5,0,CU,10,AWG
1395,KSA2020050480,S0126-008B-0003,2020050480,BN,1,0.5,0,CU,10,AWG
1396,KSA2020050485,S000116-0000002,2020050485,AN,1,0.5,0,CU,10,AWG
1397,KSA2020050495,S0126-0010-002B,2020050495,AN,1,0.5,0,CU,10,AWG
1398,KSA2020050500,S000116-0000002,2020050500,AN,1,0.5,0,CU,10,AWG
1399,KSA2020050505,S0126-0010-002B,2020050505,AN,1,0.5,0,CU,10,AWG
1400,KSA2020050510,S000116-0000002,2020050510,AN,1,0.5,0,CU,10,AWG
1401,KSA2020050520,S0126-008B-0004,2020050520,BN,1,0.5,0,CU,10,AWG
1402,KSA2020050525,S0126-0010-002B,2020050525,AN,1,0.5,0,CU,10,AWG
1403,KSA2020050535,S0126-008B-0003,2020050535,BN,1,0.5,0,CU,10,AWG
1404,KSA2020050540,S0126-008B-0003,2020050540,BN,1,0.5,0,CU,10,AWG
1405,KSA2020050545,S0126-0010-002B,2020050545,AN,1,0.5,0,CU,10,AWG
1406,KSA2020050550,S0126-008B-0003,2020050550,BN,1,0.5,0,CU,10,AWG
1407,KSA2020050555,S0126-0010-002B,2020050555,AN,1,0.5,0,CU,10,AWG
1408,KSA2020050560,S0126-008B-0003,2020050560,BN,1,0.5,0,CU,10,AWG
1409,KSA2020050565,S0126-0010-002B,2020050565,AN,1,0.5,0,CU,10,AWG
1410,KSA2020050570,S0126-08B1-0001,2020050570,BN,1,5.0,0,CU,2,AWG
1411,KSA2020050575,S0126-008B-0001,2020050575,BN,1,5.0,0,CU,2,AWG
1412,KSA2020050576,S0126-008B-0002,2020050576,BN,1,0.5,0,CU,10,AWG
1413,KSA2020050584,S0126-008B-0003,2020050584,BN,1,0.5,0,CU,10,AWG
1414,KSA2020050587,S0126-008B-0003,2020050587,BN,1,0.5,0,CU,10,AWG
1415,KSA2020050588,S0126-008B-0003,2020050588,BN,1,0.5,0,CU,10,AWG
1416,KSA2020050605,S0126-0010-002B,2020050605,AN,1,0.5,0,CU,10,AWG
1417,KSA2020050610,S0126-008B-0002,2020050610,BN,1,0.5,0,CU,10,AWG
1418,KSA2020050615,S000125-0000004,2020050615,CN,1,0.5,0,CU,10,AWG
1419,KSA2020050620,S0126-008B-0002,2020050620,BN,1,0.5,0,CU,10,AWG
1420,KSA2020050625,S0126-008B-0002,2020050625,BN,1,0.5,0,CU,10,AWG
1421,KSA2020050635,S000125-0000002,2020050635,CN,1,0.5,0,CU,10,AWG
1422,KSA2020050650,S0126-0006-003C,2020050650,AN,1,0.5,0,CU,10,AWG
1423,KSA2020050653,S0126-008B-0003,2020050653,BN,1,0.5,0,CU,10,AWG
1424,KSA2020050656,S0126-0006-003C,2020050656,AN,1,0.5,0,CU,10,AWG
1425,KSA2020050660,S0126-0010-002B,2020050660,AN,1,0.5,0,CU,10,AWG
1426,KSA2020050665,S000125-0000002,2020050665,CN,1,0.5,0,CU,10,AWG
1427,KSA2020050675,S0126-0006-003C,2020050675,AN,1,0.5,0,CU,10,AWG
1428,KSA2020050677,S0126-0006-003C,2020050677,AN,1,0.5,0,CU,10,AWG
1429,KSA2020050678,S0126-0006-003C,2020050678,AN,1,0.5,0,CU,10,AWG
1430,KSA2020050680,S0126-0006-003C,2020050680,AN,1,0.5,0,CU,10,AWG
1431,KSA2020050685,S000121-000001B,2020050685,AN,1,0.5,0,CU,10,AWG
1432,KSA2020050690,S0126-0006-003C,2020050690,AN,1,0.5,0,CU,10,AWG
1433,KSA2020050695,S0126-0010-002A,2020050695,AN,1,0.5,0,CU,10,AWG
1434,KSA2020050700,S0126-0006-003C,2020050700,AN,1,0.5,0,CU,10,AWG
1435,KSA2020050705,S000125-0000002,2020050705,CN,1,0.5,0,CU,10,AWG
1436,KSA2020050710,S0126-0006-003C,2020050710,AN,1,0.5,0,CU,10,AWG
1437,KSA2020050715,S000119-000004D,2020050715,AN,1,0.5,0,CU,10,AWG
1438,KSA2020050720,S0126-0012-0001,2020050720,AN,1,0.5,0,CU,10,AWG
1439,KSA2020050725,S0126-0012-001A,2020050725,AN,1,0.5,0,CU,10,AWG
1440,KSA2020050730,S0126-0006-003B,2020050730,AN,1,0.5,0,CU,10,AWG
1441,KSA2020050735,S0126-0010-0002,2020050735,AN,1,0.5,0,CU,10,AWG
1442,KSA2020050740,S000119-000003B,2020050740,AN,1,0.5,0,CU,10,AWG
1443,KSA2020050745,S0126-0010-002A,2020050745,AN,1,0.5,0,CU,10,AWG
1444,KSA2020050750,S000119-000003B,2020050750,AN,1,0.5,0,CU,10,AWG
1445,KSA2020050755,S000119-000003B,2020050755,AN,1,0.5,0,CU,10,AWG
1446,KSA2020050760,S000119-000003B,2020050760,AN,1,0.5,0,CU,10,AWG
1447,KSA2020050770,S000119-000003B,2020050770,AN,1,0.5,0,CU,10,AWG
1448,KSA2020050775,S000125-0000001,2020050775,CN,1,0.5,0,CU,10,AWG
1449,KSA2020050780,S000125-000003B,2020050780,CN,1,0.5,0,CU,10,AWG
1450,KSA2020050790,S000125-000003B,2020050790,CN,1,0.5,0,CU,10,AWG
1451,KSA2020050795,S000119-000004B,2020050795,AN,1,0.5,0,CU,10,AWG
1452,KSA2020050800,S0126-0006-003B,2020050800,AN,1,0.5,0,CU,10,AWG
1453,KSA2020050805,S0126-0010-002B,2020050805,AN,1,0.5,0,CU,10,AWG
1454,KSA2020050810,S000119-000004D,2020050810,AN,1,0.5,0,CU,10,AWG
1455,KSA2020050815,S0126-008B-0003,2020050815,BN,2,51.0,0,ACSR,2,AWG
1456,KSA2020050820,S000119-000004D,2020050820,AN,1,0.5,0,CU,10,AWG
1457,KSA2020050825,S000119-000004D,2020050825,AN,1,0.5,0,CU,10,AWG
1458,KSA2020050830,S000119-000004D,2020050830,AN,1,0.5,0,CU,10,AWG
1459,KSA2020050835,S0126-0006-0002,2020050835,AN,1,0.5,0,CU,10,AWG
1460,KSA2020050840,S000119-000004D,2020050840,AN,1,0.5,0,CU,10,AWG
1461,KSA2020050845,S0126-0012-001A,2020050845,AN,1,0.5,0,CU,10,AWG
1462,KSA2020050850,S000119-000004D,2020050850,AN,1,0.5,0,CU,10,AWG
1463,KSA2020050855,S000119-000004D,2020050855,AN,1,64.0,0,ACSR,2,AWG
1464,KSA2020050870,S000119-000004D,2020050870,AN,1,0.5,0,CU,10,AWG
1465,KSA2020050880,S000119-000004C,2020050880,AN,1,0.5,0,CU,10,AWG
1466,KSA2020050890,S000119-000004C,2020050890,AN,1,0.5,0,CU,10,AWG
1467,KSA2020050895,S000119-000004C,2020050895,AN,1,0.5,0,CU,10,AWG
1468,KSA2020050896,S0126-0006-003B,2020050896,AN,1,0.5,0,CU,10,AWG
1469,KSA2020050900,S000119-000004C,2020050900,AN,1,0.5,0,CU,10,AWG
1470,KSA2020050905,S000119-000004C,2020050905,AN,1,0.5,0,CU,10,AWG
1471,KSA2020050920,S000119-000004C,2020050920,AN,1,0.5,0,CU,10,AWG
1472,KSA2020050930,S0126-0006-001A,2020050930,AN,1,0.5,0,CU,10,AWG
1473,KSA2020050935,S0126-0006-001A,2020050935,AN,1,0.5,0,CU,10,AWG
1474,KSA2020050945,S0126-0006-001A,2020050945,AN,1,0.5,0,CU,10,AWG
1475,KSA2020050955,S000119-000003B,2020050955,AN,1,0.5,0,CU,10,AWG
1476,KSA2020050960,S000119-000004B,2020050960,AN,1,0.5,0,CU,10,AWG
1477,KSA2020050970,S000119-000004B,2020050970,AN,1,0.5,0,CU,10,AWG
1478,KSA2020050977,S000119-000004B,2020050977,AN,1,0.5,0,CU,10,AWG
1479,KSA2020050990,S000119-000004B,2020050990,AN,1,0.5,0,CU,10,AWG
1480,KSA2020051000,S000119-000004B,2020051000,AN,1,0.5,0,CU,10,AWG
1481,KSA2020051010,S000119-000004B,2020051010,AN,1,0.5,0,CU,10,AWG
1482,KSA2020051020,S000119-000004B,2020051020,AN,1,0.5,0,CU,10,AWG
1483,KSA2020051030,S000119-000004B,2020051030,AN,1,0.5,0,CU,10,AWG
1484,KSA2020051045,S000119-000004B,2020051045,AN,1,0.5,0,CU,10,AWG
1485,KSA2020051050,S000119-000004B,2020051050,AN,1,0.5,0,CU,10,AWG
1486,KSA2020051060,S000119-000004B,2020051060,AN,1,0.5,0,CU,10,AWG
1487,KSA2020051070,S000119-000004B,2020051070,AN,1,0.5,0,CU,10,AWG
1488,KSA2020051075,S000119-000004B,2020051075,AN,1,0.5,0,CU,10,AWG
1489,KSA2020051080,S000125-000003C,2020051080,CN,1,0.5,0,CU,10,AWG
1490,KSA2020051088,S000125-000003C,2020051088,CN,1,0.5,0,CU,10,AWG
1491,KSA2020051092,S000125-000003C,2020051092,CN,1,0.5,0,CU,10,AWG
1492,KSA2020051093,S000125-000003C,2020051093,CN,1,0.5,0,CU,10,AWG
1493,KSA2020051095,S000125-000003C,2020051095,CN,1,0.5,0,CU,10,AWG
1494,KSA2020051100,S000125-000003C,2020051100,CN,1,0.5,0,CU,10,AWG
1495,KSA2020051110,S000125-000003C,2020051110,CN,1,0.5,0,CU,10,AWG
1496,KSA2020051120,S000125-000003B,2020051120,CN,1,0.5,0,CU,10,AWG
1497,KSA2020051130,S000121-000001B,2020051130,AN,1,0.5,0,CU,10,AWG
1498,KSA2020051140,S000121-000001B,2020051140,AN,1,0.5,0,CU,10,AWG
1499,KSA2020051150,S000121-000001B,2020051150,AN,1,0.5,0,CU,10,AWG
1500,KSA2020051170,S000121-000001B,2020051170,AN,1,0.5,0,CU,10,AWG
1501,KSA2020051173,S000121-000001b,2020051173,AN,1,0.5,0,CU,10,AWG
1502,KSA2020051175,S000121-000001B,2020051175,AN,1,0.5,0,CU,10,AWG
1503,KSA2020051190,S000121-000001A,2020051190,AN,1,0.5,0,CU,10,AWG
1504,KSA2020051192,S000121-000001A,2020051192,AN,1,0.5,0,CU,10,AWG
1505,KSA2020051200,S000121-000001B,2020051200,AN,1,0.5,0,CU,10,AWG
1506,KSA2020051210,S000121-000001A,2020051210,AN,1,0.5,0,CU,10,AWG
1507,KSA2020051220,S000121-000001A,2020051220,AN,1,0.5,0,CU,10,AWG
1508,KSA2020051234,S000121-000001A,2020051234,AN,1,0.5,0,CU,10,AWG
1509,KSA2020051235,S000121-000001A,2020051235,AN,1,0.5,0,CU,10,AWG
1510,KSA2020051245,S000121-000001A,2020051245,AN,1,0.5,0,CU,10,AWG
1511,KSA2020051260,S000125-000003B,2020051260,CN,1,0.5,0,CU,10,AWG
1512,KSA2020051270,S000125-000003B,2020051270,CN,1,0.5,0,CU,10,AWG
1513,KSA2020051271,S000125-000003B,2020051271,CN,1,0.5,0,CU,10,AWG
1514,KSA2020051280,S000125-000003B,2020051280,CN,1,0.5,0,CU,10,AWG
1515,KSA2020051284,S000125-000003B,2020051284,CN,1,0.5,0,CU,10,AWG
1516,KSA2020051300,S000125-000003A,2020051300,CN,1,0.5,0,CU,10,AWG
1517,KSA2020051301,S00125A-0000001,2020051301,CN,1,6.0,0,AL,2,AWG
1518,KSA2020051320,S000125-000003A,2020051320,CN,1,0.5,0,CU,10,AWG
1519,KSA2020051330,S000125-000003A,2020051330,CN,1,0.5,0,CU,10,AWG
1520,KSA2020051335,S000125-000003A,2020051335,CN,1,0.5,0,CU,10,AWG
1521,KSA2020051340,S000125-000003A,2020051340,CN,1,0.5,0,CU,10,AWG
1522,KSA2020051360,S000125-000003A,2020051360,CN,1,0.5,0,CU,10,AWG
1523,KSA2020051370,S000125-0000002,2020051370,CN,1,0.5,0,CU,10,AWG
1524,KSA2020051375,S000125-0000002,2020051375,CN,1,0.5,0,CU,10,AWG
1525,KSA2020051390,S000125-0000002,2020051390,CN,1,0.5,0,CU,10,AWG
1526,KSA2020051395,S000125-000003A,2020051395,CN,1,0.5,0,CU,10,AWG
1527,KSA2020051400,S000125-0000002,2020051400,CN,1,0.5,0,CU,10,AWG
1528,KSA2020051410,S000125-0000002,2020051410,CN,1,0.5,0,CU,10,AWG
1529,KSA2020051415,S000125-0000002,2020051415,CN,1,0.5,0,CU,10,AWG
1530,KSA2020051420,S000125-0000002,2020051420,CN,1,0.5,0,CU,10,AWG
1531,KSA2020051425,S000125-0000002,2020051425,CN,1,0.5,0,CU,10,AWG
1532,KSA2020051430,S000125-0000002,2020051430,CN,1,0.5,0,CU,10,AWG
1533,KSA2020051440,S000125-0000002,2020051440,CN,1,0.5,0,CU,10,AWG
1534,KSA2020051450,S000125-0000002,2020051450,CN,1,0.5,0,CU,10,AWG
1535,KSA2020051475,S000125-0000001,2020051475,CN,1,0.5,0,CU,10,AWG
1536,KSA2020051480,S000125-0000001,2020051480,CN,1,0.5,0,CU,10,AWG
1537,KSA2020051490,S000125-0000001,2020051490,CN,1,0.5,0,CU,10,AWG
1538,KSA2020051500,S000125-0000002,2020051500,CN,1,0.5,0,CU,10,AWG
1539,KSA2020051510,S000125-0000001,2020051510,CN,1,0.5,0,CU,10,AWG
1540,KSA2020051515,S000125-0000001,2020051515,CN,1,0.5,0,CU,10,AWG
1541,KSA2020051520,S000125-0000001,2020051520,CN,1,0.5,0,CU,10,AWG
1542,KSA2020051530,S000125-0000001,2020051530,CN,1,0.5,0,CU,10,AWG
1543,KSA2020051540,S000125-0000001,2020051540,CN,1,0.5,0,CU,10,AWG
1544,KSA2020051550,S000125-0000002,2020051550,CN,1,0.5,0,CU,10,AWG
1545,KSA2020051560,S000125-0000003,2020051560,CN,1,0.5,0,CU,10,AWG
1546,KSA2020051570,S000125-0000002,2020051570,CN,1,0.5,0,CU,10,AWG
1547,KSA2020051571,S000125-0000003,2020051571,CN,1,0.5,0,CU,10,AWG
1548,KSA2020051585,S000125-0000003,2020051585,CN,1,0.5,0,CU,10,AWG
1549,KSA2020051586,S000125-0000003,2020051586,CN,1,0.5,0,CU,10,AWG
1550,KSA2020051590,S000125-0000003,2020051590,CN,1,0.5,0,CU,10,AWG
1551,KSA2020051600,S000125-0000003,2020051600,CN,1,0.5,0,CU,10,AWG
1552,KSA2020051605,S000125-0000004,2020051605,CN,1,0.5,0,CU,10,AWG
1553,KSA2020051610,S000125-0000004,2020051610,CN,1,0.5,0,CU,10,AWG
1554,KSA2020051615,S000125-0000004,2020051615,CN,1,0.5,0,CU,10,AWG
1555,KSA2020051617,S000125-0000004,2020051617,CN,1,0.5,0,CU,10,AWG
1556,KSA2020051620,S000125-0000004,2020051620,CN,1,0.5,0,CU,10,AWG
1557,KSA2020051630,S000125-0000004,2020051630,CN,1,0.5,0,CU,10,AWG
1558,KSA2020051640,S0126-0002-0002,2020051640,BN,1,0.5,0,CU,10,AWG
1559,KSA2020051650,S0126-0002-0002,2020051650,BN,1,0.5,0,CU,10,AWG
1560,KSA2020051660,S0126-0002-0002,2020051660,BN,1,0.5,0,CU,10,AWG
1561,KSA2020051680,S0126-0002-0002,2020051680,BN,1,0.5,0,CU,10,AWG
1562,KSA2020051690,S0126-0002-0002,2020051690,BN,1,0.5,0,CU,10,AWG
1563,KSA2020051695,S0126-0002-0002,2020051695,BN,1,0.5,0,CU,10,AWG
1564,KSA2020051710,S000125-000001A,2020051710,CN,1,0.5,0,CU,10,AWG
1565,KSA2020051720,S0126-0002-0003,2020051720,BN,1,0.5,0,CU,10,AWG
1566,KSA2020051730,S0126-0002-0002,2020051730,BN,1,0.5,0,CU,10,AWG
1567,KSA2020051736,S0126-0002-0003,2020051736,BN,1,0.5,0,CU,10,AWG
1568,KSA2020051740,S0126-0002-0003,2020051740,BN,1,0.5,0,CU,10,AWG
1569,KSA2020051750,S0126-0002-0003,2020051750,BN,1,0.5,0,CU,10,AWG
1570,KSA2020051755,S0126-0002-0003,2020051755,BN,1,0.5,0,CU,10,AWG
1571,KSA2020051760,S0126-0002-0003,2020051760,BN,1,0.5,0,CU,10,AWG
1572,KSA2020051770,S0126-0002-0004,2020051770,BN,1,0.5,0,CU,10,AWG
1573,KSA2020051780,S0126-0002-0004,2020051780,BN,1,0.5,0,CU,10,AWG
1574,KSA2020051790,S0126-0002-0004,2020051790,BN,1,0.5,0,CU,10,AWG
1575,KSA2020051795,S0126-0002-0004,2020051795,BN,1,0.5,0,CU,10,AWG
1576,KSA2020051800,S0126-0002-0004,2020051800,BN,1,0.5,0,CU,10,AWG
1577,KSA2020051840,S0126-0002-0004,2020051840,BN,1,0.5,0,CU,10,AWG
1578,KSA2020051850,S0126-0002-0004,2020051850,BN,1,0.5,0,CU,10,AWG
1579,KSA2020051860,S0126-0006-0001,2020051860,AN,1,0.5,0,CU,10,AWG
1580,KSA2020051870,S0126-0006-001A,2020051870,AN,1,0.5,0,CU,10,AWG
1581,KSA2020051880,S0126-0006-001A,2020051880,AN,1,0.5,0,CU,10,AWG
1582,KSA2020051900,S0126-0006-0001,2020051900,AN,1,0.5,0,CU,10,AWG
1583,KSA2020051910,S0126-0006-001A,2020051910,AN,1,0.5,0,CU,10,AWG
1584,KSA2020051920,S0126-0006-0002,2020051920,AN,1,0.5,0,CU,10,AWG
1585,KSA2020051940,S0126-0002-0003,2020051940,BN,1,0.5,0,CU,10,AWG
1586,KSA2020051950,S0126-0010-002A,2020051950,AN,1,0.5,0,CU,10,AWG
1587,KSA2020051951,S0126-0010-002B,2020051951,AN,1,0.5,0,CU,10,AWG
1588,KSA2020051952,S000125-000003C,2020051952,CN,1,0.5,0,CU,10,AWG
1589,KSA2020051953,S000119-000004B,2020051953,AN,1,0.5,0,CU,10,AWG
1590,KSA2020051954,S000125-0000002,2020051954,CN,1,0.5,0,CU,10,AWG
1591,KSA2020051955,S000125-0000002,2020051955,CN,1,0.5,0,CU,10,AWG
1592,KSA2020051956,S0126-008B-0003,2020051956,BN,1,0.5,0,CU,10,AWG
1593,KSA2020051957,S0126-0010-0002,2020051957,AN,1,0.5,0,CU,10,AWG
1594,KSA2020051958,S0126-008B-0002,2020051958,BN,1,0.5,0,CU,10,AWG
1595,KSA2020051959,S0126-008B-0004,2020051959,BN,1,0.5,0,CU,10,AWG
1596,KSA2020051960,S0126-008B-0003,2020051960,BN,1,0.5,0,CU,10,AWG
1597,KSA2020051962,S0126-008B-0004,2020051962,BN,2,52.0,0,ACSR,2,AWG
1598,KSA2020051963,S0126-008B-0003,2020051963,BN,2,52.0,0,ACSR,2,AWG
1599,KSA2020051964,S0126-0010-002A,2020051964,AN,2,52.0,0,ACSR,2,AWG
1600,KSA2020051965,S000125-0000004,2020051965,CN,2,52.0,0,ACSR,2,AWG
1601,KSA2020051966,S0126-008B-0004,2020051966,BN,2,52.0,0,ACSR,2,AWG
1602,KSA2020051967,S0126-0010-002B,2020051967,AN,2,52.0,0,ACSR,2,AWG
1603,KSA2020051969,S0126-0010-002B,2020051969,AN,2,52.0,0,ACSR,2,AWG
1604,KSA2020051970,S0126-0006-003C,2020051970,AN,2,52.0,0,ACSR,2,AWG
1605,KSA2020051971,S000119-000003B,2020051971,AN,2,52.0,0,ACSR,2,AWG
1606,KSA2020051972,S0126-0006-003C,2020051972,AN,2,52.0,0,ACSR,2,AWG
1607,KSA2020051973,S0126-0010-002B,2020051973,AN,2,52.0,0,ACSR,2,AWG
1608,KSA2020051974,S0126-0010-002A,2020051974,AN,2,52.0,0,ACSR,2,AWG
1609,KSA2020051975,S000121-000001B,2020051975,AN,2,52.0,0,ACSR,2,AWG
1610,KSA2020060010,S0126-0006-0002,2020060010,AN,1,0.5,0,CU,10,AWG
1611,KSA2020060015,S0126-0006-0002,2020060015,AN,1,0.5,0,CU,10,AWG
1612,KSA2020060020,S0126-0006-0002,2020060020,AN,1,0.5,0,CU,10,AWG
1613,KSA2020060030,S0126-0006-0003,2020060030,AN,1,0.5,0,CU,10,AWG
1614,KSA2020060060,S0126-0006-0003,2020060060,AN,1,0.5,0,CU,10,AWG
1615,KSA2020060070,S0126-0006-003A,2020060070,AN,1,0.5,0,CU,10,AWG
1616,KSA2020060075,S0126-0006-003A,2020060075,AN,1,0.5,0,CU,10,AWG
1617,KSA2020060080,S0126-0006-003A,2020060080,AN,1,0.5,0,CU,10,AWG
1618,KSA2020060090,S0126-0006-003A,2020060090,AN,1,0.5,0,CU,10,AWG
1619,KSA2020060100,S0126-0006-003A,2020060100,AN,1,0.5,0,CU,10,AWG
1620,KSA2020060105,S0126-0006-003B,2020060105,AN,2,53.0,0,ACSR,2,AWG
1621,KSA2020060110,S0126-0006-0003,2020060110,AN,1,0.5,0,CU,10,AWG
1622,KSA2020060115,S0126-0010-0003,2020060115,AN,1,0.5,0,CU,10,AWG
1623,KSA2020060120,S0126-0006-0003,2020060120,AN,1,0.5,0,CU,10,AWG
1624,KSA2020060125,S0126-0012-001A,2020060125,AN,1,0.5,0,CU,10,AWG
1625,KSA2020060130,S0126-0006-0003,2020060130,AN,1,0.5,0,CU,10,AWG
1626,KSA2020060135,S000129-0000001,2020060135,AN,1,0.5,0,CU,10,AWG
1627,KSA2020060140,S0126-0006-0003,2020060140,AN,1,0.5,0,CU,10,AWG
1628,KSA2020060145,S0126-0006-0003,2020060145,AN,1,0.5,0,CU,10,AWG
1629,KSA2020060150,S0126-0006-0003,2020060150,AN,1,0.5,0,CU,10,AWG
1630,KSA2020060155,S0126-0012-0001,2020060155,AN,1,0.5,0,CU,10,AWG
1631,KSA2020060160,S0126-0006-0003,2020060160,AN,1,0.5,0,CU,10,AWG
1632,KSA2020060165,S0126-008B-001a,2020060165,BN,1,0.5,0,CU,10,AWG
1633,KSA2020060170,S0126-0006-003a,2020060170,AN,1,0.5,0,CU,10,AWG
1634,KSA2020060175,S0126-0010-0002,2020060175,AN,1,0.5,0,CU,10,AWG
1635,KSA2020060180,S0126-0006-003a,2020060180,AN,1,0.5,0,CU,10,AWG
1636,KSA2020060185,S000129-0000003,2020060185,AN,1,0.5,0,CU,10,AWG
1637,KSA2020060190,S0126-0006-003a,2020060190,AN,1,0.5,0,CU,10,AWG
1638,KSA2020060195,S0128-0004-0005,2020060195,AN,1,0.5,0,CU,10,AWG
1639,KSA2020060200,S0126-0006-0003,2020060200,AN,1,0.5,0,CU,10,AWG
1640,KSA2020060210,S0126-0006-0003,2020060210,AN,1,0.5,0,CU,10,AWG
1641,KSA2020060215,S0126-0006-0004,2020060215,AN,1,0.5,0,CU,10,AWG
1642,KSA2020060220,S0126-0006-0004,2020060220,AN,1,0.5,0,CU,10,AWG
1643,KSA2020060225,S0126-008B-001c,2020060225,BN,1,0.5,0,CU,10,AWG
1644,KSA2020060230,S0126-0006-0004,2020060230,AN,1,0.5,0,CU,10,AWG
1645,KSA2020060235,S0128-0004-0002,2020060235,AN,1,0.5,0,CU,10,AWG
1646,KSA2020060240,S0126-0006-0004,2020060240,AN,1,0.5,0,CU,10,AWG
1647,KSA2020060250,S0126-0006-0004,2020060250,AN,1,0.5,0,CU,10,AWG
1648,KSA2020060255,S0126-0012-001A,2020060255,AN,1,0.5,0,CU,10,AWG
1649,KSA2020060270,S0126-0006-0004,2020060270,AN,1,0.5,0,CU,10,AWG
1650,KSA2020060275,S0126-0006-0004,2020060275,AN,1,0.5,0,CU,10,AWG
1651,KSA2020060280,S0126-0006-0004,2020060280,AN,1,0.5,0,CU,10,AWG
1652,KSA2020060285,S000129-0000003,2020060285,AN,1,0.5,0,CU,10,AWG
1653,KSA2020060290,S0126-0006-0004,2020060290,AN,1,0.5,0,CU,10,AWG
1654,KSA2020060295,S0126-0012-001A,2020060295,AN,1,0.5,0,CU,10,AWG
1655,KSA2020060300,S0126-0006-0005,2020060300,AN,1,0.5,0,CU,10,AWG
1656,KSA2020060305,S0126-0006-0004,2020060305,AN,1,0.5,0,CU,10,AWG
1657,KSA2020060310,S0126-0006-0005,2020060310,AN,1,0.5,0,CU,10,AWG
1658,KSA2020060315,S0126-0006-0001,2020060315,AN,1,0.5,0,CU,10,AWG
1659,KSA2020060320,S0126-0006-0005,2020060320,AN,1,0.5,0,CU,10,AWG
1660,KSA2020060325,S0126-0006-003A,2020060325,AN,1,0.5,0,CU,10,AWG
1661,KSA2020060330,S0126-008B-0001,2020060330,BN,1,0.5,0,CU,10,AWG
1662,KSA2020060335,S0126-0006-0005,2020060335,AN,1,0.5,0,CU,10,AWG
1663,KSA2020060340,S0126-008B-0002,2020060340,BN,1,0.5,0,CU,10,AWG
1664,KSA2020060345,S0126-0006-003A,2020060345,AN,1,0.5,0,CU,10,AWG
1665,KSA2020060355,S0126-0010-0001,2020060355,AN,1,0.5,0,CU,10,AWG
1666,KSA2020060360,S0126-0006-0005,2020060360,AN,1,0.5,0,CU,10,AWG
1667,KSA2020060365,S0126-0006-003A,2020060365,AN,1,0.5,0,CU,10,AWG
1668,KSA2020060370,S0126-0006-0005,2020060370,AN,1,0.5,0,CU,10,AWG
1669,KSA2020060375,S0126-008B-001a,2020060375,BN,1,0.5,0,CU,10,AWG
1670,KSA2020060380,S0126-0006-0005,2020060380,AN,1,0.5,0,CU,10,AWG
1671,KSA2020060385,S0126-0010-002b,2020060385,AN,1,0.5,0,CU,10,AWG
1672,KSA2020060390,S0126-0006-0005,2020060390,AN,1,0.5,0,CU,10,AWG
1673,KSA2020060395,S0126-008B-001a,2020060395,BN,1,0.5,0,CU,10,AWG
1674,KSA2020060410,S0126-0010-0002,2020060410,AN,1,0.5,0,CU,10,AWG
1675,KSA2020060415,S0126-0010-0002,2020060415,AN,1,0.5,0,CU,10,AWG
1676,KSA2020060435,S0126-008B-001a,2020060435,BN,1,0.5,0,CU,10,AWG
1677,KSA2020060440,S0126-0010-0002,2020060440,AN,1,0.5,0,CU,10,AWG
1678,KSA2020060445,S0126-0012-001A,2020060445,AN,1,0.5,0,CU,10,AWG
1679,KSA2020060450,S0126-008B-001a,2020060450,BN,1,0.5,0,CU,10,AWG
1680,KSA2020060451,S0126-008B-001b,2020060451,BN,1,6.0,0,ACSR,2,AWG
1681,KSA2020060452,S0126-008B-001b,2020060452,BN,1,0.5,0,CU,10,AWG
1682,KSA2020060454,S0126-008B-001a,2020060454,BN,1,0.5,0,CU,10,AWG
1683,KSA2020060464,S0126-008B-001a,2020060464,BN,1,0.5,0,CU,10,AWG
1684,KSA2020060466,S0126-008B-001a,2020060466,BN,1,0.5,0,CU,10,AWG
1685,KSA2020060470,S0126-008B-001a,2020060470,BN,1,0.5,0,CU,10,AWG
1686,KSA2020060475,S0126-008B-001a,2020060475,BN,1,0.5,0,CU,10,AWG
1687,KSA2020060480,S0126-008B-001a,2020060480,BN,1,0.5,0,CU,10,AWG
1688,KSA2020060485,S0126-008B-0003,2020060485,BN,1,0.5,0,CU,10,AWG
1689,KSA2020060490,S0126-008B-001a,2020060490,BN,1,0.5,0,CU,10,AWG
1690,KSA2020060500,S0126-0006-0005,2020060500,AN,1,0.5,0,CU,10,AWG
1691,KSA2020060505,S0126-008B-001a,2020060505,BN,1,0.5,0,CU,10,AWG
1692,KSA2020060510,S0126-0010-0001,2020060510,AN,1,0.5,0,CU,10,AWG
1693,KSA2020060525,S0126-0012-001A,2020060525,AN,1,0.5,0,CU,10,AWG
1694,KSA2020060530,S0126-0010-0001,2020060530,AN,1,0.5,0,CU,10,AWG
1695,KSA2020060540,S0126-0010-0001,2020060540,AN,1,0.5,0,CU,10,AWG
1696,KSA2020060545,S0126-0010-0002,2020060545,AN,1,32.0,0,ACSR,2,AWG
1697,KSA2020060550,S0126-0010-0001,2020060550,AN,1,0.5,0,CU,10,AWG
1698,KSA2020060560,S0126-0010-0002,2020060560,AN,1,0.5,0,CU,10,AWG
1699,KSA2020060590,S0126-0010-002A,2020060590,AN,1,0.5,0,CU,10,AWG
1700,KSA2020060610,S0126-0010-002A,2020060610,AN,1,0.5,0,CU,10,AWG
1701,KSA2020060620,S0126-0010-002A,2020060620,AN,1,0.5,0,CU,10,AWG
1702,KSA2020060630,S0126-0010-002A,2020060630,AN,1,0.5,0,CU,10,AWG
1703,KSA2020060635,S0126-0010-002A,2020060635,AN,1,0.5,0,CU,10,AWG
1704,KSA2020060712,S0126-0010-0002,2020060712,AN,1,0.5,0,CU,10,AWG
1705,KSA2020060730,S0126-0010-0003,2020060730,AN,1,0.5,0,CU,10,AWG
1706,KSA2020060735,S0126-0010-0002,2020060735,AN,1,0.5,0,CU,10,AWG
1707,KSA2020060740,S0126-0010-0004,2020060740,AN,1,0.5,0,CU,10,AWG
1708,KSA2020060750,S0126-0010-0003,2020060750,AN,1,0.5,0,CU,10,AWG
1709,KSA2020060760,S0126-0010-0004,2020060760,AN,1,0.5,0,CU,10,AWG
1710,KSA2020060770,S0126-0010-0003,2020060770,AN,1,0.5,0,CU,10,AWG
1711,KSA2020060774,S0126-0010-0003,2020060774,AN,1,0.5,0,CU,10,AWG
1712,KSA2020060775,S0126-0010-0003,2020060775,AN,1,0.5,0,CU,10,AWG
1713,KSA2020060777,S0126-0010-002A,2020060777,AN,1,0.5,0,CU,10,AWG
1714,KSA2020060778,S000115-0000001,2020060778,CN,1,0.5,0,CU,10,AWG
1715,KSA2020060779,S0126-0010-0003,2020060779,AN,1,0.5,0,CU,10,AWG
1716,KSA2020060780,S0126-0010-0004,2020060780,AN,1,0.5,0,CU,10,AWG
1717,KSA2020060783,S0126-0012-0001,2020060783,AN,1,0.5,0,CU,10,AWG
1718,KSA2020060793,S0126-0012-0001,2020060793,AN,1,0.5,0,CU,10,AWG
1719,KSA2020060815,S0126-0010-002a,2020060815,AN,1,0.5,0,CU,10,AWG
1720,KSA2020060851,S0126-0012-001a,2020060851,AN,1,0.5,0,CU,10,AWG
1721,KSA2020060890,S0126-0010-0002,2020060890,AN,1,0.5,0,CU,10,AWG
1722,KSA2020060900,S0126-0010-0002,2020060900,AN,1,0.5,0,CU,10,AWG
1723,KSA2020060910,S0126-0010-0002,2020060910,AN,1,0.5,0,CU,10,AWG
1724,KSA2020060940,S0126-0010-002a,2020060940,AN,1,0.5,0,CU,10,AWG
1725,KSA2020060950,S0126-0010-002a,2020060950,AN,1,0.5,0,CU,10,AWG
1726,KSA2020060955,S0126-0010-002a,2020060955,AN,1,0.5,0,CU,10,AWG
1727,KSA2020060960,S0126-0010-002a,2020060960,AN,1,0.5,0,CU,10,AWG
1728,KSA2020060970,S0126-0010-002a,2020060970,AN,1,0.5,0,CU,10,AWG
1729,KSA2020060980,S0126-0010-002a,2020060980,AN,1,0.5,0,CU,10,AWG
1730,KSA2020060990,S0126-0010-002a,2020060990,AN,1,0.5,0,CU,10,AWG
1731,KSA2020061000,S0126-0010-002a,2020061000,AN,1,0.5,0,CU,10,AWG
1732,KSA2020061010,S0126-0010-002a,2020061010,AN,1,0.5,0,CU,10,AWG
1733,KSA2020061020,S0126-0010-002a,2020061020,AN,1,0.5,0,CU,10,AWG
1734,KSA2020061025,S0126-0012-001a,2020061025,AN,1,0.5,0,CU,10,AWG
1735,KSA2020061026,S0126-0012-001a,2020061026,AN,1,0.5,0,CU,10,AWG
1736,KSA2020061030,S0126-0012-001a,2020061030,AN,1,0.5,0,CU,10,AWG
1737,KSA2020061040,S0126-0012-001a,2020061040,AN,1,0.5,0,CU,10,AWG
1738,KSA2020061045,S0126-0010-002a,2020061045,AN,1,0.5,0,CU,10,AWG
1739,KSA2020061050,S0126-0012-001a,2020061050,AN,1,0.5,0,CU,10,AWG
1740,KSA2020061055,S0126-0012-0001,2020061055,AN,1,0.5,0,CU,10,AWG
1741,KSA2020061080,S0126-0010-002a,2020061080,AN,1,0.5,0,CU,10,AWG
1742,KSA2020061090,S0126-0010-002a,2020061090,AN,1,0.5,0,CU,10,AWG
1743,KSA2020061100,S0126-0010-002a,2020061100,AN,1,0.5,0,CU,10,AWG
1744,KSA2020061110,S0126-0010-002a,2020061110,AN,1,0.5,0,CU,10,AWG
1745,KSA2020061115,S0126-0010-002a,2020061115,AN,1,0.5,0,CU,10,AWG
1746,KSA2020061120,S0126-0010-002a,2020061120,AN,1,0.5,0,CU,10,AWG
1747,KSA2020061130,S0126-0010-002a,2020061130,AN,1,0.5,0,CU,10,AWG
1748,KSA2020061131,S0126-0010-002a,2020061131,AN,1,0.5,0,CU,10,AWG
1749,KSA2020061135,S0126-0006-001a,2020061135,AN,1,0.5,0,CU,10,AWG
1750,KSA2020061140,S0126-0010-002a,2020061140,AN,1,0.5,0,CU,10,AWG
1751,KSA2020061155,S0126-0010-002a,2020061155,AN,1,0.5,0,CU,10,AWG
1752,KSA2020061156,S0126-0010-002a,2020061156,AN,1,0.5,0,CU,10,AWG
1753,KSA2020061157,S0126-0012-0001,2020061157,AN,1,0.5,0,CU,10,AWG
1754,KSA2020061160,S0126-0010-002a,2020061160,AN,1,0.5,0,CU,10,AWG
1755,KSA2020061161,S0126-0010-002a,2020061161,AN,1,0.5,0,CU,10,AWG
1756,KSA2020061180,S0126-0010-002a,2020061180,AN,1,0.5,0,CU,10,AWG
1757,KSA2020061185,S0126-0010-002a,2020061185,AN,1,0.5,0,CU,10,AWG
1758,KSA2020061187,S0126-0010-002a,2020061187,AN,1,0.5,0,CU,10,AWG
1759,KSA2020061190,S0126-0010-002b,2020061190,AN,1,0.5,0,CU,10,AWG
1760,KSA2020061200,S0126-0010-002b,2020061200,AN,1,0.5,0,CU,10,AWG
1761,KSA2020061210,S0126-0010-002b,2020061210,AN,1,0.5,0,CU,10,AWG
1762,KSA2020061215,S0126-0010-002b,2020061215,AN,1,0.5,0,CU,10,AWG
1763,KSA2020061220,S0126-008B-001c,2020061220,BN,1,0.5,0,CU,10,AWG
1764,KSA2020061230,S0126-0010-002b,2020061230,AN,1,0.5,0,CU,10,AWG
1765,KSA2020061250,S0126-0010-002a,2020061250,AN,1,0.5,0,CU,10,AWG
1766,KSA2020061255,S0126-0010-002b,2020061255,AN,1,0.5,0,CU,10,AWG
1767,KSA2020061270,S0126-0010-002b,2020061270,AN,1,0.5,0,CU,10,AWG
1768,KSA2020061273,S0126-008B-001c,2020061273,BN,1,0.5,0,CU,10,AWG
1769,KSA2020061274,S0126-008B-001c,2020061274,BN,1,0.5,0,CU,10,AWG
1770,KSA2020061275,S0126-0010-002b,2020061275,AN,1,0.5,0,CU,10,AWG
1771,KSA2020061280,S0126-0010-002b,2020061280,AN,1,0.5,0,CU,10,AWG
1772,KSA2020061285,S0126-0010-002a,2020061285,AN,1,0.5,0,CU,10,AWG
1773,KSA2020061290,S0126-008B-0003,2020061290,BN,1,0.5,0,CU,10,AWG
1774,KSA2020061325,S0126-008B-001c,2020061325,BN,1,0.5,0,CU,10,AWG
1775,KSA2020061330,S0126-008B-0002,2020061330,BN,1,0.5,0,CU,10,AWG
1776,KSA2020061335,S0126-008B-001c,2020061335,BN,1,0.5,0,CU,10,AWG
1777,KSA2020061340,S0126-008B-0002,2020061340,BN,1,0.5,0,CU,10,AWG
1778,KSA2020061350,S0126-008B-001c,2020061350,BN,1,0.5,0,CU,10,AWG
1779,KSA2020061360,S0128-0004-0008,2020061360,AN,1,0.5,0,CU,10,AWG
1780,KSA2020061380,S0128-0004-0006,2020061380,AN,1,0.5,0,CU,10,AWG
1781,KSA2020061385,S0128-0004-0006,2020061385,AN,1,0.5,0,CU,10,AWG
1782,KSA2020061390,S0128-0004-0004,2020061390,AN,1,0.5,0,CU,10,AWG
1783,KSA2020061400,S0128-0004-0004,2020061400,AN,1,0.5,0,CU,10,AWG
1784,KSA2020061410,S0128-0004-0005,2020061410,AN,1,0.5,0,CU,10,AWG
1785,KSA2020061425,S0126-0006-001a,2020061425,AN,1,0.5,0,CU,10,AWG
1786,KSA2020061430,S0126-0006-001a,2020061430,AN,1,0.5,0,CU,10,AWG
1787,KSA2020061440,S0126-0006-001a,2020061440,AN,1,0.5,0,CU,10,AWG
1788,KSA2020061460,S0126-0006-001a,2020061460,AN,1,0.5,0,CU,10,AWG
1789,KSA2020061463,S0126-0006-001a,2020061463,AN,1,0.5,0,CU,10,AWG
1790,KSA2020061465,S0126-0006-001a,2020061465,AN,1,0.5,0,CU,10,AWG
1791,KSA2020061480,S0128-0004-0005,2020061480,AN,1,0.5,0,CU,10,AWG
1792,KSA2020061500,S0128-0004-0004,2020061500,AN,1,0.5,0,CU,10,AWG
1793,KSA2020061510,S0128-0004-0004,2020061510,AN,1,0.5,0,CU,10,AWG
1794,KSA2020061520,S0128-0004-0004,2020061520,AN,1,0.5,0,CU,10,AWG
1795,KSA2020061535,S0128-0004-0004,2020061535,AN,1,0.5,0,CU,10,AWG
1796,KSA2020061540,S0128-0004-0004,2020061540,AN,1,0.5,0,CU,10,AWG
1797,KSA2020061560,S0128-0004-0003,2020061560,AN,1,0.5,0,CU,10,AWG
1798,KSA2020061570,S0128-0004-0003,2020061570,AN,1,0.5,0,CU,10,AWG
1799,KSA2020061571,S0128-0004-0003,2020061571,AN,1,0.5,0,CU,10,AWG
1800,KSA2020061580,S0128-0004-0003,2020061580,AN,1,0.5,0,CU,10,AWG
1801,KSA2020061590,S0128-0004-0003,2020061590,AN,1,0.5,0,CU,10,AWG
1802,KSA2020061600,S0128-0004-0003,2020061600,AN,1,0.5,0,CU,10,AWG
1803,KSA2020061610,S0126-0002-003a,2020061610,BN,1,0.5,0,CU,10,AWG
1804,KSA2020061620,S0128-0004-0003,2020061620,AN,1,0.5,0,CU,10,AWG
1805,KSA2020061630,S0126-0002-003a,2020061630,BN,1,0.5,0,CU,10,AWG
1806,KSA2020061640,S0126-0002-003a,2020061640,BN,1,0.5,0,CU,10,AWG
1807,KSA2020061651,S0126-0002-003a,2020061651,BN,1,0.5,0,CU,10,AWG
1808,KSA2020061655,S0126-0002-003a,2020061655,BN,1,0.5,0,CU,10,AWG
1809,KSA2020061657,S0126-0002-003a,2020061657,BN,1,0.5,0,CU,10,AWG
1810,KSA2020061660,S0126-0002-003a,2020061660,BN,1,0.5,0,CU,10,AWG
1811,KSA2020061670,S0126-0002-003a,2020061670,BN,1,0.5,0,CU,10,AWG
1812,KSA2020061680,S0126-0002-003a,2020061680,BN,1,0.5,0,CU,10,AWG
1813,KSA2020061690,S0128-0004-0003,2020061690,AN,1,0.5,0,CU,10,AWG
1814,KSA2020061700,S0128-0004-0002,2020061700,AN,1,0.5,0,CU,10,AWG
1815,KSA2020061710,S0128-0004-0002,2020061710,AN,1,0.5,0,CU,10,AWG
1816,KSA2020061720,S0128-0004-0002,2020061720,AN,1,0.5,0,CU,10,AWG
1817,KSA2020061725,S0128-0004-0002,2020061725,AN,1,0.5,0,CU,10,AWG
1818,KSA2020061730,S0128-0004-0002,2020061730,AN,1,0.5,0,CU,10,AWG
1819,KSA2020061740,S0128-0004-0002,2020061740,AN,1,0.5,0,CU,10,AWG
1820,KSA2020061745,S000129-0000002,2020061745,AN,1,0.5,0,CU,10,AWG
1821,KSA2020061750,S000129-0000001,2020061750,AN,1,0.5,0,CU,10,AWG
1822,KSA2020061755,S000129-0000001,2020061755,AN,1,0.5,0,CU,10,AWG
1823,KSA2020061760,S000129-0000001,2020061760,AN,1,0.5,0,CU,10,AWG
1824,KSA2020061770,S000129-0000001,2020061770,AN,1,0.5,0,CU,10,AWG
1825,KSA2020061780,S000129-0000001,2020061780,AN,1,0.5,0,CU,10,AWG
1826,KSA2020061800,S000129-0000001,2020061800,AN,1,0.5,0,CU,10,AWG
1827,KSA2020061820,S000129-0000001,2020061820,AN,1,0.5,0,CU,10,AWG
1828,KSA2020061830,S000129-0000002,2020061830,AN,1,0.5,0,CU,10,AWG
1829,KSA2020061840,S000129-0000002,2020061840,AN,1,0.5,0,CU,10,AWG
1830,KSA2020061843,S000129-0000002,2020061843,AN,1,0.5,0,CU,10,AWG
1831,KSA2020061846,S000129-0000002,2020061846,AN,1,0.5,0,CU,10,AWG
1832,KSA2020061850,S000129-0000002,2020061850,AN,1,0.5,0,CU,10,AWG
1833,KSA2020061860,S000129-0000002,2020061860,AN,1,0.5,0,CU,10,AWG
1834,KSA2020061880,S000129-0000002,2020061880,AN,1,0.5,0,CU,10,AWG
1835,KSA2020061890,S000129-0000003,2020061890,AN,1,0.5,0,CU,10,AWG
1836,KSA2020061900,S000129-0000003,2020061900,AN,1,0.5,0,CU,10,AWG
1837,KSA2020061910,S000129-0000003,2020061910,AN,1,0.5,0,CU,10,AWG
1838,KSA2020061914,S000129-0000003,2020061914,AN,1,0.5,0,CU,10,AWG
1839,KSA2020061915,S000129-0000003,2020061915,AN,1,0.5,0,CU,10,AWG
1840,KSA2020061920,S000129-0000003,2020061920,AN,1,0.5,0,CU,10,AWG
1841,KSA2020061925,S000129-0000003,2020061925,AN,1,0.5,0,CU,10,AWG
1842,KSA2020061930,S000129-0000003,2020061930,AN,1,0.5,0,CU,10,AWG
1843,KSA2020061940,S000129-0000004,2020061940,AN,1,0.5,0,CU,10,AWG
1844,KSA2020061950,S000129-0000004,2020061950,AN,1,0.5,0,CU,10,AWG
1845,KSA2020061960,S000129-0000004,2020061960,AN,1,0.5,0,CU,10,AWG
1846,KSA2020061970,S000129-0000003,2020061970,AN,1,0.5,0,CU,10,AWG
1847,KSA2020061975,S000129-0000003,2020061975,AN,1,0.5,0,CU,10,AWG
1848,KSA2020061980,S000129-0000003,2020061980,AN,1,0.5,0,CU,10,AWG
1849,KSA2020061990,S000129-0000004,2020061990,AN,1,0.5,0,CU,10,AWG
1850,KSA2020062000,S000129-0000003,2020062000,AN,1,0.5,0,CU,10,AWG
1851,KSA2020062006,S000129-0000003,2020062006,AN,1,0.5,0,CU,10,AWG
1852,KSA2020062007,S000129-0000003,2020062007,AN,1,0.5,0,CU,10,AWG
1853,KSA2020062008,S000129-0000003,2020062008,AN,1,0.5,0,CU,10,AWG
1854,KSA2020062009,S000129-0000003,2020062009,AN,1,0.5,0,CU,10,AWG
1855,KSA2020062010,S000129-0000003,2020062010,AN,1,0.5,0,CU,10,AWG
1856,KSA2020062012,S000129-000003C,2020062012,AN,1,0.5,0,CU,10,AWG
1857,KSA2020062016,S000129-000003B,2020062016,AN,1,0.5,0,CU,10,AWG
1858,KSA2020062020,S000129-000003C,2020062020,AN,1,0.5,0,CU,10,AWG
1859,KSA2020062025,S000129-000003C,2020062025,AN,1,0.5,0,CU,10,AWG
1860,KSA2020062030,S000129-000003C,2020062030,AN,1,0.5,0,CU,10,AWG
1861,KSA2020062040,S000129-0000003,2020062040,AN,1,0.5,0,CU,10,AWG
1862,KSA2020062055,S000129-0000003,2020062055,AN,1,0.5,0,CU,10,AWG
1863,KSA2020062056,S000129-0000003,2020062056,AN,1,0.5,0,CU,10,AWG
1864,KSA2020062057,S000129-0000003,2020062057,AN,1,0.5,0,CU,10,AWG
1865,KSA2020062060,S000129-0000003,2020062060,AN,1,0.5,0,CU,10,AWG
1866,KSA2020062071,S0126-0006-0005,2020062071,AN,1,0.5,0,CU,10,AWG
1867,KSA2020062072,S0126-0012-001A,2020062072,AN,1,0.5,0,CU,10,AWG
1868,KSA2020062073,S0126-0010-0003,2020062073,AN,1,0.5,0,CU,10,AWG
1869,KSA2020062074,S0126-0006-001a,2020062074,AN,1,0.5,0,CU,10,AWG
1870,KSA2020062075,S0126-0010-0002,2020062075,AN,1,0.5,0,CU,10,AWG
1871,KSA2020062076,S0126-008B-001a,2020062076,BN,1,0.5,0,CU,10,AWG
1872,KSA2020062077,S0126-0006-003a,2020062077,AN,1,0.5,0,CU,10,AWG
1873,KSA2020062078,S0126-008B-001a,2020062078,BN,1,0.5,0,CU,10,AWG
1874,KSA2020062079,S0126-0012-0001,2020062079,AN,1,0.5,0,CU,10,AWG
1875,KSA2020062080,S0126-008B-001a,2020062080,BN,1,0.5,0,CU,10,AWG
1876,KSA2020062081,S0128-0004-0005,2020062081,AN,1,0.5,0,CU,10,AWG
1877,KSA2020062083,S0126-008B-001a,2020062083,BN,1,0.5,0,CU,10,AWG
1878,KSA2020062084,S0126-0006-0003,2020062084,AN,1,0.5,0,CU,10,AWG
1879,KSA2020062085,S0126-0012-001A,2020062085,AN,1,0.5,0,CU,10,AWG
1880,KSA2020062086,S0132-0005-004C,2020062086,CN,2,84.0,0,ACSR,2,AWG
1881,KSA2020062087,S0126-008B-001a,2020062087,BN,1,0.5,0,CU,10,AWG
1882,KSA2020062088,S0126-008B-001a,2020062088,BN,1,0.5,0,CU,10,AWG
1883,KSA2020062089,S0126-0010-002a,2020062089,AN,1,32.0,0,ACSR,2,AWG
1884,KSA2020062090,S0126-0010-0002,2020062090,AN,1,32.0,0,ACSR,2,AWG
1885,KSA2020062091,S0128-0004-0008,2020062091,AN,1,32.0,0,ACSR,2,AWG
1886,KSA2020062092,S0128-0004-0003,2020062092,AN,1,32.0,0,ACSR,2,AWG
1887,KSA2020062093,S0126-0006-0005,2020062093,AN,1,32.0,0,ACSR,2,AWG
1888,KSA2020062094,S0126-008B-001a,2020062094,BN,1,32.0,0,ACSR,2,AWG
1889,KSA2020062095,S0126-0010-002a,2020062095,AN,1,32.0,0,ACSR,2,AWG
1890,KSA2020062096,S0126-0006-003b,2020062096,AN,1,32.0,0,ACSR,2,AWG
1891,KSA2020062097,S0126-0010-0001,2020062097,AN,1,32.0,0,ACSR,2,AWG
1892,KSA2020062098,S0128-0004-0003,2020062098,AN,1,32.0,0,ACSR,2,AWG
1893,KSA2020062099,S0126-0010-0003,2020062099,AN,1,32.0,0,ACSR,2,AWG
1894,KSA2020070010,S0132-0005-004D,2020070010,CN,1,0.5,0,CU,10,AWG
1895,KSA2020070016,S0132-0005-004D,2020070016,CN,1,0.5,0,CU,10,AWG
1896,KSA2020070020,S0132-0005-004D,2020070020,CN,1,0.5,0,CU,10,AWG
1897,KSA2020070021,S0132-0005-004E,2020070021,CN,1,0.5,0,CU,10,AWG
1898,KSA2020070023,S0132-003H-0001,2020070023,CN,1,0.5,0,CU,10,AWG
1899,KSA2020070024,S0132-003H-0001,2020070024,CN,1,0.5,0,CU,10,AWG
1900,KSA2020070027,S0132-003I-0001,2020070027,CN,1,5.0,0,AL,2,AWG
1901,KSA2020070028,S0132-003H-0001,2020070028,CN,1,0.5,0,CU,10,AWG
1902,KSA2020070030,S0132-003H-0001,2020070030,CN,1,0.5,0,CU,10,AWG
1903,KSA2020070040,S0132-0005-004E,2020070040,CN,1,0.5,0,CU,10,AWG
1904,KSA2020070045,S0132-0005-004E,2020070045,CN,1,0.5,0,CU,10,AWG
1905,KSA2020070050,S0132-0005-004E,2020070050,CN,1,0.5,0,CU,10,AWG
1906,KSA2020070055,S0132-0005-004E,2020070055,CN,1,0.5,0,CU,10,AWG
1907,KSA2020070056,S0132-0005-004E,2020070056,CN,1,0.5,0,CU,10,AWG
1908,KSA2020070070,S0132-0005-004E,2020070070,CN,1,0.5,0,CU,10,AWG
1909,KSA2020070080,S0132-0005-004E,2020070080,CN,1,0.5,0,CU,10,AWG
1910,KSA2020070085,S0132-0005-004D,2020070085,CN,1,0.5,0,CU,10,AWG
1911,KSA2020070090,S0132-0005-004D,2020070090,CN,1,0.5,0,CU,10,AWG
1912,KSA2020070100,S0132-0005-004D,2020070100,CN,1,0.5,0,CU,10,AWG
1913,KSA2020070105,S0132-0005-004A,2020070105,CN,1,0.5,0,CU,10,AWG
1914,KSA2020070110,S0132-0005-004D,2020070110,CN,1,0.5,0,CU,10,AWG
1915,KSA2020070120,S0132-0005-004D,2020070120,CN,1,0.5,0,CU,10,AWG
1916,KSA2020070125,S000129-000005A,2020070125,AN,1,0.5,0,CU,10,AWG
1917,KSA2020070130,S0132-0005-004D,2020070130,CN,1,0.5,0,CU,10,AWG
1918,KSA2020070135,S0132-0005-004C,2020070135,CN,1,0.5,0,CU,10,AWG
1919,KSA2020070145,S0132-0005-0001,2020070145,CN,1,0.5,0,CU,10,AWG
1920,KSA2020070150,S0132-0005-004C,2020070150,CN,1,0.5,0,CU,10,AWG
1921,KSA2020070165,S000129-000005A,2020070165,AN,1,0.5,0,CU,10,AWG
1922,KSA2020070185,S0132-003B-0005,2020070185,CN,1,0.5,0,CU,10,AWG
1923,KSA2020070190,S0132-003B-0005,2020070190,CN,1,0.5,0,CU,10,AWG
1924,KSA2020070195,S0132-0005-004B,2020070195,CN,1,0.5,0,CU,10,AWG
1925,KSA2020070200,S0132-003B-0004,2020070200,CN,1,0.5,0,CU,10,AWG
1926,KSA2020070205,S0132-0005-0004,2020070205,CN,1,0.5,0,CU,10,AWG
1927,KSA2020070210,S0132-003B-0004,2020070210,CN,1,0.5,0,CU,10,AWG
1928,KSA2020070215,S0132-0005-004B,2020070215,CN,1,0.5,0,CU,10,AWG
1929,KSA2020070220,S0132-003B-0003,2020070220,CN,1,0.5,0,CU,10,AWG
1930,KSA2020070225,S0132-0005-004A,2020070225,CN,1,0.5,0,CU,10,AWG
1931,KSA2020070230,S0132-003B-004A,2020070230,CN,1,0.5,0,CU,10,AWG
1932,KSA2020070235,S0132-003B-004C,2020070235,CN,2,62.0,0,ACSR,2,AWG
1933,KSA2020070240,S0132-003B-0004,2020070240,CN,1,0.5,0,CU,10,AWG
1934,KSA2020070250,S0132-003B-0004,2020070250,CN,1,0.5,0,CU,10,AWG
1935,KSA2020070260,S0132-003B-0004,2020070260,CN,1,0.5,0,CU,10,AWG
1936,KSA2020070265,S0132-003B-0004,2020070265,CN,1,0.5,0,CU,10,AWG
1937,KSA2020070270,S0132-0005-004B,2020070270,CN,1,0.5,0,CU,10,AWG
1938,KSA2020070290,S0128-0004-004A,2020070290,AN,1,0.5,0,CU,10,AWG
1939,KSA2020070300,S0128-0004-004A,2020070300,AN,1,0.5,0,CU,10,AWG
1940,KSA2020070305,S0128-0004-004A,2020070305,AN,1,0.5,0,CU,10,AWG
1941,KSA2020070310,S0128-0004-004A,2020070310,AN,1,0.5,0,CU,10,AWG
1942,KSA2020070320,S0128-0004-004A,2020070320,AN,1,0.5,0,CU,10,AWG
1943,KSA2020070330,S0128-0004-004A,2020070330,AN,1,0.5,0,CU,10,AWG
1944,KSA2020070340,S0128-0004-004A,2020070340,AN,1,0.5,0,CU,10,AWG
1945,KSA2020070350,S0128-0004-005a,2020070350,AN,1,0.5,0,CU,10,AWG
1946,KSA2020070355,S0128-0004-005a,2020070355,AN,1,0.5,0,CU,10,AWG
1947,KSA2020070360,S000129-000003C,2020070360,AN,1,0.5,0,CU,10,AWG
1948,KSA2020070362,S000129-000003C,2020070362,AN,1,0.5,0,CU,10,AWG
1949,KSA2020070370,S000129-000003C,2020070370,AN,1,0.5,0,CU,10,AWG
1950,KSA2020070377,S000129-000003C,2020070377,AN,1,0.5,0,CU,10,AWG
1951,KSA2020070380,S000129-000003C,2020070380,AN,1,0.5,0,CU,10,AWG
1952,KSA2020070381,S000129-000003C,2020070381,AN,1,0.5,0,CU,10,AWG
1953,KSA2020070390,S000129-000003C,2020070390,AN,1,0.5,0,CU,10,AWG
1954,KSA2020070391,S000129-000003C,2020070391,AN,1,0.5,0,CU,10,AWG
1955,KSA2020070400,S000129-000003C,2020070400,AN,1,0.5,0,CU,10,AWG
1956,KSA2020070420,S000129-000003B,2020070420,AN,1,0.5,0,CU,10,AWG
1957,KSA2020070430,S000129-000003B,2020070430,AN,1,0.5,0,CU,10,AWG
1958,KSA2020070445,S0128-0004-0003,2020070445,AN,1,0.5,0,CU,10,AWG
1959,KSA2020070446,S000129-000005C,2020070446,AN,1,0.5,0,CU,10,AWG
1960,KSA2020070460,S000129-000003B,2020070460,AN,1,0.5,0,CU,10,AWG
1961,KSA2020070465,S000129-000003B,2020070465,AN,1,0.5,0,CU,10,AWG
1962,KSA2020070480,S000129-000003B,2020070480,AN,1,0.5,0,CU,10,AWG
1963,KSA2020070485,S000129-000003B,2020070485,AN,1,0.5,0,CU,10,AWG
1964,KSA2020070486,S000129-000003B,2020070486,AN,1,0.5,0,CU,10,AWG
1965,KSA2020070490,S000129-000003A,2020070490,AN,1,0.5,0,CU,10,AWG
1966,KSA2020070495,S000129-000003B,2020070495,AN,1,0.5,0,CU,10,AWG
1967,KSA2020070500,S000129-000003A,2020070500,AN,1,0.5,0,CU,10,AWG
1968,KSA2020070505,S000129-000003A,2020070505,AN,1,0.5,0,CU,10,AWG
1969,KSA2020070510,S000129-000003A,2020070510,AN,1,0.5,0,CU,10,AWG
1970,KSA2020070511,S000129-000003A,2020070511,AN,1,0.5,0,CU,10,AWG
1971,KSA2020070520,S000129-000003B,2020070520,AN,1,0.5,0,CU,10,AWG
1972,KSA2020070530,S000129-000003B,2020070530,AN,1,0.5,0,CU,10,AWG
1973,KSA2020070540,S000129-000003B,2020070540,AN,1,0.5,0,CU,10,AWG
1974,KSA2020070550,S0132-003B-004B,2020070550,CN,1,0.5,0,CU,10,AWG
1975,KSA2020070560,S0132-003B-004B,2020070560,CN,1,0.5,0,CU,10,AWG
1976,KSA2020070565,S0132-003B-004B,2020070565,CN,1,0.5,0,CU,10,AWG
1977,KSA2020070580,S0132-003B-004B,2020070580,CN,1,0.5,0,CU,10,AWG
1978,KSA2020070590,S0132-003B-004B,2020070590,CN,1,0.5,0,CU,10,AWG
1979,KSA2020070600,S0132-003B-004A,2020070600,CN,1,0.5,0,CU,10,AWG
1980,KSA2020070605,S0132-003B-004A,2020070605,CN,2,46.0,0,ACSR,2,AWG
1981,KSA2020070610,S0132-003B-004A,2020070610,CN,1,0.5,0,CU,10,AWG
1982,KSA2020070611,S0132-003B-004A,2020070611,CN,1,0.5,0,CU,10,AWG
1983,KSA2020070612,S0132-003B-004A,2020070612,CN,1,0.5,0,CU,10,AWG
1984,KSA2020070620,S0132-003B-004B,2020070620,CN,1,0.5,0,CU,10,AWG
1985,KSA2020070630,S0132-003B-04B1,2020070630,CN,1,0.5,0,CU,10,AWG
1986,KSA2020070635,S0132-003B-004C,2020070635,CN,1,0.5,0,CU,10,AWG
1987,KSA2020070640,S0132-003B-04B1,2020070640,CN,1,0.5,0,CU,10,AWG
1988,KSA2020070645,S0132-003B-04B1,2020070645,CN,1,0.5,0,CU,10,AWG
1989,KSA2020070650,S0132-003B-04B1,2020070650,CN,1,0.5,0,CU,10,AWG
1990,KSA2020070670,S0132-003B-004B,2020070670,CN,1,0.5,0,CU,10,AWG
1991,KSA2020070680,S0132-003B-004B,2020070680,CN,1,0.5,0,CU,10,AWG
1992,KSA2020070690,S0132-003B-004B,2020070690,CN,1,0.5,0,CU,10,AWG
1993,KSA2020070695,S0132-003B-004B,2020070695,CN,1,0.5,0,CU,10,AWG
1994,KSA2020070700,S0132-003B-004B,2020070700,CN,1,0.5,0,CU,10,AWG
1995,KSA2020070720,S0132-003B-004C,2020070720,CN,1,0.5,0,CU,10,AWG
1996,KSA2020070730,S0132-003B-004C,2020070730,CN,1,0.5,0,CU,10,AWG
1997,KSA2020070740,S0132-003B-004C,2020070740,CN,1,0.5,0,CU,10,AWG
1998,KSA2020070750,S0132-003B-004C,2020070750,CN,1,0.5,0,CU,10,AWG
1999,KSA2020070755,S0132-003B-004C,2020070755,CN,1,0.5,0,CU,10,AWG
2000,KSA2020070760,S0132-003B-004C,2020070760,CN,1,0.5,0,CU,10,AWG
2001,KSA2020070770,S0132-003B-004C,2020070770,CN,1,0.5,0,CU,10,AWG
2002,KSA2020070803,S000129-0000004,2020070803,AN,1,0.5,0,CU,10,AWG
2003,KSA2020070805,S000129-0000004,2020070805,AN,1,0.5,0,CU,10,AWG
2004,KSA2020070810,S000129-0000004,2020070810,AN,1,0.5,0,CU,10,AWG
2005,KSA2020070811,S000129-0000005,2020070811,AN,1,0.5,0,CU,10,AWG
2006,KSA2020070815,S000129-0000004,2020070815,AN,1,0.5,0,CU,10,AWG
2007,KSA2020070820,S000129-0000005,2020070820,AN,1,0.5,0,CU,10,AWG
2008,KSA2020070830,S000129-0000004,2020070830,AN,1,0.5,0,CU,10,AWG
2009,KSA2020070840,S000129-0000005,2020070840,AN,1,0.5,0,CU,10,AWG
2010,KSA2020070860,S000129-0000005,2020070860,AN,1,0.5,0,CU,10,AWG
2011,KSA2020070880,S000129-0000005,2020070880,AN,1,0.5,0,CU,10,AWG
2012,KSA2020070885,S000129-0000005,2020070885,AN,1,0.5,0,CU,10,AWG
2013,KSA2020070886,S000129-0000005,2020070886,AN,1,0.5,0,CU,10,AWG
2014,KSA2020070890,S000129-0000005,2020070890,AN,1,0.5,0,CU,10,AWG
2015,KSA2020070900,S000129-000005A,2020070900,AN,1,0.5,0,CU,10,AWG
2016,KSA2020070910,S000129-000005A,2020070910,AN,1,0.5,0,CU,10,AWG
2017,KSA2020070930,S000129-000005A,2020070930,AN,1,0.5,0,CU,10,AWG
2018,KSA2020070940,S000129-000005A,2020070940,AN,1,0.5,0,CU,10,AWG
2019,KSA2020070950,S000129-000005A,2020070950,AN,1,0.5,0,CU,10,AWG
2020,KSA2020070954,S000129-000005A,2020070954,AN,1,0.5,0,CU,10,AWG
2021,KSA2020070955,S000129-000005A,2020070955,AN,1,0.5,0,CU,10,AWG
2022,KSA2020070960,S000129-000005A,2020070960,AN,1,0.5,0,CU,10,AWG
2023,KSA2020070970,S000129-000005A,2020070970,AN,1,0.5,0,CU,10,AWG
2024,KSA2020070980,S000129-000005A,2020070980,AN,1,0.5,0,CU,10,AWG
2025,KSA2020070990,S000129-000005A,2020070990,AN,1,0.5,0,CU,10,AWG
2026,KSA2020071000,S000129-000005B,2020071000,AN,1,0.5,0,CU,10,AWG
2027,KSA2020071010,S000129-000005B,2020071010,AN,1,0.5,0,CU,10,AWG
2028,KSA2020071020,S000129-000005B,2020071020,AN,1,0.5,0,CU,10,AWG
2029,KSA2020071030,S0132-003B-04B1,2020071030,CN,1,0.5,0,CU,10,AWG
2030,KSA2020071040,S000129-000005B,2020071040,AN,1,0.5,0,CU,10,AWG
2031,KSA2020071061,S0134-0002-005C,2020071061,AN,1,0.5,0,CU,10,AWG
2032,KSA2020071065,S0134-0002-005C,2020071065,AN,1,0.5,0,CU,10,AWG
2033,KSA2020071070,S0134-0002-005C,2020071070,AN,1,0.5,0,CU,10,AWG
2034,KSA2020071080,S0134-0002-005C,2020071080,AN,1,0.5,0,CU,10,AWG
2035,KSA2020071090,S0134-0002-005C,2020071090,AN,1,0.5,0,CU,10,AWG
2036,KSA2020071095,S000129-000005B,2020071095,AN,1,0.5,0,CU,10,AWG
2037,KSA2020071100,S000129-000005C,2020071100,AN,1,0.5,0,CU,10,AWG
2038,KSA2020071105,S000129-000005C,2020071105,AN,1,0.5,0,CU,10,AWG
2039,KSA2020071108,S000129-000005C,2020071108,AN,1,0.5,0,CU,10,AWG
2040,KSA2020071110,S000129-000005C,2020071110,AN,1,0.5,0,CU,10,AWG
2041,KSA2020071120,S000129-000005C,2020071120,AN,1,0.5,0,CU,10,AWG
2042,KSA2020071130,S000129-000005C,2020071130,AN,1,0.5,0,CU,10,AWG
2043,KSA2020071135,S000129-000005C,2020071135,AN,1,0.5,0,CU,10,AWG
2044,KSA2020071140,S000129-000005C,2020071140,AN,1,0.5,0,CU,10,AWG
2045,KSA2020071141,S0132-003B-0003,2020071141,CN,1,0.5,0,CU,10,AWG
2046,KSA2020071142,S0132-003B-0003,2020071142,CN,1,0.5,0,CU,10,AWG
2047,KSA2020071160,S0132-003B-0003,2020071160,CN,1,0.5,0,CU,10,AWG
2048,KSA2020071162,S0132-003B-0003,2020071162,CN,1,0.5,0,CU,10,AWG
2049,KSA2020071165,S0132-003B-0003,2020071165,CN,1,0.5,0,CU,10,AWG
2050,KSA2020071170,S0132-003B-0003,2020071170,CN,1,0.5,0,CU,10,AWG
2051,KSA2020071180,S000129-000005B,2020071180,AN,1,0.5,0,CU,10,AWG
2052,KSA2020071182,S000129-000005B,2020071182,AN,1,0.5,0,CU,10,AWG
2053,KSA2020071190,S0132-003B-0003,2020071190,CN,1,0.5,0,CU,10,AWG
2054,KSA2020071200,S0132-0005-004B,2020071200,CN,1,0.5,0,CU,10,AWG
2055,KSA2020071205,S0132-0005-004B,2020071205,CN,1,0.5,0,CU,10,AWG
2056,KSA2020071210,S0132-0005-004B,2020071210,CN,1,0.5,0,CU,10,AWG
2057,KSA2020071214,S0132-0005-004B,2020071214,CN,1,0.5,0,CU,10,AWG
2058,KSA2020071215,S0132-0005-004B,2020071215,CN,1,0.5,0,CU,10,AWG
2059,KSA2020071216,S0132-0005-004B,2020071216,CN,1,0.5,0,CU,10,AWG
2060,KSA2020071220,S0132-0005-004B,2020071220,CN,1,0.5,0,CU,10,AWG
2061,KSA2020071230,S0132-0005-004B,2020071230,CN,1,0.5,0,CU,10,AWG
2062,KSA2020071240,S0132-003B-003a,2020071240,CN,2,62.0,0,ACSR,2,AWG
2063,KSA2020071250,S0132-0005-004B,2020071250,CN,1,0.5,0,CU,10,AWG
2064,KSA2020071260,S0132-003B-003a,2020071260,CN,1,0.5,0,CU,10,AWG
2065,KSA2020071270,S0132-0005-004B,2020071270,CN,1,0.5,0,CU,10,AWG
2066,KSA2020071280,S0132-0005-004B,2020071280,CN,1,0.5,0,CU,10,AWG
2067,KSA2020071290,S0132-0005-004B,2020071290,CN,1,0.5,0,CU,10,AWG
2068,KSA2020071300,S0132-0005-004C,2020071300,CN,1,0.5,0,CU,10,AWG
2069,KSA2020071320,S0132-0005-004C,2020071320,CN,1,0.5,0,CU,10,AWG
2070,KSA2020071330,S0132-0005-004C,2020071330,CN,1,0.5,0,CU,10,AWG
2071,KSA2020071339,S0132-0005-004C,2020071339,CN,1,0.5,0,CU,10,AWG
2072,KSA2020071340,S0132-0005-004C,2020071340,CN,1,0.5,0,CU,10,AWG
2073,KSA2020071341,S0132-0005-004C,2020071341,CN,1,0.5,0,CU,10,AWG
2074,KSA2020071342,S0132-0005-004C,2020071342,CN,1,0.5,0,CU,10,AWG
2075,KSA2020071346,S0132-0005-004C,2020071346,CN,1,0.5,0,CU,10,AWG
2076,KSA2020071350,S0132-0005-004B,2020071350,CN,1,0.5,0,CU,10,AWG
2077,KSA2020071366,S0132-0005-004A,2020071366,CN,1,0.5,0,CU,10,AWG
2078,KSA2020071367,S0132-0005-004A,2020071367,CN,1,0.5,0,CU,10,AWG
2079,KSA2020071370,S0132-0005-004B,2020071370,CN,1,0.5,0,CU,10,AWG
2080,KSA2020071376,S0132-0005-004A,2020071376,CN,1,0.5,0,CU,10,AWG
2081,KSA2020071390,S0132-0005-004A,2020071390,CN,1,0.5,0,CU,10,AWG
2082,KSA2020071395,S0132-0005-004A,2020071395,CN,1,0.5,0,CU,10,AWG
2083,KSA2020071397,S0132-0005-004A,2020071397,CN,1,0.5,0,CU,10,AWG
2084,KSA2020071400,S0132-0005-004A,2020071400,CN,1,0.5,0,CU,10,AWG
2085,KSA2020071405,S0132-0005-004A,2020071405,CN,1,0.5,0,CU,10,AWG
2086,KSA2020071410,S0132-0005-004A,2020071410,CN,1,0.5,0,CU,10,AWG
2087,KSA2020071420,S0132-0005-004A,2020071420,CN,1,0.5,0,CU,10,AWG
2088,KSA2020071430,S0132-0005-004A,2020071430,CN,1,0.5,0,CU,10,AWG
2089,KSA2020071432,S0132-0005-004A,2020071432,CN,1,0.5,0,CU,10,AWG
2090,KSA2020071435,S0132-0005-004A,2020071435,CN,1,0.5,0,CU,10,AWG
2091,KSA2020071436,S0132-0005-004A,2020071436,CN,1,0.5,0,CU,10,AWG
2092,KSA2020071440,S0132-0005-004A,2020071440,CN,1,0.5,0,CU,10,AWG
2093,KSA2020071445,S000129-000003C,2020071445,AN,1,0.5,0,CU,10,AWG
2094,KSA2020071450,S0132-0005-004A,2020071450,CN,1,0.5,0,CU,10,AWG
2095,KSA2020071460,S0132-0005-0004,2020071460,CN,1,0.5,0,CU,10,AWG
2096,KSA2020071470,S0132-0005-0004,2020071470,CN,1,0.5,0,CU,10,AWG
2097,KSA2020071475,S0132-0005-004A,2020071475,CN,1,0.5,0,CU,10,AWG
2098,KSA2020071485,S0132-0005-0004,2020071485,CN,1,0.5,0,CU,10,AWG
2099,KSA2020071492,S000129-000003B,2020071492,AN,2,69.0,0,ACSR,2,AWG
2100,KSA2020071493,S0132-0005-004B,2020071493,CN,1,0.5,0,CU,10,AWG
2101,KSA2020071494,S000129-0000005,2020071494,AN,1,0.5,0,CU,10,AWG
2102,KSA2020071495,S0132-0005-004D,2020071495,CN,1,0.5,0,CU,10,AWG
2103,KSA2020071496,S0128-0004-005a,2020071496,AN,1,0.5,0,CU,10,AWG
2104,KSA2020071497,S0132-0005-004A,2020071497,CN,1,0.5,0,CU,10,AWG
2105,KSA2020071498,S0132-0005-004A,2020071498,CN,2,84.0,0,ACSR,2,AWG
2106,KSA2020071499,S0132-003H-0001,2020071499,CN,1,5.0,0,AL,2,AWG
2107,KSA2020071500,S0132-003B-004A,2020071500,CN,1,1.0,0,ACSR,2,AWG
2108,KSA2020071501,S0132-003B-004B,2020071501,CN,1,1.0,0,ACSR,2,AWG
2109,KSA2020071502,S0132-003B-004C,2020071502,CN,1,1.0,0,ACSR,2,AWG
2110,KSA2020071503,S0132-0005-004A,2020071503,CN,1,1.0,0,ACSR,2,AWG
2111,KSA2020071504,S0132-0005-004E,2020071504,CN,1,1.0,0,ACSR,2,AWG
2112,KSA2020071505,S0115-0004-0005,2020071505,AN,1,1.0,0,ACSR,2,AWG
2113,KSA2020071506,S0132-003B-04B1,2020071506,CN,1,1.0,0,ACSR,2,AWG
2114,KSA2020071507,S0132-0005-004C,2020071507,CN,1,1.0,0,ACSR,2,AWG
2115,KSA2020071508,S0132-003H-0001,2020071508,CN,1,1.0,0,ACSR,2,AWG
2116,KSA2020080005,S0132-0005-0003,2020080005,CN,1,0.5,0,CU,10,AWG
2117,KSA2020080010,S0132-0005-0003,2020080010,CN,1,0.5,0,CU,10,AWG
2118,KSA2020080015,S0132-0005-0003,2020080015,CN,1,0.5,0,CU,10,AWG
2119,KSA2020080020,S0132-0005-0003,2020080020,CN,1,0.5,0,CU,10,AWG
2120,KSA2020080030,S0132-0005-0003,2020080030,CN,1,0.5,0,CU,10,AWG
2121,KSA2020080040,S0132-0005-0003,2020080040,CN,1,0.5,0,CU,10,AWG
2122,KSA2020080041,S0132-0005-0003,2020080041,CN,1,0.5,0,CU,10,AWG
2123,KSA2020080045,S0132-0005-0002,2020080045,CN,1,0.5,0,CU,10,AWG
2124,KSA2020080046,S0132-0005-0002,2020080046,CN,1,0.5,0,CU,10,AWG
2125,KSA2020080050,S0132-0005-0002,2020080050,CN,1,0.5,0,CU,10,AWG
2126,KSA2020080060,S0132-003B-0002,2020080060,CN,1,0.5,0,CU,10,AWG
2127,KSA2020080070,S0132-003B-0002,2020080070,CN,1,0.5,0,CU,10,AWG
2128,KSA2020080075,S0132-003B-0002,2020080075,CN,1,0.5,0,CU,10,AWG
2129,KSA2020080080,S0132-003B-0002,2020080080,CN,1,0.5,0,CU,10,AWG
2130,KSA2020080085,S000129-0000006,2020080085,AN,1,0.5,0,CU,10,AWG
2131,KSA2020080095,S0132-003B-0003,2020080095,CN,1,0.5,0,CU,10,AWG
2132,KSA2020080100,S0132-003B-0003,2020080100,CN,1,0.5,0,CU,10,AWG
2133,KSA2020080105,S0132-003B-0002,2020080105,CN,1,0.5,0,CU,10,AWG
2134,KSA2020080110,S0132-003B-0002,2020080110,CN,1,0.5,0,CU,10,AWG
2135,KSA2020080115,S0134-0002-0009,2020080115,AN,1,0.5,0,CU,10,AWG
2136,KSA2020080125,S0132-0005-0002,2020080125,CN,1,0.5,0,CU,10,AWG
2137,KSA2020080130,S0132-0005-0002,2020080130,CN,1,0.5,0,CU,10,AWG
2138,KSA2020080135,S0132-0005-0002,2020080135,CN,1,0.5,0,CU,10,AWG
2139,KSA2020080140,S0132-0005-0002,2020080140,CN,1,0.5,0,CU,10,AWG
2140,KSA2020080145,S0132-0005-0003,2020080145,CN,1,0.5,0,CU,10,AWG
2141,KSA2020080150,S0132-0005-004c,2020080150,CN,1,0.5,0,CU,10,AWG
2142,KSA2020080155,S0132-0005-004d,2020080155,CN,1,0.5,0,CU,10,AWG
2143,KSA2020080160,S0132-0005-0001,2020080160,CN,1,0.5,0,CU,10,AWG
2144,KSA2020080165,S0132-0005-0001,2020080165,CN,1,0.5,0,CU,10,AWG
2145,KSA2020080170,S0132-0005-0001,2020080170,CN,1,0.5,0,CU,10,AWG
2146,KSA2020080175,S0132-0005-0001,2020080175,CN,1,0.5,0,CU,10,AWG
2147,KSA2020080178,S0132-0005-0001,2020080178,CN,1,0.5,0,CU,10,AWG
2148,KSA2020080180,S0134-0002-005C,2020080180,AN,1,0.5,0,CU,10,AWG
2149,KSA2020080185,S0132-0005-004d,2020080185,CN,1,0.5,0,CU,10,AWG
2150,KSA2020080190,S0134-0002-005C,2020080190,AN,1,0.5,0,CU,10,AWG
2151,KSA2020080191,S0134-0002-005C,2020080191,AN,1,0.5,0,CU,10,AWG
2152,KSA2020080195,S0132-0005-004d,2020080195,CN,1,0.5,0,CU,10,AWG
2153,KSA2020080200,S0134-0002-003A,2020080200,AN,1,0.5,0,CU,10,AWG
2154,KSA2020080205,S0134-0002-0006,2020080205,AN,1,0.5,0,CU,10,AWG
2155,KSA2020080210,S0132-0005-0001,2020080210,CN,1,0.5,0,CU,10,AWG
2156,KSA2020080215,S000129-000006A,2020080215,AN,1,0.5,0,CU,10,AWG
2157,KSA2020080220,S0132-0005-0001,2020080220,CN,1,0.5,0,CU,10,AWG
2158,KSA2020080225,S0134-0002-05aA,2020080225,AN,1,0.5,0,CU,10,AWG
2159,KSA2020080235,S0134-0002-003A,2020080235,AN,1,0.5,0,CU,10,AWG
2160,KSA2020080240,S000129-000006A,2020080240,AN,1,0.5,0,CU,10,AWG
2161,KSA2020080245,S0134-0002-0005,2020080245,AN,1,0.5,0,CU,10,AWG
2162,KSA2020080250,S000129-000006A,2020080250,AN,1,0.5,0,CU,10,AWG
2163,KSA2020080255,S0132-0005-0001,2020080255,CN,1,0.5,0,CU,10,AWG
2164,KSA2020080270,S000129-000006A,2020080270,AN,1,0.5,0,CU,10,AWG
2165,KSA2020080272,S000129-000006A,2020080272,AN,1,0.5,0,CU,10,AWG
2166,KSA2020080273,S000129-000006A,2020080273,AN,1,0.5,0,CU,10,AWG
2167,KSA2020080274,S000129-000006A,2020080274,AN,1,0.5,0,CU,10,AWG
2168,KSA2020080275,S000129-0000006,2020080275,AN,1,0.5,0,CU,10,AWG
2169,KSA2020080280,S000129-0000006,2020080280,AN,1,0.5,0,CU,10,AWG
2170,KSA2020080285,S0132-0005-004d,2020080285,CN,1,0.5,0,CU,10,AWG
2171,KSA2020080290,S000129-0000006,2020080290,AN,1,0.5,0,CU,10,AWG
2172,KSA2020080295,S0132-0005-0001,2020080295,CN,1,0.5,0,CU,10,AWG
2173,KSA2020080300,S000129-0000006,2020080300,AN,1,0.5,0,CU,10,AWG
2174,KSA2020080305,S000129-0000006,2020080305,AN,1,0.5,0,CU,10,AWG
2175,KSA2020080306,S000129-0000006,2020080306,AN,1,0.5,0,CU,10,AWG
2176,KSA2020080310,S000129-0000006,2020080310,AN,1,0.5,0,CU,10,AWG
2177,KSA2020080320,S000129-0000006,2020080320,AN,1,0.5,0,CU,10,AWG
2178,KSA2020080325,S000129-000006A,2020080325,AN,1,0.5,0,CU,10,AWG
2179,KSA2020080330,S000129-0000006,2020080330,AN,1,0.5,0,CU,10,AWG
2180,KSA2020080335,S0134-0002-0009,2020080335,AN,1,0.5,0,CU,10,AWG
2181,KSA2020080340,S0134-0002-0002,2020080340,AN,1,0.5,0,CU,10,AWG
2182,KSA2020080345,S0132-0005-004b,2020080345,CN,1,0.5,0,CU,10,AWG
2183,KSA2020080350,S0134-0002-0002,2020080350,AN,1,0.5,0,CU,10,AWG
2184,KSA2020080355,S000129-0000006,2020080355,AN,1,0.5,0,CU,10,AWG
2185,KSA2020080365,S0134-0002-003A,2020080365,AN,1,0.5,0,CU,10,AWG
2186,KSA2020080370,S0134-0002-0002,2020080370,AN,1,0.5,0,CU,10,AWG
2187,KSA2020080375,S0134-0002-05aa,2020080375,AN,1,0.5,0,CU,10,AWG
2188,KSA2020080380,S0134-0002-0002,2020080380,AN,1,0.5,0,CU,10,AWG
2189,KSA2020080385,S0134-0002-0003,2020080385,AN,1,0.5,0,CU,10,AWG
2190,KSA2020080390,S0134-0002-0002,2020080390,AN,1,0.5,0,CU,10,AWG
2191,KSA2020080395,S0132-0005-004c,2020080395,CN,1,0.5,0,CU,10,AWG
2192,KSA2020080400,S0134-0002-0002,2020080400,AN,1,0.5,0,CU,10,AWG
2193,KSA2020080405,S0134-0002-0002,2020080405,AN,1,0.5,0,CU,10,AWG
2194,KSA2020080410,S0134-0002-0002,2020080410,AN,1,0.5,0,CU,10,AWG
2195,KSA2020080415,S0134-0002-0002,2020080415,AN,1,0.5,0,CU,10,AWG
2196,KSA2020080420,S0134-0002-0002,2020080420,AN,1,0.5,0,CU,10,AWG
2197,KSA2020080425,S0132-0005-004d,2020080425,CN,1,0.5,0,CU,10,AWG
2198,KSA2020080440,S0134-0002-0002,2020080440,AN,1,0.5,0,CU,10,AWG
2199,KSA2020080445,S0134-0002-0009,2020080445,AN,1,0.5,0,CU,10,AWG
2200,KSA2020080450,S0134-0002-0002,2020080450,AN,2,84.0,0,ACSR,2,AWG
2201,KSA2020080455,S0134-0002-0002,2020080455,AN,1,0.5,0,CU,10,AWG
2202,KSA2020080465,S0134-0002-0002,2020080465,AN,1,0.5,0,CU,10,AWG
2203,KSA2020080470,S0134-0002-0002,2020080470,AN,1,0.5,0,CU,10,AWG
2204,KSA2020080475,S0134-0002-0002,2020080475,AN,1,0.5,0,CU,10,AWG
2205,KSA2020080480,S0134-0002-0003,2020080480,AN,1,0.5,0,CU,10,AWG
2206,KSA2020080485,S0134-0002-0003,2020080485,AN,1,0.5,0,CU,10,AWG
2207,KSA2020080495,S0132-0005-004d,2020080495,CN,1,0.5,0,CU,10,AWG
2208,KSA2020080500,S0134-0002-0003,2020080500,AN,1,0.5,0,CU,10,AWG
2209,KSA2020080505,S0132-0005-0001,2020080505,CN,1,0.5,0,CU,10,AWG
2210,KSA2020080510,S0134-0002-003A,2020080510,AN,1,0.5,0,CU,10,AWG
2211,KSA2020080515,S0134-0002-0003,2020080515,AN,1,0.5,0,CU,10,AWG
2212,KSA2020080520,S0134-0002-0003,2020080520,AN,1,0.5,0,CU,10,AWG
2213,KSA2020080525,S0132-0005-004b,2020080525,CN,1,0.5,0,CU,10,AWG
2214,KSA2020080530,S0134-0002-0003,2020080530,AN,1,0.5,0,CU,10,AWG
2215,KSA2020080531,S0134-0002-0003,2020080531,AN,1,0.5,0,CU,10,AWG
2216,KSA2020080532,S0134-0002-0003,2020080532,AN,1,0.5,0,CU,10,AWG
2217,KSA2020080534,S0134-0002-0003,2020080534,AN,1,0.5,0,CU,10,AWG
2218,KSA2020080535,S0134-0002-0003,2020080535,AN,1,0.5,0,CU,10,AWG
2219,KSA2020080545,S0134-0002-0003,2020080545,AN,1,0.5,0,CU,10,AWG
2220,KSA2020080548,S0134-0002-0003,2020080548,AN,1,0.5,0,CU,10,AWG
2221,KSA2020080549,S0134-0002-0004,2020080549,AN,1,0.5,0,CU,10,AWG
2222,KSA2020080550,S0134-0002-0004,2020080550,AN,1,0.5,0,CU,10,AWG
2223,KSA2020080551,S0134-0002-0004,2020080551,AN,1,0.5,0,CU,10,AWG
2224,KSA2020080552,S0134-0002-0003,2020080552,AN,1,0.5,0,CU,10,AWG
2225,KSA2020080555,S0132-0005-004b,2020080555,CN,1,0.5,0,CU,10,AWG
2226,KSA2020080560,S0134-0002-0003,2020080560,AN,1,0.5,0,CU,10,AWG
2227,KSA2020080565,S0134-0002-0002,2020080565,AN,1,0.5,0,CU,10,AWG
2228,KSA2020080575,S0132-0005-004d,2020080575,CN,1,0.5,0,CU,10,AWG
2229,KSA2020080580,S0134-0002-0003,2020080580,AN,1,0.5,0,CU,10,AWG
2230,KSA2020080585,S0132-0005-004c,2020080585,CN,1,0.5,0,CU,10,AWG
2231,KSA2020080590,S0134-0002-0003,2020080590,AN,1,0.5,0,CU,10,AWG
2232,KSA2020080595,S0132-0005-0002,2020080595,CN,1,0.5,0,CU,10,AWG
2233,KSA2020080605,S0134-0002-0009,2020080605,AN,1,0.5,0,CU,10,AWG
2234,KSA2020080610,S0134-0002-0003,2020080610,AN,1,0.5,0,CU,10,AWG
2235,KSA2020080620,S0134-0002-0010,2020080620,AN,1,0.5,0,CU,10,AWG
2236,KSA2020080625,S0134-0002-0004,2020080625,AN,1,0.5,0,CU,10,AWG
2237,KSA2020080630,S0134-0002-003A,2020080630,AN,1,0.5,0,CU,10,AWG
2238,KSA2020080633,S0134-0002-003A,2020080633,AN,1,0.5,0,CU,10,AWG
2239,KSA2020080634,S0134-0002-003A,2020080634,AN,1,0.5,0,CU,10,AWG
2240,KSA2020080635,S0132-0005-004c,2020080635,CN,1,0.5,0,CU,10,AWG
2241,KSA2020080637,S0134-0002-003A,2020080637,AN,1,0.5,0,CU,10,AWG
2242,KSA2020080640,S0134-0002-003A,2020080640,AN,1,0.5,0,CU,10,AWG
2243,KSA2020080645,S0134-0002-003A,2020080645,AN,1,0.5,0,CU,10,AWG
2244,KSA2020080648,S0134-0002-003A,2020080648,AN,1,0.5,0,CU,10,AWG
2245,KSA2020080650,S000137-0000001,2020080650,AN,1,6.0,0,AL,2,AWG
2246,KSA2020080655,S0134-0002-003A,2020080655,AN,1,0.5,0,CU,10,AWG
2247,KSA2020080656,S0134-0002-003A,2020080656,AN,1,0.5,0,CU,10,AWG
2248,KSA2020080657,S0134-0002-003A,2020080657,AN,1,0.5,0,CU,10,AWG
2249,KSA2020080660,S0134-0002-003A,2020080660,AN,1,0.5,0,CU,10,AWG
2250,KSA2020080665,S0134-0002-05aa,2020080665,AN,1,0.5,0,CU,10,AWG
2251,KSA2020080670,S0132-0005-004d,2020080670,CN,1,0.5,0,CU,10,AWG
2252,KSA2020080674,S0134-0002-05aa,2020080674,AN,1,0.5,0,CU,10,AWG
2253,KSA2020080675,S0132-0005-004a,2020080675,CN,1,0.5,0,CU,10,AWG
2254,KSA2020080676,S0134-0002-05aa,2020080676,AN,1,0.5,0,CU,10,AWG
2255,KSA2020080680,S0134-0002-05aa,2020080680,AN,1,0.5,0,CU,10,AWG
2256,KSA2020080685,S0134-0002-0010,2020080685,AN,2,92.0,0,ACSR,2,AWG
2257,KSA2020080690,S0134-0002-05aa,2020080690,AN,1,0.5,0,CU,10,AWG
2258,KSA2020080691,S0134-0002-05aa,2020080691,AN,1,0.5,0,CU,10,AWG
2259,KSA2020080695,S0134-0002-05aa,2020080695,AN,1,0.5,0,CU,10,AWG
2260,KSA2020080700,S0134-0002-005a,2020080700,AN,1,0.5,0,CU,10,AWG
2261,KSA2020080705,S0134-0002-003A,2020080705,AN,2,92.0,0,ACSR,2,AWG
2262,KSA2020080710,S0134-0002-005a,2020080710,AN,1,0.5,0,CU,10,AWG
2263,KSA2020080715,S0134-0002-0003,2020080715,AN,2,92.0,0,ACSR,2,AWG
2264,KSA2020080721,S0134-0002-05aA,2020080721,AN,1,0.5,0,CU,10,AWG
2265,KSA2020080725,S0134-0002-005a,2020080725,AN,1,0.5,0,CU,10,AWG
2266,KSA2020080728,S0134-0002-05aA,2020080728,AN,1,0.5,0,CU,10,AWG
2267,KSA2020080729,S0134-0002-05aA,2020080729,AN,1,0.5,0,CU,10,AWG
2268,KSA2020080730,S0134-0002-05aA,2020080730,AN,1,0.5,0,CU,10,AWG
2269,KSA2020080735,S0132-0005-004a,2020080735,CN,2,92.0,0,ACSR,2,AWG
2270,KSA2020080740,S0132-0005-004a,2020080740,CN,1,0.5,0,CU,10,AWG
2271,KSA2020080745,S0132-0005-004b,2020080745,CN,1,0.5,0,CU,10,AWG
2272,KSA2020080755,S0132-0005-004b,2020080755,CN,1,0.5,0,CU,10,AWG
2273,KSA2020080760,S0134-0002-005a,2020080760,AN,1,0.5,0,CU,10,AWG
2274,KSA2020080765,S0134-0002-0009,2020080765,AN,1,0.5,0,CU,10,AWG
2275,KSA2020080769,S0132-0005-004b,2020080769,CN,1,0.5,0,CU,10,AWG
2276,KSA2020080770,S0134-0002-05aA,2020080770,AN,1,0.5,0,CU,10,AWG
2277,KSA2020080774,S0132-0005-004b,2020080774,CN,1,0.5,0,CU,10,AWG
2278,KSA2020080776,S0132-0005-004b,2020080776,CN,1,0.5,0,CU,10,AWG
2279,KSA2020080777,S0132-0005-004b,2020080777,CN,1,0.5,0,CU,10,AWG
2280,KSA2020080778,S0132-0005-004b,2020080778,CN,1,0.5,0,CU,10,AWG
2281,KSA2020080779,S0132-0005-004b,2020080779,CN,1,0.5,0,CU,10,AWG
2282,KSA2020080780,S0134-0002-05aA,2020080780,AN,1,0.5,0,CU,10,AWG
2283,KSA2020080781,S0132-0005-004c,2020080781,CN,1,0.5,0,CU,10,AWG
2284,KSA2020080783,S0132-0005-004d,2020080783,CN,1,0.5,0,CU,10,AWG
2285,KSA2020080784,S0132-0005-004c,2020080784,CN,1,0.5,0,CU,10,AWG
2286,KSA2020080785,S0132-0005-004c,2020080785,CN,1,0.5,0,CU,10,AWG
2287,KSA2020080790,S0134-0002-005a,2020080790,AN,1,0.5,0,CU,10,AWG
2288,KSA2020080795,S0134-0002-0003,2020080795,AN,1,0.5,0,CU,10,AWG
2289,KSA2020080802,S0134-0002-0005,2020080802,AN,1,0.5,0,CU,10,AWG
2290,KSA2020080805,S0134-0002-0005,2020080805,AN,1,0.5,0,CU,10,AWG
2291,KSA2020080810,S0134-0002-0005,2020080810,AN,1,0.5,0,CU,10,AWG
2292,KSA2020080815,S0134-0002-0005,2020080815,AN,1,0.5,0,CU,10,AWG
2293,KSA2020080830,S0134-0002-0010,2020080830,AN,1,0.5,0,CU,10,AWG
2294,KSA2020080840,S0134-0002-0005,2020080840,AN,1,0.5,0,CU,10,AWG
2295,KSA2020080845,S0132-0005-004b,2020080845,CN,1,0.5,0,CU,10,AWG
2296,KSA2020080850,S0134-0002-005A,2020080850,AN,1,0.5,0,CU,10,AWG
2297,KSA2020080860,S0134-0002-005A,2020080860,AN,1,0.5,0,CU,10,AWG
2298,KSA2020080865,S0134-0002-005A,2020080865,AN,1,0.5,0,CU,10,AWG
2299,KSA2020080866,S0134-0002-005A,2020080866,AN,1,0.5,0,CU,10,AWG
2300,KSA2020080868,S0134-0002-005A,2020080868,AN,1,0.5,0,CU,10,AWG
2301,KSA2020080869,S0134-0002-005A,2020080869,AN,1,0.5,0,CU,10,AWG
2302,KSA2020080880,S0134-0002-005A,2020080880,AN,1,0.5,0,CU,10,AWG
2303,KSA2020080890,S0134-0002-005A,2020080890,AN,1,0.5,0,CU,10,AWG
2304,KSA2020080910,S0134-0002-005A,2020080910,AN,1,0.5,0,CU,10,AWG
2305,KSA2020080920,S0132-0005-0001,2020080920,CN,1,0.5,0,CU,10,AWG
2306,KSA2020080930,S0134-0002-005A,2020080930,AN,1,0.5,0,CU,10,AWG
2307,KSA2020080940,S0134-0002-0005,2020080940,AN,1,0.5,0,CU,10,AWG
2308,KSA2020080950,S0134-0002-0005,2020080950,AN,1,0.5,0,CU,10,AWG
2309,KSA2020080960,S0134-0002-0006,2020080960,AN,1,0.5,0,CU,10,AWG
2310,KSA2020080965,S0134-0002-0005,2020080965,AN,1,0.5,0,CU,10,AWG
2311,KSA2020080975,S0134-0002-0006,2020080975,AN,1,0.5,0,CU,10,AWG
2312,KSA2020080980,S0134-0002-0006,2020080980,AN,1,0.5,0,CU,10,AWG
2313,KSA2020080990,S0134-0002-0006,2020080990,AN,1,0.5,0,CU,10,AWG
2314,KSA2020081000,S0134-0002-006A,2020081000,AN,1,0.5,0,CU,10,AWG
2315,KSA2020081010,S0134-0002-006A,2020081010,AN,1,0.5,0,CU,10,AWG
2316,KSA2020081011,S0134-0002-05aA,2020081011,AN,1,0.5,0,CU,10,AWG
2317,KSA2020081020,S0134-0002-006A,2020081020,AN,1,0.5,0,CU,10,AWG
2318,KSA2020081030,S0134-0002-006A,2020081030,AN,1,0.5,0,CU,10,AWG
2319,KSA2020081040,S0132-0005-0002,2020081040,CN,1,0.5,0,CU,10,AWG
2320,KSA2020081045,S0134-0002-006A,2020081045,AN,1,0.5,0,CU,10,AWG
2321,KSA2020081046,S0134-0002-006A,2020081046,AN,1,0.5,0,CU,10,AWG
2322,KSA2020081050,S0134-0002-006A,2020081050,AN,1,0.5,0,CU,10,AWG
2323,KSA2020081060,S0132-0005-0002,2020081060,CN,1,0.5,0,CU,10,AWG
2324,KSA2020081070,S0132-0005-0003,2020081070,CN,1,0.5,0,CU,10,AWG
2325,KSA2020081072,S0134-0002-0007,2020081072,AN,1,0.5,0,CU,10,AWG
2326,KSA2020081075,S0134-0002-0006,2020081075,AN,1,0.5,0,CU,10,AWG
2327,KSA2020081080,S0132-0005-0003,2020081080,CN,1,0.5,0,CU,10,AWG
2328,KSA2020081090,S0134-0002-0007,2020081090,AN,1,0.5,0,CU,10,AWG
2329,KSA2020081100,S0134-0002-0007,2020081100,AN,1,0.5,0,CU,10,AWG
2330,KSA2020081130,S0134-0002-0007,2020081130,AN,1,0.5,0,CU,10,AWG
2331,KSA2020081135,S0134-0002-0007,2020081135,AN,1,54.0,0,ACSR,2,AWG
2332,KSA2020081150,S0134-0002-0007,2020081150,AN,1,0.5,0,CU,10,AWG
2333,KSA2020081160,S0134-0002-0007,2020081160,AN,1,0.5,0,CU,10,AWG
2334,KSA2020081170,S0134-0002-0007,2020081170,AN,1,0.5,0,CU,10,AWG
2335,KSA2020081180,S0132-0005-0003,2020081180,CN,1,0.5,0,CU,10,AWG
2336,KSA2020081184,S0134-0002-0007,2020081184,AN,1,0.5,0,CU,10,AWG
2337,KSA2020081185,S0134-0002-0007,2020081185,AN,1,0.5,0,CU,10,AWG
2338,KSA2020081220,S0132-0005-004a,2020081220,CN,1,0.5,0,CU,10,AWG
2339,KSA2020081222,S0132-0005-004a,2020081222,CN,1,0.5,0,CU,10,AWG
2340,KSA2020081223,S0132-0005-004c,2020081223,CN,1,0.5,0,CU,10,AWG
2341,KSA2020081224,S0132-0005-004d,2020081224,CN,1,0.5,0,CU,10,AWG
2342,KSA2020081225,S0132-0005-004a,2020081225,CN,1,0.5,0,CU,10,AWG
2343,KSA2020081226,S0132-0005-004b,2020081226,CN,1,0.5,0,CU,10,AWG
2344,KSA2020081227,S0132-0005-004d,2020081227,CN,1,0.5,0,CU,10,AWG
2345,KSA2020081228,S0132-0005-004a,2020081228,CN,1,0.5,0,CU,10,AWG
2346,KSA2020081229,S0132-0005-004b,2020081229,CN,1,0.5,0,CU,10,AWG
2347,KSA2020081230,S0132-0005-004a,2020081230,CN,1,0.5,0,CU,10,AWG
2348,KSA2020081240,S0132-0005-004a,2020081240,CN,1,0.5,0,CU,10,AWG
2349,KSA2020081250,S0132-0005-004a,2020081250,CN,1,0.5,0,CU,10,AWG
2350,KSA2020081259,S0134-0002-0009,2020081259,AN,1,0.5,0,CU,10,AWG
2351,KSA2020081280,S0134-0002-0009,2020081280,AN,1,0.5,0,CU,10,AWG
2352,KSA2020081285,S0134-0002-0009,2020081285,AN,1,0.5,0,CU,10,AWG
2353,KSA2020081290,S0132-0005-0004,2020081290,CN,1,0.5,0,CU,10,AWG
2354,KSA2020081297,S0134-0002-0009,2020081297,AN,1,0.5,0,CU,10,AWG
2355,KSA2020081300,S0134-0002-0009,2020081300,AN,1,0.5,0,CU,10,AWG
2356,KSA2020081320,S0134-0002-0009,2020081320,AN,1,0.5,0,CU,10,AWG
2357,KSA2020081325,S0134-0002-0010,2020081325,AN,1,0.5,0,CU,10,AWG
2358,KSA2020081330,S0132-0005-0004,2020081330,CN,1,0.5,0,CU,10,AWG
2359,KSA2020081340,S0134-0002-0010,2020081340,AN,1,0.5,0,CU,10,AWG
2360,KSA2020081360,S0134-0002-0007,2020081360,AN,1,0.5,0,CU,10,AWG
2361,KSA2020081365,S0134-0002-0009,2020081365,AN,1,0.5,0,CU,10,AWG
2362,KSA2020081366,S0134-0002-0005,2020081366,AN,1,0.5,0,CU,10,AWG
2363,KSA2020081367,S0132-0005-004b,2020081367,CN,1,0.5,0,CU,10,AWG
2364,KSA2020081368,S0134-0002-003A,2020081368,AN,1,0.5,0,CU,10,AWG
2365,KSA2020081369,S0132-0005-004d,2020081369,CN,1,0.5,0,CU,10,AWG
2366,KSA2020081370,S0132-0005-004b,2020081370,CN,1,0.5,0,CU,10,AWG
2367,KSA2020081371,S0134-0002-005a,2020081371,AN,2,62.0,0,ACSR,2,AWG
2368,KSA2020081372,S0132-0005-004b,2020081372,CN,2,62.0,0,ACSR,2,AWG
2369,KSA2020081373,S0132-0005-0003,2020081373,CN,1,0.5,0,CU,10,AWG
2370,KSA2020081374,S0132-0005-004b,2020081374,CN,1,0.5,0,CU,10,AWG
2371,KSA2020081375,S0134-0002-0007,2020081375,AN,1,0.5,0,CU,10,AWG
2372,KSA2020081376,S0132-0005-004b,2020081376,CN,1,0.5,0,CU,10,AWG
2373,KSA2020081377,S0132-0005-004b,2020081377,CN,1,0.5,0,CU,10,AWG
2374,KSA2020081378,S0132-0005-0002,2020081378,CN,1,0.5,0,CU,10,AWG
2375,KSA2020081380,S0134-0002-0002,2020081380,AN,1,59.0,0,ACSR,2,AWG
2376,KSA2020081381,S0132-0005-0001,2020081381,CN,1,59.0,0,ACSR,2,AWG
2377,KSA2020081382,S0132-0005-004b,2020081382,CN,1,59.0,0,ACSR,2,AWG
2378,KSA2020081383,S0134-0002-05aA,2020081383,AN,1,59.0,0,ACSR,2,AWG
2379,KSA2020081384,S0134-0002-005a,2020081384,AN,1,59.0,0,ACSR,2,AWG
2380,KSA2020081385,S0134-0002-005a,2020081385,AN,1,59.0,0,ACSR,2,AWG
2381,KSA2020081386,S0134-0002-005a,2020081386,AN,1,59.0,0,ACSR,2,AWG
2382,KSA2020081387,S0134-0002-003A,2020081387,AN,1,59.0,0,ACSR,2,AWG
2383,KSA2020081388,S0132-0005-004b,2020081388,CN,1,59.0,0,ACSR,2,AWG
2384,KSA2020081389,S0132-0005-004b,2020081389,CN,1,59.0,0,ACSR,2,AWG
2385,KSA2020081390,S0134-0002-05aa,2020081390,AN,1,59.0,0,ACSR,2,AWG
2386,KSA2020081391,S0134-0002-0002,2020081391,AN,1,59.0,0,ACSR,2,AWG
2387,KSA2020081392,S0132-0005-004b,2020081392,CN,1,59.0,0,ACSR,2,AWG
2388,KSA2020081393,S0134-0002-003A,2020081393,AN,1,59.0,0,ACSR,2,AWG
2389,KSA2020081394,S0134-0002-0010,2020081394,AN,1,59.0,0,ACSR,2,AWG
2390,KSA2020081395,S0132-0005-0003,2020081395,CN,1,59.0,0,ACSR,2,AWG
2391,KSA2020081396,S0132-0005-004d,2020081396,CN,1,59.0,0,ACSR,2,AWG
2392,KSA2020081397,S0134-0002-0006,2020081397,AN,1,59.0,0,ACSR,2,AWG
2393,KSA2020081398,S0132-0005-004b,2020081398,CN,1,59.0,0,ACSR,2,AWG
2394,KSA2020081399,S0132-0005-004d,2020081399,CN,1,59.0,0,ACSR,2,AWG
2395,KSA2020081400,S0132-0005-004b,2020081400,CN,1,59.0,0,ACSR,2,AWG
2396,KSA2020081402,S0134-0002-0009,2020081402,AN,1,59.0,0,ACSR,2,AWG
2397,KSA2020081403,S0134-0002-003A,2020081403,AN,1,59.0,0,ACSR,2,AWG
2398,KSA2020081404,S0134-0002-003A,2020081404,AN,1,59.0,0,ACSR,2,AWG
2399,KSA2020081405,S0134-0002-003A,2020081405,AN,1,59.0,0,ACSR,2,AWG
2400,KSA2020090010,S0132-0005-0004,2020090010,CN,1,0.5,0,CU,10,AWG
2401,KSA2020090015,S0132-0005-0004,2020090015,CN,1,0.5,0,CU,10,AWG
2402,KSA2020090040,S0132-0005-0004,2020090040,CN,1,0.5,0,CU,10,AWG
2403,KSA2020090050,S0132-0005-0004,2020090050,CN,1,0.5,0,CU,10,AWG
2404,KSA2020090060,S0132-0005-0004,2020090060,CN,1,0.5,0,CU,10,AWG
2405,KSA2020090061,S0132-0005-0003,2020090061,CN,1,0.5,0,CU,10,AWG
2406,KSA2020090082,S0132-0005-0003,2020090082,CN,1,0.5,0,CU,10,AWG
2407,KSA2020090110,S0132-0009-0001,2020090110,CN,1,0.5,0,CU,10,AWG
2408,KSA2020090115,S0132-0009-0001,2020090115,CN,1,0.5,0,CU,10,AWG
2409,KSA2020090120,S0132-0009-0001,2020090120,CN,1,0.5,0,CU,10,AWG
2410,KSA2020090121,S0132-0009-0001,2020090121,CN,1,0.5,0,CU,10,AWG
2411,KSA2020090122,S0132-0009-0001,2020090122,CN,1,0.5,0,CU,10,AWG
2412,KSA2020090123,S0132-0009-0002,2020090123,CN,1,0.5,0,CU,10,AWG
2413,KSA2020090125,S0132-0009-0001,2020090125,CN,1,0.5,0,CU,10,AWG
2414,KSA2020090126,S0132-0009-0001,2020090126,CN,1,0.5,0,CU,10,AWG
2415,KSA2020090128,S0132-0009-0001,2020090128,CN,1,0.5,0,CU,10,AWG
2416,KSA2020090130,S0132-0009-0002,2020090130,CN,1,0.5,0,CU,10,AWG
2417,KSA2020090134,S0132-0009-0001,2020090134,CN,1,0.5,0,CU,10,AWG
2418,KSA2020090135,S0132-0009-0003,2020090135,CN,1,0.5,0,CU,10,AWG
2419,KSA2020090145,S0134-0002-0011,2020090145,AN,1,0.5,0,CU,10,AWG
2420,KSA2020090150,S0132-0009-0001,2020090150,CN,1,0.5,0,CU,10,AWG
2421,KSA2020090155,S0132-0005-0003,2020090155,CN,1,0.5,0,CU,10,AWG
2422,KSA2020090160,S0132-0009-0001,2020090160,CN,1,0.5,0,CU,10,AWG
2423,KSA2020090165,S0132-0009-0001,2020090165,CN,1,0.5,0,CU,10,AWG
2424,KSA2020090170,S0132-0009-0001,2020090170,CN,1,0.5,0,CU,10,AWG
2425,KSA2020090175,S0132-0009-0007,2020090175,CN,1,0.5,0,CU,10,AWG
2426,KSA2020090180,S0132-0009-0001,2020090180,CN,1,0.5,0,CU,10,AWG
2427,KSA2020090181,S0132-0009-0002,2020090181,CN,1,0.5,0,CU,10,AWG
2428,KSA2020090182,S0132-0009-0002,2020090182,CN,1,0.5,0,CU,10,AWG
2429,KSA2020090183,S0134-0002-0011,2020090183,AN,1,0.5,0,CU,10,AWG
2430,KSA2020090184,S0132-0009-0002,2020090184,CN,1,0.5,0,CU,10,AWG
2431,KSA2020090186,S0132-0009-0002,2020090186,CN,1,0.5,0,CU,10,AWG
2432,KSA2020090190,S0132-0014-0003,2020090190,CN,1,0.5,0,CU,10,AWG
2433,KSA2020090195,S0132-0009-0002,2020090195,CN,1,0.5,0,CU,10,AWG
2434,KSA2020090200,S0132-0009-0002,2020090200,CN,1,0.5,0,CU,10,AWG
2435,KSA2020090201,S0132-0009-0002,2020090201,CN,1,0.5,0,CU,10,AWG
2436,KSA2020090202,S0132-0009-0002,2020090202,CN,1,0.5,0,CU,10,AWG
2437,KSA2020090205,S0132-0009-0005,2020090205,CN,1,0.5,0,CU,10,AWG
2438,KSA2020090210,S0132-0009-0002,2020090210,CN,1,0.5,0,CU,10,AWG
2439,KSA2020090215,S0132-0009-0003,2020090215,CN,1,0.5,0,CU,10,AWG
2440,KSA2020090216,S0132-0009-0002,2020090216,CN,1,0.5,0,CU,10,AWG
2441,KSA2020090220,S0132-0009-0002,2020090220,CN,1,0.5,0,CU,10,AWG
2442,KSA2020090233,S0132-0009-0003,2020090233,CN,1,0.5,0,CU,10,AWG
2443,KSA2020090235,S0134-0002-0011,2020090235,AN,1,0.5,0,CU,10,AWG
2444,KSA2020090240,S0132-0009-0003,2020090240,CN,1,0.5,0,CU,10,AWG
2445,KSA2020090244,S0132-0009-0003,2020090244,CN,1,0.5,0,CU,10,AWG
2446,KSA2020090245,S0132-0009-0003,2020090245,CN,1,0.5,0,CU,10,AWG
2447,KSA2020090246,S0134-0002-0011,2020090246,AN,1,0.5,0,CU,10,AWG
2448,KSA2020090247,S0132-0009-0003,2020090247,CN,1,0.5,0,CU,10,AWG
2449,KSA2020090248,S0132-0009-0003,2020090248,CN,1,0.5,0,CU,10,AWG
2450,KSA2020090250,S0132-0009-0003,2020090250,CN,1,0.5,0,CU,10,AWG
2451,KSA2020090251,S0132-0009-0003,2020090251,CN,1,0.5,0,CU,10,AWG
2452,KSA2020090255,S0132-0014-0009,2020090255,CN,1,0.5,0,CU,10,AWG
2453,KSA2020090260,S0134-0002-0011,2020090260,AN,1,0.5,0,CU,10,AWG
2454,KSA2020090265,S0132-0014-0004,2020090265,CN,1,0.5,0,CU,10,AWG
2455,KSA2020090270,S0132-0009-0003,2020090270,CN,1,0.5,0,CU,10,AWG
2456,KSA2020090272,S0134-0002-0011,2020090272,AN,1,0.5,0,CU,10,AWG
2457,KSA2020090273,S0132-0009-0003,2020090273,CN,1,0.5,0,CU,10,AWG
2458,KSA2020090275,S0132-0009-0004,2020090275,CN,1,0.5,0,CU,10,AWG
2459,KSA2020090285,S0132-0009-0005,2020090285,CN,1,0.5,0,CU,10,AWG
2460,KSA2020090290,S0132-0009-0004,2020090290,CN,1,0.5,0,CU,10,AWG
2461,KSA2020090295,S0132-0009-0004,2020090295,CN,1,0.5,0,CU,10,AWG
2462,KSA2020090296,S0132-0009-0004,2020090296,CN,1,0.5,0,CU,10,AWG
2463,KSA2020090300,S0132-0009-0004,2020090300,CN,1,0.5,0,CU,10,AWG
2464,KSA2020090305,S0132-0009-007a,2020090305,CN,1,0.5,0,CU,10,AWG
2465,KSA2020090311,S0132-0009-0004,2020090311,CN,1,0.5,0,CU,10,AWG
2466,KSA2020090315,S0132-0014-002a,2020090315,CN,1,0.5,0,CU,10,AWG
2467,KSA2020090320,S0132-0009-0004,2020090320,CN,1,0.5,0,CU,10,AWG
2468,KSA2020090321,S0132-0009-004A,2020090321,CN,1,0.5,0,CU,10,AWG
2469,KSA2020090323,S0132-0009-0004,2020090323,CN,1,0.5,0,CU,10,AWG
2470,KSA2020090324,S0132-0009-004A,2020090324,CN,1,0.5,0,CU,10,AWG
2471,KSA2020090327,S0132-0009-004A,2020090327,CN,1,0.5,0,CU,10,AWG
2472,KSA2020090328,S0132-0009-004A,2020090328,CN,1,0.5,0,CU,10,AWG
2473,KSA2020090332,S0132-0009-004A,2020090332,CN,1,0.5,0,CU,10,AWG
2474,KSA2020090335,S0132-0009-0004,2020090335,CN,1,0.5,0,CU,10,AWG
2475,KSA2020090336,S0132-0009-0004,2020090336,CN,1,0.5,0,CU,10,AWG
2476,KSA2020090337,S0132-0009-0004,2020090337,CN,1,0.5,0,CU,10,AWG
2477,KSA2020090345,S0132-0014-002a,2020090345,CN,1,0.5,0,CU,10,AWG
2478,KSA2020090350,S0132-0009-0004,2020090350,CN,1,0.5,0,CU,10,AWG
2479,KSA2020090355,S0132-0014-0010,2020090355,CN,1,0.5,0,CU,10,AWG
2480,KSA2020090365,S0132-0014-0009,2020090365,CN,1,0.5,0,CU,10,AWG
2481,KSA2020090370,S0132-0009-0005,2020090370,CN,1,0.5,0,CU,10,AWG
2482,KSA2020090375,S0132-0009-0005,2020090375,CN,1,0.5,0,CU,10,AWG
2483,KSA2020090376,S0132-0009-0005,2020090376,CN,1,0.5,0,CU,10,AWG
2484,KSA2020090377,S0132-0009-0005,2020090377,CN,1,0.5,0,CU,10,AWG
2485,KSA2020090380,S0132-0009-0005,2020090380,CN,1,0.5,0,CU,10,AWG
2486,KSA2020090395,S0132-0014-0005,2020090395,CN,1,0.5,0,CU,10,AWG
2487,KSA2020090396,S0132-0009-0005,2020090396,CN,1,0.5,0,CU,10,AWG
2488,KSA2020090397,S0132-0009-0005,2020090397,CN,1,0.5,0,CU,10,AWG
2489,KSA2020090400,S0132-0009-0005,2020090400,CN,1,0.5,0,CU,10,AWG
2490,KSA2020090405,S0132-0009-0005,2020090405,CN,1,0.5,0,CU,10,AWG
2491,KSA2020090410,S0132-0009-0005,2020090410,CN,1,0.5,0,CU,10,AWG
2492,KSA2020090411,S0132-0009-0005,2020090411,CN,1,0.5,0,CU,10,AWG
2493,KSA2020090415,S0132-0009-0005,2020090415,CN,1,0.5,0,CU,10,AWG
2494,KSA2020090416,S0132-0009-0005,2020090416,CN,1,0.5,0,CU,10,AWG
2495,KSA2020090420,S0132-0009-0005,2020090420,CN,1,0.5,0,CU,10,AWG
2496,KSA2020090422,S0132-0009-0005,2020090422,CN,1,0.5,0,CU,10,AWG
2497,KSA2020090423,S0132-0009-0005,2020090423,CN,1,0.5,0,CU,10,AWG
2498,KSA2020090425,S0132-0009-0005,2020090425,CN,1,0.5,0,CU,10,AWG
2499,KSA2020090430,S0132-0009-0005,2020090430,CN,1,0.5,0,CU,10,AWG
2500,KSA2020090435,S0132-0009-0005,2020090435,CN,1,0.5,0,CU,10,AWG
2501,KSA2020090437,S0132-0009-0005,2020090437,CN,1,0.5,0,CU,10,AWG
2502,KSA2020090440,S0132-0009-0005,2020090440,CN,1,0.5,0,CU,10,AWG
2503,KSA2020090445,S0132-0009-0005,2020090445,CN,1,0.5,0,CU,10,AWG
2504,KSA2020090450,S0132-0009-0005,2020090450,CN,1,0.5,0,CU,10,AWG
2505,KSA2020090453,S0132-0009-0006,2020090453,CN,1,0.5,0,CU,10,AWG
2506,KSA2020090454,S0132-0009-0006,2020090454,CN,1,0.5,0,CU,10,AWG
2507,KSA2020090455,S0132-0009-0006,2020090455,CN,1,0.5,0,CU,10,AWG
2508,KSA2020090457,S0132-0009-0006,2020090457,CN,1,0.5,0,CU,10,AWG
2509,KSA2020090458,S0132-0009-0006,2020090458,CN,1,0.5,0,CU,10,AWG
2510,KSA2020090459,S0132-0009-0006,2020090459,CN,1,0.5,0,CU,10,AWG
2511,KSA2020090460,S0132-0009-0006,2020090460,CN,1,0.5,0,CU,10,AWG
2512,KSA2020090462,S0132-0009-0006,2020090462,CN,1,0.5,0,CU,10,AWG
2513,KSA2020090464,S0132-0009-0006,2020090464,CN,1,0.5,0,CU,10,AWG
2514,KSA2020090465,S0132-0009-004A,2020090465,CN,1,0.5,0,CU,10,AWG
2515,KSA2020090470,S0132-0009-0006,2020090470,CN,1,0.5,0,CU,10,AWG
2516,KSA2020090475,S0132-0009-0006,2020090475,CN,1,0.5,0,CU,10,AWG
2517,KSA2020090476,S0132-0009-0006,2020090476,CN,1,0.5,0,CU,10,AWG
2518,KSA2020090480,S0132-0009-0006,2020090480,CN,1,0.5,0,CU,10,AWG
2519,KSA2020090485,S0132-0009-0006,2020090485,CN,1,0.5,0,CU,10,AWG
2520,KSA2020090490,S0132-0009-0006,2020090490,CN,1,0.5,0,CU,10,AWG
2521,KSA2020090500,S0132-0009-007a,2020090500,CN,1,0.5,0,CU,10,AWG
2522,KSA2020090503,S0132-0009-007a,2020090503,CN,1,0.5,0,CU,10,AWG
2523,KSA2020090510,S0132-0009-0006,2020090510,CN,1,0.5,0,CU,10,AWG
2524,KSA2020090515,S0132-0009-0007,2020090515,CN,1,0.5,0,CU,10,AWG
2525,KSA2020090525,S0132-0009-0005,2020090525,CN,1,0.5,0,CU,10,AWG
2526,KSA2020090530,S0132-0009-0007,2020090530,CN,1,0.5,0,CU,10,AWG
2527,KSA2020090535,S0132-0009-0001,2020090535,CN,1,0.5,0,CU,10,AWG
2528,KSA2020090550,S0132-0009-0007,2020090550,CN,1,0.5,0,CU,10,AWG
2529,KSA2020090555,S0132-0009-007a,2020090555,CN,1,0.5,0,CU,10,AWG
2530,KSA2020090556,S0132-0009-007a,2020090556,CN,1,0.5,0,CU,10,AWG
2531,KSA2020090560,S0132-0009-0007,2020090560,CN,1,0.5,0,CU,10,AWG
2532,KSA2020090565,S0132-0009-007a,2020090565,CN,1,0.5,0,CU,10,AWG
2533,KSA2020090570,S0132-0009-0007,2020090570,CN,1,0.5,0,CU,10,AWG
2534,KSA2020090575,S0132-0009-007a,2020090575,CN,1,0.5,0,CU,10,AWG
2535,KSA2020090580,S0132-0009-007a,2020090580,CN,1,0.5,0,CU,10,AWG
2536,KSA2020090590,S0132-0009-007a,2020090590,CN,1,0.5,0,CU,10,AWG
2537,KSA2020090595,S0132-0009-007a,2020090595,CN,1,0.5,0,CU,10,AWG
2538,KSA2020090600,S0132-0009-007a,2020090600,CN,1,0.5,0,CU,10,AWG
2539,KSA2020090605,S0132-0009-0005,2020090605,CN,1,0.5,0,CU,10,AWG
2540,KSA2020090615,S0132-0014-0008,2020090615,CN,1,0.5,0,CU,10,AWG
2541,KSA2020090625,S0132-0014-002a,2020090625,CN,1,0.5,0,CU,10,AWG
2542,KSA2020090630,S0132-0009-007a,2020090630,CN,1,0.5,0,CU,10,AWG
2543,KSA2020090631,S0132-0014-002a,2020090631,CN,1,0.5,0,CU,10,AWG
2544,KSA2020090632,S0132-0009-007a,2020090632,CN,1,0.5,0,CU,10,AWG
2545,KSA2020090634,S0132-0009-007a,2020090634,CN,1,0.5,0,CU,10,AWG
2546,KSA2020090636,S0132-0009-007a,2020090636,CN,1,0.5,0,CU,10,AWG
2547,KSA2020090640,S0132-0009-0007,2020090640,CN,1,0.5,0,CU,10,AWG
2548,KSA2020090645,S0132-0009-0005,2020090645,CN,1,0.5,0,CU,10,AWG
2549,KSA2020090650,S0132-0009-0007,2020090650,CN,1,0.5,0,CU,10,AWG
2550,KSA2020090655,S0132-0009-0004,2020090655,CN,1,0.5,0,CU,10,AWG
2551,KSA2020090660,S0132-0009-0007,2020090660,CN,1,0.5,0,CU,10,AWG
2552,KSA2020090670,S0132-0009-0007,2020090670,CN,1,0.5,0,CU,10,AWG
2553,KSA2020090675,S0132-0014-0002,2020090675,CN,1,0.5,0,CU,10,AWG
2554,KSA2020090680,S0132-0009-0007,2020090680,CN,1,0.5,0,CU,10,AWG
2555,KSA2020090685,S0132-0014-002a,2020090685,CN,1,0.5,0,CU,10,AWG
2556,KSA2020090690,S0132-0014-002a,2020090690,CN,1,0.5,0,CU,10,AWG
2557,KSA2020090696,S0132-0014-0002,2020090696,CN,1,0.5,0,CU,10,AWG
2558,KSA2020090697,S0132-0014-0002,2020090697,CN,1,0.5,0,CU,10,AWG
2559,KSA2020090700,S0132-0014-002a,2020090700,CN,1,0.5,0,CU,10,AWG
2560,KSA2020090705,S0132-0014-0010,2020090705,CN,1,0.5,0,CU,10,AWG
2561,KSA2020090715,S0132-0014-0008,2020090715,CN,1,0.5,0,CU,10,AWG
2562,KSA2020090720,S0132-0014-0002,2020090720,CN,1,0.5,0,CU,10,AWG
2563,KSA2020090725,S0132-0014-0009,2020090725,CN,1,0.5,0,CU,10,AWG
2564,KSA2020090730,S0132-0014-002a,2020090730,CN,1,0.5,0,CU,10,AWG
2565,KSA2020090733,S0132-0014-002a,2020090733,CN,1,0.5,0,CU,10,AWG
2566,KSA2020090734,S0134-0002-0010,2020090734,AN,1,0.5,0,CU,10,AWG
2567,KSA2020090735,S0132-0014-0002,2020090735,CN,1,0.5,0,CU,10,AWG
2568,KSA2020090736,S0132-0014-0002,2020090736,CN,1,0.5,0,CU,10,AWG
2569,KSA2020090739,S0132-0014-0002,2020090739,CN,1,0.5,0,CU,10,AWG
2570,KSA2020090740,S0132-0014-0002,2020090740,CN,1,0.5,0,CU,10,AWG
2571,KSA2020090745,S0132-0009-007a,2020090745,CN,1,0.5,0,CU,10,AWG
2572,KSA2020090750,S0132-0014-0002,2020090750,CN,1,0.5,0,CU,10,AWG
2573,KSA2020090755,S0132-0009-0001,2020090755,CN,1,0.5,0,CU,10,AWG
2574,KSA2020090760,S0132-0014-0002,2020090760,CN,1,0.5,0,CU,10,AWG
2575,KSA2020090763,S0132-0014-002a,2020090763,CN,1,0.5,0,CU,10,AWG
2576,KSA2020090764,S0132-0014-002a,2020090764,CN,1,0.5,0,CU,10,AWG
2577,KSA2020090765,S0132-0014-0002,2020090765,CN,1,0.5,0,CU,10,AWG
2578,KSA2020090766,S0132-0014-002a,2020090766,CN,1,0.5,0,CU,10,AWG
2579,KSA2020090767,S0132-0014-002a,2020090767,CN,1,0.5,0,CU,10,AWG
2580,KSA2020090768,S0132-0014-002a,2020090768,CN,1,0.5,0,CU,10,AWG
2581,KSA2020090770,S0132-0014-002a,2020090770,CN,1,0.5,0,CU,10,AWG
2582,KSA2020090775,S0132-0014-0005,2020090775,CN,1,0.5,0,CU,10,AWG
2583,KSA2020090780,S0132-0014-002a,2020090780,CN,1,0.5,0,CU,10,AWG
2584,KSA2020090785,S0132-0014-0010,2020090785,CN,1,0.5,0,CU,10,AWG
2585,KSA2020090790,S0132-0014-002a,2020090790,CN,1,0.5,0,CU,10,AWG
2586,KSA2020090795,S0132-0014-0005,2020090795,CN,1,0.5,0,CU,10,AWG
2587,KSA2020090800,S0132-0014-002a,2020090800,CN,1,0.5,0,CU,10,AWG
2588,KSA2020090801,S0132-0005-0003,2020090801,CN,1,0.5,0,CU,10,AWG
2589,KSA2020090802,S0132-0014-002a,2020090802,CN,1,0.5,0,CU,10,AWG
2590,KSA2020090804,S0132-0014-002a,2020090804,CN,1,0.5,0,CU,10,AWG
2591,KSA2020090805,S0132-0014-002a,2020090805,CN,1,0.5,0,CU,10,AWG
2592,KSA2020090806,S0132-0014-002a,2020090806,CN,1,0.5,0,CU,10,AWG
2593,KSA2020090810,S0132-0014-002a,2020090810,CN,1,0.5,0,CU,10,AWG
2594,KSA2020090815,S0132-0014-002a,2020090815,CN,1,0.5,0,CU,10,AWG
2595,KSA2020090825,S0132-0014-0003,2020090825,CN,1,0.5,0,CU,10,AWG
2596,KSA2020090830,S0132-0014-0003,2020090830,CN,1,0.5,0,CU,10,AWG
2597,KSA2020090835,S0132-0014-0003,2020090835,CN,1,0.5,0,CU,10,AWG
2598,KSA2020090845,S0132-0009-007a,2020090845,CN,1,0.5,0,CU,10,AWG
2599,KSA2020090850,S0132-0014-0003,2020090850,CN,1,0.5,0,CU,10,AWG
2600,KSA2020090855,S0132-0014-0002,2020090855,CN,1,0.5,0,CU,10,AWG
2601,KSA2020090860,S0132-0014-0003,2020090860,CN,1,0.5,0,CU,10,AWG
2602,KSA2020090865,S0132-0009-007a,2020090865,CN,1,0.5,0,CU,10,AWG
2603,KSA2020090870,S0132-0014-0003,2020090870,CN,1,0.5,0,CU,10,AWG
2604,KSA2020090871,S0132-0014-0003,2020090871,CN,1,0.5,0,CU,10,AWG
2605,KSA2020090872,S0132-0014-0003,2020090872,CN,1,0.5,0,CU,10,AWG
2606,KSA2020090873,S0132-0014-0003,2020090873,CN,1,0.5,0,CU,10,AWG
2607,KSA2020090875,S0134-0002-0011,2020090875,AN,1,0.5,0,CU,10,AWG
2608,KSA2020090880,S0132-0014-0003,2020090880,CN,1,0.5,0,CU,10,AWG
2609,KSA2020090885,S0132-0014-002a,2020090885,CN,1,0.5,0,CU,10,AWG
2610,KSA2020090890,S0132-0014-0003,2020090890,CN,1,0.5,0,CU,10,AWG
2611,KSA2020090897,S0132-0014-0003,2020090897,CN,1,0.5,0,CU,10,AWG
2612,KSA2020090898,S0132-0014-0003,2020090898,CN,1,0.5,0,CU,10,AWG
2613,KSA2020090899,S0132-0014-0003,2020090899,CN,1,0.5,0,CU,10,AWG
2614,KSA2020090900,S0132-0014-0003,2020090900,CN,1,0.5,0,CU,10,AWG
2615,KSA2020090901,S0132-0014-0003,2020090901,CN,1,0.5,0,CU,10,AWG
2616,KSA2020090902,S0132-0014-0003,2020090902,CN,1,0.5,0,CU,10,AWG
2617,KSA2020090905,S0132-0014-0003,2020090905,CN,1,0.5,0,CU,10,AWG
2618,KSA2020090906,S0132-0014-0003,2020090906,CN,1,0.5,0,CU,10,AWG
2619,KSA2020090907,S0132-0014-0003,2020090907,CN,1,0.5,0,CU,10,AWG
2620,KSA2020090910,S0132-0014-0003,2020090910,CN,1,0.5,0,CU,10,AWG
2621,KSA2020090920,S0132-0014-002a,2020090920,CN,1,0.5,0,CU,10,AWG
2622,KSA2020090923,S0132-0014-0002,2020090923,CN,1,0.5,0,CU,10,AWG
2623,KSA2020090924,S0132-0014-0003,2020090924,CN,1,0.5,0,CU,10,AWG
2624,KSA2020090925,S0132-0014-0003,2020090925,CN,1,0.5,0,CU,10,AWG
2625,KSA2020090930,S0132-0014-0003,2020090930,CN,1,0.5,0,CU,10,AWG
2626,KSA2020090935,S0132-0014-002a,2020090935,CN,1,0.5,0,CU,10,AWG
2627,KSA2020090940,S0132-0014-0003,2020090940,CN,1,0.5,0,CU,10,AWG
2628,KSA2020090945,S0132-0009-007a,2020090945,CN,1,0.5,0,CU,10,AWG
2629,KSA2020090950,S0132-0014-0003,2020090950,CN,1,0.5,0,CU,10,AWG
2630,KSA2020090952,S0132-0014-0004,2020090952,CN,1,0.5,0,CU,10,AWG
2631,KSA2020090955,S0132-0014-0003,2020090955,CN,1,0.5,0,CU,10,AWG
2632,KSA2020090957,S0132-0014-0004,2020090957,CN,1,0.5,0,CU,10,AWG
2633,KSA2020090960,S0132-0014-0004,2020090960,CN,1,0.5,0,CU,10,AWG
2634,KSA2020090965,S0132-0009-0002,2020090965,CN,1,0.5,0,CU,10,AWG
2635,KSA2020090975,S0132-0005-0005,2020090975,CN,1,0.5,0,CU,10,AWG
2636,KSA2020090980,S0132-0014-0004,2020090980,CN,1,0.5,0,CU,10,AWG
2637,KSA2020090985,S0132-0014-0010,2020090985,CN,1,0.5,0,CU,10,AWG
2638,KSA2020090990,S0132-0014-0004,2020090990,CN,1,0.5,0,CU,10,AWG
2639,KSA2020091000,S0132-0014-0004,2020091000,CN,1,0.5,0,CU,10,AWG
2640,KSA2020091001,S0132-0014-0004,2020091001,CN,1,0.5,0,CU,10,AWG
2641,KSA2020091002,S0132-0014-0004,2020091002,CN,1,0.5,0,CU,10,AWG
2642,KSA2020091004,S0132-0014-0004,2020091004,CN,1,0.5,0,CU,10,AWG
2643,KSA2020091008,S0132-0014-0004,2020091008,CN,1,0.5,0,CU,10,AWG
2644,KSA2020091010,S0132-0014-0004,2020091010,CN,1,0.5,0,CU,10,AWG
2645,KSA2020091011,S0132-0014-0004,2020091011,CN,1,0.5,0,CU,10,AWG
2646,KSA2020091012,S0132-0014-0004,2020091012,CN,1,0.5,0,CU,10,AWG
2647,KSA2020091013,S0132-0014-0004,2020091013,CN,1,0.5,0,CU,10,AWG
2648,KSA2020091015,S0132-0014-0004,2020091015,CN,1,0.5,0,CU,10,AWG
2649,KSA2020091020,S0132-0014-0004,2020091020,CN,1,0.5,0,CU,10,AWG
2650,KSA2020091025,S0132-0014-0007,2020091025,CN,1,0.5,0,CU,10,AWG
2651,KSA2020091030,S0132-0014-0003,2020091030,CN,1,0.5,0,CU,10,AWG
2652,KSA2020091035,S0132-0009-0001,2020091035,CN,1,0.5,0,CU,10,AWG
2653,KSA2020091045,S0132-0009-0001,2020091045,CN,1,0.5,0,CU,10,AWG
2654,KSA2020091050,S0132-0014-0004,2020091050,CN,1,0.5,0,CU,10,AWG
2655,KSA2020091052,S0132-0014-0004,2020091052,CN,1,0.5,0,CU,10,AWG
2656,KSA2020091055,S0132-0014-0004,2020091055,CN,1,0.5,0,CU,10,AWG
2657,KSA2020091065,S0132-0009-0004,2020091065,CN,1,0.5,0,CU,10,AWG
2658,KSA2020091070,S0132-0014-0004,2020091070,CN,1,0.5,0,CU,10,AWG
2659,KSA2020091080,S0132-0014-0004,2020091080,CN,1,0.5,0,CU,10,AWG
2660,KSA2020091082,S0132-0014-0004,2020091082,CN,1,0.5,0,CU,10,AWG
2661,KSA2020091085,S0132-0014-0004,2020091085,CN,1,0.5,0,CU,10,AWG
2662,KSA2020091090,S0132-0014-0004,2020091090,CN,1,0.5,0,CU,10,AWG
2663,KSA2020091095,S0132-0014-0008,2020091095,CN,1,0.5,0,CU,10,AWG
2664,KSA2020091100,S0132-0014-0004,2020091100,CN,1,0.5,0,CU,10,AWG
2665,KSA2020091105,S0132-0014-0005,2020091105,CN,1,0.5,0,CU,10,AWG
2666,KSA2020091110,S0132-0014-0004,2020091110,CN,1,0.5,0,CU,10,AWG
2667,KSA2020091115,S0132-0014-0005,2020091115,CN,1,0.5,0,CU,10,AWG
2668,KSA2020091120,S0132-0014-0005,2020091120,CN,1,0.5,0,CU,10,AWG
2669,KSA2020091125,S0132-0014-0003,2020091125,CN,1,0.5,0,CU,10,AWG
2670,KSA2020091130,S0132-0014-0004,2020091130,CN,1,0.5,0,CU,10,AWG
2671,KSA2020091131,S0132-0014-0005,2020091131,CN,1,0.5,0,CU,10,AWG
2672,KSA2020091137,S0132-0014-0005,2020091137,CN,1,0.5,0,CU,10,AWG
2673,KSA2020091140,S0132-0014-0005,2020091140,CN,1,0.5,0,CU,10,AWG
2674,KSA2020091141,S0132-0014-0003,2020091141,CN,1,0.5,0,CU,10,AWG
2675,KSA2020091145,S0132-0009-0005,2020091145,CN,1,0.5,0,CU,10,AWG
2676,KSA2020091150,S0132-0014-0005,2020091150,CN,1,0.5,0,CU,10,AWG
2677,KSA2020091155,S0132-0014-0005,2020091155,CN,1,0.5,0,CU,10,AWG
2678,KSA2020091157,S0132-0014-0002,2020091157,CN,1,0.5,0,CU,10,AWG
2679,KSA2020091158,S0132-0014-0005,2020091158,CN,1,0.5,0,CU,10,AWG
2680,KSA2020091160,S0132-0014-002a,2020091160,CN,1,0.5,0,CU,10,AWG
2681,KSA2020091165,S0132-0014-0009,2020091165,CN,1,0.5,0,CU,10,AWG
2682,KSA2020091175,S0132-0014-0005,2020091175,CN,1,0.5,0,CU,10,AWG
2683,KSA2020091176,S0132-0014-0005,2020091176,CN,1,0.5,0,CU,10,AWG
2684,KSA2020091186,S0132-0014-0005,2020091186,CN,1,0.5,0,CU,10,AWG
2685,KSA2020091187,S0132-0014-0005,2020091187,CN,1,0.5,0,CU,10,AWG
2686,KSA2020091190,S0132-0014-0005,2020091190,CN,1,0.5,0,CU,10,AWG
2687,KSA2020091192,S0132-0014-0005,2020091192,CN,1,0.5,0,CU,10,AWG
2688,KSA2020091193,S0132-0014-0005,2020091193,CN,1,0.5,0,CU,10,AWG
2689,KSA2020091194,S0132-0014-0006,2020091194,CN,1,0.5,0,CU,10,AWG
2690,KSA2020091195,S0132-0014-0006,2020091195,CN,1,0.5,0,CU,10,AWG
2691,KSA2020091197,S0132-0014-0006,2020091197,CN,1,0.5,0,CU,10,AWG
2692,KSA2020091199,S0132-0014-0005,2020091199,CN,1,0.5,0,CU,10,AWG
2693,KSA2020091200,S0132-0014-0006,2020091200,CN,1,0.5,0,CU,10,AWG
2694,KSA2020091210,S0132-0014-0007,2020091210,CN,1,0.5,0,CU,10,AWG
2695,KSA2020091213,S0132-0014-0006,2020091213,CN,1,0.5,0,CU,10,AWG
2696,KSA2020091214,S0132-0014-0007,2020091214,CN,1,0.5,0,CU,10,AWG
2697,KSA2020091225,S0132-0009-0002,2020091225,CN,1,0.5,0,CU,10,AWG
2698,KSA2020091230,S0132-0014-0009,2020091230,CN,1,0.5,0,CU,10,AWG
2699,KSA2020091231,S0132-0014-0009,2020091231,CN,1,0.5,0,CU,10,AWG
2700,KSA2020091235,S0132-0014-0008,2020091235,CN,1,0.5,0,CU,10,AWG
2701,KSA2020091240,S0132-0014-0009,2020091240,CN,1,0.5,0,CU,10,AWG
2702,KSA2020091245,S0132-0009-0001,2020091245,CN,1,0.5,0,CU,10,AWG
2703,KSA2020091250,S0132-0014-0009,2020091250,CN,1,0.5,0,CU,10,AWG
2704,KSA2020091251,S0132-0014-0005,2020091251,CN,1,0.5,0,CU,10,AWG
2705,KSA2020091255,S0132-0014-0010,2020091255,CN,1,0.5,0,CU,10,AWG
2706,KSA2020091270,S0132-0014-0008,2020091270,CN,1,0.5,0,CU,10,AWG
2707,KSA2020091275,S0132-0014-0010,2020091275,CN,1,0.5,0,CU,10,AWG
2708,KSA2020091280,S0132-0014-0008,2020091280,CN,1,0.5,0,CU,10,AWG
2709,KSA2020091283,S0132-0014-0009,2020091283,CN,1,0.5,0,CU,10,AWG
2710,KSA2020091285,S0132-0014-0009,2020091285,CN,1,0.5,0,CU,10,AWG
2711,KSA2020091286,S0132-0014-0008,2020091286,CN,1,0.5,0,CU,10,AWG
2712,KSA2020091289,S0132-0014-0008,2020091289,CN,1,0.5,0,CU,10,AWG
2713,KSA2020091290,S0132-0014-0010,2020091290,CN,1,0.5,0,CU,10,AWG
2714,KSA2020091292,S0132-0014-0008,2020091292,CN,1,0.5,0,CU,10,AWG
2715,KSA2020091294,S0132-0014-0010,2020091294,CN,1,0.5,0,CU,10,AWG
2716,KSA2020091299,S0132-0014-0010,2020091299,CN,1,0.5,0,CU,10,AWG
2717,KSA2020091300,S0132-0014-0003,2020091300,CN,1,0.5,0,CU,10,AWG
2718,KSA2020091305,S0132-0014-0010,2020091305,CN,1,0.5,0,CU,10,AWG
2719,KSA2020091306,S0132-0014-0009,2020091306,CN,1,0.5,0,CU,10,AWG
2720,KSA2020091308,S0132-0014-0008,2020091308,CN,1,0.5,0,CU,10,AWG
2721,KSA2020091309,S0132-0014-0010,2020091309,CN,1,0.5,0,CU,10,AWG
2722,KSA2020091310,S0132-0014-0010,2020091310,CN,1,0.5,0,CU,10,AWG
2723,KSA2020091312,S0132-0014-0009,2020091312,CN,1,0.5,0,CU,10,AWG
2724,KSA2020091313,S0132-0014-0010,2020091313,CN,1,0.5,0,CU,10,AWG
2725,KSA2020091314,S0132-0014-0008,2020091314,CN,1,0.5,0,CU,10,AWG
2726,KSA2020091318,S0132-0009-0006,2020091318,CN,1,0.5,0,CU,10,AWG
2727,KSA2020091320,S0132-0014-0009,2020091320,CN,1,0.5,0,CU,10,AWG
2728,KSA2020091322,S0132-0014-0009,2020091322,CN,1,0.5,0,CU,10,AWG
2729,KSA2020091325,S0132-0009-0001,2020091325,CN,1,0.5,0,CU,10,AWG
2730,KSA2020091330,S0132-0014-0003,2020091330,CN,1,0.5,0,CU,10,AWG
2731,KSA2020091335,S0132-0014-0010,2020091335,CN,1,0.5,0,CU,10,AWG
2732,KSA2020091340,S0132-0014-0009,2020091340,CN,1,0.5,0,CU,10,AWG
2733,KSA2020091350,S0132-0014-002a,2020091350,CN,1,0.5,0,CU,10,AWG
2734,KSA2020091355,S0132-0014-0003,2020091355,CN,1,0.5,0,CU,10,AWG
2735,KSA2020091360,S0132-0009-007a,2020091360,CN,1,0.5,0,CU,10,AWG
2736,KSA2020091370,S0132-0014-0008,2020091370,CN,1,0.5,0,CU,10,AWG
2737,KSA2020091385,S0132-0014-0009,2020091385,CN,1,1.0,0,ACSR,2,AWG
2738,KSA2020091390,S0132-0014-0002,2020091390,CN,1,0.5,0,CU,10,AWG
2739,KSA2020091395,S0132-0014-0002,2020091395,CN,1,0.5,0,CU,10,AWG
2740,KSA2020091400,S0132-0009-007a,2020091400,CN,1,0.5,0,CU,10,AWG
2741,KSA2020091405,S0132-0009-007a,2020091405,CN,1,0.5,0,CU,10,AWG
2742,KSA2020091410,S0132-0009-007a,2020091410,CN,1,0.5,0,CU,10,AWG
2743,KSA2020091420,S0132-0014-0003,2020091420,CN,1,0.5,0,CU,10,AWG
2744,KSA2020091425,S0132-0014-002a,2020091425,CN,1,0.5,0,CU,10,AWG
2745,KSA2020091435,S0132-0009-007a,2020091435,CN,1,0.5,0,CU,10,AWG
2746,KSA2020091440,S0132-0014-0005,2020091440,CN,1,0.5,0,CU,10,AWG
2747,KSA2020091455,S0132-0014-002a,2020091455,CN,1,0.5,0,CU,10,AWG
2748,KSA2020091460,S0132-0014-002a,2020091460,CN,1,0.5,0,CU,10,AWG
2749,KSA2020091480,S0132-0014-0010,2020091480,CN,1,0.5,0,CU,10,AWG
2750,KSA2020091485,S0132-0014-0010,2020091485,CN,1,0.5,0,CU,10,AWG
2751,KSA2020091495,S0132-0014-002a,2020091495,CN,1,0.5,0,CU,10,AWG
2752,KSA2020091505,S0132-0014-002a,2020091505,CN,1,0.5,0,CU,10,AWG
2753,KSA2020091510,S0132-0014-002a,2020091510,CN,1,0.5,0,CU,10,AWG
2754,KSA2020091515,S0132-0014-0004,2020091515,CN,1,0.5,0,CU,10,AWG
2755,KSA2020091520,S0132-0014-0004,2020091520,CN,1,0.5,0,CU,10,AWG
2756,KSA2020091525,S0132-0014-0009,2020091525,CN,1,0.5,0,CU,10,AWG
2757,KSA2020091530,S0132-0009-0004,2020091530,CN,1,0.5,0,CU,10,AWG
2758,KSA2020091540,S0132-0009-0003,2020091540,CN,1,0.5,0,CU,10,AWG
2759,KSA2020091542,S0132-0014-0002,2020091542,CN,1,0.5,0,CU,10,AWG
2760,KSA2020091543,S0132-0014-0003,2020091543,CN,1,0.5,0,CU,10,AWG
2761,KSA2020091544,S0132-0009-0002,2020091544,CN,1,0.5,0,CU,10,AWG
2762,KSA2020091546,S0132-0009-0002,2020091546,CN,1,0.5,0,CU,10,AWG
2763,KSA2020091547,S0132-0009-0001,2020091547,CN,1,0.5,0,CU,10,AWG
2764,KSA2020091549,S0132-0014-002a,2020091549,CN,1,0.5,0,CU,10,AWG
2765,KSA2020091551,S0132-0014-0010,2020091551,CN,1,0.5,0,CU,10,AWG
2766,KSA2020091552,S0132-0014-0005,2020091552,CN,1,0.5,0,CU,10,AWG
2767,KSA2020091553,S0132-0014-0003,2020091553,CN,1,0.5,0,CU,10,AWG
2768,KSA2020091554,S0132-0009-0005,2020091554,CN,1,1.0,0,ACSR,2,AWG
2769,KSA2020091555,S0132-0009-0005,2020091555,CN,1,1.0,0,ACSR,2,AWG
2770,KSA2020091556,S0132-0014-0005,2020091556,CN,1,0.5,0,CU,10,AWG
2771,KSA2020091557,S0134-0002-0011,2020091557,AN,1,0.5,0,CU,10,AWG
2772,KSA2020091558,S0132-0014-002a,2020091558,CN,1,0.5,0,CU,10,AWG
2773,KSA2020091559,S0134-0002-0010,2020091559,AN,1,0.5,0,CU,10,AWG
2774,KSA2020091560,S0134-0002-0010,2020091560,AN,1,0.5,0,CU,10,AWG
2775,KSA2020091562,S0132-0009-0001,2020091562,CN,1,0.5,0,CU,10,AWG
2776,KSA2020091564,S0132-0009-0001,2020091564,CN,1,0.5,0,CU,10,AWG
2777,KSA2020091566,S0132-0014-0003,2020091566,CN,1,0.5,0,CU,10,AWG
2778,KSA2020091567,S0132-0014-0003,2020091567,CN,1,0.5,0,CU,10,AWG
2779,KSA2020091569,S0132-0009-0001,2020091569,CN,1,0.5,0,CU,10,AWG
2780,KSA2020091570,S0132-0014-002a,2020091570,CN,1,0.5,0,CU,10,AWG
2781,KSA2020091571,S0132-0014-0003,2020091571,CN,1,0.5,0,CU,10,AWG
2782,KSA2020091572,S0132-0014-0005,2020091572,CN,1,0.5,0,CU,10,AWG
2783,KSA2020091573,S0132-0014-0005,2020091573,CN,1,0.5,0,CU,10,AWG
2784,KSA2020091574,S0132-0009-0006,2020091574,CN,2,9.0,0,ACSR,2,AWG
2785,KSA2020091575,S0132-0014-0004,2020091575,CN,2,9.0,0,ACSR,2,AWG
2786,KSA2020091576,S0132-0009-0005,2020091576,CN,2,9.0,0,ACSR,2,AWG
2787,KSA2020091577,S0132-0009-0005,2020091577,CN,2,9.0,0,ACSR,2,AWG
2788,KSA2020091578,S0132-0009-0005,2020091578,CN,2,9.0,0,ACSR,2,AWG
2789,KSA2020091579,S0132-0014-0007,2020091579,CN,2,9.0,0,ACSR,2,AWG
2790,KSA2020091580,S0132-0009-0001,2020091580,CN,2,9.0,0,ACSR,2,AWG
2791,KSA2020091581,S0132-0009-0002,2020091581,CN,2,9.0,0,ACSR,2,AWG
2792,KSA2020091582,S0132-0014-0002,2020091582,CN,2,9.0,0,ACSR,2,AWG
2793,KSA2020091583,S0134-0002-0011,2020091583,AN,2,9.0,0,ACSR,2,AWG
2794,KSA2020091585,S0132-0009-007a,2020091585,CN,2,9.0,0,ACSR,2,AWG
2795,KSA2020091586,S0132-0014-0004,2020091586,CN,2,9.0,0,ACSR,2,AWG
2796,KSA2020091587,S0132-0009-007a,2020091587,CN,2,9.0,0,ACSR,2,AWG
2797,KSA2020091588,S0132-0009-0006,2020091588,CN,2,9.0,0,ACSR,2,AWG
2798,KSA2020091589,S0132-0014-0002,2020091589,CN,2,9.0,0,ACSR,2,AWG
2799,KSA2020091590,S0132-0009-0007,2020091590,CN,2,9.0,0,ACSR,2,AWG
2800,KSA2020091591,S0132-0009-007a,2020091591,CN,2,9.0,0,ACSR,2,AWG
2801,KSA2020091592,S0132-0009-0001,2020091592,CN,2,9.0,0,ACSR,2,AWG
2802,KSA2020091593,S0132-0005-0003,2020091593,CN,2,9.0,0,ACSR,2,AWG
2803,KSA2020091594,S0132-0009-0001,2020091594,CN,2,9.0,0,ACSR,2,AWG
2804,KSA2020091595,S0132-0014-0003,2020091595,CN,2,9.0,0,ACSR,2,AWG
2805,KSA2020091596,S0132-0009-004A,2020091596,CN,2,9.0,0,ACSR,2,AWG
2806,KSA2020091597,S0132-0014-0003,2020091597,CN,2,9.0,0,ACSR,2,AWG
2807,KSA2020091598,S0132-0014-002a,2020091598,CN,2,9.0,0,ACSR,2,AWG
2808,KSA2020091599,S0132-0014-0005,2020091599,CN,2,9.0,0,ACSR,2,AWG
2809,KSA2020091600,S0132-0014-0005,2020091600,CN,2,9.0,0,ACSR,2,AWG
2810,KSA2020091601,S0134-0002-0011,2020091601,AN,2,9.0,0,ACSR,2,AWG
2811,KSA2020091602,S0132-0009-0006,2020091602,CN,2,9.0,0,ACSR,2,AWG
2812,KSA2020091603,S0132-0014-0009,2020091603,CN,2,9.0,0,ACSR,2,AWG
2813,KSA2020091604,S0132-0014-0004,2020091604,CN,2,9.0,0,ACSR,2,AWG
2814,KSA2020091605,S0132-0014-0009,2020091605,CN,2,9.0,0,ACSR,2,AWG
2815,KSA2020091606,S0132-0014-0003,2020091606,CN,2,9.0,0,ACSR,2,AWG
2816,KSA2020091607,S0132-0014-0004,2020091607,CN,2,9.0,0,ACSR,2,AWG
2817,KSA2020091608,S0132-0014-0004,2020091608,CN,2,9.0,0,ACSR,2,AWG
2818,KSA2020091609,S0132-0014-0004,2020091609,CN,2,9.0,0,ACSR,2,AWG
2819,KSA2020091610,S0132-0014-0004,2020091610,CN,2,9.0,0,ACSR,2,AWG
2820,KSA2020091611,S0132-0009-007a,2020091611,CN,2,9.0,0,ACSR,2,AWG
2821,KSA2020100005,S0108-0010-0002,2020100005,CN,1,0.5,0,CU,10,AWG
2822,KSA2020100006,S0108-0010-0002,2020100006,CN,1,0.5,0,CU,10,AWG
2823,KSA2020100051,S0108-012b-003e,2020100051,AN,1,0.5,0,CU,10,AWG
2824,KSA2020100053,S0108-0010-0003,2020100053,CN,1,0.5,0,CU,10,AWG
2825,KSA2020100055,S0108-0010-0003,2020100055,CN,1,0.5,0,CU,10,AWG
2826,KSA2020100056,S0108-0010-0003,2020100056,CN,1,0.5,0,CU,10,AWG
2827,KSA2020100060,S0108-0010-0003,2020100060,CN,1,0.5,0,CU,10,AWG
2828,KSA2020100070,S0108-0010-0003,2020100070,CN,1,0.5,0,CU,10,AWG
2829,KSA2020100080,S0108-0010-0003,2020100080,CN,1,0.5,0,CU,10,AWG
2830,KSA2020100095,S0108-0010-0003,2020100095,CN,1,0.5,0,CU,10,AWG
2831,KSA2020100100,S0108-0010-0003,2020100100,CN,1,0.5,0,CU,10,AWG
2832,KSA2020100105,S0108-0010-0003,2020100105,CN,1,0.5,0,CU,10,AWG
2833,KSA2020100110,S0108-0010-0003,2020100110,CN,1,0.5,0,CU,10,AWG
2834,KSA2020100120,S0108-0010-0004,2020100120,CN,1,0.5,0,CU,10,AWG
2835,KSA2020100125,S0108-012b-03b1,2020100125,AN,1,0.5,0,CU,10,AWG
2836,KSA2020100126,S0108-012b-03b1,2020100126,AN,1,0.5,0,CU,10,AWG
2837,KSA2020100129,S0108-012b-03e1,2020100129,AN,1,0.5,0,CU,10,AWG
2838,KSA2020100130,S0108-012b-03e1,2020100130,AN,1,0.5,0,CU,10,AWG
2839,KSA2020100132,S0108-012b-003e,2020100132,AN,1,0.5,0,CU,10,AWG
2840,KSA2020100135,S0108-012b-03e1,2020100135,AN,1,0.5,0,CU,10,AWG
2841,KSA2020100137,S0108-012b-03e1,2020100137,AN,1,0.5,0,CU,10,AWG
2842,KSA2020100155,S0108-0010-0004,2020100155,CN,1,0.5,0,CU,10,AWG
2843,KSA2020100160,S0108-012b-03e1,2020100160,AN,1,0.5,0,CU,10,AWG
2844,KSA2020100165,S0108-012b-03b1,2020100165,AN,1,0.5,0,CU,10,AWG
2845,KSA2020100170,S0108-012b-03e1,2020100170,AN,1,0.5,0,CU,10,AWG
2846,KSA2020100175,S0108-012b-03e1,2020100175,AN,1,0.5,0,CU,10,AWG
2847,KSA2020100180,S0108-012b-03e1,2020100180,AN,1,0.5,0,CU,10,AWG
2848,KSA2020100185,S0108-0010-0003,2020100185,CN,1,0.5,0,CU,10,AWG
2849,KSA2020100194,S0108-012b-03e1,2020100194,AN,1,0.5,0,CU,10,AWG
2850,KSA2020100195,S0108-012b-03e1,2020100195,AN,1,0.5,0,CU,10,AWG
2851,KSA2020100196,S0108-012b-03e1,2020100196,AN,1,0.5,0,CU,10,AWG
2852,KSA2020100205,S0108-012b-03b1,2020100205,AN,1,0.5,0,CU,10,AWG
2853,KSA2020100210,S0108-012b-03e1,2020100210,AN,1,0.5,0,CU,10,AWG
2854,KSA2020100215,S0108-012b-003d,2020100215,AN,1,0.5,0,CU,10,AWG
2855,KSA2020100220,S0108-012b-03e1,2020100220,AN,1,0.5,0,CU,10,AWG
2856,KSA2020100225,S0108-012b-03e1,2020100225,AN,1,0.5,0,CU,10,AWG
2857,KSA2020100230,S0108-012b-03e1,2020100230,AN,1,0.5,0,CU,10,AWG
2858,KSA2020100231,S0108-012b-03e1,2020100231,AN,1,0.5,0,CU,10,AWG
2859,KSA2020100238,S0108-012b-03e1,2020100238,AN,1,0.5,0,CU,10,AWG
2860,KSA2020100240,S0108-012b-03e1,2020100240,AN,1,0.5,0,CU,10,AWG
2861,KSA2020100245,S0108-0010-0007,2020100245,CN,1,0.5,0,CU,10,AWG
2862,KSA2020100250,S0108-012b-03e1,2020100250,AN,1,0.5,0,CU,10,AWG
2863,KSA2020100260,S0108-0010-0003,2020100260,CN,1,0.5,0,CU,10,AWG
2864,KSA2020100270,S0108-012b-03e1,2020100270,AN,1,0.5,0,CU,10,AWG
2865,KSA2020100275,S0108-0010-0004,2020100275,CN,1,0.5,0,CU,10,AWG
2866,KSA2020100280,S0108-012b-03e1,2020100280,AN,1,0.5,0,CU,10,AWG
2867,KSA2020100290,S0108-012b-003e,2020100290,AN,1,0.5,0,CU,10,AWG
2868,KSA2020100300,S0108-012b-003e,2020100300,AN,1,0.5,0,CU,10,AWG
2869,KSA2020100305,S0108-012b-003e,2020100305,AN,1,0.5,0,CU,10,AWG
2870,KSA2020100310,S0108-012b-003e,2020100310,AN,1,0.5,0,CU,10,AWG
2871,KSA2020100320,S0108-012b-003e,2020100320,AN,1,0.5,0,CU,10,AWG
2872,KSA2020100325,S0108-012b-003d,2020100325,AN,1,0.5,0,CU,10,AWG
2873,KSA2020100330,S0108-012b-003e,2020100330,AN,1,0.5,0,CU,10,AWG
2874,KSA2020100335,S0108-012b-003c,2020100335,AN,1,0.5,0,CU,10,AWG
2875,KSA2020100345,S0108-0010-0004,2020100345,CN,1,0.5,0,CU,10,AWG
2876,KSA2020100350,S0108-012b-003f,2020100350,AN,1,0.5,0,CU,10,AWG
2877,KSA2020100355,S0108-0010-005a,2020100355,CN,1,0.5,0,CU,10,AWG
2878,KSA2020100360,S0108-0010-005a,2020100360,CN,1,0.5,0,CU,10,AWG
2879,KSA2020100365,S0108-0010-0004,2020100365,CN,1,0.5,0,CU,10,AWG
2880,KSA2020100370,S0108-012b-003c,2020100370,AN,1,0.5,0,CU,10,AWG
2881,KSA2020100375,S0108-012b-03e1,2020100375,AN,1,0.5,0,CU,10,AWG
2882,KSA2020100380,S0108-012b-03e1,2020100380,AN,1,0.5,0,CU,10,AWG
2883,KSA2020100385,S0108-012b-003e,2020100385,AN,1,0.5,0,CU,10,AWG
2884,KSA2020100390,S0108-012b-003f,2020100390,AN,1,0.5,0,CU,10,AWG
2885,KSA2020100395,S0108-012b-003f,2020100395,AN,1,0.5,0,CU,10,AWG
2886,KSA2020100400,S0108-012b-003f,2020100400,AN,1,0.5,0,CU,10,AWG
2887,KSA2020100405,S0108-012b-003f,2020100405,AN,1,0.5,0,CU,10,AWG
2888,KSA2020100410,S0108-012b-003f,2020100410,AN,1,0.5,0,CU,10,AWG
2889,KSA2020100412,S0108-012b-003f,2020100412,AN,1,0.5,0,CU,10,AWG
2890,KSA2020100414,S0108-012b-003f,2020100414,AN,1,0.5,0,CU,10,AWG
2891,KSA2020100420,S0108-012b-003e,2020100420,AN,1,0.5,0,CU,10,AWG
2892,KSA2020100435,S0108-012b-003e,2020100435,AN,1,0.5,0,CU,10,AWG
2893,KSA2020100445,S0108-012b-03e1,2020100445,AN,1,0.5,0,CU,10,AWG
2894,KSA2020100450,S0108-012b-003e,2020100450,AN,1,0.5,0,CU,10,AWG
2895,KSA2020100475,S0108-012b-003f,2020100475,AN,1,0.5,0,CU,10,AWG
2896,KSA2020100480,S0108-012b-003e,2020100480,AN,1,0.5,0,CU,10,AWG
2897,KSA2020100485,S0108-0010-0003,2020100485,CN,1,0.5,0,CU,10,AWG
2898,KSA2020100490,S0108-012b-003d,2020100490,AN,1,0.5,0,CU,10,AWG
2899,KSA2020100505,S0108-0010-0003,2020100505,CN,1,0.5,0,CU,10,AWG
2900,KSA2020100515,S0108-012b-003d,2020100515,AN,1,0.5,0,CU,10,AWG
2901,KSA2020100530,S0108-012b-003d,2020100530,AN,1,0.5,0,CU,10,AWG
2902,KSA2020100540,S0108-012b-003d,2020100540,AN,1,0.5,0,CU,10,AWG
2903,KSA2020100545,S0108-012b-003d,2020100545,AN,1,0.5,0,CU,10,AWG
2904,KSA2020100550,S0108-012b-003d,2020100550,AN,1,0.5,0,CU,10,AWG
2905,KSA2020100555,S0108-012b-003d,2020100555,AN,1,0.5,0,CU,10,AWG
2906,KSA2020100560,S0108-012b-003d,2020100560,AN,1,0.5,0,CU,10,AWG
2907,KSA2020100570,S0108-012b-003d,2020100570,AN,1,0.5,0,CU,10,AWG
2908,KSA2020100580,S0108-012b-003d,2020100580,AN,1,0.5,0,CU,10,AWG
2909,KSA2020100590,S0108-012b-003c,2020100590,AN,1,0.5,0,CU,10,AWG
2910,KSA2020100600,S0132-0014-0002,2020100600,CN,1,0.5,0,CU,10,AWG
2911,KSA2020100610,S0108-012b-003c,2020100610,AN,1,0.5,0,CU,10,AWG
2912,KSA2020100620,S0108-012b-003c,2020100620,AN,1,0.5,0,CU,10,AWG
2913,KSA2020100630,S0108-012b-003c,2020100630,AN,1,0.5,0,CU,10,AWG
2914,KSA2020100640,S0108-012b-003c,2020100640,AN,1,0.5,0,CU,10,AWG
2915,KSA2020100645,S0108-012b-003c,2020100645,AN,1,0.5,0,CU,10,AWG
2916,KSA2020100650,S0108-012b-003c,2020100650,AN,1,0.5,0,CU,10,AWG
2917,KSA2020100660,S0108-0010-005a,2020100660,CN,1,0.5,0,CU,10,AWG
2918,KSA2020100670,S0108-012b-003c,2020100670,AN,1,0.5,0,CU,10,AWG
2919,KSA2020100680,S0108-0010-005a,2020100680,CN,1,0.5,0,CU,10,AWG
2920,KSA2020100685,S0108-0010-005a,2020100685,CN,1,0.5,0,CU,10,AWG
2921,KSA2020100690,S0108-0010-0004,2020100690,CN,1,0.5,0,CU,10,AWG
2922,KSA2020100700,S0108-0010-0005,2020100700,CN,1,0.5,0,CU,10,AWG
2923,KSA2020100710,S0108-0010-0005,2020100710,CN,1,0.5,0,CU,10,AWG
2924,KSA2020100730,S0108-0010-0005,2020100730,CN,1,0.5,0,CU,10,AWG
2925,KSA2020100740,S0108-0010-0005,2020100740,CN,1,0.5,0,CU,10,AWG
2926,KSA2020100745,S0108-0010-0005,2020100745,CN,1,0.5,0,CU,10,AWG
2927,KSA2020100750,S0108-0010-0005,2020100750,CN,1,0.5,0,CU,10,AWG
2928,KSA2020100755,S0108-0010-0004,2020100755,CN,1,0.5,0,CU,10,AWG
2929,KSA2020100760,S0108-0010-0005,2020100760,CN,1,0.5,0,CU,10,AWG
2930,KSA2020100770,S0108-0010-0006,2020100770,CN,1,0.5,0,CU,10,AWG
2931,KSA2020100775,S0108-0010-0006,2020100775,CN,1,0.5,0,CU,10,AWG
2932,KSA2020100780,S0108-0010-0005,2020100780,CN,1,0.5,0,CU,10,AWG
2933,KSA2020100790,S0108-0010-0005,2020100790,CN,1,0.5,0,CU,10,AWG
2934,KSA2020100800,S0108-0010-0005,2020100800,CN,1,0.5,0,CU,10,AWG
2935,KSA2020100810,S0108-0010-0004,2020100810,CN,1,0.5,0,CU,10,AWG
2936,KSA2020100811,S0108-0010-0004,2020100811,CN,1,0.5,0,CU,10,AWG
2937,KSA2020100812,S0108-0010-0004,2020100812,CN,1,0.5,0,CU,10,AWG
2938,KSA2020100815,S0108-0010-0004,2020100815,CN,1,0.5,0,CU,10,AWG
2939,KSA2020100820,S0108-0010-0004,2020100820,CN,1,0.5,0,CU,10,AWG
2940,KSA2020100825,S0108-0010-0004,2020100825,CN,1,0.5,0,CU,10,AWG
2941,KSA2020100830,S0108-0010-0004,2020100830,CN,1,0.5,0,CU,10,AWG
2942,KSA2020100831,S0108-0010-0004,2020100831,CN,1,0.5,0,CU,10,AWG
2943,KSA2020100832,S0108-0010-0004,2020100832,CN,1,0.5,0,CU,10,AWG
2944,KSA2020100833,S0108-0010-0004,2020100833,CN,1,0.5,0,CU,10,AWG
2945,KSA2020100834,S0108-0010-0004,2020100834,CN,1,0.5,0,CU,10,AWG
2946,KSA2020100840,S0108-0010-0004,2020100840,CN,1,0.5,0,CU,10,AWG
2947,KSA2020100850,S0108-0010-0004,2020100850,CN,1,0.5,0,CU,10,AWG
2948,KSA2020100860,S0108-0010-0004,2020100860,CN,1,0.5,0,CU,10,AWG
2949,KSA2020100880,S0108-0010-0004,2020100880,CN,1,0.5,0,CU,10,AWG
2950,KSA2020100900,S0108-0010-0006,2020100900,CN,1,0.5,0,CU,10,AWG
2951,KSA2020100910,S0108-0010-0006,2020100910,CN,1,0.5,0,CU,10,AWG
2952,KSA2020100920,S0108-0010-0006,2020100920,CN,1,0.5,0,CU,10,AWG
2953,KSA2020100925,S0108-0010-0006,2020100925,CN,1,0.5,0,CU,10,AWG
2954,KSA2020100930,S0108-0010-0006,2020100930,CN,1,0.5,0,CU,10,AWG
2955,KSA2020100935,S0108-0010-0006,2020100935,CN,1,0.5,0,CU,10,AWG
2956,KSA2020100940,S0108-0010-0006,2020100940,CN,1,0.5,0,CU,10,AWG
2957,KSA2020100950,S0108-0010-0006,2020100950,CN,1,0.5,0,CU,10,AWG
2958,KSA2020100960,S0108-0010-0006,2020100960,CN,1,0.5,0,CU,10,AWG
2959,KSA2020100970,S0108-0010-0007,2020100970,CN,1,0.5,0,CU,10,AWG
2960,KSA2020100975,S0108-012b-0001,2020100975,AN,1,0.5,0,CU,10,AWG
2961,KSA2020101000,S0108-0010-0007,2020101000,CN,1,0.5,0,CU,10,AWG
2962,KSA2020101010,S0108-0010-0007,2020101010,CN,1,0.5,0,CU,10,AWG
2963,KSA2020101020,S0108-012b-03b1,2020101020,AN,1,0.5,0,CU,10,AWG
2964,KSA2020101036,S0108-012b-03b1,2020101036,AN,1,0.5,0,CU,10,AWG
2965,KSA2020101041,S0108-012b-03b1,2020101041,AN,1,0.5,0,CU,10,AWG
2966,KSA2020101045,S0108-012b-03b1,2020101045,AN,1,0.5,0,CU,10,AWG
2967,KSA2020101060,S0108-012b-003c,2020101060,AN,1,0.5,0,CU,10,AWG
2968,KSA2020101080,S0108-012b-03b1,2020101080,AN,1,0.5,0,CU,10,AWG
2969,KSA2020101081,S0108-012b-003e,2020101081,AN,1,0.5,0,CU,10,AWG
2970,KSA2020101083,S0108-012b-003d,2020101083,AN,1,0.5,0,CU,10,AWG
2971,KSA2020101086,S0108-0010-0004,2020101086,CN,1,0.5,0,CU,10,AWG
2972,KSA2020101087,S0108-0010-0004,2020101087,CN,1,0.5,0,CU,10,AWG
2973,KSA2020101088,S0108-0010-005a,2020101088,CN,2,54.0,0,ACSR,2,AWG
2974,KSA2020101089,S0108-0010-005a,2020101089,CN,2,54.0,0,ACSR,2,AWG
2975,KSA2020101090,S0108-012b-003e,2020101090,AN,2,54.0,0,ACSR,2,AWG
2976,KSA2020101091,S0108-012b-03b1,2020101091,AN,2,54.0,0,ACSR,2,AWG
2977,KSA2020110010,S0108-012b-003b,2020110010,AN,1,0.5,0,CU,10,AWG
2978,KSA2020110020,S0108-012b-003b,2020110020,AN,1,0.5,0,CU,10,AWG
2979,KSA2020110035,S0108-012b-003b,2020110035,AN,1,0.5,0,CU,10,AWG
2980,KSA2020110040,S0108-012b-003b,2020110040,AN,1,0.5,0,CU,10,AWG
2981,KSA2020110045,S0108-012b-003b,2020110045,AN,1,0.5,0,CU,10,AWG
2982,KSA2020110050,S0108-012b-003b,2020110050,AN,1,0.5,0,CU,10,AWG
2983,KSA2020110051,S0108-012b-003b,2020110051,AN,1,0.5,0,CU,10,AWG
2984,KSA2020110052,S0108-012b-003b,2020110052,AN,1,0.5,0,CU,10,AWG
2985,KSA2020110053,S0108-012b-003a,2020110053,AN,1,0.5,0,CU,10,AWG
2986,KSA2020110055,S0108-012b-003b,2020110055,AN,1,0.5,0,CU,10,AWG
2987,KSA2020110056,S0108-012b-003b,2020110056,AN,1,0.5,0,CU,10,AWG
2988,KSA2020110070,S0108-012b-003A,2020110070,AN,1,0.5,0,CU,10,AWG
2989,KSA2020110075,S0108-012b-0003,2020110075,AN,1,0.5,0,CU,10,AWG
2990,KSA2020110080,S0108-012b-003b,2020110080,AN,1,0.5,0,CU,10,AWG
2991,KSA2020110090,S0108-012b-003b,2020110090,AN,1,0.5,0,CU,10,AWG
2992,KSA2020110100,S0108-012b-003a,2020110100,AN,1,0.5,0,CU,10,AWG
2993,KSA2020110105,S0108-012b-003a,2020110105,AN,1,0.5,0,CU,10,AWG
2994,KSA2020110110,S0108-012b-003a,2020110110,AN,1,0.5,0,CU,10,AWG
2995,KSA2020110115,S0108-012f-0003,2020110115,AN,1,0.5,0,CU,10,AWG
2996,KSA2020110120,S0108-012b-003a,2020110120,AN,1,0.5,0,CU,10,AWG
2997,KSA2020110121,S0108-012b-003a,2020110121,AN,1,0.5,0,CU,10,AWG
2998,KSA2020110122,S0108-012b-003a,2020110122,AN,1,0.5,0,CU,10,AWG
2999,KSA2020110123,S0108-012b-003a,2020110123,AN,1,0.5,0,CU,10,AWG
3000,KSA2020110124,S0108-012b-003a,2020110124,AN,1,0.5,0,CU,10,AWG
3001,KSA2020110125,S0108-012b-0003,2020110125,AN,1,0.5,0,CU,10,AWG
3002,KSA2020110135,S0108-012b-003A,2020110135,AN,1,0.5,0,CU,10,AWG
3003,KSA2020110145,S0108-0010-0007,2020110145,CN,1,0.5,0,CU,10,AWG
3004,KSA2020110150,S0108-012b-003a,2020110150,AN,1,0.5,0,CU,10,AWG
3005,KSA2020110155,S0108-012b-0003,2020110155,AN,1,0.5,0,CU,10,AWG
3006,KSA2020110165,S0108-0010-0007,2020110165,CN,1,0.5,0,CU,10,AWG
3007,KSA2020110170,S0108-012b-0003,2020110170,AN,1,0.5,0,CU,10,AWG
3008,KSA2020110180,S0108-012b-0003,2020110180,AN,1,0.5,0,CU,10,AWG
3009,KSA2020110181,S0108-012b-0003,2020110181,AN,1,0.5,0,CU,10,AWG
3010,KSA2020110184,S0108-012b-0003,2020110184,AN,1,0.5,0,CU,10,AWG
3011,KSA2020110185,S0108-012b-0003,2020110185,AN,1,0.5,0,CU,10,AWG
3012,KSA2020110195,S0108-012f-0002,2020110195,AN,1,0.5,0,CU,10,AWG
3013,KSA2020110200,S0108-012b-003A,2020110200,AN,1,0.5,0,CU,10,AWG
3014,KSA2020110205,S0108-012f-003C,2020110205,AN,1,0.5,0,CU,10,AWG
3015,KSA2020110210,S0108-012b-0003,2020110210,AN,1,0.5,0,CU,10,AWG
3016,KSA2020110215,S0108-0010-0011,2020110215,CN,1,0.5,0,CU,10,AWG
3017,KSA2020110220,S0108-012b-003A,2020110220,AN,1,0.5,0,CU,10,AWG
3018,KSA2020110225,S0108-0010-0008,2020110225,CN,1,0.5,0,CU,10,AWG
3019,KSA2020110230,S0108-012b-0003,2020110230,AN,1,0.5,0,CU,10,AWG
3020,KSA2020110235,S0108-012f-003C,2020110235,AN,1,0.5,0,CU,10,AWG
3021,KSA2020110240,S0108-012b-003a,2020110240,AN,1,0.5,0,CU,10,AWG
3022,KSA2020110245,S0108-012f-003C,2020110245,AN,1,0.5,0,CU,10,AWG
3023,KSA2020110250,S0108-012b-0003,2020110250,AN,1,0.5,0,CU,10,AWG
3024,KSA2020110255,S0108-012f-0003,2020110255,AN,1,0.5,0,CU,10,AWG
3025,KSA2020110265,S0108-012b-0003,2020110265,AN,1,0.5,0,CU,10,AWG
3026,KSA2020110270,S0108-012b-0002,2020110270,AN,1,0.5,0,CU,10,AWG
3027,KSA2020110272,S0108-012b-0002,2020110272,AN,1,0.5,0,CU,10,AWG
3028,KSA2020110275,S0108-012b-0003,2020110275,AN,1,0.5,0,CU,10,AWG
3029,KSA2020110280,S0108-012b-0002,2020110280,AN,1,0.5,0,CU,10,AWG
3030,KSA2020110285,S0108-012f-003C,2020110285,AN,1,0.5,0,CU,10,AWG
3031,KSA2020110290,S0108-012b-0002,2020110290,AN,1,0.5,0,CU,10,AWG
3032,KSA2020110295,S0108-012b-003a,2020110295,AN,1,0.5,0,CU,10,AWG
3033,KSA2020110296,S0108-012b-003a,2020110296,AN,1,0.5,0,CU,10,AWG
3034,KSA2020110300,S0108-012b-0002,2020110300,AN,1,0.5,0,CU,10,AWG
3035,KSA2020110305,S0108-012b-003b,2020110305,AN,1,0.5,0,CU,10,AWG
3036,KSA2020110310,S0108-012b-0002,2020110310,AN,1,0.5,0,CU,10,AWG
3037,KSA2020110315,S0108-012f-003C,2020110315,AN,1,0.5,0,CU,10,AWG
3038,KSA2020110320,S0108-012b-0002,2020110320,AN,1,0.5,0,CU,10,AWG
3039,KSA2020110325,S0108-012b-0002,2020110325,AN,1,0.5,0,CU,10,AWG
3040,KSA2020110330,S0108-012b-002A,2020110330,AN,1,0.5,0,CU,10,AWG
3041,KSA2020110335,S0108-012b-003d,2020110335,AN,1,0.5,0,CU,10,AWG
3042,KSA2020110340,S0108-012b-003a,2020110340,AN,1,0.5,0,CU,10,AWG
3043,KSA2020110345,S0108-012b-003a,2020110345,AN,1,0.5,0,CU,10,AWG
3044,KSA2020110350,S0108-012b-0002,2020110350,AN,1,0.5,0,CU,10,AWG
3045,KSA2020110355,S0108-012b-002A,2020110355,AN,1,0.5,0,CU,10,AWG
3046,KSA2020110360,S0108-012b-002A,2020110360,AN,1,0.5,0,CU,10,AWG
3047,KSA2020110362,S0108-012b-002A,2020110362,AN,1,0.5,0,CU,10,AWG
3048,KSA2020110365,S0108-012b-002A,2020110365,AN,1,0.5,0,CU,10,AWG
3049,KSA2020110370,S0108-012b-002A,2020110370,AN,1,0.5,0,CU,10,AWG
3050,KSA2020110371,S0108-012b-0002,2020110371,AN,1,0.5,0,CU,10,AWG
3051,KSA2020110372,S0108-012b-0002,2020110372,AN,1,0.5,0,CU,10,AWG
3052,KSA2020110375,S0108-012b-0002,2020110375,AN,1,0.5,0,CU,10,AWG
3053,KSA2020110376,S0108-012b-0002,2020110376,AN,1,0.5,0,CU,10,AWG
3054,KSA2020110380,S0108-012b-0002,2020110380,AN,1,0.5,0,CU,10,AWG
3055,KSA2020110385,S0108-012b-003a,2020110385,AN,1,0.5,0,CU,10,AWG
3056,KSA2020110390,S0108-012b-0002,2020110390,AN,1,0.5,0,CU,10,AWG
3057,KSA2020110395,S0108-012f-003C,2020110395,AN,1,0.5,0,CU,10,AWG
3058,KSA2020110400,S0108-012b-0002,2020110400,AN,1,0.5,0,CU,10,AWG
3059,KSA2020110405,S0108-012f-003C,2020110405,AN,1,0.5,0,CU,10,AWG
3060,KSA2020110410,S0108-0010-0007,2020110410,CN,1,0.5,0,CU,10,AWG
3061,KSA2020110415,S0108-012b-003b,2020110415,AN,1,0.5,0,CU,10,AWG
3062,KSA2020110420,S0108-0010-0007,2020110420,CN,1,0.5,0,CU,10,AWG
3063,KSA2020110425,S0108-0010-0007,2020110425,CN,1,0.5,0,CU,10,AWG
3064,KSA2020110430,S0108-0010-0008,2020110430,CN,1,0.5,0,CU,10,AWG
3065,KSA2020110435,S0108-012f-003B,2020110435,AN,1,0.5,0,CU,10,AWG
3066,KSA2020110440,S0108-0010-0007,2020110440,CN,1,0.5,0,CU,10,AWG
3067,KSA2020110445,S0108-0010-0007,2020110445,CN,1,0.5,0,CU,10,AWG
3068,KSA2020110448,S0108-0010-0007,2020110448,CN,1,0.5,0,CU,10,AWG
3069,KSA2020110450,S0108-0010-0008,2020110450,CN,1,0.5,0,CU,10,AWG
3070,KSA2020110455,S0108-0010-0010,2020110455,CN,1,0.5,0,CU,10,AWG
3071,KSA2020110460,S0108-012b-003A,2020110460,AN,1,0.5,0,CU,10,AWG
3072,KSA2020110464,S0108-0010-0008,2020110464,CN,1,0.5,0,CU,10,AWG
3073,KSA2020110470,S0108-0010-0008,2020110470,CN,1,0.5,0,CU,10,AWG
3074,KSA2020110471,S0108-0010-0008,2020110471,CN,1,0.5,0,CU,10,AWG
3075,KSA2020110472,S0108-0010-0008,2020110472,CN,1,0.5,0,CU,10,AWG
3076,KSA2020110475,S0108-0010-0008,2020110475,CN,1,0.5,0,CU,10,AWG
3077,KSA2020110480,S0108-0010-0008,2020110480,CN,1,0.5,0,CU,10,AWG
3078,KSA2020110483,S0108-0010-0008,2020110483,CN,1,0.5,0,CU,10,AWG
3079,KSA2020110490,S0108-0010-0008,2020110490,CN,1,0.5,0,CU,10,AWG
3080,KSA2020110495,S0108-0010-0006,2020110495,CN,1,0.5,0,CU,10,AWG
3081,KSA2020110505,S0108-012b-003D,2020110505,AN,1,0.5,0,CU,10,AWG
3082,KSA2020110510,S0108-0010-0009,2020110510,CN,1,0.5,0,CU,10,AWG
3083,KSA2020110511,S0108-0010-0010,2020110511,CN,1,0.5,0,CU,10,AWG
3084,KSA2020110512,S0108-0010-0009,2020110512,CN,1,0.5,0,CU,10,AWG
3085,KSA2020110515,S0108-012b-003b,2020110515,AN,1,0.5,0,CU,10,AWG
3086,KSA2020110525,S0108-012f-0002,2020110525,AN,1,0.5,0,CU,10,AWG
3087,KSA2020110530,S0108-0010-0009,2020110530,CN,1,0.5,0,CU,10,AWG
3088,KSA2020110535,S0108-0010-0010,2020110535,CN,1,0.5,0,CU,10,AWG
3089,KSA2020110536,S0108-0010-0010,2020110536,CN,1,0.5,0,CU,10,AWG
3090,KSA2020110537,S0108-012f-003C,2020110537,AN,1,0.5,0,CU,10,AWG
3091,KSA2020110540,S0108-0010-0009,2020110540,CN,1,0.5,0,CU,10,AWG
3092,KSA2020110545,S0108-0010-0009,2020110545,CN,1,0.5,0,CU,10,AWG
3093,KSA2020110550,S0108-0010-0009,2020110550,CN,1,0.5,0,CU,10,AWG
3094,KSA2020110555,S0108-012b-003D,2020110555,AN,1,0.5,0,CU,10,AWG
3095,KSA2020110565,S0108-012b-003a,2020110565,AN,1,0.5,0,CU,10,AWG
3096,KSA2020110570,S0108-012b-003D,2020110570,AN,1,0.5,0,CU,10,AWG
3097,KSA2020110580,S0108-012b-003D,2020110580,AN,1,0.5,0,CU,10,AWG
3098,KSA2020110585,S0108-012b-003D,2020110585,AN,1,0.5,0,CU,10,AWG
3099,KSA2020110600,S0108-012b-003D,2020110600,AN,1,0.5,0,CU,10,AWG
3100,KSA2020110605,S0108-012f-003C,2020110605,AN,1,0.5,0,CU,10,AWG
3101,KSA2020110610,S0108-012b-003D,2020110610,AN,1,0.5,0,CU,10,AWG
3102,KSA2020110611,S0108-012b-003D,2020110611,AN,1,0.5,0,CU,10,AWG
3103,KSA2020110613,S0108-012f-0001,2020110613,AN,1,0.5,0,CU,10,AWG
3104,KSA2020110614,S0108-012f-0001,2020110614,AN,1,0.5,0,CU,10,AWG
3105,KSA2020110615,S0108-012b-003D,2020110615,AN,1,0.5,0,CU,10,AWG
3106,KSA2020110620,S0108-012b-003D,2020110620,AN,1,0.5,0,CU,10,AWG
3107,KSA2020110625,S0108-012b-003D,2020110625,AN,1,0.5,0,CU,10,AWG
3108,KSA2020110630,S0108-012b-003D,2020110630,AN,1,0.5,0,CU,10,AWG
3109,KSA2020110635,S0108-0010-0009,2020110635,CN,1,0.5,0,CU,10,AWG
3110,KSA2020110640,S0108-012f-0001,2020110640,AN,1,0.5,0,CU,10,AWG
3111,KSA2020110645,S0108-012b-0003,2020110645,AN,1,0.5,0,CU,10,AWG
3112,KSA2020110650,S0108-012f-0001,2020110650,AN,1,0.5,0,CU,10,AWG
3113,KSA2020110655,S0108-012f-0003,2020110655,AN,1,0.5,0,CU,10,AWG
3114,KSA2020110660,S0108-012f-0001,2020110660,AN,1,0.5,0,CU,10,AWG
3115,KSA2020110665,S0108-0010-0011,2020110665,CN,1,0.5,0,CU,10,AWG
3116,KSA2020110670,S0108-012f-0001,2020110670,AN,1,0.5,0,CU,10,AWG
3117,KSA2020110675,S0108-012b-003D,2020110675,AN,1,0.5,0,CU,10,AWG
3118,KSA2020110680,S0108-012b-003A,2020110680,AN,1,0.5,0,CU,10,AWG
3119,KSA2020110681,S0108-012b-003A,2020110681,AN,1,0.5,0,CU,10,AWG
3120,KSA2020110682,S0108-012b-003A,2020110682,AN,1,0.5,0,CU,10,AWG
3121,KSA2020110683,S0108-012f-0001,2020110683,AN,1,0.5,0,CU,10,AWG
3122,KSA2020110684,S0108-012f-0001,2020110684,AN,1,0.5,0,CU,10,AWG
3123,KSA2020110685,S0108-012f-0001,2020110685,AN,1,0.5,0,CU,10,AWG
3124,KSA2020110690,S0108-012b-003A,2020110690,AN,1,0.5,0,CU,10,AWG
3125,KSA2020110695,S0108-012b-003A,2020110695,AN,1,0.5,0,CU,10,AWG
3126,KSA2020110700,S0108-012b-003A,2020110700,AN,1,0.5,0,CU,10,AWG
3127,KSA2020110710,S0108-012b-003A,2020110710,AN,1,0.5,0,CU,10,AWG
3128,KSA2020110715,S0108-012b-003A,2020110715,AN,1,0.5,0,CU,10,AWG
3129,KSA2020110718,S0108-012b-003A,2020110718,AN,1,0.5,0,CU,10,AWG
3130,KSA2020110720,S0108-012b-003A,2020110720,AN,1,0.5,0,CU,10,AWG
3131,KSA2020110725,S0108-0010-0007,2020110725,CN,1,0.5,0,CU,10,AWG
3132,KSA2020110730,S0108-012b-0003,2020110730,AN,1,0.5,0,CU,10,AWG
3133,KSA2020110735,S0108-012f-0001,2020110735,AN,1,0.5,0,CU,10,AWG
3134,KSA2020110740,S0108-012f-0001,2020110740,AN,1,0.5,0,CU,10,AWG
3135,KSA2020110745,S0108-012b-003a,2020110745,AN,1,0.5,0,CU,10,AWG
3136,KSA2020110750,S0108-012f-0001,2020110750,AN,1,0.5,0,CU,10,AWG
3137,KSA2020110760,S0108-012f-0001,2020110760,AN,1,0.5,0,CU,10,AWG
3138,KSA2020110770,S0108-012f-0002,2020110770,AN,1,0.5,0,CU,10,AWG
3139,KSA2020110780,S0108-012f-0001,2020110780,AN,1,0.5,0,CU,10,AWG
3140,KSA2020110781,S0108-012f-0002,2020110781,AN,1,0.5,0,CU,10,AWG
3141,KSA2020110783,S0108-012f-0002,2020110783,AN,1,0.5,0,CU,10,AWG
3142,KSA2020110790,S0108-012f-0002,2020110790,AN,1,0.5,0,CU,10,AWG
3143,KSA2020110800,S0108-012f-0002,2020110800,AN,1,0.5,0,CU,10,AWG
3144,KSA2020110805,S0108-012b-003D,2020110805,AN,1,0.5,0,CU,10,AWG
3145,KSA2020110806,S0108-012f-0002,2020110806,AN,1,0.5,0,CU,10,AWG
3146,KSA2020110810,S0108-012b-003D,2020110810,AN,1,0.5,0,CU,10,AWG
3147,KSA2020110815,S0108-012b-003D,2020110815,AN,1,0.5,0,CU,10,AWG
3148,KSA2020110822,S0108-012b-003D,2020110822,AN,1,0.5,0,CU,10,AWG
3149,KSA2020110830,S0108-012b-003D,2020110830,AN,1,0.5,0,CU,10,AWG
3150,KSA2020110840,S0108-012f-003B,2020110840,AN,1,0.5,0,CU,10,AWG
3151,KSA2020110842,S0108-012f-003B,2020110842,AN,1,0.5,0,CU,10,AWG
3152,KSA2020110845,S0108-012f-003B,2020110845,AN,1,0.5,0,CU,10,AWG
3153,KSA2020110846,S0108-012f-003B,2020110846,AN,1,0.5,0,CU,10,AWG
3154,KSA2020110850,S0108-012f-003B,2020110850,AN,1,0.5,0,CU,10,AWG
3155,KSA2020110851,S0108-012f-003B,2020110851,AN,1,0.5,0,CU,10,AWG
3156,KSA2020110852,S0108-012f-0002,2020110852,AN,1,0.5,0,CU,10,AWG
3157,KSA2020110855,S0108-012f-0003,2020110855,AN,1,0.5,0,CU,10,AWG
3158,KSA2020110857,S0108-012f-0003,2020110857,AN,1,0.5,0,CU,10,AWG
3159,KSA2020110858,S0108-012f-0003,2020110858,AN,1,0.5,0,CU,10,AWG
3160,KSA2020110860,S0108-012f-003B,2020110860,AN,1,0.5,0,CU,10,AWG
3161,KSA2020110861,S0108-012f-0003,2020110861,AN,1,0.5,0,CU,10,AWG
3162,KSA2020110879,S0108-012f-003B,2020110879,AN,1,0.5,0,CU,10,AWG
3163,KSA2020110880,S0108-012f-003B,2020110880,AN,1,0.5,0,CU,10,AWG
3164,KSA2020110881,S0108-012f-003B,2020110881,AN,1,0.5,0,CU,10,AWG
3165,KSA2020110882,S0108-012f-003B,2020110882,AN,1,0.5,0,CU,10,AWG
3166,KSA2020110883,S0108-012f-003B,2020110883,AN,1,0.5,0,CU,10,AWG
3167,KSA2020110884,S0108-012f-003B,2020110884,AN,1,0.5,0,CU,10,AWG
3168,KSA2020110886,S0108-012f-003B,2020110886,AN,1,0.5,0,CU,10,AWG
3169,KSA2020110890,S0108-012f-003B,2020110890,AN,1,0.5,0,CU,10,AWG
3170,KSA2020110900,S0108-012f-003B,2020110900,AN,1,0.5,0,CU,10,AWG
3171,KSA2020110910,S0108-012f-003C,2020110910,AN,1,0.5,0,CU,10,AWG
3172,KSA2020110920,S0108-012f-003C,2020110920,AN,1,0.5,0,CU,10,AWG
3173,KSA2020110930,S0108-012f-003C,2020110930,AN,1,0.5,0,CU,10,AWG
3174,KSA2020110931,S0108-012f-003C,2020110931,AN,1,0.5,0,CU,10,AWG
3175,KSA2020110935,S0108-012f-003C,2020110935,AN,1,0.5,0,CU,10,AWG
3176,KSA2020110936,S0108-012f-003B,2020110936,AN,1,0.5,0,CU,10,AWG
3177,KSA2020110940,S0108-012f-003C,2020110940,AN,1,0.5,0,CU,10,AWG
3178,KSA2020110950,S0108-0010-0011,2020110950,CN,1,0.5,0,CU,10,AWG
3179,KSA2020110960,S0108-012f-003C,2020110960,AN,1,0.5,0,CU,10,AWG
3180,KSA2020110980,S0108-0010-0012,2020110980,CN,1,0.5,0,CU,10,AWG
3181,KSA2020110990,S0108-0010-0002,2020110990,CN,1,0.5,0,CU,10,AWG
3182,KSA2020111000,S0108-0010-0012,2020111000,CN,1,0.5,0,CU,10,AWG
3183,KSA2020111020,S0108-012f-003B,2020111020,AN,1,0.5,0,CU,10,AWG
3184,KSA2020111021,S0108-012f-003B,2020111021,AN,1,0.5,0,CU,10,AWG
3185,KSA2020111022,S0108-012f-0002,2020111022,AN,1,0.5,0,CU,10,AWG
3186,KSA2020111023,S0108-012f-003B,2020111023,AN,1,0.5,0,CU,10,AWG
3187,KSA2020111030,S0108-012f-003B,2020111030,AN,1,0.5,0,CU,10,AWG
3188,KSA2020111033,S0108-012f-0002,2020111033,AN,1,0.5,0,CU,10,AWG
3189,KSA2020111034,S0108-012f-003B,2020111034,AN,1,0.5,0,CU,10,AWG
3190,KSA2020111035,S0108-012f-0002,2020111035,AN,1,0.5,0,CU,10,AWG
3191,KSA2020111037,S0108-012f-0002,2020111037,AN,1,0.5,0,CU,10,AWG
3192,KSA2020111038,S0108-012f-0002,2020111038,AN,1,0.5,0,CU,10,AWG
3193,KSA2020111039,S0108-012f-003B,2020111039,AN,1,0.5,0,CU,10,AWG
3194,KSA2020111040,S0108-012f-0002,2020111040,AN,1,0.5,0,CU,10,AWG
3195,KSA2020111041,S0108-012f-0002,2020111041,AN,1,0.5,0,CU,10,AWG
3196,KSA2020111042,S0108-012f-0002,2020111042,AN,1,0.5,0,CU,10,AWG
3197,KSA2020111050,S0108-012f-0002,2020111050,AN,1,0.5,0,CU,10,AWG
3198,KSA2020111053,S0108-0010-0007,2020111053,CN,1,0.5,0,CU,10,AWG
3199,KSA2020111057,S0108-012f-0003,2020111057,AN,1,0.5,0,CU,10,AWG
3200,KSA2020111060,S0108-012f-0002,2020111060,AN,1,0.5,0,CU,10,AWG
3201,KSA2020111070,S0108-012f-0003,2020111070,AN,1,0.5,0,CU,10,AWG
3202,KSA2020111076,S0108-012f-0003,2020111076,AN,1,0.5,0,CU,10,AWG
3203,KSA2020111080,S0108-012f-0003,2020111080,AN,1,0.5,0,CU,10,AWG
3204,KSA2020111085,S0108-012f-0004,2020111085,AN,1,0.5,0,CU,10,AWG
3205,KSA2020111090,S0108-012f-0003,2020111090,AN,1,0.5,0,CU,10,AWG
3206,KSA2020111095,S0108-012f-0004,2020111095,AN,1,0.5,0,CU,10,AWG
3207,KSA2020111100,S0108-012f-0004,2020111100,AN,1,0.5,0,CU,10,AWG
3208,KSA2020111104,S0108-012f-0004,2020111104,AN,1,0.5,0,CU,10,AWG
3209,KSA2020111110,S0108-012f-0005,2020111110,AN,1,0.5,0,CU,10,AWG
3210,KSA2020111126,S0108-012f-0005,2020111126,AN,1,0.5,0,CU,10,AWG
3211,KSA2020111133,S0108-012f-0005,2020111133,AN,1,0.5,0,CU,10,AWG
3212,KSA2020111136,S0108-0010-0008,2020111136,CN,1,0.5,0,CU,10,AWG
3213,KSA2020111137,S0108-012f-003C,2020111137,AN,1,0.5,0,CU,10,AWG
3214,KSA2020111138,S0108-012b-003a,2020111138,AN,1,0.5,0,CU,10,AWG
3215,KSA2020111139,S0108-012b-003D,2020111139,AN,1,0.5,0,CU,10,AWG
3216,KSA2020111140,S0108-0010-0009,2020111140,CN,1,0.5,0,CU,10,AWG
3217,KSA2020111142,S0108-012b-002A,2020111142,AN,1,0.5,0,CU,10,AWG
3218,KSA2020111143,S0108-0010-0010,2020111143,CN,1,0.5,0,CU,10,AWG
3219,KSA2020111144,S0108-012b-003b,2020111144,AN,1,0.5,0,CU,10,AWG
3220,KSA2020111145,S0108-012f-0002,2020111145,AN,1,0.5,0,CU,10,AWG
3221,KSA2020111146,S0108-012b-003A,2020111146,AN,1,0.5,0,CU,10,AWG
3222,KSA2020111147,S0108-0010-0009,2020111147,CN,1,0.5,0,CU,10,AWG
3223,KSA2020111148,S0108-0010-0008,2020111148,CN,1,0.5,0,CU,10,AWG
3224,KSA2020111149,S0108-012b-0003,2020111149,AN,1,0.5,0,CU,10,AWG
3225,KSA2020111150,S0108-0010-0008,2020111150,CN,2,50.0,0,ACSR,2,AWG
3226,KSA2020111151,S0108-0010-0010,2020111151,CN,2,50.0,0,ACSR,2,AWG
3227,KSA2020111152,S0108-012b-0003,2020111152,AN,2,50.0,0,ACSR,2,AWG
3228,KSA2020111153,S0108-012b-003b,2020111153,AN,2,50.0,0,ACSR,2,AWG
3229,KSA2020111154,S0108-012b-003D,2020111154,AN,2,50.0,0,ACSR,2,AWG
3230,KSA2020120001,S0108-012f-0005,2020120001,AN,1,0.5,0,CU,10,AWG
3231,KSA2020120002,S0108-012f-0005,2020120002,AN,1,0.5,0,CU,10,AWG
3232,KSA2020120005,S0108-012f-0006,2020120005,AN,1,0.5,0,CU,10,AWG
3233,KSA2020120009,S0108-012f-0006,2020120009,AN,1,0.5,0,CU,10,AWG
3234,KSA2020120010,S0108-012f-0007,2020120010,AN,1,0.5,0,CU,10,AWG
3235,KSA2020120012,S0108-012f-0008,2020120012,AN,1,0.5,0,CU,10,AWG
3236,KSA2020120013,S0108-012f-0009,2020120013,AN,1,0.5,0,CU,10,AWG
3237,KSA2020120014,S0108-012f-0006,2020120014,AN,1,0.5,0,CU,10,AWG
3238,KSA2020120017,S0108-012h-0001,2020120017,AN,1,5.0,0,AL,2,AWG
3239,KSA2020120018,S0108-012f-0006,2020120018,AN,1,0.5,0,CU,10,AWG
3240,KSA2020120019,S0108-012f-0008,2020120019,AN,1,0.5,0,CU,10,AWG
3241,KSA2020120020,S0108-012f-0010,2020120020,AN,1,0.5,0,CU,10,AWG
3242,KSA2020120021,S0108-012f-0006,2020120021,AN,1,0.5,0,CU,10,AWG
3243,KSA2020120022,S0108-012f-0005,2020120022,AN,1,0.5,0,CU,10,AWG
3244,KSA2020120024,S0108-012f-0005,2020120024,AN,1,0.5,0,CU,10,AWG
3245,KSA2020120027,S0108-012f-0006,2020120027,AN,1,0.5,0,CU,10,AWG
3246,KSA2020120029,S0108-012f-0006,2020120029,AN,1,0.5,0,CU,10,AWG
3247,KSA2020120030,S0108-012f-0010,2020120030,AN,1,0.5,0,CU,10,AWG
3248,KSA2020120040,S0108-012f-0010,2020120040,AN,1,0.5,0,CU,10,AWG
3249,KSA2020120050,S0108-012f-0010,2020120050,AN,1,0.5,0,CU,10,AWG
3250,KSA2020120051,S0108-012f-0007,2020120051,AN,1,0.5,0,CU,10,AWG
3251,KSA2020120070,S0108-012f-0009,2020120070,AN,1,0.5,0,CU,10,AWG
3252,KSA2020120080,S0108-012f-0009,2020120080,AN,1,0.5,0,CU,10,AWG
3253,KSA2020120081,S0108-012f-0006,2020120081,AN,1,0.5,0,CU,10,AWG
3254,KSA2020120082,S0108-0020-004c,2020120082,BN,1,0.5,0,CU,10,AWG
3255,KSA2020120087,S0108-012f-0010,2020120087,AN,1,0.5,0,CU,10,AWG
3256,KSA2020120088,S0108-012f-0010,2020120088,AN,1,0.5,0,CU,10,AWG
3257,KSA2020120089,S0108-0020-004c,2020120089,BN,1,0.5,0,CU,10,AWG
3258,KSA2020120090,S0108-0020-0005,2020120090,BN,1,0.5,0,CU,10,AWG
3259,KSA2020120091,S0108-012f-0008,2020120091,AN,1,0.5,0,CU,10,AWG
3260,KSA2020120098,S0108-012f-0010,2020120098,AN,1,0.5,0,CU,10,AWG
3261,KSA2020120100,S0108-012f-0010,2020120100,AN,1,0.5,0,CU,10,AWG
3262,KSA2020120102,S0108-0020-004c,2020120102,BN,1,0.5,0,CU,10,AWG
3263,KSA2020120103,S0108-0020-004c,2020120103,BN,1,0.5,0,CU,10,AWG
3264,KSA2020120104,S0108-0020-004c,2020120104,BN,1,0.5,0,CU,10,AWG
3265,KSA2020120105,S0108-0020-004c,2020120105,BN,1,0.5,0,CU,10,AWG
3266,KSA2020120115,S0108-012f-0009,2020120115,AN,1,0.5,0,CU,10,AWG
3267,KSA2020120120,S0108-0020-004b,2020120120,BN,1,0.5,0,CU,10,AWG
3268,KSA2020120125,S0108-0020-0003,2020120125,BN,1,0.5,0,CU,10,AWG
3269,KSA2020120130,S0108-0020-004b,2020120130,BN,1,0.5,0,CU,10,AWG
3270,KSA2020120132,S0108-0020-0004,2020120132,BN,1,0.5,0,CU,10,AWG
3271,KSA2020120133,S0108-0020-0004,2020120133,BN,1,0.5,0,CU,10,AWG
3272,KSA2020120140,S0108-0020-0004,2020120140,BN,1,0.5,0,CU,10,AWG
3273,KSA2020120141,S0108-0020-0004,2020120141,BN,1,0.5,0,CU,10,AWG
3274,KSA2020120143,S0108-0020-004b,2020120143,BN,1,0.5,0,CU,10,AWG
3275,KSA2020120145,S0108-020C-0005,2020120145,BN,1,0.5,0,CU,10,AWG
3276,KSA2020120148,S0108-0020-0004,2020120148,BN,1,0.5,0,CU,10,AWG
3277,KSA2020120150,S0108-0020-0004,2020120150,BN,1,0.5,0,CU,10,AWG
3278,KSA2020120155,S0108-020C-0002,2020120155,BN,1,0.5,0,CU,10,AWG
3279,KSA2020120160,S0108-0020-0004,2020120160,BN,1,0.5,0,CU,10,AWG
3280,KSA2020120165,S0108-020O-0019,2020120165,BN,1,0.5,0,CU,10,AWG
3281,KSA2020120170,S0108-0020-004a,2020120170,BN,1,0.5,0,CU,10,AWG
3282,KSA2020120175,S0108-0020-0004,2020120175,BN,1,0.5,0,CU,10,AWG
3283,KSA2020120176,S0108-0020-0004,2020120176,BN,1,0.5,0,CU,10,AWG
3284,KSA2020120180,S0108-0020-0004,2020120180,BN,1,0.5,0,CU,10,AWG
3285,KSA2020120186,S0108-0020-0004,2020120186,BN,1,0.5,0,CU,10,AWG
3286,KSA2020120187,S0108-0020-0004,2020120187,BN,1,0.5,0,CU,10,AWG
3287,KSA2020120190,S0108-0020-0004,2020120190,BN,1,0.5,0,CU,10,AWG
3288,KSA2020120195,S0108-0010-0012,2020120195,CN,1,0.5,0,CU,10,AWG
3289,KSA2020120200,S0108-0020-0004,2020120200,BN,1,0.5,0,CU,10,AWG
3290,KSA2020120201,S0108-0020-0004,2020120201,BN,1,0.5,0,CU,10,AWG
3291,KSA2020120205,S0108-0020-0001,2020120205,BN,1,0.5,0,CU,10,AWG
3292,KSA2020120210,S0108-020O-0001,2020120210,BN,1,0.5,0,CU,10,AWG
3293,KSA2020120215,S0092-0007-011A,2020120215,BN,1,0.5,0,CU,10,AWG
3294,KSA2020120220,S0108-020C-0002,2020120220,BN,1,0.5,0,CU,10,AWG
3295,KSA2020120235,S0108-020O-0020,2020120235,BN,1,0.5,0,CU,10,AWG
3296,KSA2020120245,S0108-0020-0005,2020120245,BN,1,0.5,0,CU,10,AWG
3297,KSA2020120250,S0108-0020-0005,2020120250,BN,1,0.5,0,CU,10,AWG
3298,KSA2020120255,S0092-0007-0013,2020120255,BN,1,0.5,0,CU,10,AWG
3299,KSA2020120260,S0108-0020-0005,2020120260,BN,1,0.5,0,CU,10,AWG
3300,KSA2020120265,S0108-0020-0005,2020120265,BN,1,0.5,0,CU,10,AWG
3301,KSA2020120270,S0108-0020-0005,2020120270,BN,1,0.5,0,CU,10,AWG
3302,KSA2020120275,S0092-0007-0012,2020120275,BN,1,0.5,0,CU,10,AWG
3303,KSA2020120280,S0108-0020-0005,2020120280,BN,1,0.5,0,CU,10,AWG
3304,KSA2020120285,S0108-0020-004a,2020120285,BN,1,0.5,0,CU,10,AWG
3305,KSA2020120290,S0108-0020-0005,2020120290,BN,1,0.5,0,CU,10,AWG
3306,KSA2020120295,S0108-0010-0012,2020120295,CN,1,0.5,0,CU,10,AWG
3307,KSA2020120300,S0108-0020-0005,2020120300,BN,1,0.5,0,CU,10,AWG
3308,KSA2020120310,S0108-0020-0005,2020120310,BN,1,0.5,0,CU,10,AWG
3309,KSA2020120315,S0108-0020-0005,2020120315,BN,1,0.5,0,CU,10,AWG
3310,KSA2020120320,S0108-0020-0004,2020120320,BN,1,0.5,0,CU,10,AWG
3311,KSA2020120323,S0108-020C-0007,2020120323,BN,1,0.5,0,CU,10,AWG
3312,KSA2020120325,S0108-0020-0005,2020120325,BN,1,0.5,0,CU,10,AWG
3313,KSA2020120330,S0108-0020-0005,2020120330,BN,1,0.5,0,CU,10,AWG
3314,KSA2020120335,S0108-0020-0005,2020120335,BN,1,0.5,0,CU,10,AWG
3315,KSA2020120340,S0108-0020-0005,2020120340,BN,1,0.5,0,CU,10,AWG
3316,KSA2020120345,S0108-0020-0006,2020120345,BN,1,0.5,0,CU,10,AWG
3317,KSA2020120350,S0108-0020-0005,2020120350,BN,1,0.5,0,CU,10,AWG
3318,KSA2020120351,S0108-0020-0006,2020120351,BN,1,0.5,0,CU,10,AWG
3319,KSA2020120352,S0108-0020-0006,2020120352,BN,1,0.5,0,CU,10,AWG
3320,KSA2020120355,S0108-0020-0006,2020120355,BN,1,0.5,0,CU,10,AWG
3321,KSA2020120356,S0108-0020-0006,2020120356,BN,1,0.5,0,CU,10,AWG
3322,KSA2020120357,S0108-0020-0006,2020120357,BN,1,0.5,0,CU,10,AWG
3323,KSA2020120360,S0108-0020-0006,2020120360,BN,1,0.5,0,CU,10,AWG
3324,KSA2020120366,S0108-0020-0006,2020120366,BN,1,0.5,0,CU,10,AWG
3325,KSA2020120370,S0108-020C-0002,2020120370,BN,1,0.5,0,CU,10,AWG
3326,KSA2020120375,S0108-0020-0006,2020120375,BN,1,0.5,0,CU,10,AWG
3327,KSA2020120376,S0108-0020-0006,2020120376,BN,1,0.5,0,CU,10,AWG
3328,KSA2020120377,S0108-0020-0006,2020120377,BN,1,0.5,0,CU,10,AWG
3329,KSA2020120385,S0092-0007-0012,2020120385,BN,1,0.5,0,CU,10,AWG
3330,KSA2020120390,S0108-0024-0001,2020120390,BN,1,0.5,0,CU,10,AWG
3331,KSA2020120395,S0108-020C-0004,2020120395,BN,1,0.5,0,CU,10,AWG
3332,KSA2020120400,S0108-021b-0001,2020120400,BN,1,5.0,0,CU,2,AWG
3333,KSA2020120405,S0108-024A-0001,2020120405,AN,1,5.0,0,AL,2,AWG
3334,KSA2020120415,S0108-0020-0007,2020120415,BN,1,0.5,0,CU,10,AWG
3335,KSA2020120420,S0108-0020-0007,2020120420,BN,1,0.5,0,CU,10,AWG
3336,KSA2020120425,S0108-020O-0010,2020120425,BN,1,0.5,0,CU,10,AWG
3337,KSA2020120430,S0108-0020-0003,2020120430,BN,1,0.5,0,CU,10,AWG
3338,KSA2020120440,S0108-0020-0003,2020120440,BN,1,0.5,0,CU,10,AWG
3339,KSA2020120445,S0108-0020-0004,2020120445,BN,1,0.5,0,CU,10,AWG
3340,KSA2020120450,S0108-0020-0003,2020120450,BN,1,0.5,0,CU,10,AWG
3341,KSA2020120456,S0108-020C-0002,2020120456,BN,1,0.5,0,CU,10,AWG
3342,KSA2020120457,S0108-020C-0002,2020120457,BN,1,0.5,0,CU,10,AWG
3343,KSA2020120458,S0108-020C-0003,2020120458,BN,1,0.5,0,CU,10,AWG
3344,KSA2020120459,S0108-020C-0002,2020120459,BN,1,0.5,0,CU,10,AWG
3345,KSA2020120460,S0108-020C-0002,2020120460,BN,1,0.5,0,CU,10,AWG
3346,KSA2020120463,S0108-020C-0002,2020120463,BN,1,0.5,0,CU,10,AWG
3347,KSA2020120465,S0108-020C-0003,2020120465,BN,1,0.5,0,CU,10,AWG
3348,KSA2020120467,S0108-020C-0003,2020120467,BN,1,0.5,0,CU,10,AWG
3349,KSA2020120470,S0108-020C-0003,2020120470,BN,1,0.5,0,CU,10,AWG
3350,KSA2020120471,S0108-020C-0003,2020120471,BN,1,0.5,0,CU,10,AWG
3351,KSA2020120473,S0108-0020-0003,2020120473,BN,1,0.5,0,CU,10,AWG
3352,KSA2020120474,S0108-020C-0003,2020120474,BN,1,0.5,0,CU,10,AWG
3353,KSA2020120475,S0108-0020-0003,2020120475,BN,1,0.5,0,CU,10,AWG
3354,KSA2020120476,S0108-020C-0003,2020120476,BN,1,0.5,0,CU,10,AWG
3355,KSA2020120477,S0108-0010-0011,2020120477,CN,1,0.5,0,CU,10,AWG
3356,KSA2020120478,S0108-020C-0003,2020120478,BN,1,0.5,0,CU,10,AWG
3357,KSA2020120479,S0108-020C-0003,2020120479,BN,1,0.5,0,CU,10,AWG
3358,KSA2020120480,S0108-020C-0003,2020120480,BN,1,0.5,0,CU,10,AWG
3359,KSA2020120481,S0108-020C-0003,2020120481,BN,1,0.5,0,CU,10,AWG
3360,KSA2020120482,S0108-020C-0003,2020120482,BN,1,0.5,0,CU,10,AWG
3361,KSA2020120483,S0108-020C-0003,2020120483,BN,1,0.5,0,CU,10,AWG
3362,KSA2020120484,S0108-020C-0003,2020120484,BN,1,0.5,0,CU,10,AWG
3363,KSA2020120485,S0108-020C-0003,2020120485,BN,1,0.5,0,CU,10,AWG
3364,KSA2020120486,S0108-020C-0003,2020120486,BN,1,0.5,0,CU,10,AWG
3365,KSA2020120490,S0108-020C-0003,2020120490,BN,1,0.5,0,CU,10,AWG
3366,KSA2020120491,S0108-020C-0003,2020120491,BN,1,0.5,0,CU,10,AWG
3367,KSA2020120495,S0108-020C-0006,2020120495,BN,1,0.5,0,CU,10,AWG
3368,KSA2020120500,S0108-020C-0003,2020120500,BN,1,0.5,0,CU,10,AWG
3369,KSA2020120505,S0108-020O-0015,2020120505,BN,1,0.5,0,CU,10,AWG
3370,KSA2020120510,S0108-020C-0003,2020120510,BN,1,0.5,0,CU,10,AWG
3371,KSA2020120515,S0108-020C-0002,2020120515,BN,1,0.5,0,CU,10,AWG
3372,KSA2020120520,S0108-020C-0003,2020120520,BN,1,0.5,0,CU,10,AWG
3373,KSA2020120525,S0108-020C-0003,2020120525,BN,1,0.5,0,CU,10,AWG
3374,KSA2020120530,S0108-020C-0003,2020120530,BN,1,0.5,0,CU,10,AWG
3375,KSA2020120535,S0108-020O-0002,2020120535,BN,1,0.5,0,CU,10,AWG
3376,KSA2020120540,S0108-020C-0006,2020120540,BN,1,0.5,0,CU,10,AWG
3377,KSA2020120541,S0108-020C-0006,2020120541,BN,1,0.5,0,CU,10,AWG
3378,KSA2020120542,S0108-020C-0006,2020120542,BN,1,0.5,0,CU,10,AWG
3379,KSA2020120545,S0108-020C-0004,2020120545,BN,1,0.5,0,CU,10,AWG
3380,KSA2020120550,S0108-020C-0004,2020120550,BN,1,0.5,0,CU,10,AWG
3381,KSA2020120552,S0108-020C-0004,2020120552,BN,1,0.5,0,CU,10,AWG
3382,KSA2020120553,S0108-020C-0004,2020120553,BN,1,0.5,0,CU,10,AWG
3383,KSA2020120557,S0108-020C-0004,2020120557,BN,1,0.5,0,CU,10,AWG
3384,KSA2020120558,S0108-020C-0004,2020120558,BN,1,0.5,0,CU,10,AWG
3385,KSA2020120560,S0108-020C-0004,2020120560,BN,1,0.5,0,CU,10,AWG
3386,KSA2020120561,S0108-020C-0004,2020120561,BN,1,0.5,0,CU,10,AWG
3387,KSA2020120562,S0108-020C-0006,2020120562,BN,1,0.5,0,CU,10,AWG
3388,KSA2020120564,S0108-020O-0002,2020120564,BN,1,0.5,0,CU,10,AWG
3389,KSA2020120565,S0108-020C-0005,2020120565,BN,1,0.5,0,CU,10,AWG
3390,KSA2020120566,S0092-0007-0012,2020120566,BN,1,0.5,0,CU,10,AWG
3391,KSA2020120567,S0108-0020-0002,2020120567,BN,1,0.5,0,CU,10,AWG
3392,KSA2020120568,S0108-020C-0005,2020120568,BN,1,0.5,0,CU,10,AWG
3393,KSA2020120569,S0108-020C-0006,2020120569,BN,1,0.5,0,CU,10,AWG
3394,KSA2020120570,S0108-020C-0005,2020120570,BN,1,0.5,0,CU,10,AWG
3395,KSA2020120571,S0108-020C-0006,2020120571,BN,1,0.5,0,CU,10,AWG
3396,KSA2020120572,S0108-020C-0007,2020120572,BN,1,0.5,0,CU,10,AWG
3397,KSA2020120573,S0108-020C-0005,2020120573,BN,1,0.5,0,CU,10,AWG
3398,KSA2020120574,S0108-020C-0006,2020120574,BN,1,0.5,0,CU,10,AWG
3399,KSA2020120575,S0108-020C-0007,2020120575,BN,1,0.5,0,CU,10,AWG
3400,KSA2020120576,S0108-020C-0006,2020120576,BN,1,0.5,0,CU,10,AWG
3401,KSA2020120585,S0108-020C-0005,2020120585,BN,1,0.5,0,CU,10,AWG
3402,KSA2020120590,S0108-020C-0005,2020120590,BN,1,0.5,0,CU,10,AWG
3403,KSA2020120593,S0108-020C-0007,2020120593,BN,1,0.5,0,CU,10,AWG
3404,KSA2020120594,S0108-020C-0007,2020120594,BN,1,0.5,0,CU,10,AWG
3405,KSA2020120600,S0108-020C-0007,2020120600,BN,1,0.5,0,CU,10,AWG
3406,KSA2020120602,S0108-020O-0002,2020120602,BN,1,0.5,0,CU,10,AWG
3407,KSA2020120605,S0108-020O-0002,2020120605,BN,1,0.5,0,CU,10,AWG
3408,KSA2020120608,S0108-020O-0002,2020120608,BN,1,0.5,0,CU,10,AWG
3409,KSA2020120609,S0108-020O-0002,2020120609,BN,1,0.5,0,CU,10,AWG
3410,KSA2020120610,S0108-020O-0003,2020120610,BN,1,0.5,0,CU,10,AWG
3411,KSA2020120615,S0108-020O-0003,2020120615,BN,1,0.5,0,CU,10,AWG
3412,KSA2020120616,S0108-020O-0003,2020120616,BN,1,0.5,0,CU,10,AWG
3413,KSA2020120619,S0108-020O-0003,2020120619,BN,1,0.5,0,CU,10,AWG
3414,KSA2020120620,S0108-020O-0004,2020120620,BN,1,0.5,0,CU,10,AWG
3415,KSA2020120622,S0108-020O-0004,2020120622,BN,1,0.5,0,CU,10,AWG
3416,KSA2020120623,S0108-020O-0003,2020120623,BN,1,0.5,0,CU,10,AWG
3417,KSA2020120625,S0108-020O-0004,2020120625,BN,1,0.5,0,CU,10,AWG
3418,KSA2020120626,S0108-020O-0004,2020120626,BN,1,0.5,0,CU,10,AWG
3419,KSA2020120627,S0108-020O-0013,2020120627,BN,1,0.5,0,CU,10,AWG
3420,KSA2020120630,S0108-020O-0004,2020120630,BN,1,0.5,0,CU,10,AWG
3421,KSA2020120635,S0108-020O-0019,2020120635,BN,1,0.5,0,CU,10,AWG
3422,KSA2020120640,S0108-020O-0004,2020120640,BN,1,0.5,0,CU,10,AWG
3423,KSA2020120642,S0108-020O-0004,2020120642,BN,1,0.5,0,CU,10,AWG
3424,KSA2020120643,S0108-020O-0004,2020120643,BN,1,0.5,0,CU,10,AWG
3425,KSA2020120645,S0108-020O-0004,2020120645,BN,1,0.5,0,CU,10,AWG
3426,KSA2020120647,S0108-020O-0004,2020120647,BN,1,0.5,0,CU,10,AWG
3427,KSA2020120650,S0108-020O-0004,2020120650,BN,1,0.5,0,CU,10,AWG
3428,KSA2020120655,S0108-020C-0006,2020120655,BN,1,0.5,0,CU,10,AWG
3429,KSA2020120660,S0108-020O-0005,2020120660,BN,1,0.5,0,CU,10,AWG
3430,KSA2020120665,S0108-020O-0006,2020120665,BN,1,0.5,0,CU,10,AWG
3431,KSA2020120670,S0108-020O-0006,2020120670,BN,1,0.5,0,CU,10,AWG
3432,KSA2020120680,S0108-020O-0011,2020120680,BN,1,0.5,0,CU,10,AWG
3433,KSA2020120681,S0108-020O-0011,2020120681,BN,1,0.5,0,CU,10,AWG
3434,KSA2020120685,S0108-020O-0020,2020120685,BN,1,0.5,0,CU,10,AWG
3435,KSA2020120690,S0108-020O-0009,2020120690,BN,1,0.5,0,CU,10,AWG
3436,KSA2020120695,S0108-020O-0013,2020120695,BN,1,0.5,0,CU,10,AWG
3437,KSA2020120709,S0108-020O-0019,2020120709,BN,1,0.5,0,CU,10,AWG
3438,KSA2020120711,S0108-020O-0010,2020120711,BN,1,0.5,0,CU,10,AWG
3439,KSA2020120712,S0108-020O-0010,2020120712,BN,1,0.5,0,CU,10,AWG
3440,KSA2020120713,S0108-020O-0010,2020120713,BN,1,0.5,0,CU,10,AWG
3441,KSA2020120715,S0108-020O-0003,2020120715,BN,1,0.5,0,CU,10,AWG
3442,KSA2020120720,S0108-020O-0011,2020120720,BN,1,0.5,0,CU,10,AWG
3443,KSA2020120722,S0108-020O-0011,2020120722,BN,1,0.5,0,CU,10,AWG
3444,KSA2020120725,S0108-020O-0020,2020120725,BN,1,0.5,0,CU,10,AWG
3445,KSA2020120735,S0108-020O-0011,2020120735,BN,1,0.5,0,CU,10,AWG
3446,KSA2020120737,S0108-020O-0011,2020120737,BN,1,0.5,0,CU,10,AWG
3447,KSA2020120740,S0108-020O-0014,2020120740,BN,1,0.5,0,CU,10,AWG
3448,KSA2020120741,S0108-020O-0014,2020120741,BN,1,0.5,0,CU,10,AWG
3449,KSA2020120745,S0108-020C-0006,2020120745,BN,1,0.5,0,CU,10,AWG
3450,KSA2020120750,S0108-020O-0012,2020120750,BN,1,0.5,0,CU,10,AWG
3451,KSA2020120755,S0108-020O-0019,2020120755,BN,1,0.5,0,CU,10,AWG
3452,KSA2020120760,S0108-020O-0012,2020120760,BN,1,0.5,0,CU,10,AWG
3453,KSA2020120765,S0108-020O-0009,2020120765,BN,1,0.5,0,CU,10,AWG
3454,KSA2020120770,S0108-020O-0013,2020120770,BN,1,0.5,0,CU,10,AWG
3455,KSA2020120773,S0108-020O-0013,2020120773,BN,1,0.5,0,CU,10,AWG
3456,KSA2020120775,S0108-020O-0014,2020120775,BN,1,0.5,0,CU,10,AWG
3457,KSA2020120780,S0108-020O-0014,2020120780,BN,1,0.5,0,CU,10,AWG
3458,KSA2020120781,S0108-020O-0014,2020120781,BN,1,0.5,0,CU,10,AWG
3459,KSA2020120785,S0108-020O-0015,2020120785,BN,1,0.5,0,CU,10,AWG
3460,KSA2020120795,S0108-020O-0014,2020120795,BN,1,0.5,0,CU,10,AWG
3461,KSA2020120800,S0108-020O-0014,2020120800,BN,1,0.5,0,CU,10,AWG
3462,KSA2020120801,S0108-020O-0014,2020120801,BN,1,0.5,0,CU,10,AWG
3463,KSA2020120805,S0108-020O-0002,2020120805,BN,1,0.5,0,CU,10,AWG
3464,KSA2020120810,S0108-020O-0016,2020120810,BN,1,0.5,0,CU,10,AWG
3465,KSA2020120815,S0108-020O-0016,2020120815,BN,1,0.5,0,CU,10,AWG
3466,KSA2020120820,S0108-020O-0016,2020120820,BN,1,0.5,0,CU,10,AWG
3467,KSA2020120821,S0108-020O-0016,2020120821,BN,1,0.5,0,CU,10,AWG
3468,KSA2020120825,S0108-020O-0016,2020120825,BN,1,0.5,0,CU,10,AWG
3469,KSA2020120830,S0108-020O-0011,2020120830,BN,1,0.5,0,CU,10,AWG
3470,KSA2020120835,S0108-012f-0008,2020120835,AN,1,0.5,0,CU,10,AWG
3471,KSA2020120839,S0108-020O-0018,2020120839,BN,1,0.5,0,CU,10,AWG
3472,KSA2020120840,S0108-020O-0017,2020120840,BN,1,0.5,0,CU,10,AWG
3473,KSA2020120841,S0108-020O-0019,2020120841,BN,1,0.5,0,CU,10,AWG
3474,KSA2020120844,S0108-020O-0019,2020120844,BN,1,0.5,0,CU,10,AWG
3475,KSA2020120845,S0108-020O-0018,2020120845,BN,1,0.5,0,CU,10,AWG
3476,KSA2020120846,S0108-020O-0018,2020120846,BN,1,0.5,0,CU,10,AWG
3477,KSA2020120847,S0108-020O-0018,2020120847,BN,1,0.5,0,CU,10,AWG
3478,KSA2020120848,S0108-020O-0018,2020120848,BN,1,0.5,0,CU,10,AWG
3479,KSA2020120849,S0108-020O-0018,2020120849,BN,1,0.5,0,CU,10,AWG
3480,KSA2020120850,S0108-020O-0018,2020120850,BN,1,0.5,0,CU,10,AWG
3481,KSA2020120851,S0108-020O-0018,2020120851,BN,1,0.5,0,CU,10,AWG
3482,KSA2020120852,S0108-020O-0019,2020120852,BN,1,0.5,0,CU,10,AWG
3483,KSA2020120853,S0108-020O-0019,2020120853,BN,1,0.5,0,CU,10,AWG
3484,KSA2020120854,S0108-020O-0019,2020120854,BN,1,0.5,0,CU,10,AWG
3485,KSA2020120855,S0108-020O-0019,2020120855,BN,1,0.5,0,CU,10,AWG
3486,KSA2020120856,S0108-020O-0019,2020120856,BN,1,0.5,0,CU,10,AWG
3487,KSA2020120857,S0108-020O-0019,2020120857,BN,1,0.5,0,CU,10,AWG
3488,KSA2020120858,S0108-020O-0019,2020120858,BN,1,0.5,0,CU,10,AWG
3489,KSA2020120859,S0108-020O-0019,2020120859,BN,1,0.5,0,CU,10,AWG
3490,KSA2020120861,S0108-020O-0019,2020120861,BN,1,0.5,0,CU,10,AWG
3491,KSA2020120862,S0108-020O-0020,2020120862,BN,1,0.5,0,CU,10,AWG
3492,KSA2020120863,S0108-020O-0020,2020120863,BN,1,0.5,0,CU,10,AWG
3493,KSA2020120865,S0108-012f-0010,2020120865,AN,1,0.5,0,CU,10,AWG
3494,KSA2020120870,S0108-020O-0018,2020120870,BN,1,0.5,0,CU,10,AWG
3495,KSA2020120871,S0108-020O-0019,2020120871,BN,1,0.5,0,CU,10,AWG
3496,KSA2020120873,S0108-020O-0020,2020120873,BN,1,0.5,0,CU,10,AWG
3497,KSA2020120875,S0108-0020-0007,2020120875,BN,1,0.5,0,CU,10,AWG
3498,KSA2020120880,S0108-020O-0017,2020120880,BN,1,0.5,0,CU,10,AWG
3499,KSA2020120885,S0108-020O-0016,2020120885,BN,1,0.5,0,CU,10,AWG
3500,KSA2020120890,S0108-020O-013a,2020120890,BN,1,0.5,0,CU,10,AWG
3501,KSA2020120892,S0108-020O-013a,2020120892,BN,1,0.5,0,CU,10,AWG
3502,KSA2020120893,S0108-020O-0019,2020120893,BN,1,0.5,0,CU,10,AWG
3503,KSA2020120895,S0108-020O-0019,2020120895,BN,1,0.5,0,CU,10,AWG
3504,KSA2020120897,S0108-020O-0019,2020120897,BN,1,0.5,0,CU,10,AWG
3505,KSA2020120898,S0108-020O-0019,2020120898,BN,1,0.5,0,CU,10,AWG
3506,KSA2020120899,S0108-020O-0013,2020120899,BN,1,0.5,0,CU,10,AWG
3507,KSA2020120900,S0108-020O-0013,2020120900,BN,1,0.5,0,CU,10,AWG
3508,KSA2020120901,S0092-0007-0012,2020120901,BN,1,0.5,0,CU,10,AWG
3509,KSA2020120902,S0092-0007-0012,2020120902,BN,1,0.5,0,CU,10,AWG
3510,KSA2020120903,S0092-0007-0012,2020120903,BN,1,0.5,0,CU,10,AWG
3511,KSA2020120904,S0108-020C-0007,2020120904,BN,1,0.5,0,CU,10,AWG
3512,KSA2020120906,S0092-0007-0012,2020120906,BN,1,0.5,0,CU,10,AWG
3513,KSA2020120907,S0108-020O-0013,2020120907,BN,1,0.5,0,CU,10,AWG
3514,KSA2020120910,S0108-020O-0013,2020120910,BN,1,0.5,0,CU,10,AWG
3515,KSA2020120911,S0108-020O-0013,2020120911,BN,1,0.5,0,CU,10,AWG
3516,KSA2020120912,S0108-020O-0013,2020120912,BN,1,0.5,0,CU,10,AWG
3517,KSA2020120913,S0108-020O-0013,2020120913,BN,1,0.5,0,CU,10,AWG
3518,KSA2020120914,S0108-020O-0013,2020120914,BN,1,0.5,0,CU,10,AWG
3519,KSA2020120915,S0108-0020-0002,2020120915,BN,1,0.5,0,CU,10,AWG
3520,KSA2020120917,S0108-020O-0013,2020120917,BN,1,0.5,0,CU,10,AWG
3521,KSA2020120918,S0108-020O-0013,2020120918,BN,1,0.5,0,CU,10,AWG
3522,KSA2020120919,S0092-0007-0013,2020120919,BN,1,0.5,0,CU,10,AWG
3523,KSA2020120921,S0092-0007-0012,2020120921,BN,1,0.5,0,CU,10,AWG
3524,KSA2020120922,S0092-0007-0012,2020120922,BN,1,0.5,0,CU,10,AWG
3525,KSA2020120923,S0092-0007-011A,2020120923,BN,1,0.5,0,CU,10,AWG
3526,KSA2020120924,S0092-0007-0012,2020120924,BN,1,0.5,0,CU,10,AWG
3527,KSA2020120925,S0092-0007-0012,2020120925,BN,1,0.5,0,CU,10,AWG
3528,KSA2020120926,S0092-0007-0012,2020120926,BN,1,0.5,0,CU,10,AWG
3529,KSA2020120927,S0108-0020-0002,2020120927,BN,1,0.5,0,CU,10,AWG
3530,KSA2020120928,S0108-0020-0001,2020120928,BN,1,0.5,0,CU,10,AWG
3531,KSA2020120929,S0092-0007-0012,2020120929,BN,1,0.5,0,CU,10,AWG
3532,KSA2020120930,S0108-020C-0007,2020120930,BN,1,0.5,0,CU,10,AWG
3533,KSA2020120931,S0092-0007-0012,2020120931,BN,1,0.5,0,CU,10,AWG
3534,KSA2020120932,S0092-0007-0012,2020120932,BN,1,0.5,0,CU,10,AWG
3535,KSA2020120933,S0092-0007-0012,2020120933,BN,1,0.5,0,CU,10,AWG
3536,KSA2020120935,S0092-0007-0012,2020120935,BN,1,0.5,0,CU,10,AWG
3537,KSA2020120936,S0092-0007-0013,2020120936,BN,1,0.5,0,CU,10,AWG
3538,KSA2020120937,S0092-0007-0012,2020120937,BN,1,0.5,0,CU,10,AWG
3539,KSA2020120938,S0092-0007-0012,2020120938,BN,1,0.5,0,CU,10,AWG
3540,KSA2020120939,S0092-0007-011A,2020120939,BN,1,0.5,0,CU,10,AWG
3541,KSA2020120940,S0108-0020-0002,2020120940,BN,1,0.5,0,CU,10,AWG
3542,KSA2020120943,S0092-0007-0013,2020120943,BN,1,0.5,0,CU,10,AWG
3543,KSA2020120944,S0092-0007-0012,2020120944,BN,1,0.5,0,CU,10,AWG
3544,KSA2020120945,S0108-0020-0001,2020120945,BN,1,0.5,0,CU,10,AWG
3545,KSA2020120946,S0092-0007-0012,2020120946,BN,1,0.5,0,CU,10,AWG
3546,KSA2020120948,S0092-0007-0013,2020120948,BN,1,0.5,0,CU,10,AWG
3547,KSA2020120949,S0092-0007-0013,2020120949,BN,1,0.5,0,CU,10,AWG
3548,KSA2020120951,S0092-0007-0012,2020120951,BN,1,0.5,0,CU,10,AWG
3549,KSA2020120952,S0092-0007-0012,2020120952,BN,1,0.5,0,CU,10,AWG
3550,KSA2020120953,S0108-0020-0001,2020120953,BN,1,0.5,0,CU,10,AWG
3551,KSA2020120954,S0092-0007-011A,2020120954,BN,1,0.5,0,CU,10,AWG
3552,KSA2020120955,S0108-0020-0006,2020120955,BN,1,0.5,0,CU,10,AWG
3553,KSA2020120956,S0108-0020-0001,2020120956,BN,1,0.5,0,CU,10,AWG
3554,KSA2020120957,S0092-0007-0012,2020120957,BN,1,0.5,0,CU,10,AWG
3555,KSA2020120960,S0108-0010-0013,2020120960,CN,1,0.5,0,CU,10,AWG
3556,KSA2020120970,S0108-0010-0013,2020120970,CN,1,0.5,0,CU,10,AWG
3557,KSA2020120975,S0108-0010-0013,2020120975,CN,1,0.5,0,CU,10,AWG
3558,KSA2020120980,S0092-0007-0012,2020120980,BN,1,0.5,0,CU,10,AWG
3559,KSA2020120981,S0092-0007-0012,2020120981,BN,1,0.5,0,CU,10,AWG
3560,KSA2020120982,S0092-0007-0012,2020120982,BN,1,0.5,0,CU,10,AWG
3561,KSA2020120985,S0092-0007-0012,2020120985,BN,1,0.5,0,CU,10,AWG
3562,KSA2020120990,S0108-0020-0001,2020120990,BN,1,0.5,0,CU,10,AWG
3563,KSA2020120995,S0108-0010-0013,2020120995,CN,1,0.5,0,CU,10,AWG
3564,KSA2020121000,S0092-0007-0013,2020121000,BN,1,0.5,0,CU,10,AWG
3565,KSA2020121001,S0092-0007-0013,2020121001,BN,1,0.5,0,CU,10,AWG
3566,KSA2020121002,S0092-0007-0013,2020121002,BN,1,0.5,0,CU,10,AWG
3567,KSA2020121003,S0092-0007-0013,2020121003,BN,1,0.5,0,CU,10,AWG
3568,KSA2020121004,S0092-0007-0013,2020121004,BN,1,0.5,0,CU,10,AWG
3569,KSA2020121005,S0092-0007-0013,2020121005,BN,1,0.5,0,CU,10,AWG
3570,KSA2020121010,S0108-0010-0012,2020121010,CN,1,0.5,0,CU,10,AWG
3571,KSA2020121015,S0108-020C-0003,2020121015,BN,1,0.5,0,CU,10,AWG
3572,KSA2020121020,S0108-0010-0012,2020121020,CN,1,0.5,0,CU,10,AWG
3573,KSA2020121025,S0092-0007-0012,2020121025,BN,1,0.5,0,CU,10,AWG
3574,KSA2020121030,S0092-0007-0013,2020121030,BN,1,0.5,0,CU,10,AWG
3575,KSA2020121035,S0108-0010-0012,2020121035,CN,1,0.5,0,CU,10,AWG
3576,KSA2020121045,S0108-020C-0003,2020121045,BN,1,0.5,0,CU,10,AWG
3577,KSA2020121050,S0108-0010-0012,2020121050,CN,1,0.5,0,CU,10,AWG
3578,KSA2020121055,S0108-020O-0015,2020121055,BN,1,0.5,0,CU,10,AWG
3579,KSA2020121060,S0108-0010-0012,2020121060,CN,1,0.5,0,CU,10,AWG
3580,KSA2020121062,S0108-0010-0012,2020121062,CN,1,0.5,0,CU,10,AWG
3581,KSA2020121063,S0108-0010-0012,2020121063,CN,1,0.5,0,CU,10,AWG
3582,KSA2020121064,S0108-0010-0012,2020121064,CN,1,0.5,0,CU,10,AWG
3583,KSA2020121065,S0108-020O-0019,2020121065,BN,1,0.5,0,CU,10,AWG
3584,KSA2020121068,S0108-0010-0012,2020121068,CN,1,0.5,0,CU,10,AWG
3585,KSA2020121069,S0108-0010-0012,2020121069,CN,1,0.5,0,CU,10,AWG
3586,KSA2020121070,S0108-0010-0012,2020121070,CN,1,0.5,0,CU,10,AWG
3587,KSA2020121075,S0092-0007-011B,2020121075,BN,1,0.5,0,CU,10,AWG
3588,KSA2020121080,S0108-0010-0011,2020121080,CN,1,0.5,0,CU,10,AWG
3589,KSA2020121081,S0108-0010-0011,2020121081,CN,1,0.5,0,CU,10,AWG
3590,KSA2020121082,S0108-0010-0011,2020121082,CN,1,0.5,0,CU,10,AWG
3591,KSA2020121083,S0108-0010-0011,2020121083,CN,1,0.5,0,CU,10,AWG
3592,KSA2020121085,S0108-020O-0019,2020121085,BN,1,0.5,0,CU,10,AWG
3593,KSA2020121090,S0108-0010-0011,2020121090,CN,1,0.5,0,CU,10,AWG
3594,KSA2020121091,S0108-0010-0011,2020121091,CN,1,0.5,0,CU,10,AWG
3595,KSA2020121095,S0108-020O-013a,2020121095,BN,1,0.5,0,CU,10,AWG
3596,KSA2020121100,S0108-0010-0011,2020121100,CN,1,0.5,0,CU,10,AWG
3597,KSA2020121105,S0108-020O-0018,2020121105,BN,1,0.5,0,CU,10,AWG
3598,KSA2020121110,S0108-0010-0011,2020121110,CN,1,0.5,0,CU,10,AWG
3599,KSA2020121115,S0108-020O-0015,2020121115,BN,1,0.5,0,CU,10,AWG
3600,KSA2020121120,S0108-0010-0011,2020121120,CN,1,0.5,0,CU,10,AWG
3601,KSA2020121125,S0108-0010-0011,2020121125,CN,1,0.5,0,CU,10,AWG
3602,KSA2020121130,S0092-0007-0012,2020121130,BN,1,0.5,0,CU,10,AWG
3603,KSA2020121140,S0108-0010-0011,2020121140,CN,1,0.5,0,CU,10,AWG
3604,KSA2020121150,S0108-020C-0007,2020121150,BN,1,0.5,0,CU,10,AWG
3605,KSA2020121155,S0092-0007-011A,2020121155,BN,1,0.5,0,CU,10,AWG
3606,KSA2020121157,S0092-0007-011A,2020121157,BN,1,0.5,0,CU,10,AWG
3607,KSA2020121160,S0092-0007-011A,2020121160,BN,1,0.5,0,CU,10,AWG
3608,KSA2020121161,S0092-0007-011A,2020121161,BN,1,0.5,0,CU,10,AWG
3609,KSA2020121166,S0092-0007-011B,2020121166,BN,1,0.5,0,CU,10,AWG
3610,KSA2020121167,S0092-0007-011B,2020121167,BN,1,0.5,0,CU,10,AWG
3611,KSA2020121170,S0092-0007-011B,2020121170,BN,1,0.5,0,CU,10,AWG
3612,KSA2020121175,S0092-0007-011B,2020121175,BN,1,0.5,0,CU,10,AWG
3613,KSA2020121178,S0092-0007-011B,2020121178,BN,1,0.5,0,CU,10,AWG
3614,KSA2020121180,S0092-0007-011B,2020121180,BN,1,0.5,0,CU,10,AWG
3615,KSA2020121185,S0108-020O-0003,2020121185,BN,1,0.5,0,CU,10,AWG
3616,KSA2020121190,S0108-020O-0019,2020121190,BN,1,0.5,0,CU,10,AWG
3617,KSA2020121195,S0108-020O-0020,2020121195,BN,1,0.5,0,CU,10,AWG
3618,KSA2020121200,S0092-0007-0012,2020121200,BN,1,0.5,0,CU,10,AWG
3619,KSA2020121205,S0108-020O-0002,2020121205,BN,1,0.5,0,CU,10,AWG
3620,KSA2020121210,S0092-0007-0012,2020121210,BN,1,0.5,0,CU,10,AWG
3621,KSA2020121215,S0108-0020-004b,2020121215,BN,1,0.5,0,CU,10,AWG
3622,KSA2020121220,S0108-020O-0017,2020121220,BN,1,0.5,0,CU,10,AWG
3623,KSA2020121225,S0108-020C-0007,2020121225,BN,1,0.5,0,CU,10,AWG
3624,KSA2020121230,S0108-020C-0007,2020121230,BN,1,0.5,0,CU,10,AWG
3625,KSA2020121235,S0108-020O-0019,2020121235,BN,1,0.5,0,CU,10,AWG
3626,KSA2020121240,S0108-020O-0019,2020121240,BN,1,0.5,0,CU,10,AWG
3627,KSA2020121245,S0108-020O-0019,2020121245,BN,1,0.5,0,CU,10,AWG
3628,KSA2020121255,S0108-012f-0005,2020121255,AN,1,0.5,0,CU,10,AWG
3629,KSA2020121260,S0108-020O-0015,2020121260,BN,1,0.5,0,CU,10,AWG
3630,KSA2020121265,S0108-020C-0005,2020121265,BN,1,0.5,0,CU,10,AWG
3631,KSA2020121270,S0108-020C-0006,2020121270,BN,1,0.5,0,CU,10,AWG
3632,KSA2020121275,S0108-020C-0006,2020121275,BN,1,0.5,0,CU,10,AWG
3633,KSA2020121280,S0108-020C-0004,2020121280,BN,1,0.5,0,CU,10,AWG
3634,KSA2020121285,S0108-012f-0008,2020121285,AN,1,0.5,0,CU,10,AWG
3635,KSA2020121290,S0108-020C-0006,2020121290,BN,1,0.5,0,CU,10,AWG
3636,KSA2020121295,S0108-020C-0006,2020121295,BN,1,0.5,0,CU,10,AWG
3637,KSA2020121300,S0108-020O-0020,2020121300,BN,1,0.5,0,CU,10,AWG
3638,KSA2020121305,S0092-0007-0012,2020121305,BN,1,0.5,0,CU,10,AWG
3639,KSA2020121315,S0108-012f-0010,2020121315,AN,1,0.5,0,CU,10,AWG
3640,KSA2020121320,S0108-0010-0011,2020121320,CN,1,0.5,0,CU,10,AWG
3641,KSA2020121325,S0108-020O-0019,2020121325,BN,1,0.5,0,CU,10,AWG
3642,KSA2020121330,S0108-020O-0019,2020121330,BN,1,0.5,0,CU,10,AWG
3643,KSA2020121335,S0108-0020-0007,2020121335,BN,1,0.5,0,CU,10,AWG
3644,KSA2020121340,S0108-012f-0010,2020121340,AN,1,0.5,0,CU,10,AWG
3645,KSA2020121345,S0092-0007-0012,2020121345,BN,1,0.5,0,CU,10,AWG
3646,KSA2020121350,S0108-020C-0003,2020121350,BN,1,0.5,0,CU,10,AWG
3647,KSA2020121355,S0108-020C-0006,2020121355,BN,1,0.5,0,CU,10,AWG
3648,KSA2020121360,S0108-020C-0007,2020121360,BN,1,0.5,0,CU,10,AWG
3649,KSA2020121365,S0108-020C-0006,2020121365,BN,1,0.5,0,CU,10,AWG
3650,KSA2020121370,S0108-020O-0014,2020121370,BN,1,0.5,0,CU,10,AWG
3651,KSA2020121375,S0108-020O-0015,2020121375,BN,1,0.5,0,CU,10,AWG
3652,KSA2020121385,S0108-020C-0007,2020121385,BN,1,0.5,0,CU,10,AWG
3653,KSA2020121390,S0108-020O-0014,2020121390,BN,1,0.5,0,CU,10,AWG
3654,KSA2020121395,S0108-020O-0014,2020121395,BN,1,0.5,0,CU,10,AWG
3655,KSA2020121400,S0092-0007-0012,2020121400,BN,1,0.5,0,CU,10,AWG
3656,KSA2020121405,S0108-020O-0017,2020121405,BN,1,0.5,0,CU,10,AWG
3657,KSA2020121410,S0108-0020-0007,2020121410,BN,1,0.5,0,CU,10,AWG
3658,KSA2020121415,S0108-0020-0005,2020121415,BN,1,0.5,0,CU,10,AWG
3659,KSA2020121420,S0108-0020-0002,2020121420,BN,1,0.5,0,CU,10,AWG
3660,KSA2020121425,S0108-020O-0002,2020121425,BN,1,0.5,0,CU,10,AWG
3661,KSA2020121430,S0108-020C-0005,2020121430,BN,1,0.5,0,CU,10,AWG
3662,KSA2020121435,S0108-020O-0020,2020121435,BN,1,0.5,0,CU,10,AWG
3663,KSA2020121440,S0108-0010-0011,2020121440,CN,1,0.5,0,CU,10,AWG
3664,KSA2020121450,S0108-020O-0019,2020121450,BN,1,0.5,0,CU,10,AWG
3665,KSA2020121455,S0108-020O-0018,2020121455,BN,1,0.5,0,CU,10,AWG
3666,KSA2020121460,S0108-020O-0015,2020121460,BN,1,0.5,0,CU,10,AWG
3667,KSA2020121465,S0108-020O-0019,2020121465,BN,1,0.5,0,CU,10,AWG
3668,KSA2020121470,S0108-020O-0015,2020121470,BN,1,0.5,0,CU,10,AWG
3669,KSA2020121475,S0108-020O-0019,2020121475,BN,1,0.5,0,CU,10,AWG
3670,KSA2020121480,S0108-020O-013a,2020121480,BN,1,0.5,0,CU,10,AWG
3671,KSA2020121485,S0108-020C-0003,2020121485,BN,1,0.5,0,CU,10,AWG
3672,KSA2020121490,S0108-020O-0005,2020121490,BN,1,0.5,0,CU,10,AWG
3673,KSA2020121500,S0108-0010-0011,2020121500,CN,1,0.5,0,CU,10,AWG
3674,KSA2020121505,S0108-012f-0010,2020121505,AN,1,0.5,0,CU,10,AWG
3675,KSA2020121510,S0108-020O-0020,2020121510,BN,1,0.5,0,CU,10,AWG
3676,KSA2020121515,S0108-0020-0007,2020121515,BN,1,0.5,0,CU,10,AWG
3677,KSA2020121520,S0108-020C-0003,2020121520,BN,1,0.5,0,CU,10,AWG
3678,KSA2020121525,S0108-0020-0002,2020121525,BN,1,0.5,0,CU,10,AWG
3679,KSA2020121530,S0108-0020-0004,2020121530,BN,1,0.5,0,CU,10,AWG
3680,KSA2020121535,S0108-0020-0004,2020121535,BN,1,0.5,0,CU,10,AWG
3681,KSA2020121540,S0108-020O-0014,2020121540,BN,1,0.5,0,CU,10,AWG
3682,KSA2020121545,S0108-0020-0007,2020121545,BN,1,0.5,0,CU,10,AWG
3683,KSA2020121550,S0108-020C-0005,2020121550,BN,1,0.5,0,CU,10,AWG
3684,KSA2020121555,S0108-020O-0003,2020121555,BN,1,0.5,0,CU,10,AWG
3685,KSA2020121560,S0108-020O-0015,2020121560,BN,1,0.5,0,CU,10,AWG
3686,KSA2020121565,S0108-020O-0015,2020121565,BN,1,0.5,0,CU,10,AWG
3687,KSA2020121570,S0108-020O-0017,2020121570,BN,1,0.5,0,CU,10,AWG
3688,KSA2020121575,S0108-020O-0018,2020121575,BN,1,0.5,0,CU,10,AWG
3689,KSA2020121580,S0108-020O-0019,2020121580,BN,1,0.5,0,CU,10,AWG
3690,KSA2020121585,S0108-020O-0019,2020121585,BN,1,0.5,0,CU,10,AWG
3691,KSA2020121590,S0108-020O-0017,2020121590,BN,1,0.5,0,CU,10,AWG
3692,KSA2020121595,S0108-020O-0017,2020121595,BN,1,0.5,0,CU,10,AWG
3693,KSA2020121601,S0108-0020-0003,2020121601,BN,1,0.5,0,CU,10,AWG
3694,KSA2020121603,S0108-020O-0019,2020121603,BN,1,0.5,0,CU,10,AWG
3695,KSA2020121604,S0108-020O-0019,2020121604,BN,1,0.5,0,CU,10,AWG
3696,KSA2020121605,S0108-0020-0006,2020121605,BN,1,0.5,0,CU,10,AWG
3697,KSA2020121607,S0108-0020-0007,2020121607,BN,1,0.5,0,CU,10,AWG
3698,KSA2020121608,S0108-020O-0005,2020121608,BN,1,0.5,0,CU,10,AWG
3699,KSA2020121609,S0092-0007-0012,2020121609,BN,1,0.5,0,CU,10,AWG
3700,KSA2020121610,S0092-0007-0012,2020121610,BN,1,0.5,0,CU,10,AWG
3701,KSA2020121611,S0108-0010-0011,2020121611,CN,1,0.5,0,CU,10,AWG
3702,KSA2020121612,S0108-0020-004c,2020121612,BN,1,0.5,0,CU,10,AWG
3703,KSA2020121613,S0108-020C-0004,2020121613,BN,1,0.5,0,CU,10,AWG
3704,KSA2020121615,S0092-0007-0012,2020121615,BN,1,0.5,0,CU,10,AWG
3705,KSA2020121616,S0108-020C-0005,2020121616,BN,1,0.5,0,CU,10,AWG
3706,KSA2020121617,S0108-0020-004b,2020121617,BN,1,0.5,0,CU,10,AWG
3707,KSA2020121618,S0108-020O-0013,2020121618,BN,1,0.5,0,CU,10,AWG
3708,KSA2020121619,S0108-020O-0015,2020121619,BN,1,0.5,0,CU,10,AWG
3709,KSA2020121620,S0108-020C-0005,2020121620,BN,1,0.5,0,CU,10,AWG
3710,KSA2020121621,S0108-0020-0007,2020121621,BN,1,0.5,0,CU,10,AWG
3711,KSA2020121622,S0108-020C-0007,2020121622,BN,1,0.5,0,CU,10,AWG
3712,KSA2020121623,S0108-0020-0007,2020121623,BN,1,0.5,0,CU,10,AWG
3713,KSA2020121625,S0108-0020-0005,2020121625,BN,1,0.5,0,CU,10,AWG
3714,KSA2020121626,S0108-0020-0001,2020121626,BN,1,0.5,0,CU,10,AWG
3715,KSA2020121629,S0092-0007-011A,2020121629,BN,1,0.5,0,CU,10,AWG
3716,KSA2020121630,S0108-020O-0009,2020121630,BN,1,0.5,0,CU,10,AWG
3717,KSA2020121631,S0108-012f-0007,2020121631,AN,1,0.5,0,CU,10,AWG
3718,KSA2020121632,S0108-020C-0003,2020121632,BN,1,0.5,0,CU,10,AWG
3719,KSA2020121633,S0108-020O-0010,2020121633,BN,1,0.5,0,CU,10,AWG
3720,KSA2020121634,S0092-0007-0013,2020121634,BN,1,0.5,0,CU,10,AWG
3721,KSA2020121635,S0108-020O-0011,2020121635,BN,1,0.5,0,CU,10,AWG
3722,KSA2020121636,S0092-0007-0012,2020121636,BN,1,0.5,0,CU,10,AWG
3723,KSA2020121637,S0092-0007-0012,2020121637,BN,1,0.5,0,CU,10,AWG
3724,KSA2020121638,S0108-0020-0005,2020121638,BN,1,0.5,0,CU,10,AWG
3725,KSA2020121639,S0092-0007-011A,2020121639,BN,1,0.5,0,CU,10,AWG
3726,KSA2020121640,S0092-0007-011A,2020121640,BN,1,0.5,0,CU,10,AWG
3727,KSA2020121641,S0092-0007-011B,2020121641,BN,1,0.5,0,CU,10,AWG
3728,KSA2020121642,S0092-0007-011B,2020121642,BN,1,0.5,0,CU,10,AWG
3729,KSA2020121643,S0092-0007-011B,2020121643,BN,1,0.5,0,CU,10,AWG
3730,KSA2020121644,S0092-0007-0012,2020121644,BN,1,0.5,0,CU,10,AWG
3731,KSA2020121645,S0108-020C-0006,2020121645,BN,1,0.5,0,CU,10,AWG
3732,KSA2020121646,S0108-020O-0010,2020121646,BN,1,0.5,0,CU,10,AWG
3733,KSA2020121647,S0108-012f-0009,2020121647,AN,1,0.5,0,CU,10,AWG
3734,KSA2020121648,S0108-020C-0005,2020121648,BN,1,0.5,0,CU,10,AWG
3735,KSA2020121649,S0108-020C-0005,2020121649,BN,1,0.5,0,CU,10,AWG
3736,KSA2020121650,S0108-012f-0009,2020121650,AN,1,0.5,0,CU,10,AWG
3737,KSA2020121652,S0108-012f-0009,2020121652,AN,1,0.5,0,CU,10,AWG
3738,KSA2020121653,S0108-012f-0010,2020121653,AN,1,0.5,0,CU,10,AWG
3739,KSA2020121654,S0108-0020-0005,2020121654,BN,1,0.5,0,CU,10,AWG
3740,KSA2020121655,S0108-020C-0002,2020121655,BN,1,0.5,0,CU,10,AWG
3741,KSA2020121656,S0108-020O-0009,2020121656,BN,1,0.5,0,CU,10,AWG
3742,KSA2020121657,S0108-0020-0003,2020121657,BN,1,0.5,0,CU,10,AWG
3743,KSA2020121658,S0108-020C-0007,2020121658,BN,1,0.5,0,CU,10,AWG
3744,KSA2020121660,S0108-020C-0003,2020121660,BN,1,0.5,0,CU,10,AWG
3745,KSA2020121661,S0092-0007-0013,2020121661,BN,1,0.5,0,CU,10,AWG
3746,KSA2020121662,S0108-020C-0005,2020121662,BN,1,0.5,0,CU,10,AWG
3747,KSA2020121663,S0108-012f-0009,2020121663,AN,1,0.5,0,CU,10,AWG
3748,KSA2020121664,S0108-012f-0010,2020121664,AN,1,0.5,0,CU,10,AWG
3749,KSA2020121665,S0108-012f-0009,2020121665,AN,1,0.5,0,CU,10,AWG
3750,KSA2020121666,S0108-012f-0009,2020121666,AN,1,0.5,0,CU,10,AWG
3751,KSA2020121667,S0108-020C-0005,2020121667,BN,1,0.5,0,CU,10,AWG
3752,KSA2020121668,S0108-020C-0006,2020121668,BN,1,0.5,0,CU,10,AWG
3753,KSA2020121669,S0108-012f-0008,2020121669,AN,1,0.5,0,CU,10,AWG
3754,KSA2020121670,S0108-0020-0007,2020121670,BN,1,0.5,0,CU,10,AWG
3755,KSA2020121671,S0108-0020-0001,2020121671,BN,1,0.5,0,CU,10,AWG
3756,KSA2020121672,S0108-012f-0009,2020121672,AN,1,0.5,0,CU,10,AWG
3757,KSA2020121673,S0108-020C-0004,2020121673,BN,1,0.5,0,CU,10,AWG
3758,KSA2020121675,S0092-0007-0012,2020121675,BN,1,0.5,0,CU,10,AWG
3759,KSA2020121676,S0108-020C-0005,2020121676,BN,1,0.5,0,CU,10,AWG
3760,KSA2020121677,S0108-0020-0005,2020121677,BN,1,0.5,0,CU,10,AWG
3761,KSA2020121679,S0108-0020-004c,2020121679,BN,1,0.5,0,CU,10,AWG
3762,KSA2020121680,S0108-0020-0005,2020121680,BN,1,0.5,0,CU,10,AWG
3763,KSA2020121681,S0108-0020-0004,2020121681,BN,1,0.5,0,CU,10,AWG
3764,KSA2020121682,S0108-020C-0006,2020121682,BN,1,0.5,0,CU,10,AWG
3765,KSA2020121683,S0092-0007-0012,2020121683,BN,1,0.5,0,CU,10,AWG
3766,KSA2020121684,S0092-0007-0012,2020121684,BN,1,0.5,0,CU,10,AWG
3767,KSA2020121685,S0092-0007-0012,2020121685,BN,1,0.5,0,CU,10,AWG
3768,KSA2020121686,S0108-020C-0004,2020121686,BN,1,0.5,0,CU,10,AWG
3769,KSA2020121687,S0108-020C-0004,2020121687,BN,1,0.5,0,CU,10,AWG
3770,KSA2020121688,S0092-0007-0012,2020121688,BN,1,0.5,0,CU,10,AWG
3771,KSA2020121689,S0092-0007-0012,2020121689,BN,1,0.5,0,CU,10,AWG
3772,KSA2020121690,S0108-020C-0005,2020121690,BN,1,0.5,0,CU,10,AWG
3773,KSA2020121691,S0108-020C-0005,2020121691,BN,1,0.5,0,CU,10,AWG
3774,KSA2020121692,S0108-020C-0005,2020121692,BN,1,0.5,0,CU,10,AWG
3775,KSA2020121693,S0108-020C-0005,2020121693,BN,1,0.5,0,CU,10,AWG
3776,KSA2020121694,S0108-020C-0004,2020121694,BN,1,0.5,0,CU,10,AWG
3777,KSA2020121695,S0108-020C-0006,2020121695,BN,1,0.5,0,CU,10,AWG
3778,KSA2020121696,S0108-020C-0006,2020121696,BN,1,0.5,0,CU,10,AWG
3779,KSA2020121697,S0108-020C-0006,2020121697,BN,1,0.5,0,CU,10,AWG
3780,KSA2020121698,S0108-020C-0006,2020121698,BN,1,0.5,0,CU,10,AWG
3781,KSA2020121699,S0108-020C-0006,2020121699,BN,1,0.5,0,CU,10,AWG
3782,KSA2020121700,S0108-020C-0006,2020121700,BN,1,0.5,0,CU,10,AWG
3783,KSA2020121701,S0108-020C-0004,2020121701,BN,1,0.5,0,CU,10,AWG
3784,KSA2020121702,S0108-020C-0007,2020121702,BN,1,0.5,0,CU,10,AWG
3785,KSA2020121703,S0108-020C-0007,2020121703,BN,1,0.5,0,CU,10,AWG
3786,KSA2020121704,S0108-020C-0007,2020121704,BN,1,0.5,0,CU,10,AWG
3787,KSA2020121705,S0108-020C-0007,2020121705,BN,1,0.5,0,CU,10,AWG
3788,KSA2020121706,S0108-020C-0005,2020121706,BN,1,0.5,0,CU,10,AWG
3789,KSA2020121707,S0108-020C-0005,2020121707,BN,1,0.5,0,CU,10,AWG
3790,KSA2020121708,S0108-020C-0005,2020121708,BN,1,0.5,0,CU,10,AWG
3791,KSA2020121709,S0108-020C-0004,2020121709,BN,1,0.5,0,CU,10,AWG
3792,KSA2020121710,S0108-020C-0004,2020121710,BN,1,0.5,0,CU,10,AWG
3793,KSA2020121711,S0108-020C-0004,2020121711,BN,1,0.5,0,CU,10,AWG
3794,KSA2020121713,S0108-020C-0006,2020121713,BN,1,0.5,0,CU,10,AWG
3795,KSA2020121714,S0108-020C-0006,2020121714,BN,1,0.5,0,CU,10,AWG
3796,KSA2020121715,S0108-020C-0006,2020121715,BN,1,0.5,0,CU,10,AWG
3797,KSA2020121716,S0108-020C-0006,2020121716,BN,1,0.5,0,CU,10,AWG
3798,KSA2020121717,S0108-020C-0003,2020121717,BN,1,0.5,0,CU,10,AWG
3799,KSA2020121719,S0108-020C-0004,2020121719,BN,1,1.0,0,ACSR,2,AWG
3800,KSA2020121720,S0108-012f-0010,2020121720,AN,1,1.0,0,ACSR,2,AWG
3801,KSA2020121721,S0108-020C-0004,2020121721,BN,1,1.0,0,ACSR,2,AWG
3802,KSA2020121723,S0108-020C-0006,2020121723,BN,1,1.0,0,ACSR,2,AWG
3803,KSA2020121726,S0108-020C-0004,2020121726,BN,1,1.0,0,ACSR,2,AWG
3804,KSA2020121727,S0108-020C-0004,2020121727,BN,1,1.0,0,ACSR,2,AWG
3805,KSA2020121728,S0108-020C-0004,2020121728,BN,1,1.0,0,ACSR,2,AWG
3806,KSA2020121729,S0108-0020-0001,2020121729,BN,1,1.0,0,ACSR,2,AWG
3807,KSA2020121730,S0108-020C-0005,2020121730,BN,1,1.0,0,ACSR,2,AWG
3808,KSA2020121731,S0108-012f-0008,2020121731,AN,1,1.0,0,ACSR,2,AWG
3809,KSA2020121732,S0108-020C-0005,2020121732,BN,1,0.5,0,CU,10,AWG
3810,KSA2020121733,S0108-0020-0001,2020121733,BN,1,75.0,0,ACSR,2,AWG
3811,KSA2020121734,S0108-020C-0007,2020121734,BN,1,75.0,0,ACSR,2,AWG
3812,KSA2020121735,S0108-020C-0007,2020121735,BN,1,75.0,0,ACSR,2,AWG
3813,KSA2020121736,S0108-020C-0005,2020121736,BN,1,75.0,0,ACSR,2,AWG
3814,KSA2020121738,S0108-020C-0005,2020121738,BN,1,75.0,0,ACSR,2,AWG
3815,KSA2020130001,S0134-0002-003D,2020130001,AN,1,0.5,0,CU,10,AWG
3816,KSA2020130004,S0134-0002-003D,2020130004,AN,1,0.5,0,CU,10,AWG
3817,KSA2020130005,S000125-0000006,2020130005,CN,1,0.5,0,CU,10,AWG
3818,KSA2020130006,S000125-0000007,2020130006,CN,1,0.5,0,CU,10,AWG
3819,KSA2020130009,S0134-0002-003E,2020130009,AN,1,0.5,0,CU,10,AWG
3820,KSA2020130010,S000125-0000006,2020130010,CN,1,0.5,0,CU,10,AWG
3821,KSA2020130012,S0134-0002-003D,2020130012,AN,1,0.5,0,CU,10,AWG
3822,KSA2020130013,S0134-0002-003E,2020130013,AN,1,0.5,0,CU,10,AWG
3823,KSA2020130014,S0134-0002-003E,2020130014,AN,1,0.5,0,CU,10,AWG
3824,KSA2020130015,S0134-0002-003E,2020130015,AN,1,0.5,0,CU,10,AWG
3825,KSA2020130016,S0134-0002-003E,2020130016,AN,1,0.5,0,CU,10,AWG
3826,KSA2020130017,S0134-0002-003E,2020130017,AN,1,0.5,0,CU,10,AWG
3827,KSA2020130018,S0134-0002-003E,2020130018,AN,1,0.5,0,CU,10,AWG
3828,KSA2020130019,S0134-0002-003D,2020130019,AN,1,0.5,0,CU,10,AWG
3829,KSA2020130695,S0134-0002-003E,2020130695,AN,1,0.5,0,CU,10,AWG
3830,KSA2020130885,S0134-0002-003E,2020130885,AN,1,0.5,0,CU,10,AWG
3831,KSA2020131035,S0134-0002-003E,2020131035,AN,1,0.5,0,CU,10,AWG
3832,KSA2020131375,S0134-0002-003E,2020131375,AN,1,0.5,0,CU,10,AWG
3833,KSA2020131450,S0134-0002-003E,2020131450,AN,1,0.5,0,CU,10,AWG
3834,KSA2020131465,S0134-0002-003E,2020131465,AN,1,0.5,0,CU,10,AWG
3835,KSA2020131470,S0134-0002-003E,2020131470,AN,1,0.5,0,CU,10,AWG
3836,KSA2020131485,S0134-0002-003E,2020131485,AN,1,0.5,0,CU,10,AWG
3837,KSA2020131500,S0134-0002-003E,2020131500,AN,1,0.5,0,CU,10,AWG
3838,KSA2020131505,S0134-0002-003E,2020131505,AN,1,0.5,0,CU,10,AWG
3839,KSA2020131547,S0134-0002-003E,2020131547,AN,1,0.5,0,CU,10,AWG
3840,KSA2020140005,S000090-0000012,2020140005,BN,1,0.5,0,CU,10,AWG
3841,KSA2020140010,S000090-0000011,2020140010,BN,1,0.5,0,CU,10,AWG
3842,KSA2020140020,S000094-0000001,2020140020,AN,1,6.0,0,AL,2,AWG
3843,KSA2020140030,S000090-0000012,2020140030,BN,1,0.5,0,CU,10,AWG
3844,KSA2020140040,S000090-0000012,2020140040,BN,1,0.5,0,CU,10,AWG
3845,KSA2020140044,S0092-0007-011B,2020140044,BN,1,0.5,0,CU,10,AWG
3846,KSA2020140045,S000090-0000011,2020140045,BN,1,0.5,0,CU,10,AWG
3847,KSA2020140047,S000090-0000011,2020140047,BN,1,0.5,0,CU,10,AWG
3848,KSA2020140070,S0092-0007-0004,2020140070,BN,1,0.5,0,CU,10,AWG
3849,KSA2020140080,S0092-0007-0004,2020140080,BN,1,0.5,0,CU,10,AWG
3850,KSA2020140090,S000090-0000011,2020140090,BN,1,0.5,0,CU,10,AWG
3851,KSA2020140100,S000090-0000011,2020140100,BN,1,0.5,0,CU,10,AWG
3852,KSA2020140105,S000045-0000006,2020140105,AN,1,0.5,0,CU,10,AWG
3853,KSA2020140110,S000090-0000010,2020140110,BN,1,0.5,0,CU,10,AWG
3854,KSA2020140115,S000090-0000009,2020140115,BN,1,0.5,0,CU,10,AWG
3855,KSA2020140120,S000090-0000011,2020140120,BN,1,0.5,0,CU,10,AWG
3856,KSA2020140135,S0092-0007-011B,2020140135,BN,1,0.5,0,CU,10,AWG
3857,KSA2020140140,S000090-0000010,2020140140,BN,1,0.5,0,CU,10,AWG
3858,KSA2020140145,S0092-0007-0002,2020140145,BN,1,0.5,0,CU,10,AWG
3859,KSA2020140150,S000090-0000010,2020140150,BN,1,0.5,0,CU,10,AWG
3860,KSA2020140153,S0092-0007-0006,2020140153,BN,1,0.5,0,CU,10,AWG
3861,KSA2020140155,S000091-0000001,2020140155,CN,1,6.0,0,AL,2,AWG
3862,KSA2020140157,S000090-0000009,2020140157,BN,1,0.5,0,CU,10,AWG
3863,KSA2020140161,S0092-0007-0007,2020140161,BN,1,0.5,0,CU,10,AWG
3864,KSA2020140163,S0092-0007-0007,2020140163,BN,1,0.5,0,CU,10,AWG
3865,KSA2020140164,S000090-0000008,2020140164,BN,1,0.5,0,CU,10,AWG
3866,KSA2020140165,S0092-0007-0008,2020140165,BN,1,0.5,0,CU,10,AWG
3867,KSA2020140166,S0092-0007-0010,2020140166,BN,1,0.5,0,CU,10,AWG
3868,KSA2020140167,S0092-0007-0008,2020140167,BN,1,0.5,0,CU,10,AWG
3869,KSA2020140168,S0092-0007-0007,2020140168,BN,1,0.5,0,CU,10,AWG
3870,KSA2020140169,S0092-0007-0008,2020140169,BN,1,0.5,0,CU,10,AWG
3871,KSA2020140170,S0092-0007-0005,2020140170,BN,1,0.5,0,CU,10,AWG
3872,KSA2020140171,S0092-0007-0006,2020140171,BN,1,0.5,0,CU,10,AWG
3873,KSA2020140172,S0092-0007-0004,2020140172,BN,1,0.5,0,CU,10,AWG
3874,KSA2020140173,S0092-0007-0007,2020140173,BN,1,0.5,0,CU,10,AWG
3875,KSA2020140174,S0092-0007-0005,2020140174,BN,1,0.5,0,CU,10,AWG
3876,KSA2020140175,S0092-0007-011A,2020140175,BN,1,0.5,0,CU,10,AWG
3877,KSA2020140177,S0092-0007-0009,2020140177,BN,1,0.5,0,CU,10,AWG
3878,KSA2020140178,S0092-0007-011B,2020140178,BN,1,0.5,0,CU,10,AWG
3879,KSA2020140180,S0092-0007-0003,2020140180,BN,1,0.5,0,CU,10,AWG
3880,KSA2020140181,S0092-0007-0006,2020140181,BN,1,0.5,0,CU,10,AWG
3881,KSA2020140183,S0092-0007-0006,2020140183,BN,1,0.5,0,CU,10,AWG
3882,KSA2020140184,S0092-0007-011B,2020140184,BN,1,0.5,0,CU,10,AWG
3883,KSA2020140185,S0092-0007-011B,2020140185,BN,1,0.5,0,CU,10,AWG
3884,KSA2020140186,S0092-0007-011B,2020140186,BN,1,0.5,0,CU,10,AWG
3885,KSA2020140187,S0092-0007-011B,2020140187,BN,1,0.5,0,CU,10,AWG
3886,KSA2020140188,S0092-0007-0006,2020140188,BN,1,0.5,0,CU,10,AWG
3887,KSA2020140189,S0092-0007-0006,2020140189,BN,1,0.5,0,CU,10,AWG
3888,KSA2020140190,S0092-0007-0002,2020140190,BN,1,0.5,0,CU,10,AWG
3889,KSA2020140191,S0092-0007-0007,2020140191,BN,1,0.5,0,CU,10,AWG
3890,KSA2020140192,S0092-0007-0003,2020140192,BN,1,0.5,0,CU,10,AWG
3891,KSA2020140193,S0092-0007-0003,2020140193,BN,1,0.5,0,CU,10,AWG
3892,KSA2020140194,S0092-0007-0006,2020140194,BN,1,0.5,0,CU,10,AWG
3893,KSA2020140195,S0092-0007-0007,2020140195,BN,1,0.5,0,CU,10,AWG
3894,KSA2020140196,S0092-0007-0006,2020140196,BN,1,0.5,0,CU,10,AWG
3895,KSA2020140199,S0092-0007-011A,2020140199,BN,1,0.5,0,CU,10,AWG
3896,KSA2020140200,S000090-0000010,2020140200,BN,1,0.5,0,CU,10,AWG
3897,KSA2020140201,S0092-0007-0006,2020140201,BN,1,0.5,0,CU,10,AWG
3898,KSA2020140202,S0092-0007-0008,2020140202,BN,1,0.5,0,CU,10,AWG
3899,KSA2020140203,S0092-0007-0007,2020140203,BN,1,0.5,0,CU,10,AWG
3900,KSA2020140210,S000090-0000009,2020140210,BN,1,0.5,0,CU,10,AWG
3901,KSA2020140220,S000090-0000009,2020140220,BN,1,0.5,0,CU,10,AWG
3902,KSA2020140225,S0092-0007-0006,2020140225,BN,1,0.5,0,CU,10,AWG
3903,KSA2020140230,S000090-0000009,2020140230,BN,1,0.5,0,CU,10,AWG
3904,KSA2020140235,S0092-0007-0003,2020140235,BN,1,0.5,0,CU,10,AWG
3905,KSA2020140240,S000090-0000008,2020140240,BN,1,0.5,0,CU,10,AWG
3906,KSA2020140245,S000054-0000007,2020140245,AN,1,0.5,0,CU,10,AWG
3907,KSA2020140250,S000090-0000009,2020140250,BN,1,0.5,0,CU,10,AWG
3908,KSA2020140255,S0092-0007-0008,2020140255,BN,1,0.5,0,CU,10,AWG
3909,KSA2020140270,S000090-0000008,2020140270,BN,1,0.5,0,CU,10,AWG
3910,KSA2020140275,S000065-0000004,2020140275,AN,1,0.5,0,CU,10,AWG
3911,KSA2020140283,S000090-0000008,2020140283,BN,1,0.5,0,CU,10,AWG
3912,KSA2020140285,S000090-0000008,2020140285,BN,1,0.5,0,CU,10,AWG
3913,KSA2020140286,S000090-0000009,2020140286,BN,1,0.5,0,CU,10,AWG
3914,KSA2020140287,S000090-0000008,2020140287,BN,1,0.5,0,CU,10,AWG
3915,KSA2020140288,S000090-0000008,2020140288,BN,1,0.5,0,CU,10,AWG
3916,KSA2020140290,S000090-0000008,2020140290,BN,1,0.5,0,CU,10,AWG
3917,KSA2020140292,S000090-0000008,2020140292,BN,1,0.5,0,CU,10,AWG
3918,KSA2020140294,S000090-0000008,2020140294,BN,1,0.5,0,CU,10,AWG
3919,KSA2020140296,S000090-0000008,2020140296,BN,1,0.5,0,CU,10,AWG
3920,KSA2020140298,S000090-0000011,2020140298,BN,1,0.5,0,CU,10,AWG
3921,KSA2020140300,S000090-0000008,2020140300,BN,1,0.5,0,CU,10,AWG
3922,KSA2020140305,S000090-0000007,2020140305,BN,1,0.5,0,CU,10,AWG
3923,KSA2020140309,S000090-0000006,2020140309,BN,1,0.5,0,CU,10,AWG
3924,KSA2020140310,S000090-0000008,2020140310,BN,1,0.5,0,CU,10,AWG
3925,KSA2020140311,S000090-0000006,2020140311,BN,1,0.5,0,CU,10,AWG
3926,KSA2020140312,S000090-0000006,2020140312,BN,1,0.5,0,CU,10,AWG
3927,KSA2020140313,S000090-0000005,2020140313,BN,1,0.5,0,CU,10,AWG
3928,KSA2020140314,S000090-0000007,2020140314,BN,1,0.5,0,CU,10,AWG
3929,KSA2020140316,S000090-0000005,2020140316,BN,1,0.5,0,CU,10,AWG
3930,KSA2020140317,S000090-0000005,2020140317,BN,1,0.5,0,CU,10,AWG
3931,KSA2020140320,S000090-0000005,2020140320,BN,1,0.5,0,CU,10,AWG
3932,KSA2020140325,S000090-0000005,2020140325,BN,1,0.5,0,CU,10,AWG
3933,KSA2020140330,S000090-0000006,2020140330,BN,1,0.5,0,CU,10,AWG
3934,KSA2020140335,S000090-0000006,2020140335,BN,1,0.5,0,CU,10,AWG
3935,KSA2020140345,S000073-0000007,2020140345,BN,1,0.5,0,CU,10,AWG
3936,KSA2020140350,S000090-0000005,2020140350,BN,1,0.5,0,CU,10,AWG
3937,KSA2020140355,S000090-0000010,2020140355,BN,1,0.5,0,CU,10,AWG
3938,KSA2020140375,S000090-0000005,2020140375,BN,1,0.5,0,CU,10,AWG
3939,KSA2020140380,S000090-0000005,2020140380,BN,1,0.5,0,CU,10,AWG
3940,KSA2020140385,S000054-0000001,2020140385,AN,1,0.5,0,CU,10,AWG
3941,KSA2020140390,S000090-0000005,2020140390,BN,1,0.5,0,CU,10,AWG
3942,KSA2020140395,S000090-0000002,2020140395,BN,1,0.5,0,CU,10,AWG
3943,KSA2020140400,S000090-0000002,2020140400,BN,1,0.5,0,CU,10,AWG
3944,KSA2020140420,S000090-0000002,2020140420,BN,1,0.5,0,CU,10,AWG
3945,KSA2020140422,S000090-000001b,2020140422,BN,1,101.0,0,ACSR,2,AWG
3946,KSA2020140423,S000090-000001b,2020140423,BN,1,0.5,0,CU,10,AWG
3947,KSA2020140424,S000090-0000002,2020140424,BN,1,0.5,0,CU,10,AWG
3948,KSA2020140426,S000090-0000002,2020140426,BN,1,0.5,0,CU,10,AWG
3949,KSA2020140428,S000090-0000002,2020140428,BN,1,0.5,0,CU,10,AWG
3950,KSA2020140429,S000090-000001b,2020140429,BN,1,0.5,0,CU,10,AWG
3951,KSA2020140435,S000090-0000006,2020140435,BN,1,0.5,0,CU,10,AWG
3952,KSA2020140440,S000073-0000010,2020140440,BN,1,0.5,0,CU,10,AWG
3953,KSA2020140445,S000073-0000010,2020140445,BN,1,0.5,0,CU,10,AWG
3954,KSA2020140450,S000073-0000009,2020140450,BN,1,0.5,0,CU,10,AWG
3955,KSA2020140451,S000073-0000009,2020140451,BN,1,0.5,0,CU,10,AWG
3956,KSA2020140452,S000073-0000009,2020140452,BN,1,0.5,0,CU,10,AWG
3957,KSA2020140455,S000065-0000004,2020140455,AN,1,0.5,0,CU,10,AWG
3958,KSA2020140460,S000073-0000009,2020140460,BN,1,0.5,0,CU,10,AWG
3959,KSA2020140464,S000073-0000010,2020140464,BN,1,0.5,0,CU,10,AWG
3960,KSA2020140465,S000073-0000009,2020140465,BN,1,0.5,0,CU,10,AWG
3961,KSA2020140466,S000073-0000009,2020140466,BN,1,0.5,0,CU,10,AWG
3962,KSA2020140467,S000073-0000009,2020140467,BN,1,0.5,0,CU,10,AWG
3963,KSA2020140475,S000090-0000008,2020140475,BN,1,0.5,0,CU,10,AWG
3964,KSA2020140480,S000073-0000009,2020140480,BN,1,0.5,0,CU,10,AWG
3965,KSA2020140490,S000073-0000009,2020140490,BN,1,0.5,0,CU,10,AWG
3966,KSA2020140492,S000073-0000009,2020140492,BN,1,0.5,0,CU,10,AWG
3967,KSA2020140494,S000073-0000010,2020140494,BN,1,0.5,0,CU,10,AWG
3968,KSA2020140500,S000073-0000009,2020140500,BN,1,0.5,0,CU,10,AWG
3969,KSA2020140510,S000073-0000009,2020140510,BN,1,0.5,0,CU,10,AWG
3970,KSA2020140515,S000090-0000008,2020140515,BN,1,0.5,0,CU,10,AWG
3971,KSA2020140520,S000073-0000009,2020140520,BN,1,0.5,0,CU,10,AWG
3972,KSA2020140525,S000090-0000002,2020140525,BN,1,0.5,0,CU,10,AWG
3973,KSA2020140530,S000073-0000009,2020140530,BN,1,0.5,0,CU,10,AWG
3974,KSA2020140535,S000073-0000008,2020140535,BN,1,0.5,0,CU,10,AWG
3975,KSA2020140540,S000073-0000008,2020140540,BN,1,0.5,0,CU,10,AWG
3976,KSA2020140545,S0092-0007-0003,2020140545,BN,1,0.5,0,CU,10,AWG
3977,KSA2020140550,S000073-0000008,2020140550,BN,1,0.5,0,CU,10,AWG
3978,KSA2020140551,S000073-0000008,2020140551,BN,1,0.5,0,CU,10,AWG
3979,KSA2020140552,S000073-0000008,2020140552,BN,1,0.5,0,CU,10,AWG
3980,KSA2020140554,S000073-0000008,2020140554,BN,1,0.5,0,CU,10,AWG
3981,KSA2020140555,S000073-000005a,2020140555,BN,1,0.5,0,CU,10,AWG
3982,KSA2020140556,S000073-0000008,2020140556,BN,1,0.5,0,CU,10,AWG
3983,KSA2020140560,S000073-0000008,2020140560,BN,1,0.5,0,CU,10,AWG
3984,KSA2020140561,S000073-0000008,2020140561,BN,1,0.5,0,CU,10,AWG
3985,KSA2020140563,S000073-0000008,2020140563,BN,1,0.5,0,CU,10,AWG
3986,KSA2020140565,S000073-0000004,2020140565,BN,1,0.5,0,CU,10,AWG
3987,KSA2020140570,S000073-0000007,2020140570,BN,1,0.5,0,CU,10,AWG
3988,KSA2020140575,S000054-0000008,2020140575,AN,1,0.5,0,CU,10,AWG
3989,KSA2020140580,S000073-0000007,2020140580,BN,1,0.5,0,CU,10,AWG
3990,KSA2020140585,S000073-0000007,2020140585,BN,1,0.5,0,CU,10,AWG
3991,KSA2020140586,S000073-000005a,2020140586,BN,1,0.5,0,CU,10,AWG
3992,KSA2020140588,S000073-0000007,2020140588,BN,1,0.5,0,CU,10,AWG
3993,KSA2020140590,S000054-000005j,2020140590,AN,1,0.5,0,CU,10,AWG
3994,KSA2020140595,S000045-0000004,2020140595,AN,1,0.5,0,CU,10,AWG
3995,KSA2020140600,S000073-000005a,2020140600,BN,1,0.5,0,CU,10,AWG
3996,KSA2020140615,S000045-000004a,2020140615,AN,1,0.5,0,CU,10,AWG
3997,KSA2020140620,S000073-000005a,2020140620,BN,1,0.5,0,CU,10,AWG
3998,KSA2020140625,S000065-0000005,2020140625,AN,1,0.5,0,CU,10,AWG
3999,KSA2020140630,S000073-000005a,2020140630,BN,1,0.5,0,CU,10,AWG
4000,KSA2020140635,S000073-000005a,2020140635,BN,1,0.5,0,CU,10,AWG
4001,KSA2020140640,S000073-0000005,2020140640,BN,1,0.5,0,CU,10,AWG
4002,KSA2020140645,S000045-0000004,2020140645,AN,1,0.5,0,CU,10,AWG
4003,KSA2020140650,S000073-0000005,2020140650,BN,1,0.5,0,CU,10,AWG
4004,KSA2020140660,S000073-000005a,2020140660,BN,1,0.5,0,CU,10,AWG
4005,KSA2020140665,S000065-000002c,2020140665,AN,1,0.5,0,CU,10,AWG
4006,KSA2020140670,S000073-000005a,2020140670,BN,1,0.5,0,CU,10,AWG
4007,KSA2020140675,S000065-0000005,2020140675,AN,1,0.5,0,CU,10,AWG
4008,KSA2020140680,S000073-000005a,2020140680,BN,1,0.5,0,CU,10,AWG
4009,KSA2020140685,S000054-0000007,2020140685,AN,1,0.5,0,CU,10,AWG
4010,KSA2020140690,S000073-0000005,2020140690,BN,1,0.5,0,CU,10,AWG
4011,KSA2020140695,S000090-0000011,2020140695,BN,1,0.5,0,CU,10,AWG
4012,KSA2020140700,S000073-000005a,2020140700,BN,1,0.5,0,CU,10,AWG
4013,KSA2020140705,S000090-0000011,2020140705,BN,1,0.5,0,CU,10,AWG
4014,KSA2020140710,S000073-000005a,2020140710,BN,1,0.5,0,CU,10,AWG
4015,KSA2020140715,S0092-0007-0009,2020140715,BN,1,0.5,0,CU,10,AWG
4016,KSA2020140725,S000073-0000002,2020140725,BN,1,0.5,0,CU,10,AWG
4017,KSA2020140735,S0092-0007-0008,2020140735,BN,1,0.5,0,CU,10,AWG
4018,KSA2020140740,S000073-0000004,2020140740,BN,1,0.5,0,CU,10,AWG
4019,KSA2020140745,S000054-000005k,2020140745,AN,1,0.5,0,CU,10,AWG
4020,KSA2020140755,S000054-0000006,2020140755,AN,1,0.5,0,CU,10,AWG
4021,KSA2020140760,S000073-0000004,2020140760,BN,1,0.5,0,CU,10,AWG
4022,KSA2020140765,S000073-0000004,2020140765,BN,1,0.5,0,CU,10,AWG
4023,KSA2020140770,S000073-0000004,2020140770,BN,1,0.5,0,CU,10,AWG
4024,KSA2020140771,S000073-0000004,2020140771,BN,1,0.5,0,CU,10,AWG
4025,KSA2020140775,S000073-0000004,2020140775,BN,1,0.5,0,CU,10,AWG
4026,KSA2020140780,S000073-0000004,2020140780,BN,1,0.5,0,CU,10,AWG
4027,KSA2020140781,S000073-0000004,2020140781,BN,1,0.5,0,CU,10,AWG
4028,KSA2020140784,S000073-0000004,2020140784,BN,1,0.5,0,CU,10,AWG
4029,KSA2020140785,S000073-0000004,2020140785,BN,1,0.5,0,CU,10,AWG
4030,KSA2020140787,S000073-0000004,2020140787,BN,1,0.5,0,CU,10,AWG
4031,KSA2020140790,S000073-0000004,2020140790,BN,1,0.5,0,CU,10,AWG
4032,KSA2020140791,S000073-0000004,2020140791,BN,1,0.5,0,CU,10,AWG
4033,KSA2020140795,S000073-0000004,2020140795,BN,1,0.5,0,CU,10,AWG
4034,KSA2020140799,S000073-0000004,2020140799,BN,1,0.5,0,CU,10,AWG
4035,KSA2020140800,S000073-0000004,2020140800,BN,1,0.5,0,CU,10,AWG
4036,KSA2020140815,S000073-0000003,2020140815,BN,1,0.5,0,CU,10,AWG
4037,KSA2020140820,S000073-0000002,2020140820,BN,1,0.5,0,CU,10,AWG
4038,KSA2020140825,S000054-0000004,2020140825,AN,1,0.5,0,CU,10,AWG
4039,KSA2020140830,S000073-0000003,2020140830,BN,1,0.5,0,CU,10,AWG
4040,KSA2020140843,S000073-0000007,2020140843,BN,1,0.5,0,CU,10,AWG
4041,KSA2020140844,S000073-0000003,2020140844,BN,1,0.5,0,CU,10,AWG
4042,KSA2020140849,S000073-0000002,2020140849,BN,1,0.5,0,CU,10,AWG
4043,KSA2020140855,S000073-0000001,2020140855,BN,1,0.5,0,CU,10,AWG
4044,KSA2020140858,S000073-0000003,2020140858,BN,1,0.5,0,CU,10,AWG
4045,KSA2020140860,S000073-0000001,2020140860,BN,1,0.5,0,CU,10,AWG
4046,KSA2020140870,S000073-0000001,2020140870,BN,1,0.5,0,CU,10,AWG
4047,KSA2020140880,S000065-0000004,2020140880,AN,1,0.5,0,CU,10,AWG
4048,KSA2020140882,S000073-0000002,2020140882,BN,1,0.5,0,CU,10,AWG
4049,KSA2020140883,S000065-000005a,2020140883,AN,1,0.5,0,CU,10,AWG
4050,KSA2020140885,S000065-0000005,2020140885,AN,1,0.5,0,CU,10,AWG
4051,KSA2020140886,S000065-000005a,2020140886,AN,1,0.5,0,CU,10,AWG
4052,KSA2020140887,S000065-000005a,2020140887,AN,1,0.5,0,CU,10,AWG
4053,KSA2020140888,S000073-0000009,2020140888,BN,1,0.5,0,CU,10,AWG
4054,KSA2020140890,S000065-000005a,2020140890,AN,1,0.5,0,CU,10,AWG
4055,KSA2020140895,S000065-000005a,2020140895,AN,1,0.5,0,CU,10,AWG
4056,KSA2020140898,S000065-000005a,2020140898,AN,1,0.5,0,CU,10,AWG
4057,KSA2020140899,S000065-0000005,2020140899,AN,1,0.5,0,CU,10,AWG
4058,KSA2020140900,S000065-0000005,2020140900,AN,1,0.5,0,CU,10,AWG
4059,KSA2020140905,S000065-0000005,2020140905,AN,1,0.5,0,CU,10,AWG
4060,KSA2020140906,S000065-000005a,2020140906,AN,1,0.5,0,CU,10,AWG
4061,KSA2020140910,S000065-0000004,2020140910,AN,1,0.5,0,CU,10,AWG
4062,KSA2020140920,S000065-0000004,2020140920,AN,1,0.5,0,CU,10,AWG
4063,KSA2020140925,S000054-000005f,2020140925,AN,1,0.5,0,CU,10,AWG
4064,KSA2020140930,S000065-0000004,2020140930,AN,1,0.5,0,CU,10,AWG
4065,KSA2020140932,S000065-0000004,2020140932,AN,1,0.5,0,CU,10,AWG
4066,KSA2020140935,S000065-0000004,2020140935,AN,1,0.5,0,CU,10,AWG
4067,KSA2020140940,S000065-0000004,2020140940,AN,1,0.5,0,CU,10,AWG
4068,KSA2020140945,S000054-0000005,2020140945,AN,1,0.5,0,CU,10,AWG
4069,KSA2020140950,S000065-0000004,2020140950,AN,1,0.5,0,CU,10,AWG
4070,KSA2020140955,S000065-0000004,2020140955,AN,1,0.5,0,CU,10,AWG
4071,KSA2020140956,S000065-0000004,2020140956,AN,1,0.5,0,CU,10,AWG
4072,KSA2020140960,S000065-0000004,2020140960,AN,1,0.5,0,CU,10,AWG
4073,KSA2020140965,S000054-0000005,2020140965,AN,1,0.5,0,CU,10,AWG
4074,KSA2020140970,S000065-0000004,2020140970,AN,1,0.5,0,CU,10,AWG
4075,KSA2020140980,S000065-0000003,2020140980,AN,1,0.5,0,CU,10,AWG
4076,KSA2020140985,S0092-0007-011B,2020140985,BN,1,0.5,0,CU,10,AWG
4077,KSA2020140990,S000065-0000003,2020140990,AN,1,0.5,0,CU,10,AWG
4078,KSA2020141000,S000065-0000003,2020141000,AN,1,0.5,0,CU,10,AWG
4079,KSA2020141015,S0092-0007-011B,2020141015,BN,1,0.5,0,CU,10,AWG
4080,KSA2020141020,S000065-0000003,2020141020,AN,1,0.5,0,CU,10,AWG
4081,KSA2020141025,S000065-000003a,2020141025,AN,1,0.5,0,CU,10,AWG
4082,KSA2020141030,S000065-000003a,2020141030,AN,1,0.5,0,CU,10,AWG
4083,KSA2020141035,S000065-000003a,2020141035,AN,1,0.5,0,CU,10,AWG
4084,KSA2020141040,S000065-000003a,2020141040,AN,1,0.5,0,CU,10,AWG
4085,KSA2020141042,S000065-000003a,2020141042,AN,1,0.5,0,CU,10,AWG
4086,KSA2020141045,S000065-0000003,2020141045,AN,1,0.5,0,CU,10,AWG
4087,KSA2020141046,S000065-000003a,2020141046,AN,1,0.5,0,CU,10,AWG
4088,KSA2020141050,S000065-0000003,2020141050,AN,1,0.5,0,CU,10,AWG
4089,KSA2020141055,S000090-000001a,2020141055,BN,1,0.5,0,CU,10,AWG
4090,KSA2020141060,S000065-0000003,2020141060,AN,1,0.5,0,CU,10,AWG
4091,KSA2020141065,S000045-000004a,2020141065,AN,1,0.5,0,CU,10,AWG
4092,KSA2020141070,S000065-000003a,2020141070,AN,1,0.5,0,CU,10,AWG
4093,KSA2020141075,S000065-0000001,2020141075,AN,1,0.5,0,CU,10,AWG
4094,KSA2020141080,S000065-0000003,2020141080,AN,1,0.5,0,CU,10,AWG
4095,KSA2020141095,S000090-0000010,2020141095,BN,1,0.5,0,CU,10,AWG
4096,KSA2020141100,S000065-000003a,2020141100,AN,1,0.5,0,CU,10,AWG
4097,KSA2020141103,S000065-0000002,2020141103,AN,1,0.5,0,CU,10,AWG
4098,KSA2020141104,S000065-000003a,2020141104,AN,1,0.5,0,CU,10,AWG
4099,KSA2020141106,S000065-000003a,2020141106,AN,1,0.5,0,CU,10,AWG
4100,KSA2020141110,S000065-0000002,2020141110,AN,1,0.5,0,CU,10,AWG
4101,KSA2020141114,S000065-000002c,2020141114,AN,1,0.5,0,CU,10,AWG
4102,KSA2020141115,S000065-000002c,2020141115,AN,1,0.5,0,CU,10,AWG
4103,KSA2020141116,S000065-000003a,2020141116,AN,1,0.5,0,CU,10,AWG
4104,KSA2020141117,S000065-000002c,2020141117,AN,1,0.5,0,CU,10,AWG
4105,KSA2020141120,S000065-0000002,2020141120,AN,1,0.5,0,CU,10,AWG
4106,KSA2020141125,S000054-0000006,2020141125,AN,1,0.5,0,CU,10,AWG
4107,KSA2020141130,S000065-0000002,2020141130,AN,1,0.5,0,CU,10,AWG
4108,KSA2020141140,S000065-0000001,2020141140,AN,1,0.5,0,CU,10,AWG
4109,KSA2020141144,S000065-0000001,2020141144,AN,1,0.5,0,CU,10,AWG
4110,KSA2020141150,S000065-0000001,2020141150,AN,1,0.5,0,CU,10,AWG
4111,KSA2020141155,S000065-0000001,2020141155,AN,1,0.5,0,CU,10,AWG
4112,KSA2020141160,S000054-0000009,2020141160,AN,1,0.5,0,CU,10,AWG
4113,KSA2020141161,S000054-0000009,2020141161,AN,1,0.5,0,CU,10,AWG
4114,KSA2020141163,S000054-0000009,2020141163,AN,1,0.5,0,CU,10,AWG
4115,KSA2020141165,S000054-0000008,2020141165,AN,1,0.5,0,CU,10,AWG
4116,KSA2020141175,S000045-000004a,2020141175,AN,1,0.5,0,CU,10,AWG
4117,KSA2020141185,S000054-000005f,2020141185,AN,1,0.5,0,CU,10,AWG
4118,KSA2020141190,S000054-0000008,2020141190,AN,1,0.5,0,CU,10,AWG
4119,KSA2020141195,S000054-0000008,2020141195,AN,1,0.5,0,CU,10,AWG
4120,KSA2020141196,S000054-0000008,2020141196,AN,1,0.5,0,CU,10,AWG
4121,KSA2020141205,S0092-0007-011A,2020141205,BN,1,0.5,0,CU,10,AWG
4122,KSA2020141210,S000054-0000007,2020141210,AN,1,0.5,0,CU,10,AWG
4123,KSA2020141211,S000054-0000008,2020141211,AN,1,0.5,0,CU,10,AWG
4124,KSA2020141212,S000054-0000007,2020141212,AN,1,0.5,0,CU,10,AWG
4125,KSA2020141213,S000054-000005k,2020141213,AN,1,0.5,0,CU,10,AWG
4126,KSA2020141214,S000054-000005k,2020141214,AN,1,0.5,0,CU,10,AWG
4127,KSA2020141215,S000054-0000007,2020141215,AN,1,0.5,0,CU,10,AWG
4128,KSA2020141216,S000054-0000007,2020141216,AN,1,0.5,0,CU,10,AWG
4129,KSA2020141220,S000054-0000007,2020141220,AN,1,0.5,0,CU,10,AWG
4130,KSA2020141225,S0092-0007-0009,2020141225,BN,1,0.5,0,CU,10,AWG
4131,KSA2020141230,S000054-0000007,2020141230,AN,1,0.5,0,CU,10,AWG
4132,KSA2020141235,S0092-0007-011B,2020141235,BN,1,0.5,0,CU,10,AWG
4133,KSA2020141245,S000054-0000007,2020141245,AN,1,0.5,0,CU,10,AWG
4134,KSA2020141250,S000054-0000007,2020141250,AN,1,0.5,0,CU,10,AWG
4135,KSA2020141255,S000054-0000006,2020141255,AN,1,0.5,0,CU,10,AWG
4136,KSA2020141256,S000054-0000006,2020141256,AN,1,0.5,0,CU,10,AWG
4137,KSA2020141257,S000054-0000006,2020141257,AN,1,0.5,0,CU,10,AWG
4138,KSA2020141258,S000054-0000007,2020141258,AN,1,0.5,0,CU,10,AWG
4139,KSA2020141260,S000054-0000004,2020141260,AN,1,0.5,0,CU,10,AWG
4140,KSA2020141265,S000090-000001b,2020141265,BN,1,0.5,0,CU,10,AWG
4141,KSA2020141270,S000054-0000006,2020141270,AN,1,0.5,0,CU,10,AWG
4142,KSA2020141275,S000054-0000006,2020141275,AN,1,0.5,0,CU,10,AWG
4143,KSA2020141280,S000054-0000006,2020141280,AN,1,0.5,0,CU,10,AWG
4144,KSA2020141285,S0092-0007-0007,2020141285,BN,1,0.5,0,CU,10,AWG
4145,KSA2020141290,S000054-0000005,2020141290,AN,1,0.5,0,CU,10,AWG
4146,KSA2020141295,S000065-000005a,2020141295,AN,1,0.5,0,CU,10,AWG
4147,KSA2020141300,S000054-0000005,2020141300,AN,1,0.5,0,CU,10,AWG
4148,KSA2020141305,S000090-0000007,2020141305,BN,1,0.5,0,CU,10,AWG
4149,KSA2020141310,S000054-0000005,2020141310,AN,1,0.5,0,CU,10,AWG
4150,KSA2020141311,S000054-000005j,2020141311,AN,1,0.5,0,CU,10,AWG
4151,KSA2020141312,S000054-000005j,2020141312,AN,2,81.0,0,ACSR,2,AWG
4152,KSA2020141315,S000054-000005e,2020141315,AN,1,0.5,0,CU,10,AWG
4153,KSA2020141316,S000054-0000004,2020141316,AN,1,0.5,0,CU,10,AWG
4154,KSA2020141320,S000054-0000004,2020141320,AN,1,0.5,0,CU,10,AWG
4155,KSA2020141323,S000054-0000004,2020141323,AN,1,0.5,0,CU,10,AWG
4156,KSA2020141324,S000054-0000004,2020141324,AN,1,0.5,0,CU,10,AWG
4157,KSA2020141326,S000054-0000004,2020141326,AN,1,0.5,0,CU,10,AWG
4158,KSA2020141330,S000054-0000004,2020141330,AN,1,0.5,0,CU,10,AWG
4159,KSA2020141331,S000054-0000004,2020141331,AN,1,0.5,0,CU,10,AWG
4160,KSA2020141332,S000054-0000004,2020141332,AN,1,0.5,0,CU,10,AWG
4161,KSA2020141333,S000054-0000004,2020141333,AN,1,0.5,0,CU,10,AWG
4162,KSA2020141335,S000054-0000005,2020141335,AN,1,0.5,0,CU,10,AWG
4163,KSA2020141340,S000054-0000003,2020141340,AN,1,0.5,0,CU,10,AWG
4164,KSA2020141345,S000054-0000003,2020141345,AN,1,0.5,0,CU,10,AWG
4165,KSA2020141346,S000054-0000003,2020141346,AN,1,0.5,0,CU,10,AWG
4166,KSA2020141350,S000054-0000003,2020141350,AN,1,0.5,0,CU,10,AWG
4167,KSA2020141353,S000054-0000003,2020141353,AN,1,0.5,0,CU,10,AWG
4168,KSA2020141355,S000054-0000003,2020141355,AN,1,0.5,0,CU,10,AWG
4169,KSA2020141360,S000054-0000003,2020141360,AN,1,0.5,0,CU,10,AWG
4170,KSA2020141370,S000045-000005a,2020141370,AN,1,0.5,0,CU,10,AWG
4171,KSA2020141375,S0092-0007-011B,2020141375,BN,1,0.5,0,CU,10,AWG
4172,KSA2020141395,S000073-0000002,2020141395,BN,1,0.5,0,CU,10,AWG
4173,KSA2020141400,S000054-0000002,2020141400,AN,1,0.5,0,CU,10,AWG
4174,KSA2020141405,S000054-0000002,2020141405,AN,1,0.5,0,CU,10,AWG
4175,KSA2020141410,S000054-0000002,2020141410,AN,1,0.5,0,CU,10,AWG
4176,KSA2020141411,S000054-0000001,2020141411,AN,1,0.5,0,CU,10,AWG
4177,KSA2020141412,S000054-0000001,2020141412,AN,1,0.5,0,CU,10,AWG
4178,KSA2020141416,S000054-0000001,2020141416,AN,1,0.5,0,CU,10,AWG
4179,KSA2020141421,S000045-0000006,2020141421,AN,1,0.5,0,CU,10,AWG
4180,KSA2020141422,S000045-0000006,2020141422,AN,1,0.5,0,CU,10,AWG
4181,KSA2020141423,S000045-0000006,2020141423,AN,1,0.5,0,CU,10,AWG
4182,KSA2020141424,S000054-0000001,2020141424,AN,1,0.5,0,CU,10,AWG
4183,KSA2020141425,S000045-000005a,2020141425,AN,1,0.5,0,CU,10,AWG
4184,KSA2020141426,S000054-0000001,2020141426,AN,1,0.5,0,CU,10,AWG
4185,KSA2020141430,S000045-0000006,2020141430,AN,1,0.5,0,CU,10,AWG
4186,KSA2020141435,S000045-0000006,2020141435,AN,1,0.5,0,CU,10,AWG
4187,KSA2020141436,S000045-0000006,2020141436,AN,1,0.5,0,CU,10,AWG
4188,KSA2020141437,S000045-0000006,2020141437,AN,1,0.5,0,CU,10,AWG
4189,KSA2020141438,S000045-0000006,2020141438,AN,1,0.5,0,CU,10,AWG
4190,KSA2020141439,S000045-0000006,2020141439,AN,1,0.5,0,CU,10,AWG
4191,KSA2020141441,S000045-0000006,2020141441,AN,1,0.5,0,CU,10,AWG
4192,KSA2020141445,S000054-0000007,2020141445,AN,1,0.5,0,CU,10,AWG
4193,KSA2020141450,S000045-000005a,2020141450,AN,1,0.5,0,CU,10,AWG
4194,KSA2020141455,S000045-0000005,2020141455,AN,1,0.5,0,CU,10,AWG
4195,KSA2020141465,S000054-000005e,2020141465,AN,1,0.5,0,CU,10,AWG
4196,KSA2020141466,S000054-000005e,2020141466,AN,1,0.5,0,CU,10,AWG
4197,KSA2020141467,S000054-000005e,2020141467,AN,1,0.5,0,CU,10,AWG
4198,KSA2020141470,S000045-000005a,2020141470,AN,1,0.5,0,CU,10,AWG
4199,KSA2020141473,S000045-000005a,2020141473,AN,1,0.5,0,CU,10,AWG
4200,KSA2020141475,S000045-000005a,2020141475,AN,1,0.5,0,CU,10,AWG
4201,KSA2020141480,S000045-000005a,2020141480,AN,1,0.5,0,CU,10,AWG
4202,KSA2020141485,S000073-0000002,2020141485,BN,1,0.5,0,CU,10,AWG
4203,KSA2020141490,S000045-000005a,2020141490,AN,1,0.5,0,CU,10,AWG
4204,KSA2020141495,S000045-0000005,2020141495,AN,1,0.5,0,CU,10,AWG
4205,KSA2020141500,S000045-0000005,2020141500,AN,1,0.5,0,CU,10,AWG
4206,KSA2020141510,S000045-000005a,2020141510,AN,1,0.5,0,CU,10,AWG
4207,KSA2020141515,S000045-000004a,2020141515,AN,1,0.5,0,CU,10,AWG
4208,KSA2020141516,S000090-0000005,2020141516,BN,1,0.5,0,CU,10,AWG
4209,KSA2020141520,S000045-000004a,2020141520,AN,1,0.5,0,CU,10,AWG
4210,KSA2020141521,S000045-0000004,2020141521,AN,1,0.5,0,CU,10,AWG
4211,KSA2020141522,S000045-0000004,2020141522,AN,1,0.5,0,CU,10,AWG
4212,KSA2020141523,S000045-0000004,2020141523,AN,1,0.5,0,CU,10,AWG
4213,KSA2020141524,S000045-000004a,2020141524,AN,1,0.5,0,CU,10,AWG
4214,KSA2020141525,S000045-000004a,2020141525,AN,1,0.5,0,CU,10,AWG
4215,KSA2020141526,S000045-000004a,2020141526,AN,1,0.5,0,CU,10,AWG
4216,KSA2020141527,S000045-0000004,2020141527,AN,1,0.5,0,CU,10,AWG
4217,KSA2020141529,S000045-000004a,2020141529,AN,1,0.5,0,CU,10,AWG
4218,KSA2020141535,S000054-0000003,2020141535,AN,1,0.5,0,CU,10,AWG
4219,KSA2020141545,S000090-0000010,2020141545,BN,1,0.5,0,CU,10,AWG
4220,KSA2020141550,S000045-0000004,2020141550,AN,1,0.5,0,CU,10,AWG
4221,KSA2020141555,S000073-0000005,2020141555,BN,1,0.5,0,CU,10,AWG
4222,KSA2020141565,S000065-0000004,2020141565,AN,1,0.5,0,CU,10,AWG
4223,KSA2020141570,S000045-0000002,2020141570,AN,1,0.5,0,CU,10,AWG
4224,KSA2020141575,S000045-0000004,2020141575,AN,1,0.5,0,CU,10,AWG
4225,KSA2020141576,S000045-0000002,2020141576,AN,1,0.5,0,CU,10,AWG
4226,KSA2020141577,S000045-0000003,2020141577,AN,1,0.5,0,CU,10,AWG
4227,KSA2020141578,S000045-0000002,2020141578,AN,1,0.5,0,CU,10,AWG
4228,KSA2020141580,S000045-0000002,2020141580,AN,1,0.5,0,CU,10,AWG
4229,KSA2020141585,S000065-0000004,2020141585,AN,1,0.5,0,CU,10,AWG
4230,KSA2020141590,S000045-0000002,2020141590,AN,1,0.5,0,CU,10,AWG
4231,KSA2020141595,S0092-0007-0006,2020141595,BN,1,0.5,0,CU,10,AWG
4232,KSA2020141600,S000045-0000002,2020141600,AN,1,0.5,0,CU,10,AWG
4233,KSA2020141605,S000045-000003A,2020141605,AN,1,0.5,0,CU,10,AWG
4234,KSA2020141610,S000045-0000001,2020141610,AN,1,0.5,0,CU,10,AWG
4235,KSA2020141620,S000045-000001d,2020141620,AN,1,0.5,0,CU,10,AWG
4236,KSA2020141625,S000090-0000005,2020141625,BN,1,0.5,0,CU,10,AWG
4237,KSA2020141630,S000045-0000002,2020141630,AN,1,0.5,0,CU,10,AWG
4238,KSA2020141640,S000045-0000001,2020141640,AN,1,0.5,0,CU,10,AWG
4239,KSA2020141641,S000045-0000001,2020141641,AN,1,0.5,0,CU,10,AWG
4240,KSA2020141642,S000045-0000001,2020141642,AN,1,0.5,0,CU,10,AWG
4241,KSA2020141645,S0092-0007-0006,2020141645,BN,1,0.5,0,CU,10,AWG
4242,KSA2020141660,S000054-000005j,2020141660,AN,1,0.5,0,CU,10,AWG
4243,KSA2020141665,S000045-000001d,2020141665,AN,1,0.5,0,CU,10,AWG
4244,KSA2020141670,S000054-000005g,2020141670,AN,1,0.5,0,CU,10,AWG
4245,KSA2020141675,S000054-000005g,2020141675,AN,1,0.5,0,CU,10,AWG
4246,KSA2020141680,S000054-000005j,2020141680,AN,1,0.5,0,CU,10,AWG
4247,KSA2020141681,S000054-000005j,2020141681,AN,1,0.5,0,CU,10,AWG
4248,KSA2020141682,S000054-000005j,2020141682,AN,1,0.5,0,CU,10,AWG
4249,KSA2020141685,S000045-0000006,2020141685,AN,1,0.5,0,CU,10,AWG
4250,KSA2020141690,S000054-000005j,2020141690,AN,1,0.5,0,CU,10,AWG
4251,KSA2020141695,S000073-0000008,2020141695,BN,1,0.5,0,CU,10,AWG
4252,KSA2020141700,S000054-000005k,2020141700,AN,1,0.5,0,CU,10,AWG
4253,KSA2020141710,S000054-000005k,2020141710,AN,1,0.5,0,CU,10,AWG
4254,KSA2020141715,S000054-000005k,2020141715,AN,1,0.5,0,CU,10,AWG
4255,KSA2020141720,S000054-000005k,2020141720,AN,1,0.5,0,CU,10,AWG
4256,KSA2020141725,S0092-0007-0008,2020141725,BN,1,0.5,0,CU,10,AWG
4257,KSA2020141730,S000054-000005k,2020141730,AN,1,0.5,0,CU,10,AWG
4258,KSA2020141734,S000054-000005j,2020141734,AN,1,0.5,0,CU,10,AWG
4259,KSA2020141735,S000054-000005j,2020141735,AN,1,0.5,0,CU,10,AWG
4260,KSA2020141740,S000054-0000008,2020141740,AN,1,0.5,0,CU,10,AWG
4261,KSA2020141745,S000054-000005e,2020141745,AN,1,0.5,0,CU,10,AWG
4262,KSA2020141750,S000054-0000008,2020141750,AN,1,0.5,0,CU,10,AWG
4263,KSA2020141755,S000054-0000007,2020141755,AN,1,0.5,0,CU,10,AWG
4264,KSA2020141760,S000073-0000008,2020141760,BN,1,0.5,0,CU,10,AWG
4265,KSA2020141770,S000073-0000007,2020141770,BN,1,0.5,0,CU,10,AWG
4266,KSA2020141775,S000073-0000004,2020141775,BN,1,0.5,0,CU,10,AWG
4267,KSA2020141780,S000054-0000008,2020141780,AN,1,0.5,0,CU,10,AWG
4268,KSA2020141785,S000054-0000002,2020141785,AN,1,0.5,0,CU,10,AWG
4269,KSA2020141790,S0092-0007-0007,2020141790,BN,1,0.5,0,CU,10,AWG
4270,KSA2020141795,S000090-000001b,2020141795,BN,1,0.5,0,CU,10,AWG
4271,KSA2020141800,S000054-000005k,2020141800,AN,1,0.5,0,CU,10,AWG
4272,KSA2020141810,S000073-0000003,2020141810,BN,1,0.5,0,CU,10,AWG
4273,KSA2020141815,S000065-000002c,2020141815,AN,1,0.5,0,CU,10,AWG
4274,KSA2020141830,S000065-000002c,2020141830,AN,1,0.5,0,CU,10,AWG
4275,KSA2020141835,S000054-000005k,2020141835,AN,1,0.5,0,CU,10,AWG
4276,KSA2020141840,S000065-0000002,2020141840,AN,1,0.5,0,CU,10,AWG
4277,KSA2020141845,S000054-0000007,2020141845,AN,1,0.5,0,CU,10,AWG
4278,KSA2020141850,S000054-0000007,2020141850,AN,1,0.5,0,CU,10,AWG
4279,KSA2020141851,S0092-0007-0006,2020141851,BN,1,0.5,0,CU,10,AWG
4280,KSA2020141852,S000045-000005a,2020141852,AN,1,0.5,0,CU,10,AWG
4281,KSA2020141854,S000065-0000001,2020141854,AN,1,0.5,0,CU,10,AWG
4282,KSA2020141855,S000054-0000007,2020141855,AN,1,0.5,0,CU,10,AWG
4283,KSA2020141857,S000065-0000004,2020141857,AN,1,0.5,0,CU,10,AWG
4284,KSA2020141858,S000045-000005a,2020141858,AN,1,0.5,0,CU,10,AWG
4285,KSA2020141860,S000054-0000007,2020141860,AN,1,0.5,0,CU,10,AWG
4286,KSA2020141861,S000090-0000002,2020141861,BN,1,0.5,0,CU,10,AWG
4287,KSA2020141862,S000054-000005i,2020141862,AN,1,0.5,0,CU,10,AWG
4288,KSA2020141863,S000054-000005k,2020141863,AN,1,0.5,0,CU,10,AWG
4289,KSA2020141864,S000054-0000007,2020141864,AN,1,0.5,0,CU,10,AWG
4290,KSA2020141865,S0092-0007-0007,2020141865,BN,1,0.5,0,CU,10,AWG
4291,KSA2020141866,S000054-0000007,2020141866,AN,1,0.5,0,CU,10,AWG
4292,KSA2020141867,S000073-0000001,2020141867,BN,1,0.5,0,CU,10,AWG
4293,KSA2020141869,S000073-0000002,2020141869,BN,1,73.0,0,ACSR,2,AWG
4294,KSA2020141870,S000054-0000004,2020141870,AN,1,0.5,0,CU,10,AWG
4295,KSA2020141871,S000090-0000011,2020141871,BN,1,0.5,0,CU,10,AWG
4296,KSA2020141872,S000045-000003A,2020141872,AN,1,0.5,0,CU,10,AWG
4297,KSA2020141873,S0092-0007-0009,2020141873,BN,1,0.5,0,CU,10,AWG
4298,KSA2020141874,S000065-000002a,2020141874,AN,1,0.5,0,CU,10,AWG
4299,KSA2020141875,S000054-000005d,2020141875,AN,1,0.5,0,CU,10,AWG
4300,KSA2020141876,S000045-000004a,2020141876,AN,1,0.5,0,CU,10,AWG
4301,KSA2020141877,S000054-000005a,2020141877,AN,1,0.5,0,CU,10,AWG
4302,KSA2020141878,S000054-000005d,2020141878,AN,1,0.5,0,CU,10,AWG
4303,KSA2020141879,S000054-000005d,2020141879,AN,2,79.0,0,ACSR,2,AWG
4304,KSA2020141880,S0092-0007-0009,2020141880,BN,1,0.5,0,CU,10,AWG
4305,KSA2020141881,S0092-0007-0008,2020141881,BN,1,64.0,0,ACSR,2,AWG
4306,KSA2020141883,S000045-000004a,2020141883,AN,1,0.5,0,CU,10,AWG
4307,KSA2020141884,S000090-0000006,2020141884,BN,1,0.5,0,CU,10,AWG
4308,KSA2020141885,S000054-000005d,2020141885,AN,1,0.5,0,CU,10,AWG
4309,KSA2020141886,S0092-0007-0003,2020141886,BN,1,0.5,0,CU,10,AWG
4310,KSA2020141887,S000065-000002a,2020141887,AN,1,0.5,0,CU,10,AWG
4311,KSA2020141888,S000065-000002a,2020141888,AN,2,82.0,0,ACSR,2,AWG
4312,KSA2020141889,S000065-000002a,2020141889,AN,1,0.5,0,CU,10,AWG
4313,KSA2020141891,S000090-0000006,2020141891,BN,1,0.5,0,CU,10,AWG
4314,KSA2020141892,S000090-0000006,2020141892,BN,1,123.0,0,ACSR,2,AWG
4315,KSA2020141893,S000065-000002a,2020141893,AN,1,0.5,0,CU,10,AWG
4316,KSA2020141894,S0092-0007-0003,2020141894,BN,1,0.5,0,CU,10,AWG
4317,KSA2020141895,S000090-0000011,2020141895,BN,1,0.5,0,CU,10,AWG
4318,KSA2020141896,S0092-0007-0003,2020141896,BN,1,0.5,0,CU,10,AWG
4319,KSA2020141897,S000090-000001a,2020141897,BN,1,0.5,0,CU,10,AWG
4320,KSA2020141898,S000090-0000002,2020141898,BN,1,0.5,0,CU,10,AWG
4321,KSA2020141899,S0092-0007-0008,2020141899,BN,1,0.5,0,CU,10,AWG
4322,KSA2020141900,S000090-0000002,2020141900,BN,2,55.0,0,ACSR,2,AWG
4323,KSA2020141901,S000090-0000011,2020141901,BN,2,55.0,0,ACSR,2,AWG
4324,KSA2020141902,S0092-0007-0006,2020141902,BN,2,55.0,0,ACSR,2,AWG
4325,KSA2020141903,S0092-0007-0006,2020141903,BN,2,55.0,0,ACSR,2,AWG
4326,KSA2020141904,S000090-0000007,2020141904,BN,2,55.0,0,ACSR,2,AWG
4327,KSA2020141905,S000045-000004a,2020141905,AN,2,55.0,0,ACSR,2,AWG
4328,KSA2020141906,S000045-000004a,2020141906,AN,2,55.0,0,ACSR,2,AWG
4329,KSA2020141907,S000045-000004a,2020141907,AN,2,55.0,0,ACSR,2,AWG
4330,KSA2020141908,S000073-0000004,2020141908,BN,1,0.5,0,CU,10,AWG
4331,KSA2020141909,S000073-0000004,2020141909,BN,1,0.5,0,CU,10,AWG
4332,KSA2020141910,S000073-0000004,2020141910,BN,1,65.0,0,ACSR,2,AWG
4333,KSA2020141911,S000090-0000012,2020141911,BN,1,65.0,0,ACSR,2,AWG
4334,KSA2020141912,S000090-0000012,2020141912,BN,1,65.0,0,ACSR,2,AWG
4335,KSA2020141913,S000090-000001b,2020141913,BN,1,65.0,0,ACSR,2,AWG
4336,KSA2020141914,S0092-0007-0007,2020141914,BN,1,65.0,0,ACSR,2,AWG
4337,KSA2020141915,S0092-0007-0008,2020141915,BN,1,65.0,0,ACSR,2,AWG
4338,KSA2020141916,S0092-0007-0008,2020141916,BN,1,65.0,0,ACSR,2,AWG
4339,KSA2020141917,S0092-0007-0003,2020141917,BN,1,65.0,0,ACSR,2,AWG
4340,KSA2020141918,S0092-0007-0006,2020141918,BN,1,65.0,0,ACSR,2,AWG
4341,KSA2020141919,S000090-0000002,2020141919,BN,1,65.0,0,ACSR,2,AWG
4342,KSA2020141920,S000090-0000005,2020141920,BN,1,65.0,0,ACSR,2,AWG
4343,KSA2020141921,S000090-0000008,2020141921,BN,1,65.0,0,ACSR,2,AWG
4344,KSA2020141922,S000090-0000008,2020141922,BN,1,65.0,0,ACSR,2,AWG
4345,KSA2020141923,S000090-0000008,2020141923,BN,1,65.0,0,ACSR,2,AWG
4346,KSA2020141924,S000090-0000008,2020141924,BN,1,65.0,0,ACSR,2,AWG
4347,KSA2020141925,S000090-0000010,2020141925,BN,1,65.0,0,ACSR,2,AWG
4348,KSA2020141926,S000090-0000011,2020141926,BN,1,65.0,0,ACSR,2,AWG
4349,KSA2020141928,S000073-0000004,2020141928,BN,1,65.0,0,ACSR,2,AWG
4350,KSA2020141929,S000090-0000008,2020141929,BN,1,65.0,0,ACSR,2,AWG
4351,KSA2020141930,S000090-000001a,2020141930,BN,1,65.0,0,ACSR,2,AWG
4352,KSA2020141931,S000090-0000008,2020141931,BN,1,65.0,0,ACSR,2,AWG
4353,KSA2020141932,S000090-0000009,2020141932,BN,1,65.0,0,ACSR,2,AWG
4354,KSA2020141933,S0092-0007-0007,2020141933,BN,1,65.0,0,ACSR,2,AWG
4355,KSA2020141934,S000090-000001b,2020141934,BN,1,65.0,0,ACSR,2,AWG
4356,KSA2020141935,S000090-0000008,2020141935,BN,1,65.0,0,ACSR,2,AWG
4357,KSA2020141936,S000073-0000004,2020141936,BN,1,65.0,0,ACSR,2,AWG
4358,KSA2020141937,S000073-0000004,2020141937,BN,1,65.0,0,ACSR,2,AWG
4359,KSA2020141938,S0092-0007-0008,2020141938,BN,1,65.0,0,ACSR,2,AWG
4360,KSA2020141940,S000073-0000004,2020141940,BN,1,65.0,0,ACSR,2,AWG
4361,KSA2020141941,S000073-0000004,2020141941,BN,1,65.0,0,ACSR,2,AWG
4362,KSA2020141942,S000090-0000006,2020141942,BN,1,65.0,0,ACSR,2,AWG
4363,KSA2020141943,S000090-0000008,2020141943,BN,1,65.0,0,ACSR,2,AWG
4364,KSA2020141944,S000073-0000004,2020141944,BN,1,65.0,0,ACSR,2,AWG
4365,KSA2020141945,S000073-0000004,2020141945,BN,1,65.0,0,ACSR,2,AWG
4366,KSA2020141946,S000073-0000004,2020141946,BN,1,65.0,0,ACSR,2,AWG
4367,KSA2020141947,S000073-0000004,2020141947,BN,1,65.0,0,ACSR,2,AWG
4368,KSA2020141948,S000073-0000004,2020141948,BN,1,65.0,0,ACSR,2,AWG
4369,KSA2020141949,S000073-0000004,2020141949,BN,1,65.0,0,ACSR,2,AWG
4370,KSA2020141950,S0092-0007-0006,2020141950,BN,1,65.0,0,ACSR,2,AWG
4371,KSA2020141951,S000073-0000004,2020141951,BN,1,65.0,0,ACSR,2,AWG
4372,KSA2020141952,S000090-0000012,2020141952,BN,1,65.0,0,ACSR,2,AWG
4373,KSA2020141953,S000073-0000004,2020141953,BN,1,65.0,0,ACSR,2,AWG
4374,KSA2020141954,S000073-0000004,2020141954,BN,1,65.0,0,ACSR,2,AWG
4375,KSA2020141955,S0092-0007-0003,2020141955,BN,1,65.0,0,ACSR,2,AWG
4376,KSA2020141956,S000073-0000004,2020141956,BN,1,65.0,0,ACSR,2,AWG
4377,KSA2020141957,S000073-0000004,2020141957,BN,1,65.0,0,ACSR,2,AWG
4378,KSA2020141958,S0092-0007-0007,2020141958,BN,1,65.0,0,ACSR,2,AWG
4379,KSA2020141959,S000073-0000004,2020141959,BN,1,65.0,0,ACSR,2,AWG
4380,KSA2020141960,S0092-0007-0008,2020141960,BN,1,65.0,0,ACSR,2,AWG
4381,KSA2020150010,S0100-0006-0002,2020150010,CN,1,0.5,0,CU,10,AWG
4382,KSA2020150015,S0100-0006-0002,2020150015,CN,1,0.5,0,CU,10,AWG
4383,KSA2020150016,S0100-0006-0002,2020150016,CN,1,0.5,0,CU,10,AWG
4384,KSA2020150017,S0100-0006-0002,2020150017,CN,1,0.5,0,CU,10,AWG
4385,KSA2020150018,S0100-0006-0002,2020150018,CN,1,0.5,0,CU,10,AWG
4386,KSA2020150020,S0100-0006-0003,2020150020,CN,1,0.5,0,CU,10,AWG
4387,KSA2020150021,S0100-0006-0003,2020150021,CN,1,0.5,0,CU,10,AWG
4388,KSA2020150023,S0100-0006-0004,2020150023,CN,1,0.5,0,CU,10,AWG
4389,KSA2020150025,S0100-0006-0004,2020150025,CN,1,0.5,0,CU,10,AWG
4390,KSA2020150030,S0100-0006-0004,2020150030,CN,1,0.5,0,CU,10,AWG
4391,KSA2020150031,S0100-0006-0004,2020150031,CN,1,0.5,0,CU,10,AWG
4392,KSA2020150032,S0100-0006-0004,2020150032,CN,1,0.5,0,CU,10,AWG
4393,KSA2020150040,S0100-0006-0004,2020150040,CN,1,0.5,0,CU,10,AWG
4394,KSA2020150041,S0100-0006-0004,2020150041,CN,1,0.5,0,CU,10,AWG
4395,KSA2020150045,S0100-0006-0005,2020150045,CN,1,0.5,0,CU,10,AWG
4396,KSA2020150049,S0100-0006-0005,2020150049,CN,1,0.5,0,CU,10,AWG
4397,KSA2020150055,S0100-0006-0004,2020150055,CN,1,0.5,0,CU,10,AWG
4398,KSA2020150060,S0100-0006-0004,2020150060,CN,1,0.5,0,CU,10,AWG
4399,KSA2020150070,S0100-0006-0004,2020150070,CN,1,0.5,0,CU,10,AWG
4400,KSA2020150090,S0100-0006-0005,2020150090,CN,1,0.5,0,CU,10,AWG
4401,KSA2020150100,S0100-0006-0005,2020150100,CN,1,0.5,0,CU,10,AWG
4402,KSA2020150110,S0100-0006-0005,2020150110,CN,1,0.5,0,CU,10,AWG
4403,KSA2020150112,S0100-0006-006b,2020150112,CN,1,0.5,0,CU,10,AWG
4404,KSA2020150113,S0100-0006-006b,2020150113,CN,1,0.5,0,CU,10,AWG
4405,KSA2020150115,S0100-0016-0004,2020150115,CN,1,0.5,0,CU,10,AWG
4406,KSA2020150120,S0100-0006-0005,2020150120,CN,1,0.5,0,CU,10,AWG
4407,KSA2020150121,S0100-0006-0005,2020150121,CN,1,0.5,0,CU,10,AWG
4408,KSA2020150122,S0100-0006-0005,2020150122,CN,1,0.5,0,CU,10,AWG
4409,KSA2020150123,S0100-0006-0005,2020150123,CN,1,0.5,0,CU,10,AWG
4410,KSA2020150124,S0100-0006-0005,2020150124,CN,1,0.5,0,CU,10,AWG
4411,KSA2020150125,S0100-0006-0005,2020150125,CN,1,0.5,0,CU,10,AWG
4412,KSA2020150126,S0100-0006-0005,2020150126,CN,1,0.5,0,CU,10,AWG
4413,KSA2020150127,S0100-0006-0005,2020150127,CN,1,0.5,0,CU,10,AWG
4414,KSA2020150128,S0100-0006-0005,2020150128,CN,1,0.5,0,CU,10,AWG
4415,KSA2020150129,S0100-0006-0005,2020150129,CN,1,0.5,0,CU,10,AWG
4416,KSA2020150131,S0100-0006-0005,2020150131,CN,1,0.5,0,CU,10,AWG
4417,KSA2020150135,S0100-0028-0011,2020150135,CN,1,0.5,0,CU,10,AWG
4418,KSA2020150140,S0100-0006-0005,2020150140,CN,1,0.5,0,CU,10,AWG
4419,KSA2020150145,S0100-0006-0004,2020150145,CN,1,0.5,0,CU,10,AWG
4420,KSA2020150155,S0100-0006-006a,2020150155,CN,1,0.5,0,CU,10,AWG
4421,KSA2020150156,S0100-0006-006a,2020150156,CN,1,0.5,0,CU,10,AWG
4422,KSA2020150159,S0100-0006-0006,2020150159,CN,1,0.5,0,CU,10,AWG
4423,KSA2020150160,S0100-0006-006b,2020150160,CN,1,0.5,0,CU,10,AWG
4424,KSA2020150161,S0100-0006-006b,2020150161,CN,1,0.5,0,CU,10,AWG
4425,KSA2020150162,S0100-0006-006b,2020150162,CN,1,0.5,0,CU,10,AWG
4426,KSA2020150163,S0100-0006-006b,2020150163,CN,1,0.5,0,CU,10,AWG
4427,KSA2020150165,S0100-0006-006b,2020150165,CN,1,0.5,0,CU,10,AWG
4428,KSA2020150166,S0100-0028-010c,2020150166,CN,1,0.5,0,CU,10,AWG
4429,KSA2020150167,S0100-0006-006b,2020150167,CN,1,0.5,0,CU,10,AWG
4430,KSA2020150168,S0100-0006-006a,2020150168,CN,1,0.5,0,CU,10,AWG
4431,KSA2020150169,S0100-0006-006b,2020150169,CN,1,0.5,0,CU,10,AWG
4432,KSA2020150170,S0100-0006-0007,2020150170,CN,1,0.5,0,CU,10,AWG
4433,KSA2020150171,S0100-0006-0007,2020150171,CN,1,0.5,0,CU,10,AWG
4434,KSA2020150174,S0100-0006-0007,2020150174,CN,1,0.5,0,CU,10,AWG
4435,KSA2020150180,S0100-0006-0007,2020150180,CN,1,0.5,0,CU,10,AWG
4436,KSA2020150185,S0100-030i-0014,2020150185,CN,1,0.5,0,CU,10,AWG
4437,KSA2020150195,S0100-0006-0008,2020150195,CN,1,0.5,0,CU,10,AWG
4438,KSA2020150200,S0100-0006-0007,2020150200,CN,1,0.5,0,CU,10,AWG
4439,KSA2020150205,S0100-030i-007a,2020150205,CN,1,0.5,0,CU,10,AWG
4440,KSA2020150210,S0100-0006-0008,2020150210,CN,1,0.5,0,CU,10,AWG
4441,KSA2020150220,S0100-0006-0008,2020150220,CN,1,0.5,0,CU,10,AWG
4442,KSA2020150225,S0100-0016-003c,2020150225,CN,1,0.5,0,CU,10,AWG
4443,KSA2020150235,S0100-0028-010b,2020150235,CN,1,0.5,0,CU,10,AWG
4444,KSA2020150240,S0100-0006-0008,2020150240,CN,1,0.5,0,CU,10,AWG
4445,KSA2020150246,S0100-0006-0008,2020150246,CN,1,0.5,0,CU,10,AWG
4446,KSA2020150250,S0100-0006-0011,2020150250,CN,1,0.5,0,CU,10,AWG
4447,KSA2020150255,S0100-030i-0011,2020150255,CN,1,0.5,0,CU,10,AWG
4448,KSA2020150260,S0100-0006-0011,2020150260,CN,1,0.5,0,CU,10,AWG
4449,KSA2020150265,S0100-0006-0011,2020150265,CN,1,0.5,0,CU,10,AWG
4450,KSA2020150270,S0100-0006-0011,2020150270,CN,1,0.5,0,CU,10,AWG
4451,KSA2020150273,S0100-0006-0011,2020150273,CN,1,0.5,0,CU,10,AWG
4452,KSA2020150274,S0100-0006-0011,2020150274,CN,1,0.5,0,CU,10,AWG
4453,KSA2020150275,S0100-0006-0011,2020150275,CN,1,0.5,0,CU,10,AWG
4454,KSA2020150280,S0100-0016-0002,2020150280,CN,1,0.5,0,CU,10,AWG
4455,KSA2020150285,S0100-0016-003a,2020150285,CN,1,0.5,0,CU,10,AWG
4456,KSA2020150290,S0100-0016-0002,2020150290,CN,1,0.5,0,CU,10,AWG
4457,KSA2020150295,S0100-0016-0002,2020150295,CN,1,0.5,0,CU,10,AWG
4458,KSA2020150297,S0100-0006-0011,2020150297,CN,1,0.5,0,CU,10,AWG
4459,KSA2020150301,S0100-0016-0003,2020150301,CN,1,0.5,0,CU,10,AWG
4460,KSA2020150303,S0100-0016-0002,2020150303,CN,1,0.5,0,CU,10,AWG
4461,KSA2020150305,S0100-0016-003a,2020150305,CN,1,0.5,0,CU,10,AWG
4462,KSA2020150306,S0100-0016-0002,2020150306,CN,1,0.5,0,CU,10,AWG
4463,KSA2020150307,S0100-0016-003a,2020150307,CN,1,0.5,0,CU,10,AWG
4464,KSA2020150310,S0100-0016-0003,2020150310,CN,1,0.5,0,CU,10,AWG
4465,KSA2020150315,S0100-0016-003b,2020150315,CN,1,0.5,0,CU,10,AWG
4466,KSA2020150316,S0100-0016-003c,2020150316,CN,1,0.5,0,CU,10,AWG
4467,KSA2020150319,S0100-0016-003c,2020150319,CN,1,0.5,0,CU,10,AWG
4468,KSA2020150320,S0100-0016-003c,2020150320,CN,1,0.5,0,CU,10,AWG
4469,KSA2020150321,S0100-0016-003b,2020150321,CN,1,0.5,0,CU,10,AWG
4470,KSA2020150322,S0100-0016-003c,2020150322,CN,1,0.5,0,CU,10,AWG
4471,KSA2020150323,S0100-0016-003c,2020150323,CN,1,0.5,0,CU,10,AWG
4472,KSA2020150324,S0100-0016-003c,2020150324,CN,1,0.5,0,CU,10,AWG
4473,KSA2020150325,S0100-0016-003c,2020150325,CN,1,0.5,0,CU,10,AWG
4474,KSA2020150326,S0100-0016-003c,2020150326,CN,1,0.5,0,CU,10,AWG
4475,KSA2020150327,S0100-0016-0008,2020150327,CN,1,0.5,0,CU,10,AWG
4476,KSA2020150328,S0100-0016-003c,2020150328,CN,1,0.5,0,CU,10,AWG
4477,KSA2020150330,S0100-0016-003d,2020150330,CN,1,0.5,0,CU,10,AWG
4478,KSA2020150345,S0100-030i-0015,2020150345,CN,1,0.5,0,CU,10,AWG
4479,KSA2020150350,S0100-0016-0003,2020150350,CN,1,0.5,0,CU,10,AWG
4480,KSA2020150355,S0100-0016-0003,2020150355,CN,1,0.5,0,CU,10,AWG
4481,KSA2020150360,S0100-0016-0003,2020150360,CN,1,0.5,0,CU,10,AWG
4482,KSA2020150365,S0100-030i-0003,2020150365,CN,1,0.5,0,CU,10,AWG
4483,KSA2020150370,S0100-0016-0004,2020150370,CN,1,0.5,0,CU,10,AWG
4484,KSA2020150375,S0100-030i-0013,2020150375,CN,1,0.5,0,CU,10,AWG
4485,KSA2020150380,S0100-0016-0004,2020150380,CN,1,0.5,0,CU,10,AWG
4486,KSA2020150381,S0100-0016-004a,2020150381,CN,1,0.5,0,CU,10,AWG
4487,KSA2020150382,S0100-0016-004a,2020150382,CN,1,0.5,0,CU,10,AWG
4488,KSA2020150385,S0100-0006-0007,2020150385,CN,1,0.5,0,CU,10,AWG
4489,KSA2020150390,S0100-0016-0006,2020150390,CN,1,0.5,0,CU,10,AWG
4490,KSA2020150395,S0100-030i-0007,2020150395,CN,1,0.5,0,CU,10,AWG
4491,KSA2020150400,S0100-0016-0004,2020150400,CN,1,0.5,0,CU,10,AWG
4492,KSA2020150405,S0100-030i-0010,2020150405,CN,1,0.5,0,CU,10,AWG
4493,KSA2020150410,S0100-0016-004a,2020150410,CN,1,0.5,0,CU,10,AWG
4494,KSA2020150415,S0100-0016-003c,2020150415,CN,1,0.5,0,CU,10,AWG
4495,KSA2020150420,S0100-0016-004a,2020150420,CN,1,0.5,0,CU,10,AWG
4496,KSA2020150425,S0100-0016-0004,2020150425,CN,1,0.5,0,CU,10,AWG
4497,KSA2020150426,S0100-0016-0004,2020150426,CN,1,0.5,0,CU,10,AWG
4498,KSA2020150430,S0100-0016-004a,2020150430,CN,1,0.5,0,CU,10,AWG
4499,KSA2020150432,S0100-0016-0005,2020150432,CN,1,0.5,0,CU,10,AWG
4500,KSA2020150440,S0100-0016-0004,2020150440,CN,1,0.5,0,CU,10,AWG
4501,KSA2020150450,S0100-0016-0005,2020150450,CN,1,0.5,0,CU,10,AWG
4502,KSA2020150455,S0100-0016-0005,2020150455,CN,1,0.5,0,CU,10,AWG
4503,KSA2020150456,S0100-0016-0005,2020150456,CN,1,0.5,0,CU,10,AWG
4504,KSA2020150465,S0100-0016-0005,2020150465,CN,1,0.5,0,CU,10,AWG
4505,KSA2020150470,S0100-0016-0008,2020150470,CN,1,0.5,0,CU,10,AWG
4506,KSA2020150472,S0100-0016-0006,2020150472,CN,1,0.5,0,CU,10,AWG
4507,KSA2020150473,S0100-0016-0006,2020150473,CN,1,0.5,0,CU,10,AWG
4508,KSA2020150474,S0100-0016-0006,2020150474,CN,1,0.5,0,CU,10,AWG
4509,KSA2020150475,S0100-0016-0006,2020150475,CN,1,0.5,0,CU,10,AWG
4510,KSA2020150480,S0100-0016-0006,2020150480,CN,1,0.5,0,CU,10,AWG
4511,KSA2020150485,S0100-0016-0006,2020150485,CN,1,0.5,0,CU,10,AWG
4512,KSA2020150490,S0100-0016-0007,2020150490,CN,1,0.5,0,CU,10,AWG
4513,KSA2020150491,S0100-0016-0007,2020150491,CN,1,0.5,0,CU,10,AWG
4514,KSA2020150494,S0100-0016-0007,2020150494,CN,1,0.5,0,CU,10,AWG
4515,KSA2020150495,S0100-0016-003c,2020150495,CN,1,0.5,0,CU,10,AWG
4516,KSA2020150496,S0100-0016-0008,2020150496,CN,1,0.5,0,CU,10,AWG
4517,KSA2020150497,S0100-0016-003c,2020150497,CN,1,0.5,0,CU,10,AWG
4518,KSA2020150500,S0100-0016-0008,2020150500,CN,1,0.5,0,CU,10,AWG
4519,KSA2020150502,S0100-0016-0008,2020150502,CN,1,0.5,0,CU,10,AWG
4520,KSA2020150505,S0100-0016-0007,2020150505,CN,1,0.5,0,CU,10,AWG
4521,KSA2020150506,S0100-0016-0007,2020150506,CN,1,0.5,0,CU,10,AWG
4522,KSA2020150510,S0100-0016-0008,2020150510,CN,1,0.5,0,CU,10,AWG
4523,KSA2020150515,S0100-030i-0012,2020150515,CN,1,0.5,0,CU,10,AWG
4524,KSA2020150520,S0100-0016-010a,2020150520,CN,1,0.5,0,CU,10,AWG
4525,KSA2020150525,S0100-0006-006a,2020150525,CN,1,0.5,0,CU,10,AWG
4526,KSA2020150530,S0100-0016-0010,2020150530,CN,1,0.5,0,CU,10,AWG
4527,KSA2020150531,S0100-0016-0010,2020150531,CN,1,0.5,0,CU,10,AWG
4528,KSA2020150532,S0100-0020-0001,2020150532,CN,1,5.0,0,AL,2,AWG
4529,KSA2020150536,S0100-0016-0009,2020150536,CN,1,0.5,0,CU,10,AWG
4530,KSA2020150540,S0100-0016-010a,2020150540,CN,1,0.5,0,CU,10,AWG
4531,KSA2020150541,S0100-0028-0001,2020150541,CN,1,0.5,0,CU,10,AWG
4532,KSA2020150545,S0100-0006-0004,2020150545,CN,1,0.5,0,CU,10,AWG
4533,KSA2020150550,S0100-0028-0001,2020150550,CN,1,0.5,0,CU,10,AWG
4534,KSA2020150555,S0100-0028-0001,2020150555,CN,1,0.5,0,CU,10,AWG
4535,KSA2020150556,S0100-0028-0002,2020150556,CN,1,0.5,0,CU,10,AWG
4536,KSA2020150565,S0100-0028-010b,2020150565,CN,1,0.5,0,CU,10,AWG
4537,KSA2020150570,S0100-0028-0002,2020150570,CN,1,0.5,0,CU,10,AWG
4538,KSA2020150580,S0100-0028-0002,2020150580,CN,1,0.5,0,CU,10,AWG
4539,KSA2020150585,S0100-0028-0002,2020150585,CN,1,0.5,0,CU,10,AWG
4540,KSA2020150590,S0100-0028-0003,2020150590,CN,1,0.5,0,CU,10,AWG
4541,KSA2020150595,S0100-0006-0004,2020150595,CN,1,0.5,0,CU,10,AWG
4542,KSA2020150600,S0100-0028-0003,2020150600,CN,1,0.5,0,CU,10,AWG
4543,KSA2020150605,S0100-0006-0007,2020150605,CN,1,0.5,0,CU,10,AWG
4544,KSA2020150610,S0100-0028-0004,2020150610,CN,1,0.5,0,CU,10,AWG
4545,KSA2020150615,S0100-0016-0006,2020150615,CN,1,0.5,0,CU,10,AWG
4546,KSA2020150620,S0100-0028-0004,2020150620,CN,1,0.5,0,CU,10,AWG
4547,KSA2020150621,S0100-0028-0005,2020150621,CN,1,0.5,0,CU,10,AWG
4548,KSA2020150622,S0100-0028-0003,2020150622,CN,1,0.5,0,CU,10,AWG
4549,KSA2020150625,S0100-0016-0002,2020150625,CN,1,0.5,0,CU,10,AWG
4550,KSA2020150635,S0100-030i-0010,2020150635,CN,1,0.5,0,CU,10,AWG
4551,KSA2020150640,S0100-0028-0008,2020150640,CN,1,0.5,0,CU,10,AWG
4552,KSA2020150645,S0100-0028-0004,2020150645,CN,1,0.5,0,CU,10,AWG
4553,KSA2020150650,S0100-0028-0006,2020150650,CN,1,0.5,0,CU,10,AWG
4554,KSA2020150652,S0100-0028-0006,2020150652,CN,1,0.5,0,CU,10,AWG
4555,KSA2020150653,S0100-0028-0006,2020150653,CN,1,0.5,0,CU,10,AWG
4556,KSA2020150655,S0100-0028-0006,2020150655,CN,1,0.5,0,CU,10,AWG
4557,KSA2020150656,S0100-0028-0006,2020150656,CN,1,0.5,0,CU,10,AWG
4558,KSA2020150657,S0100-0028-0005,2020150657,CN,1,0.5,0,CU,10,AWG
4559,KSA2020150660,S0100-0028-0006,2020150660,CN,1,0.5,0,CU,10,AWG
4560,KSA2020150661,S0100-0028-0006,2020150661,CN,1,0.5,0,CU,10,AWG
4561,KSA2020150665,S0100-0028-0009,2020150665,CN,1,0.5,0,CU,10,AWG
4562,KSA2020150670,S0100-0028-0006,2020150670,CN,1,0.5,0,CU,10,AWG
4563,KSA2020150675,S0100-0016-003b,2020150675,CN,1,0.5,0,CU,10,AWG
4564,KSA2020150680,S0100-0028-0007,2020150680,CN,1,0.5,0,CU,10,AWG
4565,KSA2020150685,S0100-0006-006a,2020150685,CN,1,0.5,0,CU,10,AWG
4566,KSA2020150690,S0100-0028-0007,2020150690,CN,1,0.5,0,CU,10,AWG
4567,KSA2020150695,S0100-0028-0008,2020150695,CN,1,0.5,0,CU,10,AWG
4568,KSA2020150700,S0100-0028-0008,2020150700,CN,1,0.5,0,CU,10,AWG
4569,KSA2020150705,S0100-0028-0008,2020150705,CN,1,0.5,0,CU,10,AWG
4570,KSA2020150710,S0100-0028-0008,2020150710,CN,1,0.5,0,CU,10,AWG
4571,KSA2020150715,S0100-0006-0003,2020150715,CN,1,0.5,0,CU,10,AWG
4572,KSA2020150720,S0100-0028-0008,2020150720,CN,1,0.5,0,CU,10,AWG
4573,KSA2020150725,S0100-030i-0017,2020150725,CN,1,0.5,0,CU,10,AWG
4574,KSA2020150730,S0100-0028-0008,2020150730,CN,1,0.5,0,CU,10,AWG
4575,KSA2020150735,S0100-0006-0008,2020150735,CN,1,0.5,0,CU,10,AWG
4576,KSA2020150740,S0100-0028-0008,2020150740,CN,1,0.5,0,CU,10,AWG
4577,KSA2020150745,S0100-0016-003d,2020150745,CN,1,0.5,0,CU,10,AWG
4578,KSA2020150750,S0100-0028-0008,2020150750,CN,1,0.5,0,CU,10,AWG
4579,KSA2020150755,S0100-0028-0009,2020150755,CN,1,0.5,0,CU,10,AWG
4580,KSA2020150760,S0100-0028-0010,2020150760,CN,1,0.5,0,CU,10,AWG
4581,KSA2020150765,S0100-030i-0011,2020150765,CN,1,0.5,0,CU,10,AWG
4582,KSA2020150770,S0100-0028-0010,2020150770,CN,1,0.5,0,CU,10,AWG
4583,KSA2020150775,S0100-030i-0004,2020150775,CN,1,0.5,0,CU,10,AWG
4584,KSA2020150780,S0100-0028-0010,2020150780,CN,1,0.5,0,CU,10,AWG
4585,KSA2020150785,S0100-030i-0012,2020150785,CN,1,0.5,0,CU,10,AWG
4586,KSA2020150790,S0100-0028-0011,2020150790,CN,1,0.5,0,CU,10,AWG
4587,KSA2020150795,S0100-0028-0011,2020150795,CN,1,0.5,0,CU,10,AWG
4588,KSA2020150797,S0100-0028-0011,2020150797,CN,1,0.5,0,CU,10,AWG
4589,KSA2020150805,S0100-0016-003c,2020150805,CN,1,0.5,0,CU,10,AWG
4590,KSA2020150810,S0100-0028-0011,2020150810,CN,1,0.5,0,CU,10,AWG
4591,KSA2020150815,S0100-030i-007b,2020150815,CN,1,0.5,0,CU,10,AWG
4592,KSA2020150820,S0100-0028-0011,2020150820,CN,1,0.5,0,CU,10,AWG
4593,KSA2020150823,S0100-0028-0011,2020150823,CN,1,0.5,0,CU,10,AWG
4594,KSA2020150825,S0100-0028-0011,2020150825,CN,1,0.5,0,CU,10,AWG
4595,KSA2020150826,S0100-0028-0011,2020150826,CN,1,0.5,0,CU,10,AWG
4596,KSA2020150830,S0100-0028-0011,2020150830,CN,1,0.5,0,CU,10,AWG
4597,KSA2020150835,S0100-0028-0012,2020150835,CN,1,0.5,0,CU,10,AWG
4598,KSA2020150840,S0100-0028-0011,2020150840,CN,1,0.5,0,CU,10,AWG
4599,KSA2020150845,S0100-0028-010c,2020150845,CN,1,0.5,0,CU,10,AWG
4600,KSA2020150850,S0100-0028-010b,2020150850,CN,1,0.5,0,CU,10,AWG
4601,KSA2020150855,S0100-0028-010c,2020150855,CN,1,0.5,0,CU,10,AWG
4602,KSA2020150860,S0100-0028-010b,2020150860,CN,1,0.5,0,CU,10,AWG
4603,KSA2020150865,S0100-0028-010b,2020150865,CN,1,0.5,0,CU,10,AWG
4604,KSA2020150866,S0100-0028-010c,2020150866,CN,1,0.5,0,CU,10,AWG
4605,KSA2020150867,S0100-030i-0001,2020150867,CN,1,0.5,0,CU,10,AWG
4606,KSA2020150868,S0100-030i-0001,2020150868,CN,1,0.5,0,CU,10,AWG
4607,KSA2020150869,S0100-030i-0001,2020150869,CN,1,0.5,0,CU,10,AWG
4608,KSA2020150870,S0100-030i-0001,2020150870,CN,1,0.5,0,CU,10,AWG
4609,KSA2020150872,S0100-0028-0010,2020150872,CN,1,0.5,0,CU,10,AWG
4610,KSA2020150873,S0100-030i-0001,2020150873,CN,1,0.5,0,CU,10,AWG
4611,KSA2020150874,S0100-030i-0001,2020150874,CN,1,0.5,0,CU,10,AWG
4612,KSA2020150875,S0100-030i-0001,2020150875,CN,1,0.5,0,CU,10,AWG
4613,KSA2020150876,S0100-030i-0001,2020150876,CN,1,0.5,0,CU,10,AWG
4614,KSA2020150880,S0100-030i-0002,2020150880,CN,1,0.5,0,CU,10,AWG
4615,KSA2020150890,S0100-030i-0001,2020150890,CN,1,0.5,0,CU,10,AWG
4616,KSA2020150900,S0100-030i-0002,2020150900,CN,1,0.5,0,CU,10,AWG
4617,KSA2020150910,S0100-030i-0002,2020150910,CN,1,0.5,0,CU,10,AWG
4618,KSA2020150915,S0100-030i-0002,2020150915,CN,1,0.5,0,CU,10,AWG
4619,KSA2020150917,S0100-030i-0002,2020150917,CN,1,0.5,0,CU,10,AWG
4620,KSA2020150918,S0100-030i-0002,2020150918,CN,1,0.5,0,CU,10,AWG
4621,KSA2020150920,S0100-030i-0002,2020150920,CN,1,0.5,0,CU,10,AWG
4622,KSA2020150930,S0100-030i-0002,2020150930,CN,1,0.5,0,CU,10,AWG
4623,KSA2020150940,S0100-030i-0002,2020150940,CN,1,0.5,0,CU,10,AWG
4624,KSA2020150950,S0100-030i-0003,2020150950,CN,1,0.5,0,CU,10,AWG
4625,KSA2020150960,S0100-030i-0003,2020150960,CN,1,0.5,0,CU,10,AWG
4626,KSA2020150961,S0100-030i-0004,2020150961,CN,1,0.5,0,CU,10,AWG
4627,KSA2020150962,S0100-030i-0003,2020150962,CN,1,0.5,0,CU,10,AWG
4628,KSA2020150963,S0100-030i-0004,2020150963,CN,1,0.5,0,CU,10,AWG
4629,KSA2020150964,S0100-030i-0003,2020150964,CN,1,0.5,0,CU,10,AWG
4630,KSA2020150965,S0100-030i-0005,2020150965,CN,1,0.5,0,CU,10,AWG
4631,KSA2020150966,S0100-030i-0004,2020150966,CN,1,0.5,0,CU,10,AWG
4632,KSA2020150970,S0100-030i-0004,2020150970,CN,1,0.5,0,CU,10,AWG
4633,KSA2020150971,S0100-030i-0005,2020150971,CN,1,0.5,0,CU,10,AWG
4634,KSA2020150974,S0100-030i-0004,2020150974,CN,1,0.5,0,CU,10,AWG
4635,KSA2020150975,S0100-030i-0005,2020150975,CN,1,0.5,0,CU,10,AWG
4636,KSA2020150977,S0100-030i-0005,2020150977,CN,1,0.5,0,CU,10,AWG
4637,KSA2020150979,S0100-030i-0005,2020150979,CN,1,0.5,0,CU,10,AWG
4638,KSA2020150980,S0100-030i-0006,2020150980,CN,1,0.5,0,CU,10,AWG
4639,KSA2020150981,S0100-030i-0005,2020150981,CN,1,0.5,0,CU,10,AWG
4640,KSA2020150982,S0100-030i-0005,2020150982,CN,1,0.5,0,CU,10,AWG
4641,KSA2020150990,S0100-030i-0006,2020150990,CN,1,0.5,0,CU,10,AWG
4642,KSA2020150995,S0100-030i-0006,2020150995,CN,1,0.5,0,CU,10,AWG
4643,KSA2020150996,S0100-030i-0007,2020150996,CN,1,0.5,0,CU,10,AWG
4644,KSA2020150998,S0100-030i-0007,2020150998,CN,1,0.5,0,CU,10,AWG
4645,KSA2020151000,S0100-030i-007b,2020151000,CN,1,0.5,0,CU,10,AWG
4646,KSA2020151009,S0100-030i-007b,2020151009,CN,1,0.5,0,CU,10,AWG
4647,KSA2020151010,S0100-030i-007b,2020151010,CN,1,0.5,0,CU,10,AWG
4648,KSA2020151012,S0100-030i-007b,2020151012,CN,1,0.5,0,CU,10,AWG
4649,KSA2020151013,S0100-030i-007b,2020151013,CN,1,0.5,0,CU,10,AWG
4650,KSA2020151014,S0100-030i-007a,2020151014,CN,1,0.5,0,CU,10,AWG
4651,KSA2020151015,S0100-030i-007a,2020151015,CN,1,0.5,0,CU,10,AWG
4652,KSA2020151016,S0100-030i-007b,2020151016,CN,1,0.5,0,CU,10,AWG
4653,KSA2020151018,S0100-030i-0009,2020151018,CN,1,0.5,0,CU,10,AWG
4654,KSA2020151019,S0100-030i-0008,2020151019,CN,1,0.5,0,CU,10,AWG
4655,KSA2020151025,S0100-030i-007b,2020151025,CN,1,0.5,0,CU,10,AWG
4656,KSA2020151026,S0100-030i-0008,2020151026,CN,1,0.5,0,CU,10,AWG
4657,KSA2020151030,S0100-030i-0009,2020151030,CN,1,0.5,0,CU,10,AWG
4658,KSA2020151035,S0100-030i-0009,2020151035,CN,1,0.5,0,CU,10,AWG
4659,KSA2020151036,S0100-030i-0009,2020151036,CN,1,0.5,0,CU,10,AWG
4660,KSA2020151040,S0100-030i-0009,2020151040,CN,1,0.5,0,CU,10,AWG
4661,KSA2020151045,S0100-030i-0007,2020151045,CN,1,0.5,0,CU,10,AWG
4662,KSA2020151050,S0100-030i-0009,2020151050,CN,1,0.5,0,CU,10,AWG
4663,KSA2020151055,S0100-030i-0010,2020151055,CN,1,0.5,0,CU,10,AWG
4664,KSA2020151060,S0100-030i-0010,2020151060,CN,1,0.5,0,CU,10,AWG
4665,KSA2020151065,S0100-030i-0010,2020151065,CN,1,0.5,0,CU,10,AWG
4666,KSA2020151066,S0100-030i-0009,2020151066,CN,1,0.5,0,CU,10,AWG
4667,KSA2020151067,S0100-030i-0010,2020151067,CN,1,0.5,0,CU,10,AWG
4668,KSA2020151068,S0100-030i-0011,2020151068,CN,1,0.5,0,CU,10,AWG
4669,KSA2020151069,S0100-030i-0010,2020151069,CN,1,0.5,0,CU,10,AWG
4670,KSA2020151071,S0100-030i-0011,2020151071,CN,1,0.5,0,CU,10,AWG
4671,KSA2020151072,S0100-030i-0012,2020151072,CN,1,0.5,0,CU,10,AWG
4672,KSA2020151073,S0100-030i-0012,2020151073,CN,1,0.5,0,CU,10,AWG
4673,KSA2020151074,S0100-030i-0012,2020151074,CN,1,0.5,0,CU,10,AWG
4674,KSA2020151075,S0100-030i-0012,2020151075,CN,1,0.5,0,CU,10,AWG
4675,KSA2020151076,S0100-030i-0012,2020151076,CN,1,0.5,0,CU,10,AWG
4676,KSA2020151077,S0100-030i-0012,2020151077,CN,1,0.5,0,CU,10,AWG
4677,KSA2020151078,S0100-030i-0012,2020151078,CN,1,0.5,0,CU,10,AWG
4678,KSA2020151079,S0100-030i-0012,2020151079,CN,1,0.5,0,CU,10,AWG
4679,KSA2020151081,S0100-030i-0012,2020151081,CN,1,0.5,0,CU,10,AWG
4680,KSA2020151082,S0100-030i-0012,2020151082,CN,1,0.5,0,CU,10,AWG
4681,KSA2020151083,S0100-030i-0011,2020151083,CN,1,0.5,0,CU,10,AWG
4682,KSA2020151092,S0100-030i-0013,2020151092,CN,1,0.5,0,CU,10,AWG
4683,KSA2020151093,S0100-030i-0013,2020151093,CN,1,0.5,0,CU,10,AWG
4684,KSA2020151095,S0100-030i-0014,2020151095,CN,1,0.5,0,CU,10,AWG
4685,KSA2020151096,S0100-030i-0013,2020151096,CN,1,0.5,0,CU,10,AWG
4686,KSA2020151097,S0100-030i-0014,2020151097,CN,1,0.5,0,CU,10,AWG
4687,KSA2020151100,S0100-030i-0013,2020151100,CN,1,0.5,0,CU,10,AWG
4688,KSA2020151105,S0100-030i-0015,2020151105,CN,1,0.5,0,CU,10,AWG
4689,KSA2020151110,S0100-030i-0015,2020151110,CN,1,0.5,0,CU,10,AWG
4690,KSA2020151120,S0100-030i-0014,2020151120,CN,1,0.5,0,CU,10,AWG
4691,KSA2020151122,S0100-030i-0014,2020151122,CN,1,0.5,0,CU,10,AWG
4692,KSA2020151124,S0100-030i-0015,2020151124,CN,1,0.5,0,CU,10,AWG
4693,KSA2020151125,S0100-030i-0014,2020151125,CN,1,0.5,0,CU,10,AWG
4694,KSA2020151130,S0100-030i-0016,2020151130,CN,1,0.5,0,CU,10,AWG
4695,KSA2020151135,S0100-030i-0016,2020151135,CN,1,0.5,0,CU,10,AWG
4696,KSA2020151138,S0100-030i-0016,2020151138,CN,1,0.5,0,CU,10,AWG
4697,KSA2020151139,S0100-030i-0016,2020151139,CN,1,0.5,0,CU,10,AWG
4698,KSA2020151140,S0100-030i-0017,2020151140,CN,1,0.5,0,CU,10,AWG
4699,KSA2020151143,S0100-030i-0017,2020151143,CN,1,0.5,0,CU,10,AWG
4700,KSA2020151146,S0100-030i-0015,2020151146,CN,1,0.5,0,CU,10,AWG
4701,KSA2020151150,S0100-13ar-005B,2020151150,CN,1,0.5,0,CU,10,AWG
4702,KSA2020151151,S0100-0006-0004,2020151151,CN,1,0.5,0,CU,10,AWG
4703,KSA2020151152,S0100-030i-0013,2020151152,CN,1,0.5,0,CU,10,AWG
4704,KSA2020151153,S0100-030i-0001,2020151153,CN,1,0.5,0,CU,10,AWG
4705,KSA2020151155,S0100-0028-010c,2020151155,CN,1,0.5,0,CU,10,AWG
4706,KSA2020151156,S0100-0028-010c,2020151156,CN,1,0.5,0,CU,10,AWG
4707,KSA2020151157,S0100-030i-0005,2020151157,CN,1,0.5,0,CU,10,AWG
4708,KSA2020151158,S0100-030i-0015,2020151158,CN,1,0.5,0,CU,10,AWG
4709,KSA2020151159,S0100-030i-0009,2020151159,CN,1,0.5,0,CU,10,AWG
4710,KSA2020151160,S0100-0016-0006,2020151160,CN,1,0.5,0,CU,10,AWG
4711,KSA2020151161,S0100-030i-0010,2020151161,CN,1,0.5,0,CU,10,AWG
4712,KSA2020151162,S0100-0016-003c,2020151162,CN,1,0.5,0,CU,10,AWG
4713,KSA2020151163,S0100-0006-006a,2020151163,CN,1,0.5,0,CU,10,AWG
4714,KSA2020151164,S0100-0006-0005,2020151164,CN,1,0.5,0,CU,10,AWG
4715,KSA2020151165,S0100-0006-0002,2020151165,CN,1,0.5,0,CU,10,AWG
4716,KSA2020151166,S0100-0006-0002,2020151166,CN,1,0.5,0,CU,10,AWG
4717,KSA2020151167,S0100-0006-0011,2020151167,CN,1,0.5,0,CU,10,AWG
4718,KSA2020151168,S0100-0006-0011,2020151168,CN,1,0.5,0,CU,10,AWG
4719,KSA2020151169,S0100-0028-010c,2020151169,CN,1,0.5,0,CU,10,AWG
4720,KSA2020151170,S0100-0006-0005,2020151170,CN,1,0.5,0,CU,10,AWG
4721,KSA2020151171,S0100-0006-0002,2020151171,CN,1,0.5,0,CU,10,AWG
4722,KSA2020151172,S0100-0006-0002,2020151172,CN,1,0.5,0,CU,10,AWG
4723,KSA2020151173,S0100-0006-0005,2020151173,CN,1,0.5,0,CU,10,AWG
4724,KSA2020151175,S0100-0006-0002,2020151175,CN,1,0.5,0,CU,10,AWG
4725,KSA2020151176,S0100-0006-0002,2020151176,CN,1,61.0,0,ACSR,2,AWG
4726,KSA2020151177,S0100-0006-0002,2020151177,CN,1,61.0,0,ACSR,2,AWG
4727,KSA2020151179,S0100-0006-0002,2020151179,CN,1,61.0,0,ACSR,2,AWG
4728,KSA2020151180,S0100-0006-0002,2020151180,CN,1,61.0,0,ACSR,2,AWG
4729,KSA2020151181,S0100-0006-0002,2020151181,CN,1,61.0,0,ACSR,2,AWG
4730,KSA2020151182,S0100-0006-0002,2020151182,CN,1,61.0,0,ACSR,2,AWG
4731,KSA2020151183,S0100-0006-0002,2020151183,CN,1,61.0,0,ACSR,2,AWG
4732,KSA2020151184,S0100-0006-0002,2020151184,CN,1,61.0,0,ACSR,2,AWG
4733,KSA2020151185,S0100-0006-0002,2020151185,CN,1,61.0,0,ACSR,2,AWG
4734,KSA2020151186,S0100-0006-0002,2020151186,CN,1,61.0,0,ACSR,2,AWG
4735,KSA2020151187,S0100-0006-0002,2020151187,CN,1,61.0,0,ACSR,2,AWG
4736,KSA2020151188,S0100-0006-0002,2020151188,CN,1,61.0,0,ACSR,2,AWG
4737,KSA2020151189,S0100-0006-0002,2020151189,CN,1,61.0,0,ACSR,2,AWG
4738,KSA2020151190,S0100-0006-0002,2020151190,CN,1,61.0,0,ACSR,2,AWG
4739,KSA2020151191,S0100-0006-0002,2020151191,CN,1,61.0,0,ACSR,2,AWG
4740,KSA2020151192,S0100-0006-0002,2020151192,CN,1,61.0,0,ACSR,2,AWG
4741,KSA2020151193,S0100-0006-0002,2020151193,CN,1,61.0,0,ACSR,2,AWG
4742,KSA2020151194,S0100-0006-0002,2020151194,CN,1,61.0,0,ACSR,2,AWG
4743,KSA2020151195,S0100-0006-0002,2020151195,CN,1,61.0,0,ACSR,2,AWG
4744,KSA2020151196,S0100-0006-0002,2020151196,CN,1,61.0,0,ACSR,2,AWG
4745,KSA2020151197,S0100-0006-0002,2020151197,CN,1,61.0,0,ACSR,2,AWG
4746,KSA2020151198,S0100-0006-0002,2020151198,CN,1,61.0,0,ACSR,2,AWG
4747,KSA2020151199,S0100-0006-0002,2020151199,CN,1,61.0,0,ACSR,2,AWG
4748,KSA2020151200,S0100-0006-0002,2020151200,CN,1,61.0,0,ACSR,2,AWG
4749,KSA2020151201,S0100-0006-0002,2020151201,CN,1,61.0,0,ACSR,2,AWG
4750,KSA2020151202,S0100-0006-0002,2020151202,CN,1,61.0,0,ACSR,2,AWG
4751,KSA2020151203,S0100-0006-0002,2020151203,CN,1,61.0,0,ACSR,2,AWG
4752,KSA2020151204,S0100-0006-0002,2020151204,CN,1,61.0,0,ACSR,2,AWG
4753,KSA2020151205,S0100-0006-0002,2020151205,CN,1,61.0,0,ACSR,2,AWG
4754,KSA2020151206,S0100-0006-0002,2020151206,CN,1,61.0,0,ACSR,2,AWG
4755,KSA2020151207,S0100-0006-0002,2020151207,CN,1,61.0,0,ACSR,2,AWG
4756,KSA2020151208,S0100-0006-0002,2020151208,CN,1,61.0,0,ACSR,2,AWG
4757,KSA2020151209,S0100-0006-0002,2020151209,CN,1,61.0,0,ACSR,2,AWG
4758,KSA2020151210,S0100-0006-0002,2020151210,CN,1,61.0,0,ACSR,2,AWG
4759,KSA2020151211,S0100-0006-0002,2020151211,CN,1,61.0,0,ACSR,2,AWG
4760,KSA2020151212,S0100-0006-0002,2020151212,CN,1,61.0,0,ACSR,2,AWG
4761,KSA2020151213,S0100-0006-0002,2020151213,CN,1,61.0,0,ACSR,2,AWG
4762,KSA2020151214,S0100-0006-0002,2020151214,CN,1,61.0,0,ACSR,2,AWG
4763,KSA2020151215,S0100-0006-0002,2020151215,CN,1,61.0,0,ACSR,2,AWG
4764,KSA2020151216,S0100-0006-0002,2020151216,CN,1,61.0,0,ACSR,2,AWG
4765,KSA2020151217,S0100-0006-0002,2020151217,CN,1,61.0,0,ACSR,2,AWG
4766,KSA2020151218,S0100-0006-0002,2020151218,CN,1,61.0,0,ACSR,2,AWG
4767,KSA2020151219,S0100-0006-0002,2020151219,CN,1,61.0,0,ACSR,2,AWG
4768,KSA2020151220,S0100-0006-0002,2020151220,CN,1,61.0,0,ACSR,2,AWG
4769,KSA2020151221,S0100-0006-0002,2020151221,CN,1,61.0,0,ACSR,2,AWG
4770,KSA2020151222,S0100-0006-0002,2020151222,CN,1,61.0,0,ACSR,2,AWG
4771,KSA2020151223,S0100-0006-0002,2020151223,CN,1,61.0,0,ACSR,2,AWG
4772,KSA2020151224,S0100-0006-0002,2020151224,CN,1,61.0,0,ACSR,2,AWG
4773,KSA2020151225,S0100-0006-0002,2020151225,CN,1,61.0,0,ACSR,2,AWG
4774,KSA2020151226,S0100-0006-0002,2020151226,CN,1,61.0,0,ACSR,2,AWG
4775,KSA2020151227,S0100-0006-0002,2020151227,CN,1,61.0,0,ACSR,2,AWG
4776,KSA2020160010,S0100-0042-003a,2020160010,CN,1,0.5,0,CU,10,AWG
4777,KSA2020160020,S0100-0042-003a,2020160020,CN,1,0.5,0,CU,10,AWG
4778,KSA2020160030,S0100-0042-003a,2020160030,CN,1,0.5,0,CU,10,AWG
4779,KSA2020160040,S0100-0042-0002,2020160040,CN,1,0.5,0,CU,10,AWG
4780,KSA2020160050,S0100-0042-0005,2020160050,CN,1,0.5,0,CU,10,AWG
4781,KSA2020160052,S0100-0042-0005,2020160052,CN,1,0.5,0,CU,10,AWG
4782,KSA2020160053,S0100-0042-0005,2020160053,CN,1,0.5,0,CU,10,AWG
4783,KSA2020160055,S0100-0042-0007,2020160055,CN,1,0.5,0,CU,10,AWG
4784,KSA2020160060,S0100-0042-0005,2020160060,CN,1,0.5,0,CU,10,AWG
4785,KSA2020160070,S0100-039h-0005,2020160070,CN,1,0.5,0,CU,10,AWG
4786,KSA2020160080,S0100-039h-0005,2020160080,CN,1,0.5,0,CU,10,AWG
4787,KSA2020160090,S0100-039h-0005,2020160090,CN,1,0.5,0,CU,10,AWG
4788,KSA2020160100,S0100-039h-0007,2020160100,CN,1,0.5,0,CU,10,AWG
4789,KSA2020160105,S0100-039h-0007,2020160105,CN,1,0.5,0,CU,10,AWG
4790,KSA2020160110,S0100-039h-0007,2020160110,CN,1,0.5,0,CU,10,AWG
4791,KSA2020160115,S0100-039h-0007,2020160115,CN,1,0.5,0,CU,10,AWG
4792,KSA2020160120,S0100-039h-0007,2020160120,CN,1,0.5,0,CU,10,AWG
4793,KSA2020160125,S0100-039h-0007,2020160125,CN,1,0.5,0,CU,10,AWG
4794,KSA2020160130,S0100-039h-0007,2020160130,CN,1,0.5,0,CU,10,AWG
4795,KSA2020160135,S0100-0058-005C,2020160135,CN,1,0.5,0,CU,10,AWG
4796,KSA2020160140,S0100-039h-0008,2020160140,CN,1,0.5,0,CU,10,AWG
4797,KSA2020160141,S0100-039h-0008,2020160141,CN,1,0.5,0,CU,10,AWG
4798,KSA2020160143,S0100-039h-0007,2020160143,CN,1,0.5,0,CU,10,AWG
4799,KSA2020160144,S0100-039h-0008,2020160144,CN,1,0.5,0,CU,10,AWG
4800,KSA2020160145,S0100-039h-0008,2020160145,CN,1,0.5,0,CU,10,AWG
4801,KSA2020160146,S0100-039h-0008,2020160146,CN,1,0.5,0,CU,10,AWG
4802,KSA2020160150,S0100-039h-0008,2020160150,CN,1,0.5,0,CU,10,AWG
4803,KSA2020160155,S0100-0074-0005,2020160155,CN,1,0.5,0,CU,10,AWG
4804,KSA2020160160,S0100-039h-0008,2020160160,CN,1,0.5,0,CU,10,AWG
4805,KSA2020160165,S0100-0074-0001,2020160165,CN,1,0.5,0,CU,10,AWG
4806,KSA2020160170,S0100-039h-0009,2020160170,CN,1,0.5,0,CU,10,AWG
4807,KSA2020160175,S0100-039h-0010,2020160175,CN,1,0.5,0,CU,10,AWG
4808,KSA2020160176,S0100-039h-0012,2020160176,CN,1,0.5,0,CU,10,AWG
4809,KSA2020160179,S0100-0042-010d,2020160179,CN,1,0.5,0,CU,10,AWG
4810,KSA2020160180,S0100-039h-0010,2020160180,CN,1,0.5,0,CU,10,AWG
4811,KSA2020160181,S0100-039h-0012,2020160181,CN,1,0.5,0,CU,10,AWG
4812,KSA2020160182,S0100-039h-0011,2020160182,CN,1,0.5,0,CU,10,AWG
4813,KSA2020160183,S0100-039h-0014,2020160183,CN,1,0.5,0,CU,10,AWG
4814,KSA2020160184,S0100-039h-0014,2020160184,CN,1,0.5,0,CU,10,AWG
4815,KSA2020160185,S0100-039h-0014,2020160185,CN,1,0.5,0,CU,10,AWG
4816,KSA2020160186,S0100-039h-0012,2020160186,CN,1,0.5,0,CU,10,AWG
4817,KSA2020160187,S0100-039h-0009,2020160187,CN,1,0.5,0,CU,10,AWG
4818,KSA2020160188,S0100-039h-0015,2020160188,CN,1,0.5,0,CU,10,AWG
4819,KSA2020160189,S0100-039h-0010,2020160189,CN,1,0.5,0,CU,10,AWG
4820,KSA2020160190,S0100-039h-0018,2020160190,CN,1,0.5,0,CU,10,AWG
4821,KSA2020160191,S0100-039h-0012,2020160191,CN,1,0.5,0,CU,10,AWG
4822,KSA2020160192,S0100-039h-0017,2020160192,CN,1,0.5,0,CU,10,AWG
4823,KSA2020160193,S0100-039h-0015,2020160193,CN,1,0.5,0,CU,10,AWG
4824,KSA2020160194,S0100-039h-0017,2020160194,CN,1,0.5,0,CU,10,AWG
4825,KSA2020160195,S0100-039h-0017,2020160195,CN,1,0.5,0,CU,10,AWG
4826,KSA2020160196,S0100-039h-0016,2020160196,CN,1,0.5,0,CU,10,AWG
4827,KSA2020160197,S0100-039h-0008,2020160197,CN,1,0.5,0,CU,10,AWG
4828,KSA2020160198,S0100-039h-0017,2020160198,CN,1,0.5,0,CU,10,AWG
4829,KSA2020160199,S0100-039h-0010,2020160199,CN,1,0.5,0,CU,10,AWG
4830,KSA2020160200,S0100-039h-0017,2020160200,CN,1,0.5,0,CU,10,AWG
4831,KSA2020160201,S0100-039h-0018,2020160201,CN,1,0.5,0,CU,10,AWG
4832,KSA2020160206,S0100-039h-0017,2020160206,CN,1,0.5,0,CU,10,AWG
4833,KSA2020160210,S0100-0042-0005,2020160210,CN,1,0.5,0,CU,10,AWG
4834,KSA2020160215,S0100-039h-0022,2020160215,CN,1,0.5,0,CU,10,AWG
4835,KSA2020160220,S0100-039h-0019,2020160220,CN,1,0.5,0,CU,10,AWG
4836,KSA2020160221,S0100-039h-0020,2020160221,CN,1,0.5,0,CU,10,AWG
4837,KSA2020160222,S0100-039h-0018,2020160222,CN,1,0.5,0,CU,10,AWG
4838,KSA2020160223,S0100-039h-0021,2020160223,CN,1,0.5,0,CU,10,AWG
4839,KSA2020160224,S0100-039h-0019,2020160224,CN,1,0.5,0,CU,10,AWG
4840,KSA2020160225,S0100-039h-0020,2020160225,CN,1,0.5,0,CU,10,AWG
4841,KSA2020160230,S0100-039h-0020,2020160230,CN,1,0.5,0,CU,10,AWG
4842,KSA2020160235,S0100-039h-0021,2020160235,CN,1,0.5,0,CU,10,AWG
4843,KSA2020160243,S0100-039h-0022,2020160243,CN,1,0.5,0,CU,10,AWG
4844,KSA2020160245,S0100-039h-0022,2020160245,CN,1,0.5,0,CU,10,AWG
4845,KSA2020160250,S0100-039h-0022,2020160250,CN,1,0.5,0,CU,10,AWG
4846,KSA2020160255,S0100-0042-0005,2020160255,CN,1,0.5,0,CU,10,AWG
4847,KSA2020160265,S0100-039h-0007,2020160265,CN,1,0.5,0,CU,10,AWG
4848,KSA2020160270,S0100-039h-0022,2020160270,CN,1,0.5,0,CU,10,AWG
4849,KSA2020160275,S0100-039h-0020,2020160275,CN,1,0.5,0,CU,10,AWG
4850,KSA2020160280,S0100-039h-0022,2020160280,CN,1,0.5,0,CU,10,AWG
4851,KSA2020160285,S0100-039h-0011,2020160285,CN,1,0.5,0,CU,10,AWG
4852,KSA2020160290,S0100-039h-0022,2020160290,CN,1,0.5,0,CU,10,AWG
4853,KSA2020160295,S0100-039h-0021,2020160295,CN,1,0.5,0,CU,10,AWG
4854,KSA2020160300,S0100-039h-0022,2020160300,CN,1,0.5,0,CU,10,AWG
4855,KSA2020160305,S0100-0074-0008,2020160305,CN,1,0.5,0,CU,10,AWG
4856,KSA2020160306,S0100-0074-0007,2020160306,CN,1,0.5,0,CU,10,AWG
4857,KSA2020160310,S0100-0074-0001,2020160310,CN,1,0.5,0,CU,10,AWG
4858,KSA2020160315,S0100-0074-0008,2020160315,CN,1,0.5,0,CU,10,AWG
4859,KSA2020160321,S0100-0074-0008,2020160321,CN,1,0.5,0,CU,10,AWG
4860,KSA2020160325,S0100-0074-0008,2020160325,CN,1,0.5,0,CU,10,AWG
4861,KSA2020160330,S0100-0074-0008,2020160330,CN,1,0.5,0,CU,10,AWG
4862,KSA2020160335,S0100-0074-0009,2020160335,CN,1,0.5,0,CU,10,AWG
4863,KSA2020160340,S0100-0079-0001,2020160340,CN,1,0.5,0,CU,10,AWG
4864,KSA2020160345,S0122-0004-004B,2020160345,BN,1,0.5,0,CU,10,AWG
4865,KSA2020160348,S0100-0079-0001,2020160348,CN,1,0.5,0,CU,10,AWG
4866,KSA2020160349,S0100-0074-0009,2020160349,CN,1,0.5,0,CU,10,AWG
4867,KSA2020160350,S0100-0079-0001,2020160350,CN,1,0.5,0,CU,10,AWG
4868,KSA2020160355,S0100-0058-0003,2020160355,CN,1,0.5,0,CU,10,AWG
4869,KSA2020160360,S0100-0079-0001,2020160360,CN,1,0.5,0,CU,10,AWG
4870,KSA2020160361,S0100-0079-0007,2020160361,CN,1,0.5,0,CU,10,AWG
4871,KSA2020160362,S0100-0079-0011,2020160362,CN,1,0.5,0,CU,10,AWG
4872,KSA2020160364,S0100-0079-0016,2020160364,CN,1,0.5,0,CU,10,AWG
4873,KSA2020160365,S0100-0079-0013,2020160365,CN,1,0.5,0,CU,10,AWG
4874,KSA2020160366,S0100-0079-0014,2020160366,CN,1,0.5,0,CU,10,AWG
4875,KSA2020160367,S0100-0079-0013,2020160367,CN,1,0.5,0,CU,10,AWG
4876,KSA2020160369,S0100-0079-0016,2020160369,CN,1,0.5,0,CU,10,AWG
4877,KSA2020160370,S0100-0079-0001,2020160370,CN,1,0.5,0,CU,10,AWG
4878,KSA2020160371,S0100-0079-0004,2020160371,CN,1,0.5,0,CU,10,AWG
4879,KSA2020160372,S0100-0079-002a,2020160372,CN,1,0.5,0,CU,10,AWG
4880,KSA2020160373,S0100-0079-0007,2020160373,CN,1,0.5,0,CU,10,AWG
4881,KSA2020160375,S0100-0079-0002,2020160375,CN,1,0.5,0,CU,10,AWG
4882,KSA2020160379,S0100-0079-0003,2020160379,CN,1,0.5,0,CU,10,AWG
4883,KSA2020160380,S0100-0079-0003,2020160380,CN,1,0.5,0,CU,10,AWG
4884,KSA2020160381,S0100-0079-0004,2020160381,CN,1,0.5,0,CU,10,AWG
4885,KSA2020160382,S0100-0079-002a,2020160382,CN,1,0.5,0,CU,10,AWG
4886,KSA2020160383,S0100-0079-002a,2020160383,CN,1,0.5,0,CU,10,AWG
4887,KSA2020160384,S0100-0079-0002,2020160384,CN,1,0.5,0,CU,10,AWG
4888,KSA2020160385,S0100-0079-0003,2020160385,CN,1,0.5,0,CU,10,AWG
4889,KSA2020160386,S0100-0079-0003,2020160386,CN,1,0.5,0,CU,10,AWG
4890,KSA2020160387,S0100-0079-0004,2020160387,CN,1,0.5,0,CU,10,AWG
4891,KSA2020160388,S0100-0079-0005,2020160388,CN,1,0.5,0,CU,10,AWG
4892,KSA2020160389,S0100-0079-0003,2020160389,CN,1,0.5,0,CU,10,AWG
4893,KSA2020160390,S0100-0079-0003,2020160390,CN,1,0.5,0,CU,10,AWG
4894,KSA2020160391,S0100-0079-0004,2020160391,CN,1,0.5,0,CU,10,AWG
4895,KSA2020160392,S0100-0079-0014,2020160392,CN,1,0.5,0,CU,10,AWG
4896,KSA2020160393,S0100-0079-0008,2020160393,CN,1,0.5,0,CU,10,AWG
4897,KSA2020160394,S0100-0079-0011,2020160394,CN,1,0.5,0,CU,10,AWG
4898,KSA2020160395,S0100-0079-0014,2020160395,CN,1,0.5,0,CU,10,AWG
4899,KSA2020160396,S0100-0079-0016,2020160396,CN,1,0.5,0,CU,10,AWG
4900,KSA2020160397,S0100-0079-0016,2020160397,CN,1,0.5,0,CU,10,AWG
4901,KSA2020160398,S0100-0079-0014,2020160398,CN,1,0.5,0,CU,10,AWG
4902,KSA2020160399,S0100-0079-0011,2020160399,CN,1,0.5,0,CU,10,AWG
4903,KSA2020160400,S0100-0074-0007,2020160400,CN,1,0.5,0,CU,10,AWG
4904,KSA2020160401,S0100-0074-0007,2020160401,CN,1,0.5,0,CU,10,AWG
4905,KSA2020160403,S0100-0079-0004,2020160403,CN,1,0.5,0,CU,10,AWG
4906,KSA2020160404,S0100-0079-0004,2020160404,CN,1,0.5,0,CU,10,AWG
4907,KSA2020160405,S0100-0079-0013,2020160405,CN,1,0.5,0,CU,10,AWG
4908,KSA2020160406,S0100-0079-0007,2020160406,CN,1,0.5,0,CU,10,AWG
4909,KSA2020160407,S0100-0074-0007,2020160407,CN,1,0.5,0,CU,10,AWG
4910,KSA2020160410,S0100-0074-0006,2020160410,CN,1,0.5,0,CU,10,AWG
4911,KSA2020160415,S0100-0074-0006,2020160415,CN,1,0.5,0,CU,10,AWG
4912,KSA2020160420,S0100-0074-0006,2020160420,CN,1,0.5,0,CU,10,AWG
4913,KSA2020160425,S0100-0074-0006,2020160425,CN,1,0.5,0,CU,10,AWG
4914,KSA2020160430,S0100-0074-0005,2020160430,CN,1,0.5,0,CU,10,AWG
4915,KSA2020160433,S0100-0074-003B,2020160433,CN,1,0.5,0,CU,10,AWG
4916,KSA2020160434,S0100-0074-0003,2020160434,CN,1,0.5,0,CU,10,AWG
4917,KSA2020160435,S0100-0074-0005,2020160435,CN,1,0.5,0,CU,10,AWG
4918,KSA2020160436,S0100-0074-0004,2020160436,CN,1,0.5,0,CU,10,AWG
4919,KSA2020160437,S0100-0074-0005,2020160437,CN,1,0.5,0,CU,10,AWG
4920,KSA2020160438,S0100-0074-0004,2020160438,CN,1,0.5,0,CU,10,AWG
4921,KSA2020160439,S0100-0074-003B,2020160439,CN,1,0.5,0,CU,10,AWG
4922,KSA2020160440,S0100-0074-003B,2020160440,CN,1,0.5,0,CU,10,AWG
4923,KSA2020160441,S0100-0074-003D,2020160441,CN,1,0.5,0,CU,10,AWG
4924,KSA2020160442,S0100-0074-003B,2020160442,CN,1,0.5,0,CU,10,AWG
4925,KSA2020160443,S0100-0074-003D,2020160443,CN,1,0.5,0,CU,10,AWG
4926,KSA2020160444,S0100-0074-003D,2020160444,CN,1,0.5,0,CU,10,AWG
4927,KSA2020160445,S0100-0074-0003,2020160445,CN,1,0.5,0,CU,10,AWG
4928,KSA2020160446,S0100-0074-003D,2020160446,CN,1,0.5,0,CU,10,AWG
4929,KSA2020160447,S0100-0074-003E,2020160447,CN,1,0.5,0,CU,10,AWG
4930,KSA2020160448,S0100-0074-003D,2020160448,CN,1,0.5,0,CU,10,AWG
4931,KSA2020160449,S0100-0074-003D,2020160449,CN,1,0.5,0,CU,10,AWG
4932,KSA2020160450,S0100-0074-0003,2020160450,CN,1,0.5,0,CU,10,AWG
4933,KSA2020160451,S0100-0074-003E,2020160451,CN,1,0.5,0,CU,10,AWG
4934,KSA2020160452,S0100-0074-003E,2020160452,CN,1,0.5,0,CU,10,AWG
4935,KSA2020160453,S0100-0074-0003,2020160453,CN,1,0.5,0,CU,10,AWG
4936,KSA2020160454,S0100-0074-0001,2020160454,CN,1,0.5,0,CU,10,AWG
4937,KSA2020160455,S0100-0074-0001,2020160455,CN,1,0.5,0,CU,10,AWG
4938,KSA2020160456,S0100-0074-0002,2020160456,CN,1,0.5,0,CU,10,AWG
4939,KSA2020160457,S0100-0074-0003,2020160457,CN,1,0.5,0,CU,10,AWG
4940,KSA2020160458,S0100-0074-0002,2020160458,CN,1,0.5,0,CU,10,AWG
4941,KSA2020160460,S0100-0066-0007,2020160460,CN,1,0.5,0,CU,10,AWG
4942,KSA2020160461,S0100-0066-0008,2020160461,CN,1,0.5,0,CU,10,AWG
4943,KSA2020160462,S0100-0066-0008,2020160462,CN,1,0.5,0,CU,10,AWG
4944,KSA2020160463,S0100-0074-0001,2020160463,CN,1,0.5,0,CU,10,AWG
4945,KSA2020160464,S0100-0066-0008,2020160464,CN,1,0.5,0,CU,10,AWG
4946,KSA2020160465,S0100-0074-0001,2020160465,CN,1,0.5,0,CU,10,AWG
4947,KSA2020160466,S0100-0066-0008,2020160466,CN,1,0.5,0,CU,10,AWG
4948,KSA2020160467,S0100-0066-0008,2020160467,CN,1,0.5,0,CU,10,AWG
4949,KSA2020160468,S0100-0066-0008,2020160468,CN,1,0.5,0,CU,10,AWG
4950,KSA2020160469,S0100-0074-0001,2020160469,CN,1,0.5,0,CU,10,AWG
4951,KSA2020160470,S0100-0066-0006,2020160470,CN,1,0.5,0,CU,10,AWG
4952,KSA2020160472,S0100-0066-0006,2020160472,CN,1,0.5,0,CU,10,AWG
4953,KSA2020160473,S0100-0066-0008,2020160473,CN,1,0.5,0,CU,10,AWG
4954,KSA2020160474,S0100-0066-0006,2020160474,CN,1,0.5,0,CU,10,AWG
4955,KSA2020160475,S0100-0066-0006,2020160475,CN,1,0.5,0,CU,10,AWG
4956,KSA2020160477,S0100-0066-0005,2020160477,CN,1,0.5,0,CU,10,AWG
4957,KSA2020160478,S0100-0066-0006,2020160478,CN,1,0.5,0,CU,10,AWG
4958,KSA2020160479,S0100-0066-0006,2020160479,CN,1,0.5,0,CU,10,AWG
4959,KSA2020160480,S0100-0066-0007,2020160480,CN,1,0.5,0,CU,10,AWG
4960,KSA2020160481,S0100-0066-0006,2020160481,CN,1,0.5,0,CU,10,AWG
4961,KSA2020160482,S0100-0066-0006,2020160482,CN,1,0.5,0,CU,10,AWG
4962,KSA2020160484,S0100-0066-0006,2020160484,CN,1,0.5,0,CU,10,AWG
4963,KSA2020160485,S0100-0066-0007,2020160485,CN,1,0.5,0,CU,10,AWG
4964,KSA2020160486,S0100-0074-0002,2020160486,CN,1,0.5,0,CU,10,AWG
4965,KSA2020160487,S0100-0074-0001,2020160487,CN,1,0.5,0,CU,10,AWG
4966,KSA2020160490,S0100-0066-0007,2020160490,CN,1,0.5,0,CU,10,AWG
4967,KSA2020160495,S0100-0066-0008,2020160495,CN,1,0.5,0,CU,10,AWG
4968,KSA2020160500,S0100-0066-0007,2020160500,CN,1,0.5,0,CU,10,AWG
4969,KSA2020160505,S0100-0042-0006,2020160505,CN,1,0.5,0,CU,10,AWG
4970,KSA2020160510,S0100-0066-0008,2020160510,CN,1,0.5,0,CU,10,AWG
4971,KSA2020160515,S0100-0066-0008,2020160515,CN,1,0.5,0,CU,10,AWG
4972,KSA2020160520,S0100-0066-0008,2020160520,CN,1,0.5,0,CU,10,AWG
4973,KSA2020160530,S0100-0066-0005,2020160530,CN,1,0.5,0,CU,10,AWG
4974,KSA2020160534,S0100-0066-0005,2020160534,CN,1,0.5,0,CU,10,AWG
4975,KSA2020160535,S0100-0066-0005,2020160535,CN,1,0.5,0,CU,10,AWG
4976,KSA2020160536,S0100-0066-0005,2020160536,CN,1,0.5,0,CU,10,AWG
4977,KSA2020160537,S0100-0066-0005,2020160537,CN,1,0.5,0,CU,10,AWG
4978,KSA2020160540,S0100-0066-0004,2020160540,CN,1,0.5,0,CU,10,AWG
4979,KSA2020160545,S0100-039h-0017,2020160545,CN,1,0.5,0,CU,10,AWG
4980,KSA2020160550,S0100-0066-0005,2020160550,CN,1,0.5,0,CU,10,AWG
4981,KSA2020160555,S0100-039h-0006,2020160555,CN,1,0.5,0,CU,10,AWG
4982,KSA2020160560,S0100-0066-0005,2020160560,CN,1,0.5,0,CU,10,AWG
4983,KSA2020160565,S0100-0066-0005,2020160565,CN,1,0.5,0,CU,10,AWG
4984,KSA2020160575,S0100-0079-0007,2020160575,CN,1,0.5,0,CU,10,AWG
4985,KSA2020160580,S0100-0066-0004,2020160580,CN,1,0.5,0,CU,10,AWG
4986,KSA2020160581,S0100-0066-0004,2020160581,CN,1,0.5,0,CU,10,AWG
4987,KSA2020160585,S0100-0066-0004,2020160585,CN,1,0.5,0,CU,10,AWG
4988,KSA2020160590,S0100-0066-0004,2020160590,CN,1,0.5,0,CU,10,AWG
4989,KSA2020160595,S0100-0066-0004,2020160595,CN,1,0.5,0,CU,10,AWG
4990,KSA2020160600,S0100-0066-0004,2020160600,CN,1,0.5,0,CU,10,AWG
4991,KSA2020160605,S0100-0066-0004,2020160605,CN,1,0.5,0,CU,10,AWG
4992,KSA2020160610,S0100-0066-0003,2020160610,CN,1,0.5,0,CU,10,AWG
4993,KSA2020160612,S0100-0066-0003,2020160612,CN,1,0.5,0,CU,10,AWG
4994,KSA2020160615,S0100-0066-0003,2020160615,CN,1,0.5,0,CU,10,AWG
4995,KSA2020160616,S0100-0066-0003,2020160616,CN,1,0.5,0,CU,10,AWG
4996,KSA2020160625,S0100-0066-0003,2020160625,CN,1,0.5,0,CU,10,AWG
4997,KSA2020160630,S0100-0066-0003,2020160630,CN,1,0.5,0,CU,10,AWG
4998,KSA2020160635,S0100-0079-0011,2020160635,CN,1,0.5,0,CU,10,AWG
4999,KSA2020160640,S0100-0066-0003,2020160640,CN,1,0.5,0,CU,10,AWG
5000,KSA2020160645,S0100-0066-0003,2020160645,CN,1,0.5,0,CU,10,AWG
5001,KSA2020160650,S0100-0066-0003,2020160650,CN,1,0.5,0,CU,10,AWG
5002,KSA2020160655,S0100-0066-0006,2020160655,CN,1,0.5,0,CU,10,AWG
5003,KSA2020160660,S0100-0066-0002,2020160660,CN,1,0.5,0,CU,10,AWG
5004,KSA2020160665,S0100-0058-0003,2020160665,CN,1,0.5,0,CU,10,AWG
5005,KSA2020160670,S0100-0066-0002,2020160670,CN,1,0.5,0,CU,10,AWG
5006,KSA2020160671,S0100-0066-0002,2020160671,CN,1,0.5,0,CU,10,AWG
5007,KSA2020160672,S0100-0066-0002,2020160672,CN,1,0.5,0,CU,10,AWG
5008,KSA2020160675,S0100-0066-0002,2020160675,CN,1,0.5,0,CU,10,AWG
5009,KSA2020160680,S0100-0066-0002,2020160680,CN,1,0.5,0,CU,10,AWG
5010,KSA2020160681,S0100-0058-0009,2020160681,CN,1,0.5,0,CU,10,AWG
5011,KSA2020160685,S0100-0058-0009,2020160685,CN,1,0.5,0,CU,10,AWG
5012,KSA2020160687,S0100-0058-0009,2020160687,CN,1,0.5,0,CU,10,AWG
5013,KSA2020160690,S0100-0058-0009,2020160690,CN,1,0.5,0,CU,10,AWG
5014,KSA2020160695,S0100-0058-0009,2020160695,CN,1,0.5,0,CU,10,AWG
5015,KSA2020160696,S0100-0058-0008,2020160696,CN,1,0.5,0,CU,10,AWG
5016,KSA2020160697,S0100-0058-0008,2020160697,CN,1,0.5,0,CU,10,AWG
5017,KSA2020160698,S0100-0058-0008,2020160698,CN,1,0.5,0,CU,10,AWG
5018,KSA2020160700,S0100-0058-0008,2020160700,CN,1,0.5,0,CU,10,AWG
5019,KSA2020160705,S0100-0058-0007,2020160705,CN,1,0.5,0,CU,10,AWG
5020,KSA2020160715,S0100-039h-0017,2020160715,CN,1,0.5,0,CU,10,AWG
5021,KSA2020160720,S0100-0058-0007,2020160720,CN,1,0.5,0,CU,10,AWG
5022,KSA2020160725,S0100-0074-0002,2020160725,CN,1,0.5,0,CU,10,AWG
5023,KSA2020160730,S0100-0058-0007,2020160730,CN,1,0.5,0,CU,10,AWG
5024,KSA2020160735,S0100-0074-003D,2020160735,CN,1,0.5,0,CU,10,AWG
5025,KSA2020160740,S0100-0058-0007,2020160740,CN,1,0.5,0,CU,10,AWG
5026,KSA2020160745,S0100-0058-0007,2020160745,CN,1,0.5,0,CU,10,AWG
5027,KSA2020160750,S0100-0058-0007,2020160750,CN,1,0.5,0,CU,10,AWG
5028,KSA2020160755,S0100-0074-003D,2020160755,CN,1,0.5,0,CU,10,AWG
5029,KSA2020160760,S0100-0058-0007,2020160760,CN,1,0.5,0,CU,10,AWG
5030,KSA2020160765,S0100-0074-0001,2020160765,CN,1,0.5,0,CU,10,AWG
5031,KSA2020160770,S0100-0058-0007,2020160770,CN,1,0.5,0,CU,10,AWG
5032,KSA2020160775,S0100-0074-0001,2020160775,CN,1,0.5,0,CU,10,AWG
5033,KSA2020160780,S0100-0058-0007,2020160780,CN,1,0.5,0,CU,10,AWG
5034,KSA2020160784,S0100-0058-005B,2020160784,CN,1,0.5,0,CU,10,AWG
5035,KSA2020160785,S0100-0058-0006,2020160785,CN,1,0.5,0,CU,10,AWG
5036,KSA2020160786,S0100-0058-0006,2020160786,CN,1,0.5,0,CU,10,AWG
5037,KSA2020160787,S0100-0058-0006,2020160787,CN,1,0.5,0,CU,10,AWG
5038,KSA2020160795,S0100-0079-0013,2020160795,CN,1,0.5,0,CU,10,AWG
5039,KSA2020160800,S0100-0058-0006,2020160800,CN,1,0.5,0,CU,10,AWG
5040,KSA2020160805,S0100-0079-0009,2020160805,CN,1,0.5,0,CU,10,AWG
5041,KSA2020160810,S0100-0058-0007,2020160810,CN,1,0.5,0,CU,10,AWG
5042,KSA2020160820,S0100-0058-0006,2020160820,CN,1,0.5,0,CU,10,AWG
5043,KSA2020160822,S0100-0058-005C,2020160822,CN,1,0.5,0,CU,10,AWG
5044,KSA2020160825,S0100-0058-0006,2020160825,CN,1,0.5,0,CU,10,AWG
5045,KSA2020160830,S0100-0058-0004,2020160830,CN,1,0.5,0,CU,10,AWG
5046,KSA2020160835,S0100-0079-0003,2020160835,CN,1,0.5,0,CU,10,AWG
5047,KSA2020160840,S0100-0058-005C,2020160840,CN,1,0.5,0,CU,10,AWG
5048,KSA2020160843,S0100-0058-005C,2020160843,CN,1,0.5,0,CU,10,AWG
5049,KSA2020160845,S0100-0058-0005,2020160845,CN,1,0.5,0,CU,10,AWG
5050,KSA2020160850,S0100-0058-0005,2020160850,CN,1,0.5,0,CU,10,AWG
5051,KSA2020160855,S0100-0058-0005,2020160855,CN,1,0.5,0,CU,10,AWG
5052,KSA2020160860,S0100-0058-0005,2020160860,CN,1,0.5,0,CU,10,AWG
5053,KSA2020160865,S0100-0074-0006,2020160865,CN,1,0.5,0,CU,10,AWG
5054,KSA2020160870,S0100-0058-0004,2020160870,CN,1,0.5,0,CU,10,AWG
5055,KSA2020160875,S0100-0074-0006,2020160875,CN,1,0.5,0,CU,10,AWG
5056,KSA2020160885,S0100-0042-0015,2020160885,CN,1,0.5,0,CU,10,AWG
5057,KSA2020160890,S0100-0058-0004,2020160890,CN,1,0.5,0,CU,10,AWG
5058,KSA2020160892,S0100-0058-0004,2020160892,CN,1,0.5,0,CU,10,AWG
5059,KSA2020160895,S0100-0058-0004,2020160895,CN,1,0.5,0,CU,10,AWG
5060,KSA2020160897,S0100-0058-005B,2020160897,CN,1,0.5,0,CU,10,AWG
5061,KSA2020160905,S0100-0079-0009,2020160905,CN,1,0.5,0,CU,10,AWG
5062,KSA2020160910,S0100-0058-0004,2020160910,CN,1,0.5,0,CU,10,AWG
5063,KSA2020160915,S0100-0058-005A,2020160915,CN,1,0.5,0,CU,10,AWG
5064,KSA2020160925,S0100-039h-0007,2020160925,CN,1,0.5,0,CU,10,AWG
5065,KSA2020160930,S0100-0058-005B,2020160930,CN,1,0.5,0,CU,10,AWG
5066,KSA2020160935,S0100-0079-0011,2020160935,CN,1,0.5,0,CU,10,AWG
5067,KSA2020160940,S0100-0058-005B,2020160940,CN,1,0.5,0,CU,10,AWG
5068,KSA2020160944,S0100-0058-005B,2020160944,CN,1,0.5,0,CU,10,AWG
5069,KSA2020160945,S0100-0058-005B,2020160945,CN,1,0.5,0,CU,10,AWG
5070,KSA2020160950,S0100-0058-0004,2020160950,CN,1,0.5,0,CU,10,AWG
5071,KSA2020160955,S0100-0058-0003,2020160955,CN,1,0.5,0,CU,10,AWG
5072,KSA2020160957,S0100-0058-0003,2020160957,CN,1,0.5,0,CU,10,AWG
5073,KSA2020160958,S0100-0058-0003,2020160958,CN,1,0.5,0,CU,10,AWG
5074,KSA2020160960,S0100-0058-0003,2020160960,CN,1,0.5,0,CU,10,AWG
5075,KSA2020160965,S0100-0079-0011,2020160965,CN,1,0.5,0,CU,10,AWG
5076,KSA2020160971,S0100-0058-005B,2020160971,CN,1,0.5,0,CU,10,AWG
5077,KSA2020160972,S0100-0058-0002,2020160972,CN,1,0.5,0,CU,10,AWG
5078,KSA2020160973,S0100-0058-0003,2020160973,CN,1,0.5,0,CU,10,AWG
5079,KSA2020160974,S0100-0058-0002,2020160974,CN,1,0.5,0,CU,10,AWG
5080,KSA2020160975,S0100-0058-0003,2020160975,CN,1,0.5,0,CU,10,AWG
5081,KSA2020160976,S0100-0058-0002,2020160976,CN,1,0.5,0,CU,10,AWG
5082,KSA2020160977,S0100-0058-0002,2020160977,CN,1,0.5,0,CU,10,AWG
5083,KSA2020160978,S0100-0058-0002,2020160978,CN,1,0.5,0,CU,10,AWG
5084,KSA2020160979,S0100-0058-0003,2020160979,CN,1,0.5,0,CU,10,AWG
5085,KSA2020160980,S0100-0058-0001,2020160980,CN,1,0.5,0,CU,10,AWG
5086,KSA2020160981,S0100-0058-0002,2020160981,CN,1,0.5,0,CU,10,AWG
5087,KSA2020160982,S0100-0058-0002,2020160982,CN,1,0.5,0,CU,10,AWG
5088,KSA2020160983,S0100-0042-0017,2020160983,CN,1,0.5,0,CU,10,AWG
5089,KSA2020160985,S0100-0079-0013,2020160985,CN,1,0.5,0,CU,10,AWG
5090,KSA2020160990,S0100-0042-0016,2020160990,CN,1,0.5,0,CU,10,AWG
5091,KSA2020160995,S0100-0042-0015,2020160995,CN,1,0.5,0,CU,10,AWG
5092,KSA2020161000,S0100-0042-0015,2020161000,CN,1,0.5,0,CU,10,AWG
5093,KSA2020161005,S0100-0058-005B,2020161005,CN,1,0.5,0,CU,10,AWG
5094,KSA2020161010,S0100-0042-0015,2020161010,CN,1,0.5,0,CU,10,AWG
5095,KSA2020161015,S0100-0042-0015,2020161015,CN,1,0.5,0,CU,10,AWG
5096,KSA2020161020,S0100-0058-0001,2020161020,CN,1,0.5,0,CU,10,AWG
5097,KSA2020161025,S0100-0058-005B,2020161025,CN,1,0.5,0,CU,10,AWG
5098,KSA2020161030,S0100-0042-0014,2020161030,CN,1,0.5,0,CU,10,AWG
5099,KSA2020161035,S0100-0042-0014,2020161035,CN,1,0.5,0,CU,10,AWG
5100,KSA2020161045,S0100-0042-010f,2020161045,CN,1,0.5,0,CU,10,AWG
5101,KSA2020161047,S0100-0042-010h,2020161047,CN,1,0.5,0,CU,10,AWG
5102,KSA2020161048,S0100-0042-010a,2020161048,CN,1,0.5,0,CU,10,AWG
5103,KSA2020161049,S0100-0042-010d,2020161049,CN,1,0.5,0,CU,10,AWG
5104,KSA2020161050,S0100-0042-0009,2020161050,CN,1,0.5,0,CU,10,AWG
5105,KSA2020161055,S0100-0058-005C,2020161055,CN,1,0.5,0,CU,10,AWG
5106,KSA2020161060,S0100-0042-0009,2020161060,CN,1,0.5,0,CU,10,AWG
5107,KSA2020161065,S0100-0058-005B,2020161065,CN,1,0.5,0,CU,10,AWG
5108,KSA2020161070,S0100-0042-0009,2020161070,CN,1,0.5,0,CU,10,AWG
5109,KSA2020161075,S0100-0043-0001,2020161075,CN,1,5.0,0,AL,2,AWG
5110,KSA2020161080,S0100-0042-0008,2020161080,CN,1,0.5,0,CU,10,AWG
5111,KSA2020161085,S0100-0058-005C,2020161085,CN,1,0.5,0,CU,10,AWG
5112,KSA2020161088,S0100-0042-0008,2020161088,CN,1,0.5,0,CU,10,AWG
5113,KSA2020161089,S0100-0042-0008,2020161089,CN,1,0.5,0,CU,10,AWG
5114,KSA2020161090,S0100-0042-008a,2020161090,CN,1,0.5,0,CU,10,AWG
5115,KSA2020161091,S0100-0042-008a,2020161091,CN,1,0.5,0,CU,10,AWG
5116,KSA2020161092,S0100-0042-0008,2020161092,CN,1,0.5,0,CU,10,AWG
5117,KSA2020161095,S0100-0042-0008,2020161095,CN,1,0.5,0,CU,10,AWG
5118,KSA2020161096,S0100-0042-0007,2020161096,CN,1,0.5,0,CU,10,AWG
5119,KSA2020161100,S0100-0042-0007,2020161100,CN,1,0.5,0,CU,10,AWG
5120,KSA2020161105,S0100-0042-010e,2020161105,CN,1,0.5,0,CU,10,AWG
5121,KSA2020161110,S0100-0042-0006,2020161110,CN,1,0.5,0,CU,10,AWG
5122,KSA2020161115,S0100-0042-0006,2020161115,CN,1,0.5,0,CU,10,AWG
5123,KSA2020161120,S0100-0042-0005,2020161120,CN,1,0.5,0,CU,10,AWG
5124,KSA2020161125,S0100-0042-0008,2020161125,CN,1,0.5,0,CU,10,AWG
5125,KSA2020161130,S0100-0042-0004,2020161130,CN,1,0.5,0,CU,10,AWG
5126,KSA2020161132,S0100-0042-0004,2020161132,CN,1,0.5,0,CU,10,AWG
5127,KSA2020161133,S0100-0042-0004,2020161133,CN,1,0.5,0,CU,10,AWG
5128,KSA2020161135,S0100-0042-0003,2020161135,CN,1,0.5,0,CU,10,AWG
5129,KSA2020161137,S0100-0042-0004,2020161137,CN,1,0.5,0,CU,10,AWG
5130,KSA2020161140,S0100-0042-0002,2020161140,CN,1,0.5,0,CU,10,AWG
5131,KSA2020161145,S0100-0042-003a,2020161145,CN,1,0.5,0,CU,10,AWG
5132,KSA2020161150,S0100-0042-003a,2020161150,CN,1,0.5,0,CU,10,AWG
5133,KSA2020161155,S0100-0042-0004,2020161155,CN,1,0.5,0,CU,10,AWG
5134,KSA2020161160,S0100-0042-0002,2020161160,CN,1,0.5,0,CU,10,AWG
5135,KSA2020161165,S0100-0079-0008,2020161165,CN,1,0.5,0,CU,10,AWG
5136,KSA2020161170,S0100-0042-001a,2020161170,CN,1,0.5,0,CU,10,AWG
5137,KSA2020161173,S0100-0042-001a,2020161173,CN,1,0.5,0,CU,10,AWG
5138,KSA2020161175,S0100-0042-001a,2020161175,CN,1,0.5,0,CU,10,AWG
5139,KSA2020161180,S0100-0042-0002,2020161180,CN,1,0.5,0,CU,10,AWG
5140,KSA2020161190,S0100-039h-0006,2020161190,CN,1,0.5,0,CU,10,AWG
5141,KSA2020161195,S0100-0042-010d,2020161195,CN,1,0.5,0,CU,10,AWG
5142,KSA2020161200,S0100-0042-010d,2020161200,CN,1,0.5,0,CU,10,AWG
5143,KSA2020161205,S0100-0066-0004,2020161205,CN,1,0.5,0,CU,10,AWG
5144,KSA2020161210,S0100-0066-0007,2020161210,CN,1,0.5,0,CU,10,AWG
5145,KSA2020161215,S0100-0074-0002,2020161215,CN,1,0.5,0,CU,10,AWG
5146,KSA2020161220,S0100-0074-0002,2020161220,CN,1,0.5,0,CU,10,AWG
5147,KSA2020161225,S0100-0079-0011,2020161225,CN,1,0.5,0,CU,10,AWG
5148,KSA2020161230,S0100-0042-001a,2020161230,CN,1,0.5,0,CU,10,AWG
5149,KSA2020161235,S0100-0066-0005,2020161235,CN,1,0.5,0,CU,10,AWG
5150,KSA2020161240,S0100-0074-0007,2020161240,CN,1,0.5,0,CU,10,AWG
5151,KSA2020161245,S0100-0079-0003,2020161245,CN,1,0.5,0,CU,10,AWG
5152,KSA2020161250,S0100-0079-0002,2020161250,CN,1,0.5,0,CU,10,AWG
5153,KSA2020161255,S0100-0074-003D,2020161255,CN,1,0.5,0,CU,10,AWG
5154,KSA2020161260,S0100-0042-010d,2020161260,CN,1,0.5,0,CU,10,AWG
5155,KSA2020161265,S0100-0042-0007,2020161265,CN,1,0.5,0,CU,10,AWG
5156,KSA2020161270,S0100-0079-0004,2020161270,CN,1,0.5,0,CU,10,AWG
5157,KSA2020161275,S0100-0074-003E,2020161275,CN,1,0.5,0,CU,10,AWG
5158,KSA2020161280,S0100-0042-010d,2020161280,CN,1,0.5,0,CU,10,AWG
5159,KSA2020161285,S0100-039h-0012,2020161285,CN,1,0.5,0,CU,10,AWG
5160,KSA2020161290,S0100-0074-008b,2020161290,CN,1,0.5,0,CU,10,AWG
5161,KSA2020161295,S0100-0058-0009,2020161295,CN,1,0.5,0,CU,10,AWG
5162,KSA2020161300,S0100-0066-0005,2020161300,CN,1,0.5,0,CU,10,AWG
5163,KSA2020161305,S0100-0066-0005,2020161305,CN,1,0.5,0,CU,10,AWG
5164,KSA2020161310,S0100-0066-0005,2020161310,CN,1,0.5,0,CU,10,AWG
5165,KSA2020161315,S0100-0066-0005,2020161315,CN,1,0.5,0,CU,10,AWG
5166,KSA2020161320,S0100-0042-0015,2020161320,CN,1,0.5,0,CU,10,AWG
5167,KSA2020161325,S0100-0058-0003,2020161325,CN,1,0.5,0,CU,10,AWG
5168,KSA2020161330,S0100-0074-0007,2020161330,CN,1,0.5,0,CU,10,AWG
5169,KSA2020161335,S0100-0079-0012,2020161335,CN,1,0.5,0,CU,10,AWG
5170,KSA2020161340,S0100-0066-0008,2020161340,CN,1,0.5,0,CU,10,AWG
5171,KSA2020161345,S0100-0058-0003,2020161345,CN,1,0.5,0,CU,10,AWG
5172,KSA2020161350,S0100-0058-0004,2020161350,CN,1,0.5,0,CU,10,AWG
5173,KSA2020161355,S0100-0058-0004,2020161355,CN,1,0.5,0,CU,10,AWG
5174,KSA2020161360,S0100-0058-0003,2020161360,CN,1,0.5,0,CU,10,AWG
5175,KSA2020161365,S0100-0079-0007,2020161365,CN,1,0.5,0,CU,10,AWG
5176,KSA2020161370,S0100-039h-0022,2020161370,CN,1,0.5,0,CU,10,AWG
5177,KSA2020161375,S0100-0042-010g,2020161375,CN,1,0.5,0,CU,10,AWG
5178,KSA2020161380,S0100-0074-0008,2020161380,CN,1,0.5,0,CU,10,AWG
5179,KSA2020161385,S0100-0042-010f,2020161385,CN,1,0.5,0,CU,10,AWG
5180,KSA2020161390,S0100-0066-0006,2020161390,CN,1,0.5,0,CU,10,AWG
5181,KSA2020161395,S0100-0042-010h,2020161395,CN,1,0.5,0,CU,10,AWG
5182,KSA2020161400,S0100-039h-0019,2020161400,CN,1,0.5,0,CU,10,AWG
5183,KSA2020161405,S0100-0079-0002,2020161405,CN,1,0.5,0,CU,10,AWG
5184,KSA2020161410,S0100-0058-0003,2020161410,CN,1,0.5,0,CU,10,AWG
5185,KSA2020161415,S0100-0074-003D,2020161415,CN,1,0.5,0,CU,10,AWG
5186,KSA2020161420,S0100-039h-0007,2020161420,CN,1,0.5,0,CU,10,AWG
5187,KSA2020161425,S0100-039h-0016,2020161425,CN,1,0.5,0,CU,10,AWG
5188,KSA2020161430,S0100-0042-010c,2020161430,CN,1,0.5,0,CU,10,AWG
5189,KSA2020161435,S0100-0042-010e,2020161435,CN,1,0.5,0,CU,10,AWG
5190,KSA2020161440,S0100-039h-0006,2020161440,CN,1,0.5,0,CU,10,AWG
5191,KSA2020161445,S0100-039h-0008,2020161445,CN,1,0.5,0,CU,10,AWG
5192,KSA2020161450,S0100-039h-0021,2020161450,CN,1,0.5,0,CU,10,AWG
5193,KSA2020161455,S0100-039h-0021,2020161455,CN,1,0.5,0,CU,10,AWG
5194,KSA2020161460,S0100-039h-0007,2020161460,CN,1,0.5,0,CU,10,AWG
5195,KSA2020161465,S0100-039h-0011,2020161465,CN,1,0.5,0,CU,10,AWG
5196,KSA2020161470,S0100-0074-003A,2020161470,CN,1,0.5,0,CU,10,AWG
5197,KSA2020161475,S0100-039h-0012,2020161475,CN,1,0.5,0,CU,10,AWG
5198,KSA2020161480,S0100-039h-0007,2020161480,CN,1,0.5,0,CU,10,AWG
5199,KSA2020161481,S0100-0042-0003,2020161481,CN,1,0.5,0,CU,10,AWG
5200,KSA2020161482,S0100-0042-0003,2020161482,CN,1,0.5,0,CU,10,AWG
5201,KSA2020161483,S0100-039h-0007,2020161483,CN,1,0.5,0,CU,10,AWG
5202,KSA2020161484,S0100-039h-0020,2020161484,CN,1,0.5,0,CU,10,AWG
5203,KSA2020161485,S0100-039h-0021,2020161485,CN,1,0.5,0,CU,10,AWG
5204,KSA2020161486,S0100-039h-0007,2020161486,CN,1,0.5,0,CU,10,AWG
5205,KSA2020161488,S0100-039h-0022,2020161488,CN,1,0.5,0,CU,10,AWG
5206,KSA2020161489,S0100-0079-0013,2020161489,CN,1,0.5,0,CU,10,AWG
5207,KSA2020161490,S0100-0058-0004,2020161490,CN,1,0.5,0,CU,10,AWG
5208,KSA2020161491,S0100-0079-0012,2020161491,CN,1,0.5,0,CU,10,AWG
5209,KSA2020161492,S0100-0074-0007,2020161492,CN,1,0.5,0,CU,10,AWG
5210,KSA2020161493,S0100-0058-0003,2020161493,CN,1,0.5,0,CU,10,AWG
5211,KSA2020161494,S0100-0079-0007,2020161494,CN,1,0.5,0,CU,10,AWG
5212,KSA2020161495,S0100-0042-010e,2020161495,CN,1,0.5,0,CU,10,AWG
5213,KSA2020161496,S0100-0079-0001,2020161496,CN,1,0.5,0,CU,10,AWG
5214,KSA2020161497,S0100-0042-010e,2020161497,CN,1,0.5,0,CU,10,AWG
5215,KSA2020161498,S0100-0079-0001,2020161498,CN,1,0.5,0,CU,10,AWG
5216,KSA2020161499,S0100-0042-010e,2020161499,CN,1,0.5,0,CU,10,AWG
5217,KSA2020161500,S0100-0079-0007,2020161500,CN,1,0.5,0,CU,10,AWG
5218,KSA2020161501,S0100-0079-0007,2020161501,CN,1,0.5,0,CU,10,AWG
5219,KSA2020161502,S0100-0042-010e,2020161502,CN,1,0.5,0,CU,10,AWG
5220,KSA2020161503,S0100-0079-0007,2020161503,CN,1,0.5,0,CU,10,AWG
5221,KSA2020161504,S0100-0079-0007,2020161504,CN,1,0.5,0,CU,10,AWG
5222,KSA2020161505,S0100-0079-0007,2020161505,CN,1,66.0,0,ACSR,2,AWG
5223,KSA2020161506,S0100-0079-0007,2020161506,CN,1,66.0,0,ACSR,2,AWG
5224,KSA2020161507,S0100-0079-0007,2020161507,CN,1,66.0,0,ACSR,2,AWG
5225,KSA2020161508,S0100-0079-0007,2020161508,CN,1,66.0,0,ACSR,2,AWG
5226,KSA2020161509,S0100-0079-0007,2020161509,CN,1,66.0,0,ACSR,2,AWG
5227,KSA2020161510,S0100-0079-0007,2020161510,CN,1,66.0,0,ACSR,2,AWG
5228,KSA2020161511,S0100-0079-0007,2020161511,CN,1,66.0,0,ACSR,2,AWG
5229,KSA2020161512,S0100-0079-0007,2020161512,CN,1,66.0,0,ACSR,2,AWG
5230,KSA2020161513,S0100-0079-0007,2020161513,CN,1,66.0,0,ACSR,2,AWG
5231,KSA2020161514,S0100-0079-0007,2020161514,CN,1,66.0,0,ACSR,2,AWG
5232,KSA2020161515,S0100-0079-0007,2020161515,CN,1,66.0,0,ACSR,2,AWG
5233,KSA2020161516,S0100-0079-0007,2020161516,CN,1,66.0,0,ACSR,2,AWG
5234,KSA2020161517,S0100-0079-0007,2020161517,CN,1,66.0,0,ACSR,2,AWG
5235,KSA2020161518,S0100-0079-0007,2020161518,CN,1,66.0,0,ACSR,2,AWG
5236,KSA2020161519,S0100-0079-0007,2020161519,CN,1,66.0,0,ACSR,2,AWG
5237,KSA2020161520,S0100-0079-0007,2020161520,CN,1,66.0,0,ACSR,2,AWG
5238,KSA2020161521,S0100-0079-0007,2020161521,CN,1,66.0,0,ACSR,2,AWG
5239,KSA2020161522,S0100-0079-0007,2020161522,CN,1,66.0,0,ACSR,2,AWG
5240,KSA2020161523,S0100-0079-0007,2020161523,CN,1,66.0,0,ACSR,2,AWG
5241,KSA2020161524,S0100-0079-0007,2020161524,CN,1,66.0,0,ACSR,2,AWG
5242,KSA2020161525,S0100-0079-0007,2020161525,CN,1,66.0,0,ACSR,2,AWG
5243,KSA2020161526,S0100-0079-0007,2020161526,CN,1,66.0,0,ACSR,2,AWG
5244,KSA2020161527,S0100-0079-0007,2020161527,CN,1,66.0,0,ACSR,2,AWG
5245,KSA2020161528,S0100-0079-0007,2020161528,CN,1,66.0,0,ACSR,2,AWG
5246,KSA2020161529,S0100-0079-0007,2020161529,CN,1,66.0,0,ACSR,2,AWG
5247,KSA2020161530,S0100-0079-0007,2020161530,CN,1,66.0,0,ACSR,2,AWG
5248,KSA2020161531,S0100-0079-0007,2020161531,CN,1,66.0,0,ACSR,2,AWG
5249,KSA2020161532,S0100-0079-0007,2020161532,CN,1,66.0,0,ACSR,2,AWG
5250,KSA2020161533,S0100-0079-0007,2020161533,CN,1,66.0,0,ACSR,2,AWG
5251,KSA2020161534,S0100-0079-0007,2020161534,CN,1,66.0,0,ACSR,2,AWG
5252,KSA2020161535,S0100-0079-0007,2020161535,CN,1,66.0,0,ACSR,2,AWG
5253,KSA2020161536,S0100-0079-0007,2020161536,CN,1,66.0,0,ACSR,2,AWG
5254,KSA2020161537,S0100-0079-0007,2020161537,CN,1,66.0,0,ACSR,2,AWG
5255,KSA2020161538,S0100-0079-0007,2020161538,CN,1,66.0,0,ACSR,2,AWG
5256,KSA2020161539,S0100-0079-0007,2020161539,CN,1,66.0,0,ACSR,2,AWG
5257,KSA2020161540,S0100-0079-0007,2020161540,CN,1,66.0,0,ACSR,2,AWG
5258,KSA2020161541,S0100-0079-0007,2020161541,CN,1,66.0,0,ACSR,2,AWG
5259,KSA2020161542,S0100-0079-0007,2020161542,CN,1,66.0,0,ACSR,2,AWG
5260,KSA2020161543,S0100-0079-0007,2020161543,CN,1,66.0,0,ACSR,2,AWG
5261,KSA2020161544,S0100-0079-0007,2020161544,CN,1,66.0,0,ACSR,2,AWG
5262,KSA2020161545,S0100-0079-0007,2020161545,CN,1,66.0,0,ACSR,2,AWG
5263,KSA2020161546,S0100-0079-0007,2020161546,CN,1,66.0,0,ACSR,2,AWG
5264,KSA2020161547,S0100-0079-0007,2020161547,CN,1,66.0,0,ACSR,2,AWG
5265,KSA2020161548,S0100-0079-0007,2020161548,CN,1,66.0,0,ACSR,2,AWG
5266,KSA2020161549,S0100-0079-0007,2020161549,CN,1,66.0,0,ACSR,2,AWG
5267,KSA2020161550,S0100-0079-0007,2020161550,CN,1,66.0,0,ACSR,2,AWG
5268,KSA2020161551,S0100-0079-0007,2020161551,CN,1,66.0,0,ACSR,2,AWG
5269,KSA2020161552,S0100-0079-0007,2020161552,CN,1,66.0,0,ACSR,2,AWG
5270,KSA2020161553,S0100-0079-0007,2020161553,CN,1,66.0,0,ACSR,2,AWG
5271,KSA2020161554,S0100-0079-0007,2020161554,CN,1,66.0,0,ACSR,2,AWG
5272,KSA2020161555,S0100-0079-0007,2020161555,CN,1,66.0,0,ACSR,2,AWG
5273,KSA2020161556,S0100-0079-0007,2020161556,CN,1,66.0,0,ACSR,2,AWG
5274,KSA2020161557,S0100-0079-0007,2020161557,CN,1,66.0,0,ACSR,2,AWG
5275,KSA2020161558,S0100-0079-0007,2020161558,CN,1,66.0,0,ACSR,2,AWG
5276,KSA2020161559,S0100-0079-0007,2020161559,CN,1,66.0,0,ACSR,2,AWG
5277,KSA2020161560,S0100-0079-0007,2020161560,CN,1,66.0,0,ACSR,2,AWG
5278,KSA2020161561,S0100-0079-0007,2020161561,CN,1,66.0,0,ACSR,2,AWG
5279,KSA2020161562,S0100-0079-0007,2020161562,CN,1,66.0,0,ACSR,2,AWG
5280,KSA2020161563,S0100-0079-0007,2020161563,CN,1,66.0,0,ACSR,2,AWG
5281,KSA2020161564,S0100-0079-0007,2020161564,CN,1,66.0,0,ACSR,2,AWG
5282,KSA2020161565,S0100-0079-0007,2020161565,CN,1,66.0,0,ACSR,2,AWG
5283,KSA2020161566,S0100-0079-0007,2020161566,CN,1,66.0,0,ACSR,2,AWG
5284,KSA2020161567,S0100-0079-0007,2020161567,CN,1,66.0,0,ACSR,2,AWG
5285,KSA2020161568,S0100-0079-0007,2020161568,CN,1,66.0,0,ACSR,2,AWG
5286,KSA2020161569,S0100-0079-0007,2020161569,CN,1,66.0,0,ACSR,2,AWG
5287,KSA2020161570,S0100-0079-0007,2020161570,CN,1,66.0,0,ACSR,2,AWG
5288,KSA2020161571,S0100-0079-0007,2020161571,CN,1,66.0,0,ACSR,2,AWG
5289,KSA2020161572,S0100-0079-0007,2020161572,CN,1,66.0,0,ACSR,2,AWG
5290,KSA2020161573,S0100-0079-0007,2020161573,CN,1,66.0,0,ACSR,2,AWG
5291,KSA2020161574,S0100-0079-0007,2020161574,CN,1,66.0,0,ACSR,2,AWG
5292,KSA2020161575,S0100-0079-0007,2020161575,CN,1,66.0,0,ACSR,2,AWG
5293,KSA2020161576,S0100-0079-0007,2020161576,CN,1,66.0,0,ACSR,2,AWG
5294,KSA2020170004,S0130-0016-0004,2020170004,AN,1,0.5,0,CU,10,AWG
5295,KSA2020170010,S0130-0016-0005,2020170010,AN,1,0.5,0,CU,10,AWG
5296,KSA2020170022,S0130-0016-0005,2020170022,AN,1,0.5,0,CU,10,AWG
5297,KSA2020170025,S0130-0016-0006,2020170025,AN,1,0.5,0,CU,10,AWG
5298,KSA2020170040,S0130-0016-0007,2020170040,AN,1,0.5,0,CU,10,AWG
5299,KSA2020170050,S0130-0016-0009,2020170050,AN,1,0.5,0,CU,10,AWG
5300,KSA2020170055,S0130-0016-0009,2020170055,AN,1,0.5,0,CU,10,AWG
5301,KSA2020170057,S0130-0016-0009,2020170057,AN,1,0.5,0,CU,10,AWG
5302,KSA2020170060,S0130-0016-0009,2020170060,AN,1,0.5,0,CU,10,AWG
5303,KSA2020170064,S0130-0016-0009,2020170064,AN,1,0.5,0,CU,10,AWG
5304,KSA2020170065,S0130-0016-0009,2020170065,AN,1,0.5,0,CU,10,AWG
5305,KSA2020170070,S0130-0016-0009,2020170070,AN,1,0.5,0,CU,10,AWG
5306,KSA2020170072,S0130-0016-0009,2020170072,AN,1,0.5,0,CU,10,AWG
5307,KSA2020170073,S0130-0016-0009,2020170073,AN,1,0.5,0,CU,10,AWG
5308,KSA2020170074,S0130-0016-0012,2020170074,AN,1,0.5,0,CU,10,AWG
5309,KSA2020170075,S0130-0016-0012,2020170075,AN,1,0.5,0,CU,10,AWG
5310,KSA2020170076,S0130-0016-0011,2020170076,AN,1,0.5,0,CU,10,AWG
5311,KSA2020170078,S130-31-04-0001,2020170078,AN,1,0.5,0,CU,10,AWG
5312,KSA2020170080,S0130-0016-0013,2020170080,AN,1,0.5,0,CU,10,AWG
5313,KSA2020170090,S0130-0016-0012,2020170090,AN,1,0.5,0,CU,10,AWG
5314,KSA2020170100,S0130-0016-0013,2020170100,AN,1,0.5,0,CU,10,AWG
5315,KSA2020170103,S0130-0016-0013,2020170103,AN,1,0.5,0,CU,10,AWG
5316,KSA2020170107,S0130-0016-0009,2020170107,AN,1,0.5,0,CU,10,AWG
5317,KSA2020170110,S0130-0016-0012,2020170110,AN,1,0.5,0,CU,10,AWG
5318,KSA2020170115,S0130-0016-0012,2020170115,AN,1,0.5,0,CU,10,AWG
5319,KSA2020170120,S0130-0016-0013,2020170120,AN,1,0.5,0,CU,10,AWG
5320,KSA2020170122,S0130-0016-012a,2020170122,AN,1,0.5,0,CU,10,AWG
5321,KSA2020170125,S0130-0016-012a,2020170125,AN,1,0.5,0,CU,10,AWG
5322,KSA2020170130,S0130-0016-0013,2020170130,AN,1,0.5,0,CU,10,AWG
5323,KSA2020170140,S0130-0016-0014,2020170140,AN,1,0.5,0,CU,10,AWG
5324,KSA2020170145,S130-31-04-0003,2020170145,AN,1,0.5,0,CU,10,AWG
5325,KSA2020170150,S0130-0016-0016,2020170150,AN,1,0.5,0,CU,10,AWG
5326,KSA2020170155,S0130-0031-006A,2020170155,BN,1,0.5,0,CU,10,AWG
5327,KSA2020170160,S0130-0016-0017,2020170160,AN,1,0.5,0,CU,10,AWG
5328,KSA2020170163,S0130-0016-0016,2020170163,AN,1,0.5,0,CU,10,AWG
5329,KSA2020170164,S0130-0016-0016,2020170164,AN,1,0.5,0,CU,10,AWG
5330,KSA2020170165,S0130-0016-0017,2020170165,AN,1,0.5,0,CU,10,AWG
5331,KSA2020170166,S0130-0016-0017,2020170166,AN,1,0.5,0,CU,10,AWG
5332,KSA2020170167,S0130-0016-0017,2020170167,AN,1,0.5,0,CU,10,AWG
5333,KSA2020170168,S0130-0016-0017,2020170168,AN,1,0.5,0,CU,10,AWG
5334,KSA2020170169,S0130-0016-0017,2020170169,AN,1,0.5,0,CU,10,AWG
5335,KSA2020170175,S0130-0049-0012,2020170175,BN,1,0.5,0,CU,10,AWG
5336,KSA2020170180,S0130-0016-0017,2020170180,AN,1,0.5,0,CU,10,AWG
5337,KSA2020170185,S0130-0016-0017,2020170185,AN,1,0.5,0,CU,10,AWG
5338,KSA2020170190,S0130-0016-0017,2020170190,AN,1,0.5,0,CU,10,AWG
5339,KSA2020170195,S0130-0031-0005,2020170195,BN,1,0.5,0,CU,10,AWG
5340,KSA2020170205,S0130-0016-0017,2020170205,AN,1,0.5,0,CU,10,AWG
5341,KSA2020170210,S0130-0016-0017,2020170210,AN,1,0.5,0,CU,10,AWG
5342,KSA2020170215,S0130-0016-0017,2020170215,AN,1,0.5,0,CU,10,AWG
5343,KSA2020170225,S0130-0016-0017,2020170225,AN,1,0.5,0,CU,10,AWG
5344,KSA2020170230,S0130-0016-0017,2020170230,AN,1,0.5,0,CU,10,AWG
5345,KSA2020170235,S0130-0016-0002,2020170235,AN,1,0.5,0,CU,10,AWG
5346,KSA2020170240,S0130-0016-017a,2020170240,AN,1,0.5,0,CU,10,AWG
5347,KSA2020170241,S0130-0016-017a,2020170241,AN,1,0.5,0,CU,10,AWG
5348,KSA2020170242,S0130-0016-017a,2020170242,AN,1,0.5,0,CU,10,AWG
5349,KSA2020170243,S0130-0016-017a,2020170243,AN,1,0.5,0,CU,10,AWG
5350,KSA2020170244,S0130-0016-0018,2020170244,AN,1,0.5,0,CU,10,AWG
5351,KSA2020170245,S0130-0016-017a,2020170245,AN,1,0.5,0,CU,10,AWG
5352,KSA2020170246,S0130-0016-0017,2020170246,AN,1,0.5,0,CU,10,AWG
5353,KSA2020170248,S0130-0016-0017,2020170248,AN,1,0.5,0,CU,10,AWG
5354,KSA2020170249,S0130-0016-0018,2020170249,AN,1,0.5,0,CU,10,AWG
5355,KSA2020170250,S0130-0016-0018,2020170250,AN,1,0.5,0,CU,10,AWG
5356,KSA2020170251,S0130-0016-0018,2020170251,AN,1,0.5,0,CU,10,AWG
5357,KSA2020170252,S0130-0016-0018,2020170252,AN,1,0.5,0,CU,10,AWG
5358,KSA2020170253,S0130-0016-0019,2020170253,AN,1,0.5,0,CU,10,AWG
5359,KSA2020170254,S0130-0016-0019,2020170254,AN,1,0.5,0,CU,10,AWG
5360,KSA2020170255,S0130-0016-0019,2020170255,AN,1,0.5,0,CU,10,AWG
5361,KSA2020170256,S0130-0016-0019,2020170256,AN,1,0.5,0,CU,10,AWG
5362,KSA2020170260,S0130-0031-0008,2020170260,BN,1,0.5,0,CU,10,AWG
5363,KSA2020170265,S0130-0031-0003,2020170265,BN,1,0.5,0,CU,10,AWG
5364,KSA2020170269,S0130-0031-0003,2020170269,BN,1,0.5,0,CU,10,AWG
5365,KSA2020170270,S0130-0031-0003,2020170270,BN,1,0.5,0,CU,10,AWG
5366,KSA2020170271,S0130-0031-0003,2020170271,BN,1,0.5,0,CU,10,AWG
5367,KSA2020170272,S0130-0031-0003,2020170272,BN,1,0.5,0,CU,10,AWG
5368,KSA2020170273,S0130-0031-0004,2020170273,BN,1,0.5,0,CU,10,AWG
5369,KSA2020170274,S0130-0031-0003,2020170274,BN,1,0.5,0,CU,10,AWG
5370,KSA2020170275,S0130-0031-0005,2020170275,BN,1,0.5,0,CU,10,AWG
5371,KSA2020170276,S0130-0031-0005,2020170276,BN,1,0.5,0,CU,10,AWG
5372,KSA2020170280,S0130-0031-0005,2020170280,BN,1,0.5,0,CU,10,AWG
5373,KSA2020170281,S0130-0031-0005,2020170281,BN,1,0.5,0,CU,10,AWG
5374,KSA2020170282,S0130-0031-0005,2020170282,BN,1,0.5,0,CU,10,AWG
5375,KSA2020170283,S0130-0031-0005,2020170283,BN,1,0.5,0,CU,10,AWG
5376,KSA2020170285,S0130-0031-0005,2020170285,BN,1,0.5,0,CU,10,AWG
5377,KSA2020170286,S0130-0031-0005,2020170286,BN,1,0.5,0,CU,10,AWG
5378,KSA2020170287,S0130-0031-0005,2020170287,BN,1,0.5,0,CU,10,AWG
5379,KSA2020170288,S0130-0031-0005,2020170288,BN,1,0.5,0,CU,10,AWG
5380,KSA2020170289,S0130-0031-0005,2020170289,BN,1,0.5,0,CU,10,AWG
5381,KSA2020170290,S0130-0031-0005,2020170290,BN,1,0.5,0,CU,10,AWG
5382,KSA2020170295,S0130-0031-0005,2020170295,BN,1,0.5,0,CU,10,AWG
5383,KSA2020170300,S0130-0031-0005,2020170300,BN,1,0.5,0,CU,10,AWG
5384,KSA2020170310,S0130-0031-006A,2020170310,BN,1,0.5,0,CU,10,AWG
5385,KSA2020170315,S130-31-04-0003,2020170315,AN,1,0.5,0,CU,10,AWG
5386,KSA2020170320,S0130-0031-0005,2020170320,BN,1,0.5,0,CU,10,AWG
5387,KSA2020170325,S0130-0031-006A,2020170325,BN,1,0.5,0,CU,10,AWG
5388,KSA2020170330,S0130-0031-0005,2020170330,BN,1,0.5,0,CU,10,AWG
5389,KSA2020170335,S0130-0031-0011,2020170335,BN,1,0.5,0,CU,10,AWG
5390,KSA2020170340,S0130-0031-0005,2020170340,BN,1,0.5,0,CU,10,AWG
5391,KSA2020170345,S0130-0031-0004,2020170345,BN,1,0.5,0,CU,10,AWG
5392,KSA2020170350,S0130-0031-0006,2020170350,BN,1,0.5,0,CU,10,AWG
5393,KSA2020170351,S0130-0031-006A,2020170351,BN,1,0.5,0,CU,10,AWG
5394,KSA2020170352,S0130-0031-0007,2020170352,BN,1,0.5,0,CU,10,AWG
5395,KSA2020170353,S0130-0031-0005,2020170353,BN,1,0.5,0,CU,10,AWG
5396,KSA2020170354,S0130-0031-006A,2020170354,BN,1,0.5,0,CU,10,AWG
5397,KSA2020170355,S0130-0031-0005,2020170355,BN,1,0.5,0,CU,10,AWG
5398,KSA2020170356,S0130-0031-006A,2020170356,BN,1,0.5,0,CU,10,AWG
5399,KSA2020170358,S0130-0031-006A,2020170358,BN,1,0.5,0,CU,10,AWG
5400,KSA2020170359,S0130-0031-006A,2020170359,BN,1,0.5,0,CU,10,AWG
5401,KSA2020170360,S0130-0031-006A,2020170360,BN,1,0.5,0,CU,10,AWG
5402,KSA2020170370,S0130-0031-006A,2020170370,BN,1,0.5,0,CU,10,AWG
5403,KSA2020170375,S0130-0031-006A,2020170375,BN,1,0.5,0,CU,10,AWG
5404,KSA2020170380,S0130-0031-006A,2020170380,BN,1,0.5,0,CU,10,AWG
5405,KSA2020170385,S0130-0031-006A,2020170385,BN,1,0.5,0,CU,10,AWG
5406,KSA2020170395,S130-53-08-004c,2020170395,CN,1,0.5,0,CU,10,AWG
5407,KSA2020170400,S0130-0031-0007,2020170400,BN,1,0.5,0,CU,10,AWG
5408,KSA2020170405,S130-53-08-0020,2020170405,CN,1,0.5,0,CU,10,AWG
5409,KSA2020170410,S0130-0031-0007,2020170410,BN,1,0.5,0,CU,10,AWG
5410,KSA2020170412,S0130-0031-0007,2020170412,BN,1,0.5,0,CU,10,AWG
5411,KSA2020170414,S0130-0031-0008,2020170414,BN,1,0.5,0,CU,10,AWG
5412,KSA2020170415,S0130-0031-0008,2020170415,BN,1,0.5,0,CU,10,AWG
5413,KSA2020170420,S0130-0031-0008,2020170420,BN,1,0.5,0,CU,10,AWG
5414,KSA2020170425,S130-31-04-0006,2020170425,AN,1,0.5,0,CU,10,AWG
5415,KSA2020170430,S130-31-04-0006,2020170430,AN,1,0.5,0,CU,10,AWG
5416,KSA2020170434,S0130-0016-0019,2020170434,AN,1,0.5,0,CU,10,AWG
5417,KSA2020170435,S0130-0031-0009,2020170435,BN,1,0.5,0,CU,10,AWG
5418,KSA2020170436,S0130-0031-0005,2020170436,BN,1,0.5,0,CU,10,AWG
5419,KSA2020170440,S0130-0031-0009,2020170440,BN,1,0.5,0,CU,10,AWG
5420,KSA2020170442,S0130-0031-0009,2020170442,BN,1,0.5,0,CU,10,AWG
5421,KSA2020170443,S0130-0031-0009,2020170443,BN,1,0.5,0,CU,10,AWG
5422,KSA2020170445,S0130-0031-0009,2020170445,BN,1,0.5,0,CU,10,AWG
5423,KSA2020170446,S0130-0031-0009,2020170446,BN,1,0.5,0,CU,10,AWG
5424,KSA2020170447,S0130-0031-0009,2020170447,BN,1,0.5,0,CU,10,AWG
5425,KSA2020170450,S0130-0031-0009,2020170450,BN,1,0.5,0,CU,10,AWG
5426,KSA2020170452,S0130-0031-0009,2020170452,BN,1,0.5,0,CU,10,AWG
5427,KSA2020170453,S0130-0031-0009,2020170453,BN,1,0.5,0,CU,10,AWG
5428,KSA2020170454,S0130-0031-0009,2020170454,BN,1,0.5,0,CU,10,AWG
5429,KSA2020170455,S0130-0031-0009,2020170455,BN,1,0.5,0,CU,10,AWG
5430,KSA2020170456,S0130-0031-0009,2020170456,BN,1,0.5,0,CU,10,AWG
5431,KSA2020170460,S0130-0031-0009,2020170460,BN,1,0.5,0,CU,10,AWG
5432,KSA2020170461,S130-31-04-0001,2020170461,AN,1,0.5,0,CU,10,AWG
5433,KSA2020170465,S0130-0016-0013,2020170465,AN,1,0.5,0,CU,10,AWG
5434,KSA2020170470,S0130-0031-0010,2020170470,BN,1,0.5,0,CU,10,AWG
5435,KSA2020170475,S0130-0031-0010,2020170475,BN,1,0.5,0,CU,10,AWG
5436,KSA2020170476,S0130-0031-0010,2020170476,BN,1,0.5,0,CU,10,AWG
5437,KSA2020170477,S0130-0031-0010,2020170477,BN,1,0.5,0,CU,10,AWG
5438,KSA2020170480,S0130-0031-0010,2020170480,BN,1,0.5,0,CU,10,AWG
5439,KSA2020170485,S0130-0031-0010,2020170485,BN,1,0.5,0,CU,10,AWG
5440,KSA2020170490,S0130-0031-0009,2020170490,BN,1,0.5,0,CU,10,AWG
5441,KSA2020170495,S0130-0031-0009,2020170495,BN,1,0.5,0,CU,10,AWG
5442,KSA2020170497,S0130-0031-0009,2020170497,BN,1,0.5,0,CU,10,AWG
5443,KSA2020170500,S0130-0031-0009,2020170500,BN,1,0.5,0,CU,10,AWG
5444,KSA2020170505,S0130-0031-0010,2020170505,BN,1,0.5,0,CU,10,AWG
5445,KSA2020170510,S0130-0031-0010,2020170510,BN,1,0.5,0,CU,10,AWG
5446,KSA2020170520,S0130-0031-0011,2020170520,BN,1,0.5,0,CU,10,AWG
5447,KSA2020170522,S0130-0031-0010,2020170522,BN,1,0.5,0,CU,10,AWG
5448,KSA2020170523,S0130-0031-0010,2020170523,BN,1,0.5,0,CU,10,AWG
5449,KSA2020170525,S0130-0031-0010,2020170525,BN,1,0.5,0,CU,10,AWG
5450,KSA2020170526,S130-31-04-0002,2020170526,AN,1,0.5,0,CU,10,AWG
5451,KSA2020170535,S0130-0063-0003,2020170535,BN,1,0.5,0,CU,10,AWG
5452,KSA2020170540,S0130-0031-0010,2020170540,BN,1,0.5,0,CU,10,AWG
5453,KSA2020170545,S130-53-08-0011,2020170545,CN,1,0.5,0,CU,10,AWG
5454,KSA2020170548,S0130-0031-0011,2020170548,BN,1,0.5,0,CU,10,AWG
5455,KSA2020170549,S0130-0031-0011,2020170549,BN,1,0.5,0,CU,10,AWG
5456,KSA2020170550,S0130-0031-0011,2020170550,BN,1,0.5,0,CU,10,AWG
5457,KSA2020170551,S0130-0031-0011,2020170551,BN,1,0.5,0,CU,10,AWG
5458,KSA2020170552,S0130-0031-0011,2020170552,BN,1,0.5,0,CU,10,AWG
5459,KSA2020170553,S130-31-04-0006,2020170553,AN,1,0.5,0,CU,10,AWG
5460,KSA2020170554,S130-31-04-0006,2020170554,AN,1,0.5,0,CU,10,AWG
5461,KSA2020170555,S130-31-04-0005,2020170555,AN,1,0.5,0,CU,10,AWG
5462,KSA2020170560,S130-31-04-0005,2020170560,AN,1,0.5,0,CU,10,AWG
5463,KSA2020170561,S130-31-04-004b,2020170561,AN,1,0.5,0,CU,10,AWG
5464,KSA2020170563,S0130-0031-0011,2020170563,BN,1,0.5,0,CU,10,AWG
5465,KSA2020170564,S130-31-04-0005,2020170564,AN,1,0.5,0,CU,10,AWG
5466,KSA2020170566,S130-31-04-004b,2020170566,AN,2,77.0,0,ACSR,2,AWG
5467,KSA2020170570,S130-31-04-0003,2020170570,AN,1,0.5,0,CU,10,AWG
5468,KSA2020170575,S0130-0049-0016,2020170575,BN,1,0.5,0,CU,10,AWG
5469,KSA2020170580,S0130-0031-0012,2020170580,BN,1,0.5,0,CU,10,AWG
5470,KSA2020170585,S0130-0031-0011,2020170585,BN,1,0.5,0,CU,10,AWG
5471,KSA2020170590,S0130-0031-0012,2020170590,BN,1,0.5,0,CU,10,AWG
5472,KSA2020170595,S0130-0031-0003,2020170595,BN,1,0.5,0,CU,10,AWG
5473,KSA2020170610,S0130-0031-0012,2020170610,BN,1,0.5,0,CU,10,AWG
5474,KSA2020170615,S0130-0016-0019,2020170615,AN,1,0.5,0,CU,10,AWG
5475,KSA2020170620,S0130-0031-0015,2020170620,BN,1,0.5,0,CU,10,AWG
5476,KSA2020170624,S130-31-04-0005,2020170624,AN,1,0.5,0,CU,10,AWG
5477,KSA2020170625,S0130-0031-006A,2020170625,BN,1,0.5,0,CU,10,AWG
5478,KSA2020170626,S130-31-04-004b,2020170626,AN,1,0.5,0,CU,10,AWG
5479,KSA2020170627,S130-31-04-004b,2020170627,AN,1,0.5,0,CU,10,AWG
5480,KSA2020170628,S130-53-08-0012,2020170628,CN,1,0.5,0,CU,10,AWG
5481,KSA2020170635,S130-53-08-0012,2020170635,CN,1,0.5,0,CU,10,AWG
5482,KSA2020170640,S0130-0031-0013,2020170640,BN,1,0.5,0,CU,10,AWG
5483,KSA2020170650,S130-31-04-004b,2020170650,AN,1,0.5,0,CU,10,AWG
5484,KSA2020170651,S130-31-04-004b,2020170651,AN,1,0.5,0,CU,10,AWG
5485,KSA2020170655,S130-53-08-0008,2020170655,CN,1,0.5,0,CU,10,AWG
5486,KSA2020170660,S0130-0031-0013,2020170660,BN,1,0.5,0,CU,10,AWG
5487,KSA2020170665,S0130-0031-0014,2020170665,BN,1,0.5,0,CU,10,AWG
5488,KSA2020170666,S0130-0031-0013,2020170666,BN,1,0.5,0,CU,10,AWG
5489,KSA2020170667,S0130-0031-0013,2020170667,BN,1,0.5,0,CU,10,AWG
5490,KSA2020170670,S0130-0031-0013,2020170670,BN,1,0.5,0,CU,10,AWG
5491,KSA2020170675,S0130-0031-0013,2020170675,BN,1,0.5,0,CU,10,AWG
5492,KSA2020170676,S0130-0031-006A,2020170676,BN,1,0.5,0,CU,10,AWG
5493,KSA2020170678,S0130-0031-0013,2020170678,BN,1,0.5,0,CU,10,AWG
5494,KSA2020170685,S130-53-08-004e,2020170685,CN,1,0.5,0,CU,10,AWG
5495,KSA2020170691,S0130-0031-0013,2020170691,BN,1,0.5,0,CU,10,AWG
5496,KSA2020170692,S0130-0031-0013,2020170692,BN,1,0.5,0,CU,10,AWG
5497,KSA2020170693,S0130-0031-006A,2020170693,BN,1,0.5,0,CU,10,AWG
5498,KSA2020170694,S0130-0031-0013,2020170694,BN,1,0.5,0,CU,10,AWG
5499,KSA2020170695,S0130-0031-0015,2020170695,BN,1,0.5,0,CU,10,AWG
5500,KSA2020170696,S0130-0031-0013,2020170696,BN,1,0.5,0,CU,10,AWG
5501,KSA2020170697,S0130-0031-0015,2020170697,BN,1,0.5,0,CU,10,AWG
5502,KSA2020170699,S0130-0031-006A,2020170699,BN,1,0.5,0,CU,10,AWG
5503,KSA2020170700,S0130-0031-0015,2020170700,BN,1,0.5,0,CU,10,AWG
5504,KSA2020170704,S0130-0031-0015,2020170704,BN,1,0.5,0,CU,10,AWG
5505,KSA2020170705,S0130-0031-0013,2020170705,BN,1,0.5,0,CU,10,AWG
5506,KSA2020170706,S0130-0031-0013,2020170706,BN,1,0.5,0,CU,10,AWG
5507,KSA2020170708,S0130-0031-0013,2020170708,BN,1,0.5,0,CU,10,AWG
5508,KSA2020170715,S130-53-08-0007,2020170715,CN,1,0.5,0,CU,10,AWG
5509,KSA2020170720,S0130-0031-0005,2020170720,BN,1,0.5,0,CU,10,AWG
5510,KSA2020170721,S130-53-08-0007,2020170721,CN,1,0.5,0,CU,10,AWG
5511,KSA2020170725,S0130-0049-004C,2020170725,BN,1,0.5,0,CU,10,AWG
5512,KSA2020170730,S0130-0049-004C,2020170730,BN,1,0.5,0,CU,10,AWG
5513,KSA2020170735,S0130-0049-0007,2020170735,BN,1,0.5,0,CU,10,AWG
5514,KSA2020170739,S0130-0049-0004,2020170739,BN,1,0.5,0,CU,10,AWG
5515,KSA2020170740,S0130-0049-0007,2020170740,BN,1,0.5,0,CU,10,AWG
5516,KSA2020170742,S0130-0016-0011,2020170742,AN,1,0.5,0,CU,10,AWG
5517,KSA2020170743,S0130-0031-0004,2020170743,BN,1,0.5,0,CU,10,AWG
5518,KSA2020170744,S0130-0031-0011,2020170744,BN,1,0.5,0,CU,10,AWG
5519,KSA2020170745,S0130-0049-004A,2020170745,BN,1,0.5,0,CU,10,AWG
5520,KSA2020170746,S0130-0049-002b,2020170746,BN,1,0.5,0,CU,10,AWG
5521,KSA2020170747,S0130-0049-002b,2020170747,BN,1,0.5,0,CU,10,AWG
5522,KSA2020170748,S0130-0049-0007,2020170748,BN,1,0.5,0,CU,10,AWG
5523,KSA2020170750,S0130-0049-0004,2020170750,BN,1,0.5,0,CU,10,AWG
5524,KSA2020170751,S0130-0049-0004,2020170751,BN,1,0.5,0,CU,10,AWG
5525,KSA2020170752,S0130-0049-002b,2020170752,BN,1,0.5,0,CU,10,AWG
5526,KSA2020170753,S0130-0049-0001,2020170753,BN,1,0.5,0,CU,10,AWG
5527,KSA2020170755,S0130-0049-002b,2020170755,BN,1,0.5,0,CU,10,AWG
5528,KSA2020170760,S0130-0049-004D,2020170760,BN,1,0.5,0,CU,10,AWG
5529,KSA2020170764,S0130-0049-004D,2020170764,BN,1,0.5,0,CU,10,AWG
5530,KSA2020170765,S0130-0049-004D,2020170765,BN,1,0.5,0,CU,10,AWG
5531,KSA2020170766,S0130-0049-004D,2020170766,BN,1,0.5,0,CU,10,AWG
5532,KSA2020170767,S0130-0049-004D,2020170767,BN,1,0.5,0,CU,10,AWG
5533,KSA2020170768,S0130-0049-002b,2020170768,BN,1,0.5,0,CU,10,AWG
5534,KSA2020170770,S0130-0049-0003,2020170770,BN,1,0.5,0,CU,10,AWG
5535,KSA2020170775,S0130-0049-0003,2020170775,BN,1,0.5,0,CU,10,AWG
5536,KSA2020170777,S0130-0049-0010,2020170777,BN,1,0.5,0,CU,10,AWG
5537,KSA2020170780,S0130-0049-004B,2020170780,BN,1,0.5,0,CU,10,AWG
5538,KSA2020170794,S0130-0031-006A,2020170794,BN,1,0.5,0,CU,10,AWG
5539,KSA2020170795,S0130-0049-004B,2020170795,BN,1,0.5,0,CU,10,AWG
5540,KSA2020170796,S0130-0049-0003,2020170796,BN,1,0.5,0,CU,10,AWG
5541,KSA2020170800,S0130-0049-004C,2020170800,BN,1,0.5,0,CU,10,AWG
5542,KSA2020170801,S0130-0049-004D,2020170801,BN,1,0.5,0,CU,10,AWG
5543,KSA2020170805,S0130-0031-006A,2020170805,BN,1,0.5,0,CU,10,AWG
5544,KSA2020170810,S0130-0049-004D,2020170810,BN,1,0.5,0,CU,10,AWG
5545,KSA2020170811,S0130-0049-004D,2020170811,BN,1,0.5,0,CU,10,AWG
5546,KSA2020170812,S0130-0049-004D,2020170812,BN,1,0.5,0,CU,10,AWG
5547,KSA2020170813,S0130-0049-004D,2020170813,BN,1,0.5,0,CU,10,AWG
5548,KSA2020170815,S0130-0049-0006,2020170815,BN,1,0.5,0,CU,10,AWG
5549,KSA2020170816,S0130-0049-0007,2020170816,BN,1,0.5,0,CU,10,AWG
5550,KSA2020170817,S0130-0049-0007,2020170817,BN,1,0.5,0,CU,10,AWG
5551,KSA2020170819,S0130-0049-0008,2020170819,BN,1,0.5,0,CU,10,AWG
5552,KSA2020170820,S0130-0049-0007,2020170820,BN,1,0.5,0,CU,10,AWG
5553,KSA2020170821,S0130-0049-0007,2020170821,BN,1,0.5,0,CU,10,AWG
5554,KSA2020170825,S0130-0049-0008,2020170825,BN,1,0.5,0,CU,10,AWG
5555,KSA2020170830,S0130-0049-0013,2020170830,BN,1,0.5,0,CU,10,AWG
5556,KSA2020170835,S130-31-04-0004,2020170835,AN,1,0.5,0,CU,10,AWG
5557,KSA2020170845,S130-53-08-004B,2020170845,CN,1,0.5,0,CU,10,AWG
5558,KSA2020170850,S0130-0049-0007,2020170850,BN,1,0.5,0,CU,10,AWG
5559,KSA2020170860,S0130-0049-0008,2020170860,BN,1,0.5,0,CU,10,AWG
5560,KSA2020170865,S0130-0049-0007,2020170865,BN,1,0.5,0,CU,10,AWG
5561,KSA2020170870,S0130-0049-0007,2020170870,BN,1,0.5,0,CU,10,AWG
5562,KSA2020170875,S0130-0049-0004,2020170875,BN,1,0.5,0,CU,10,AWG
5563,KSA2020170880,S0130-0049-0008,2020170880,BN,1,0.5,0,CU,10,AWG
5564,KSA2020170885,S130-53-08-0020,2020170885,CN,1,0.5,0,CU,10,AWG
5565,KSA2020170890,S0130-0049-0009,2020170890,BN,1,0.5,0,CU,10,AWG
5566,KSA2020170893,S0130-0049-0009,2020170893,BN,1,0.5,0,CU,10,AWG
5567,KSA2020170894,S0130-0049-0009,2020170894,BN,1,0.5,0,CU,10,AWG
5568,KSA2020170895,S0130-0049-0009,2020170895,BN,1,0.5,0,CU,10,AWG
5569,KSA2020170896,S0130-0049-0009,2020170896,BN,1,0.5,0,CU,10,AWG
5570,KSA2020170897,S0130-0049-0009,2020170897,BN,1,0.5,0,CU,10,AWG
5571,KSA2020170900,S0130-0049-0009,2020170900,BN,1,0.5,0,CU,10,AWG
5572,KSA2020170902,S0130-0049-0010,2020170902,BN,1,0.5,0,CU,10,AWG
5573,KSA2020170910,S0130-0049-0009,2020170910,BN,1,0.5,0,CU,10,AWG
5574,KSA2020170915,S130-53-08-0020,2020170915,CN,1,0.5,0,CU,10,AWG
5575,KSA2020170920,S0130-0049-0009,2020170920,BN,1,0.5,0,CU,10,AWG
5576,KSA2020170925,S0130-0049-0009,2020170925,BN,1,0.5,0,CU,10,AWG
5577,KSA2020170929,S0130-0049-0012,2020170929,BN,1,0.5,0,CU,10,AWG
5578,KSA2020170930,S0130-0049-0010,2020170930,BN,1,0.5,0,CU,10,AWG
5579,KSA2020170931,S0130-0049-0010,2020170931,BN,1,0.5,0,CU,10,AWG
5580,KSA2020170932,S0130-0049-0010,2020170932,BN,1,0.5,0,CU,10,AWG
5581,KSA2020170933,S130-53-08-004c,2020170933,CN,1,0.5,0,CU,10,AWG
5582,KSA2020170934,S0130-0049-0010,2020170934,BN,1,0.5,0,CU,10,AWG
5583,KSA2020170938,S0130-0049-0012,2020170938,BN,1,0.5,0,CU,10,AWG
5584,KSA2020170940,S0130-0049-0010,2020170940,BN,1,0.5,0,CU,10,AWG
5585,KSA2020170945,S0130-0049-0013,2020170945,BN,1,0.5,0,CU,10,AWG
5586,KSA2020170950,S0130-0049-0013,2020170950,BN,1,0.5,0,CU,10,AWG
5587,KSA2020170955,S0130-0016-0008,2020170955,AN,1,0.5,0,CU,10,AWG
5588,KSA2020170960,S0130-0049-0013,2020170960,BN,1,0.5,0,CU,10,AWG
5589,KSA2020170970,S0130-0049-0013,2020170970,BN,1,0.5,0,CU,10,AWG
5590,KSA2020170975,S0130-0049-0013,2020170975,BN,1,0.5,0,CU,10,AWG
5591,KSA2020170980,S0130-0049-0013,2020170980,BN,1,0.5,0,CU,10,AWG
5592,KSA2020170985,S0130-0049-0013,2020170985,BN,1,0.5,0,CU,10,AWG
5593,KSA2020170986,S0130-0049-0013,2020170986,BN,1,0.5,0,CU,10,AWG
5594,KSA2020170987,S0130-0049-0013,2020170987,BN,1,0.5,0,CU,10,AWG
5595,KSA2020170993,S0130-0049-0014,2020170993,BN,1,0.5,0,CU,10,AWG
5596,KSA2020170994,S0130-0049-0013,2020170994,BN,1,0.5,0,CU,10,AWG
5597,KSA2020170995,S0130-0049-0014,2020170995,BN,1,0.5,0,CU,10,AWG
5598,KSA2020170997,S0130-0049-0015,2020170997,BN,1,0.5,0,CU,10,AWG
5599,KSA2020171000,S0130-0049-0015,2020171000,BN,1,0.5,0,CU,10,AWG
5600,KSA2020171001,S0130-0049-0015,2020171001,BN,1,0.5,0,CU,10,AWG
5601,KSA2020171003,S0130-0049-0015,2020171003,BN,1,0.5,0,CU,10,AWG
5602,KSA2020171005,S0130-0049-0015,2020171005,BN,1,0.5,0,CU,10,AWG
5603,KSA2020171006,S0130-0049-0015,2020171006,BN,1,0.5,0,CU,10,AWG
5604,KSA2020171010,S0130-0049-0016,2020171010,BN,1,0.5,0,CU,10,AWG
5605,KSA2020171015,S0130-0049-0015,2020171015,BN,1,0.5,0,CU,10,AWG
5606,KSA2020171020,S0130-0049-0016,2020171020,BN,1,0.5,0,CU,10,AWG
5607,KSA2020171025,S0130-0049-0016,2020171025,BN,1,0.5,0,CU,10,AWG
5608,KSA2020171030,S130-53-08-0001,2020171030,CN,1,0.5,0,CU,10,AWG
5609,KSA2020171035,S0130-0049-002b,2020171035,BN,1,0.5,0,CU,10,AWG
5610,KSA2020171040,S130-53-08-0004,2020171040,CN,1,0.5,0,CU,10,AWG
5611,KSA2020171045,S0130-0049-002b,2020171045,BN,1,0.5,0,CU,10,AWG
5612,KSA2020171052,S130-53-08-0006,2020171052,CN,1,0.5,0,CU,10,AWG
5613,KSA2020171055,S130-53-08-0006,2020171055,CN,1,0.5,0,CU,10,AWG
5614,KSA2020171059,S130-53-08-0005,2020171059,CN,1,0.5,0,CU,10,AWG
5615,KSA2020171060,S130-53-08-0005,2020171060,CN,1,0.5,0,CU,10,AWG
5616,KSA2020171061,S130-53-08-0011,2020171061,CN,1,0.5,0,CU,10,AWG
5617,KSA2020171065,S130-53-08-0011,2020171065,CN,1,0.5,0,CU,10,AWG
5618,KSA2020171066,S0130-0049-0016,2020171066,BN,1,0.5,0,CU,10,AWG
5619,KSA2020171070,S130-53-08-0009,2020171070,CN,1,0.5,0,CU,10,AWG
5620,KSA2020171072,S130-53-08-0011,2020171072,CN,1,0.5,0,CU,10,AWG
5621,KSA2020171073,S130-53-08-0012,2020171073,CN,1,0.5,0,CU,10,AWG
5622,KSA2020171074,S130-53-08-0008,2020171074,CN,1,0.5,0,CU,10,AWG
5623,KSA2020171075,S130-53-08-0012,2020171075,CN,1,0.5,0,CU,10,AWG
5624,KSA2020171076,S130-53-08-0014,2020171076,CN,1,0.5,0,CU,10,AWG
5625,KSA2020171077,S130-53-08-0007,2020171077,CN,1,0.5,0,CU,10,AWG
5626,KSA2020171078,S130-53-08-0020,2020171078,CN,1,0.5,0,CU,10,AWG
5627,KSA2020171085,S0130-0049-0007,2020171085,BN,1,0.5,0,CU,10,AWG
5628,KSA2020171086,S130-53-08-004b,2020171086,CN,1,0.5,0,CU,10,AWG
5629,KSA2020171088,S130-53-08-0007,2020171088,CN,1,0.5,0,CU,10,AWG
5630,KSA2020171089,S130-53-08-0013,2020171089,CN,1,0.5,0,CU,10,AWG
5631,KSA2020171090,S130-53-08-0007,2020171090,CN,1,0.5,0,CU,10,AWG
5632,KSA2020171091,S130-53-08-004B,2020171091,CN,1,0.5,0,CU,10,AWG
5633,KSA2020171092,S130-53-08-004B,2020171092,CN,1,0.5,0,CU,10,AWG
5634,KSA2020171093,S130-53-08-0009,2020171093,CN,1,0.5,0,CU,10,AWG
5635,KSA2020171094,S130-53-08-004c,2020171094,CN,1,0.5,0,CU,10,AWG
5636,KSA2020171096,S130-53-08-004A,2020171096,CN,1,0.5,0,CU,10,AWG
5637,KSA2020171097,S130-53-08-004a,2020171097,CN,1,0.5,0,CU,10,AWG
5638,KSA2020171098,S130-53-08-004a,2020171098,CN,1,0.5,0,CU,10,AWG
5639,KSA2020171099,S130-53-08-004a,2020171099,CN,1,0.5,0,CU,10,AWG
5640,KSA2020171100,S130-53-08-004a,2020171100,CN,1,0.5,0,CU,10,AWG
5641,KSA2020171101,S130-53-08-004c,2020171101,CN,1,0.5,0,CU,10,AWG
5642,KSA2020171102,S130-53-08-004f,2020171102,CN,1,0.5,0,CU,10,AWG
5643,KSA2020171104,S130-53-08-004B,2020171104,CN,1,0.5,0,CU,10,AWG
5644,KSA2020171105,S130-53-08-004e,2020171105,CN,1,0.5,0,CU,10,AWG
5645,KSA2020171106,S130-53-08-004e,2020171106,CN,1,0.5,0,CU,10,AWG
5646,KSA2020171107,S130-53-08-004f,2020171107,CN,1,0.5,0,CU,10,AWG
5647,KSA2020171108,S130-53-08-004f,2020171108,CN,1,0.5,0,CU,10,AWG
5648,KSA2020171109,S130-53-08-004c,2020171109,CN,1,0.5,0,CU,10,AWG
5649,KSA2020171110,S130-53-08-004B,2020171110,CN,1,0.5,0,CU,10,AWG
5650,KSA2020171111,S130-53-08-004e,2020171111,CN,1,0.5,0,CU,10,AWG
5651,KSA2020171112,S130-53-08-004b,2020171112,CN,1,0.5,0,CU,10,AWG
5652,KSA2020171115,S130-53-08-004c,2020171115,CN,1,0.5,0,CU,10,AWG
5653,KSA2020171116,S130-53-08-004B,2020171116,CN,1,0.5,0,CU,10,AWG
5654,KSA2020171120,S130-53-08-004c,2020171120,CN,1,0.5,0,CU,10,AWG
5655,KSA2020171122,S130-53-08-004C,2020171122,CN,1,0.5,0,CU,10,AWG
5656,KSA2020171123,S130-53-08-004D,2020171123,CN,1,0.5,0,CU,10,AWG
5657,KSA2020171124,S130-53-08-004E,2020171124,CN,1,0.5,0,CU,10,AWG
5658,KSA2020171125,S130-53-08-004D,2020171125,CN,1,0.5,0,CU,10,AWG
5659,KSA2020171126,S130-53-08-004D,2020171126,CN,1,0.5,0,CU,10,AWG
5660,KSA2020171128,S130-53-08-004E,2020171128,CN,1,0.5,0,CU,10,AWG
5661,KSA2020171129,S130-53-08-004D,2020171129,CN,1,0.5,0,CU,10,AWG
5662,KSA2020171130,S130-53-08-004D,2020171130,CN,1,0.5,0,CU,10,AWG
5663,KSA2020171135,S130-53-08-004D,2020171135,CN,1,0.5,0,CU,10,AWG
5664,KSA2020171140,S130-53-08-004E,2020171140,CN,1,0.5,0,CU,10,AWG
5665,KSA2020171141,S130-53-08-004E,2020171141,CN,1,0.5,0,CU,10,AWG
5666,KSA2020171143,S130-53-08-004F,2020171143,CN,1,0.5,0,CU,10,AWG
5667,KSA2020171145,S130-53-08-004F,2020171145,CN,1,0.5,0,CU,10,AWG
5668,KSA2020171147,S0130-0049-0007,2020171147,BN,1,0.5,0,CU,10,AWG
5669,KSA2020171148,S0130-0049-0016,2020171148,BN,1,0.5,0,CU,10,AWG
5670,KSA2020171149,S0130-0049-0016,2020171149,BN,1,0.5,0,CU,10,AWG
5671,KSA2020171150,S0130-0063-0002,2020171150,BN,1,0.5,0,CU,10,AWG
5672,KSA2020171151,S0130-0063-0002,2020171151,BN,1,0.5,0,CU,10,AWG
5673,KSA2020171152,S0130-0049-0016,2020171152,BN,1,0.5,0,CU,10,AWG
5674,KSA2020171153,S0130-0063-0003,2020171153,BN,1,0.5,0,CU,10,AWG
5675,KSA2020171154,S0130-0063-0002,2020171154,BN,1,0.5,0,CU,10,AWG
5676,KSA2020171155,S0130-0063-0002,2020171155,BN,1,0.5,0,CU,10,AWG
5677,KSA2020171160,S0130-0063-0003,2020171160,BN,1,0.5,0,CU,10,AWG
5678,KSA2020171165,S0130-0063-0003,2020171165,BN,1,0.5,0,CU,10,AWG
5679,KSA2020171170,S0130-0063-0003,2020171170,BN,1,0.5,0,CU,10,AWG
5680,KSA2020171172,S0130-0063-0004,2020171172,BN,1,0.5,0,CU,10,AWG
5681,KSA2020171175,S0130-0063-0003,2020171175,BN,1,0.5,0,CU,10,AWG
5682,KSA2020171180,S130-31-04-0005,2020171180,AN,1,0.5,0,CU,10,AWG
5683,KSA2020171185,S0130-0031-0008,2020171185,BN,1,0.5,0,CU,10,AWG
5684,KSA2020171190,S0130-0031-0008,2020171190,BN,1,0.5,0,CU,10,AWG
5685,KSA2020171195,S0130-0016-012a,2020171195,AN,1,0.5,0,CU,10,AWG
5686,KSA2020171200,S0130-0049-0016,2020171200,BN,1,0.5,0,CU,10,AWG
5687,KSA2020171205,S0130-0031-0013,2020171205,BN,1,0.5,0,CU,10,AWG
5688,KSA2020171210,S130-53-08-004f,2020171210,CN,1,0.5,0,CU,10,AWG
5689,KSA2020171215,S130-53-08-0012,2020171215,CN,1,0.5,0,CU,10,AWG
5690,KSA2020171220,S130-53-08-0012,2020171220,CN,1,0.5,0,CU,10,AWG
5691,KSA2020171225,S0130-0016-0013,2020171225,AN,1,0.5,0,CU,10,AWG
5692,KSA2020171230,S0130-0049-0003,2020171230,BN,1,0.5,0,CU,10,AWG
5693,KSA2020171235,S130-53-08-0013,2020171235,CN,1,0.5,0,CU,10,AWG
5694,KSA2020171240,S130-31-04-0003,2020171240,AN,1,0.5,0,CU,10,AWG
5695,KSA2020171245,S130-31-04-0004,2020171245,AN,1,0.5,0,CU,10,AWG
5696,KSA2020171250,S0130-0031-0005,2020171250,BN,1,0.5,0,CU,10,AWG
5697,KSA2020171255,S0130-0031-0005,2020171255,BN,1,0.5,0,CU,10,AWG
5698,KSA2020171260,S0130-0031-0005,2020171260,BN,1,0.5,0,CU,10,AWG
5699,KSA2020171265,S130-31-04-0001,2020171265,AN,1,0.5,0,CU,10,AWG
5700,KSA2020171270,S130-31-04-0002,2020171270,AN,1,0.5,0,CU,10,AWG
5701,KSA2020171275,S0130-0049-0008,2020171275,BN,1,0.5,0,CU,10,AWG
5702,KSA2020171280,S130-31-04-0005,2020171280,AN,1,0.5,0,CU,10,AWG
5703,KSA2020171285,S130-31-04-0003,2020171285,AN,1,0.5,0,CU,10,AWG
5704,KSA2020171290,S0130-0031-006A,2020171290,BN,1,0.5,0,CU,10,AWG
5705,KSA2020171295,S0130-0031-006A,2020171295,BN,1,0.5,0,CU,10,AWG
5706,KSA2020171300,S0130-0031-0005,2020171300,BN,1,0.5,0,CU,10,AWG
5707,KSA2020171305,S130-31-04-0003,2020171305,AN,1,0.5,0,CU,10,AWG
5708,KSA2020171310,S0130-0016-017a,2020171310,AN,1,0.5,0,CU,10,AWG
5709,KSA2020171315,S130-53-08-004E,2020171315,CN,1,0.5,0,CU,10,AWG
5710,KSA2020171320,S130-53-08-004E,2020171320,CN,1,0.5,0,CU,10,AWG
5711,KSA2020171325,S0130-0016-017a,2020171325,AN,1,0.5,0,CU,10,AWG
5712,KSA2020171330,S0130-0031-0005,2020171330,BN,1,0.5,0,CU,10,AWG
5713,KSA2020171335,S0130-0031-0005,2020171335,BN,1,0.5,0,CU,10,AWG
5714,KSA2020171340,S130-53-08-004e,2020171340,CN,1,0.5,0,CU,10,AWG
5715,KSA2020171345,S130-53-08-004D,2020171345,CN,1,0.5,0,CU,10,AWG
5716,KSA2020171350,S0130-0031-006A,2020171350,BN,1,0.5,0,CU,10,AWG
5717,KSA2020171355,S0130-0031-006A,2020171355,BN,1,0.5,0,CU,10,AWG
5718,KSA2020171360,S0130-0016-0019,2020171360,AN,1,0.5,0,CU,10,AWG
5719,KSA2020171365,S0130-0049-0013,2020171365,BN,1,0.5,0,CU,10,AWG
5720,KSA2020171370,S130-53-08-004D,2020171370,CN,1,0.5,0,CU,10,AWG
5721,KSA2020171375,S130-53-08-004F,2020171375,CN,1,0.5,0,CU,10,AWG
5722,KSA2020171380,S130-53-08-004F,2020171380,CN,1,0.5,0,CU,10,AWG
5723,KSA2020171390,S130-53-08-004F,2020171390,CN,1,0.5,0,CU,10,AWG
5724,KSA2020171395,S130-53-08-004D,2020171395,CN,1,0.5,0,CU,10,AWG
5725,KSA2020171405,S130-53-08-004E,2020171405,CN,1,0.5,0,CU,10,AWG
5726,KSA2020171410,S130-53-08-004E,2020171410,CN,2,55.0,0,ACSR,2,AWG
5727,KSA2020171415,S130-53-08-004E,2020171415,CN,2,55.0,0,ACSR,2,AWG
5728,KSA2020171420,S0130-0016-0005,2020171420,AN,1,0.5,0,CU,10,AWG
5729,KSA2020171425,S0130-0016-0005,2020171425,AN,1,93.0,0,ACSR,2,AWG
5730,KSA2020171430,S0130-0049-0003,2020171430,BN,1,0.5,0,CU,10,AWG
5731,KSA2020171435,S0130-0049-004A,2020171435,BN,1,0.5,0,CU,10,AWG
5732,KSA2020171440,S0130-0016-0002,2020171440,AN,1,0.5,0,CU,10,AWG
5733,KSA2020171445,S130-53-08-0013,2020171445,CN,1,0.5,0,CU,10,AWG
5734,KSA2020171450,S130-53-08-004e,2020171450,CN,1,0.5,0,CU,10,AWG
5735,KSA2020171455,S130-53-08-004f,2020171455,CN,1,0.5,0,CU,10,AWG
5736,KSA2020171460,S130-53-08-004A,2020171460,CN,1,0.5,0,CU,10,AWG
5737,KSA2020171465,S0130-0049-0012,2020171465,BN,1,0.5,0,CU,10,AWG
5738,KSA2020171470,S0130-0049-002b,2020171470,BN,1,0.5,0,CU,10,AWG
5739,KSA2020171475,S0130-0049-0007,2020171475,BN,1,0.5,0,CU,10,AWG
5740,KSA2020171480,S130-53-08-004B,2020171480,CN,1,0.5,0,CU,10,AWG
5741,KSA2020171485,S130-53-08-004B,2020171485,CN,1,0.5,0,CU,10,AWG
5742,KSA2020171490,S0130-0049-0008,2020171490,BN,1,0.5,0,CU,10,AWG
5743,KSA2020171495,S0130-0016-012a,2020171495,AN,1,0.5,0,CU,10,AWG
5744,KSA2020171500,S0130-0049-0008,2020171500,BN,1,0.5,0,CU,10,AWG
5745,KSA2020171502,S0130-0049-0010,2020171502,BN,1,0.5,0,CU,10,AWG
5746,KSA2020171504,S0130-0049-0013,2020171504,BN,1,0.5,0,CU,10,AWG
5747,KSA2020171505,S0130-0063-0003,2020171505,BN,1,0.5,0,CU,10,AWG
5748,KSA2020171506,S0130-0049-002b,2020171506,BN,1,0.5,0,CU,10,AWG
5749,KSA2020171507,S130-31-04-0002,2020171507,AN,1,0.5,0,CU,10,AWG
5750,KSA2020171508,S130-53-08-004a,2020171508,CN,1,0.5,0,CU,10,AWG
5751,KSA2020171510,S0130-0031-0005,2020171510,BN,1,0.5,0,CU,10,AWG
5752,KSA2020171511,S0130-0031-0011,2020171511,BN,1,0.5,0,CU,10,AWG
5753,KSA2020171512,S130-53-08-0004,2020171512,CN,1,0.5,0,CU,10,AWG
5754,KSA2020171513,S130-53-08-004c,2020171513,CN,1,0.5,0,CU,10,AWG
5755,KSA2020171514,S130-53-08-004A,2020171514,CN,1,0.5,0,CU,10,AWG
5756,KSA2020171515,S130-31-04-0006,2020171515,AN,1,0.5,0,CU,10,AWG
5757,KSA2020171516,S0130-0031-0004,2020171516,BN,1,0.5,0,CU,10,AWG
5758,KSA2020171517,S130-31-04-0003,2020171517,AN,1,0.5,0,CU,10,AWG
5759,KSA2020171518,S0130-0031-0013,2020171518,BN,1,0.5,0,CU,10,AWG
5760,KSA2020171519,S0130-0031-0011,2020171519,BN,1,0.5,0,CU,10,AWG
5761,KSA2020171520,S0130-0031-0011,2020171520,BN,1,0.5,0,CU,10,AWG
5762,KSA2020171521,S130-53-08-004A,2020171521,CN,1,0.5,0,CU,10,AWG
5763,KSA2020171522,S0130-0031-0011,2020171522,BN,1,0.5,0,CU,10,AWG
5764,KSA2020171523,S0130-0031-0011,2020171523,BN,1,1.0,0,ACSR,2,AWG
5765,KSA2020171524,S130-53-08-0004,2020171524,CN,1,0.5,0,CU,10,AWG
5766,KSA2020171525,S130-53-08-004A,2020171525,CN,1,0.5,0,CU,10,AWG
5767,KSA2020171526,S0100-0079-0007,2020171526,CN,1,0.5,0,CU,10,AWG
5768,KSA2020171527,S0130-0031-0004,2020171527,BN,1,0.5,0,CU,10,AWG
5769,KSA2020171528,S0130-0031-0013,2020171528,BN,1,0.5,0,CU,10,AWG
5770,KSA2020171529,S0130-0031-0013,2020171529,BN,1,71.0,0,ACSR,2,AWG
5771,KSA2020171530,S0130-0031-0011,2020171530,BN,1,0.5,0,CU,10,AWG
5772,KSA2020171531,S0130-0031-0004,2020171531,BN,1,0.5,0,CU,10,AWG
5773,KSA2020171532,S0130-0031-0004,2020171532,BN,1,84.0,0,ACSR,2,AWG
5774,KSA2020171533,S0130-0031-0004,2020171533,BN,1,84.0,0,ACSR,2,AWG
5775,KSA2020171535,S0130-0031-0004,2020171535,BN,1,84.0,0,ACSR,2,AWG
5776,KSA2020171536,S0130-0031-0004,2020171536,BN,1,84.0,0,ACSR,2,AWG
5777,KSA2020171537,S0130-0031-0004,2020171537,BN,1,84.0,0,ACSR,2,AWG
5778,KSA2020171538,S0130-0031-0004,2020171538,BN,1,84.0,0,ACSR,2,AWG
5779,KSA2020171539,S0130-0031-0004,2020171539,BN,1,84.0,0,ACSR,2,AWG
5780,KSA2020171540,S0130-0031-0004,2020171540,BN,1,84.0,0,ACSR,2,AWG
5781,KSA2020171541,S0130-0031-0004,2020171541,BN,1,84.0,0,ACSR,2,AWG
5782,KSA2020171542,S0130-0031-0004,2020171542,BN,1,84.0,0,ACSR,2,AWG
5783,KSA2020171543,S0130-0031-0004,2020171543,BN,1,84.0,0,ACSR,2,AWG
5784,KSA2020171544,S0130-0031-0004,2020171544,BN,1,84.0,0,ACSR,2,AWG
5785,KSA2020171545,S0130-0031-0004,2020171545,BN,1,84.0,0,ACSR,2,AWG
5786,KSA2020171546,S0130-0031-0004,2020171546,BN,1,84.0,0,ACSR,2,AWG
5787,KSA2020171547,S0130-0031-0004,2020171547,BN,1,84.0,0,ACSR,2,AWG
5788,KSA2020171548,S0130-0031-0004,2020171548,BN,1,84.0,0,ACSR,2,AWG
5789,KSA2020171549,S0130-0031-0004,2020171549,BN,1,84.0,0,ACSR,2,AWG
5790,KSA2020171550,S0130-0031-0004,2020171550,BN,1,84.0,0,ACSR,2,AWG
5791,KSA2020171551,S0130-0031-0004,2020171551,BN,1,84.0,0,ACSR,2,AWG
5792,KSA2020171552,S0130-0031-0004,2020171552,BN,1,84.0,0,ACSR,2,AWG
5793,KSA2020171553,S0130-0031-0004,2020171553,BN,1,84.0,0,ACSR,2,AWG
5794,KSA2020171554,S0130-0031-0004,2020171554,BN,1,84.0,0,ACSR,2,AWG
5795,KSA2020171555,S0130-0031-0004,2020171555,BN,1,84.0,0,ACSR,2,AWG
5796,KSA2020171556,S0130-0031-0004,2020171556,BN,1,84.0,0,ACSR,2,AWG
5797,KSA2020171557,S0130-0031-0004,2020171557,BN,1,84.0,0,ACSR,2,AWG
5798,KSA2020171558,S0130-0031-0004,2020171558,BN,1,84.0,0,ACSR,2,AWG
5799,KSA2020171559,S0130-0031-0004,2020171559,BN,1,84.0,0,ACSR,2,AWG
5800,KSA2020171560,S0130-0031-0004,2020171560,BN,1,84.0,0,ACSR,2,AWG
5801,KSA2020171561,S0130-0031-0004,2020171561,BN,1,84.0,0,ACSR,2,AWG
5802,KSA2020171562,S0130-0031-0004,2020171562,BN,1,84.0,0,ACSR,2,AWG
5803,KSA2020171563,S0130-0031-0004,2020171563,BN,1,84.0,0,ACSR,2,AWG
5804,KSA2020171564,S0130-0031-0004,2020171564,BN,1,84.0,0,ACSR,2,AWG
5805,KSA2020171565,S0130-0031-0004,2020171565,BN,1,84.0,0,ACSR,2,AWG
5806,KSA2020171566,S0130-0031-0004,2020171566,BN,1,84.0,0,ACSR,2,AWG
5807,KSA2020171567,S0130-0031-0004,2020171567,BN,1,84.0,0,ACSR,2,AWG
5808,KSA2020171568,S0130-0031-0004,2020171568,BN,1,84.0,0,ACSR,2,AWG
5809,KSA2020171569,S0130-0031-0004,2020171569,BN,1,84.0,0,ACSR,2,AWG
5810,KSA2020171570,S0130-0031-0004,2020171570,BN,1,84.0,0,ACSR,2,AWG
5811,KSA2020171571,S0130-0031-0004,2020171571,BN,1,84.0,0,ACSR,2,AWG
5812,KSA2020171572,S0130-0031-0004,2020171572,BN,1,84.0,0,ACSR,2,AWG
5813,KSA2020171573,S0130-0031-0004,2020171573,BN,1,84.0,0,ACSR,2,AWG
5814,KSA2020171574,S0130-0031-0004,2020171574,BN,1,84.0,0,ACSR,2,AWG
5815,KSA2020171575,S0130-0031-0004,2020171575,BN,1,84.0,0,ACSR,2,AWG
5816,KSA2020171576,S0130-0031-0004,2020171576,BN,1,84.0,0,ACSR,2,AWG
5817,KSA2020171577,S0130-0031-0004,2020171577,BN,1,84.0,0,ACSR,2,AWG
5818,KSA2020171578,S0130-0031-0004,2020171578,BN,1,84.0,0,ACSR,2,AWG
5819,KSA2020171579,S0130-0031-0004,2020171579,BN,1,84.0,0,ACSR,2,AWG
5820,KSA2020171580,S0130-0031-0004,2020171580,BN,1,84.0,0,ACSR,2,AWG
5821,KSA2020171581,S0130-0031-0004,2020171581,BN,1,84.0,0,ACSR,2,AWG
5822,KSA2020171582,S0130-0031-0004,2020171582,BN,1,84.0,0,ACSR,2,AWG
5823,KSA2020171583,S0130-0031-0004,2020171583,BN,1,84.0,0,ACSR,2,AWG
5824,KSA2020171584,S0130-0031-0004,2020171584,BN,1,84.0,0,ACSR,2,AWG
5825,KSA2020171585,S0130-0031-0004,2020171585,BN,1,84.0,0,ACSR,2,AWG
5826,KSA2020171586,S0130-0031-0004,2020171586,BN,1,84.0,0,ACSR,2,AWG
5827,KSA2020171587,S0130-0031-0004,2020171587,BN,1,84.0,0,ACSR,2,AWG
5828,KSA2020171588,S0130-0031-0004,2020171588,BN,1,84.0,0,ACSR,2,AWG
5829,KSA2020171589,S0130-0031-0004,2020171589,BN,1,84.0,0,ACSR,2,AWG
5830,KSA2020180010,S0130-0063-0004,2020180010,BN,1,0.5,0,CU,10,AWG
5831,KSA2020180020,S0130-0063-0006,2020180020,BN,1,0.5,0,CU,10,AWG
5832,KSA2020180030,S0130-0063-0005,2020180030,BN,1,0.5,0,CU,10,AWG
5833,KSA2020180105,S0130-0063-0005,2020180105,BN,1,0.5,0,CU,10,AWG
5834,KSA2020180115,S0130-0070-013b,2020180115,BN,1,0.5,0,CU,10,AWG
5835,KSA2020180125,S0130-0070-0004,2020180125,BN,1,0.5,0,CU,10,AWG
5836,KSA2020180145,S0130-0070-013b,2020180145,BN,1,0.5,0,CU,10,AWG
5837,KSA2020180155,S0130-0063-0007,2020180155,BN,1,0.5,0,CU,10,AWG
5838,KSA2020180165,S0130-0070-013b,2020180165,BN,1,0.5,0,CU,10,AWG
5839,KSA2020180170,S0130-0063-0007,2020180170,BN,1,0.5,0,CU,10,AWG
5840,KSA2020180175,S0130-0063-0007,2020180175,BN,1,0.5,0,CU,10,AWG
5841,KSA2020180180,S0130-0063-0007,2020180180,BN,1,0.5,0,CU,10,AWG
5842,KSA2020180185,S0130-0070-0003,2020180185,BN,1,0.5,0,CU,10,AWG
5843,KSA2020180190,S0130-0063-0007,2020180190,BN,1,0.5,0,CU,10,AWG
5844,KSA2020180195,S0130-0063-0013,2020180195,BN,1,0.5,0,CU,10,AWG
5845,KSA2020180205,S0130-0070-0010,2020180205,BN,1,0.5,0,CU,10,AWG
5846,KSA2020180210,S0130-0063-0008,2020180210,BN,1,0.5,0,CU,10,AWG
5847,KSA2020180215,S0130-0063-0008,2020180215,BN,1,0.5,0,CU,10,AWG
5848,KSA2020180216,S0130-0063-0006,2020180216,BN,1,0.5,0,CU,10,AWG
5849,KSA2020180217,S0130-0063-0010,2020180217,BN,1,0.5,0,CU,10,AWG
5850,KSA2020180220,S0130-0063-0009,2020180220,BN,1,0.5,0,CU,10,AWG
5851,KSA2020180223,S0130-0063-0011,2020180223,BN,1,0.5,0,CU,10,AWG
5852,KSA2020180224,S0130-0063-0011,2020180224,BN,1,0.5,0,CU,10,AWG
5853,KSA2020180225,S0130-0063-0011,2020180225,BN,1,0.5,0,CU,10,AWG
5854,KSA2020180227,S0130-0063-0011,2020180227,BN,1,0.5,0,CU,10,AWG
5855,KSA2020180230,S0130-0063-0011,2020180230,BN,1,0.5,0,CU,10,AWG
5856,KSA2020180235,S0130-0063-0010,2020180235,BN,1,0.5,0,CU,10,AWG
5857,KSA2020180240,S0130-0063-0011,2020180240,BN,1,0.5,0,CU,10,AWG
5858,KSA2020180245,S0130-0063-0011,2020180245,BN,1,0.5,0,CU,10,AWG
5859,KSA2020180255,S0130-0070-0010,2020180255,BN,1,0.5,0,CU,10,AWG
5860,KSA2020180260,S0130-0063-0012,2020180260,BN,1,0.5,0,CU,10,AWG
5861,KSA2020180265,S0130-0070-013b,2020180265,BN,1,0.5,0,CU,10,AWG
5862,KSA2020180270,S0130-0063-0012,2020180270,BN,1,0.5,0,CU,10,AWG
5863,KSA2020180271,S0130-0063-0009,2020180271,BN,1,0.5,0,CU,10,AWG
5864,KSA2020180272,S0130-0063-0012,2020180272,BN,1,0.5,0,CU,10,AWG
5865,KSA2020180274,S0130-0063-0012,2020180274,BN,1,0.5,0,CU,10,AWG
5866,KSA2020180275,S0130-0063-0012,2020180275,BN,1,0.5,0,CU,10,AWG
5867,KSA2020180280,S0130-0063-0012,2020180280,BN,1,0.5,0,CU,10,AWG
5868,KSA2020180283,S0130-0063-0012,2020180283,BN,1,0.5,0,CU,10,AWG
5869,KSA2020180290,S0130-0063-0012,2020180290,BN,1,0.5,0,CU,10,AWG
5870,KSA2020180300,S0130-0063-0013,2020180300,BN,1,0.5,0,CU,10,AWG
5871,KSA2020180305,S0130-0063-0013,2020180305,BN,1,0.5,0,CU,10,AWG
5872,KSA2020180310,S0130-0063-0013,2020180310,BN,1,0.5,0,CU,10,AWG
5873,KSA2020180314,S0130-0063-0013,2020180314,BN,1,0.5,0,CU,10,AWG
5874,KSA2020180316,S0130-0063-0013,2020180316,BN,1,0.5,0,CU,10,AWG
5875,KSA2020180317,S0130-0063-0013,2020180317,BN,1,0.5,0,CU,10,AWG
5876,KSA2020180318,S0130-0063-0013,2020180318,BN,1,0.5,0,CU,10,AWG
5877,KSA2020180320,S0130-0063-0013,2020180320,BN,1,0.5,0,CU,10,AWG
5878,KSA2020180325,S0130-0063-0013,2020180325,BN,1,0.5,0,CU,10,AWG
5879,KSA2020180330,S0130-0063-0013,2020180330,BN,1,0.5,0,CU,10,AWG
5880,KSA2020180335,S0130-0063-0013,2020180335,BN,1,0.5,0,CU,10,AWG
5881,KSA2020180340,S0130-0063-0013,2020180340,BN,1,0.5,0,CU,10,AWG
5882,KSA2020180346,S0130-0063-0012,2020180346,BN,1,0.5,0,CU,10,AWG
5883,KSA2020180350,S0130-0063-0013,2020180350,BN,1,0.5,0,CU,10,AWG
5884,KSA2020180355,S0130-0063-0007,2020180355,BN,1,0.5,0,CU,10,AWG
5885,KSA2020180360,S0130-0063-0013,2020180360,BN,1,0.5,0,CU,10,AWG
5886,KSA2020180365,S0130-0070-0013,2020180365,BN,1,0.5,0,CU,10,AWG
5887,KSA2020180370,S0130-0063-0014,2020180370,BN,1,0.5,0,CU,10,AWG
5888,KSA2020180371,S0130-0063-0014,2020180371,BN,1,0.5,0,CU,10,AWG
5889,KSA2020180375,S0130-0063-0014,2020180375,BN,1,0.5,0,CU,10,AWG
5890,KSA2020180376,S0130-0063-0014,2020180376,BN,1,0.5,0,CU,10,AWG
5891,KSA2020180380,S0130-0063-0015,2020180380,BN,1,0.5,0,CU,10,AWG
5892,KSA2020180385,S0130-0063-0015,2020180385,BN,1,0.5,0,CU,10,AWG
5893,KSA2020180390,S0130-0063-0015,2020180390,BN,1,0.5,0,CU,10,AWG
5894,KSA2020180395,S0130-0063-0015,2020180395,BN,1,0.5,0,CU,10,AWG
5895,KSA2020180401,S0130-0063-0015,2020180401,BN,1,0.5,0,CU,10,AWG
5896,KSA2020180402,S0130-0063-0015,2020180402,BN,1,0.5,0,CU,10,AWG
5897,KSA2020180403,S0130-0063-0015,2020180403,BN,1,0.5,0,CU,10,AWG
5898,KSA2020180404,S0130-0063-0015,2020180404,BN,1,0.5,0,CU,10,AWG
5899,KSA2020180405,S0130-0063-0015,2020180405,BN,1,0.5,0,CU,10,AWG
5900,KSA2020180406,S0130-0063-0015,2020180406,BN,1,0.5,0,CU,10,AWG
5901,KSA2020180408,S0130-0063-0015,2020180408,BN,1,0.5,0,CU,10,AWG
5902,KSA2020180409,S0130-0063-0015,2020180409,BN,1,0.5,0,CU,10,AWG
5903,KSA2020180410,S0130-0063-0015,2020180410,BN,1,0.5,0,CU,10,AWG
5904,KSA2020180411,S0130-0063-0015,2020180411,BN,1,0.5,0,CU,10,AWG
5905,KSA2020180414,S0130-0063-0015,2020180414,BN,1,0.5,0,CU,10,AWG
5906,KSA2020180415,S0130-0063-0013,2020180415,BN,1,0.5,0,CU,10,AWG
5907,KSA2020180420,S0130-0063-0015,2020180420,BN,1,0.5,0,CU,10,AWG
5908,KSA2020180425,S0130-0063-0015,2020180425,BN,1,0.5,0,CU,10,AWG
5909,KSA2020180430,S0130-0063-0015,2020180430,BN,1,0.5,0,CU,10,AWG
5910,KSA2020180435,S0130-0063-0015,2020180435,BN,1,0.5,0,CU,10,AWG
5911,KSA2020180440,S0130-0070-0002,2020180440,BN,1,0.5,0,CU,10,AWG
5912,KSA2020180445,S0130-0070-0002,2020180445,BN,1,0.5,0,CU,10,AWG
5913,KSA2020180446,S0130-0070-0002,2020180446,BN,1,0.5,0,CU,10,AWG
5914,KSA2020180447,S0130-0070-0002,2020180447,BN,1,0.5,0,CU,10,AWG
5915,KSA2020180450,S0130-0070-0002,2020180450,BN,1,0.5,0,CU,10,AWG
5916,KSA2020180451,S0130-0070-0002,2020180451,BN,1,0.5,0,CU,10,AWG
5917,KSA2020180452,S0130-0070-0006,2020180452,BN,1,0.5,0,CU,10,AWG
5918,KSA2020180453,S0130-0070-0003,2020180453,BN,1,0.5,0,CU,10,AWG
5919,KSA2020180456,S0130-0070-0007,2020180456,BN,1,0.5,0,CU,10,AWG
5920,KSA2020180457,S0130-0070-0007,2020180457,BN,1,0.5,0,CU,10,AWG
5921,KSA2020180458,S0130-0070-0003,2020180458,BN,1,0.5,0,CU,10,AWG
5922,KSA2020180459,S0130-0070-0007,2020180459,BN,1,0.5,0,CU,10,AWG
5923,KSA2020180460,S0130-0070-013a,2020180460,BN,1,0.5,0,CU,10,AWG
5924,KSA2020180461,S0130-0070-0004,2020180461,BN,1,0.5,0,CU,10,AWG
5925,KSA2020180462,S0130-0070-0004,2020180462,BN,1,0.5,0,CU,10,AWG
5926,KSA2020180465,S0130-0070-013b,2020180465,BN,1,0.5,0,CU,10,AWG
5927,KSA2020180466,S0130-0070-0005,2020180466,BN,1,0.5,0,CU,10,AWG
5928,KSA2020180467,S0130-0070-0004,2020180467,BN,1,0.5,0,CU,10,AWG
5929,KSA2020180468,S0130-0070-0003,2020180468,BN,1,0.5,0,CU,10,AWG
5930,KSA2020180469,S0130-0070-0004,2020180469,BN,1,0.5,0,CU,10,AWG
5931,KSA2020180470,S0130-0070-0003,2020180470,BN,1,0.5,0,CU,10,AWG
5932,KSA2020180471,S0130-0070-0003,2020180471,BN,1,0.5,0,CU,10,AWG
5933,KSA2020180473,S0130-0070-0007,2020180473,BN,1,0.5,0,CU,10,AWG
5934,KSA2020180474,S0130-0070-0008,2020180474,BN,1,0.5,0,CU,10,AWG
5935,KSA2020180475,S0130-0070-0007,2020180475,BN,1,0.5,0,CU,10,AWG
5936,KSA2020180476,S0130-0070-0010,2020180476,BN,1,0.5,0,CU,10,AWG
5937,KSA2020180477,S0130-0070-0010,2020180477,BN,1,0.5,0,CU,10,AWG
5938,KSA2020180478,S0130-0070-0012,2020180478,BN,1,0.5,0,CU,10,AWG
5939,KSA2020180479,S0130-0070-0013,2020180479,BN,1,0.5,0,CU,10,AWG
5940,KSA2020180480,S0130-0070-0003,2020180480,BN,1,0.5,0,CU,10,AWG
5941,KSA2020180481,S0130-0070-0011,2020180481,BN,1,0.5,0,CU,10,AWG
5942,KSA2020180482,S0130-0070-0007,2020180482,BN,1,0.5,0,CU,10,AWG
5943,KSA2020180483,S0130-0070-0005,2020180483,BN,1,0.5,0,CU,10,AWG
5944,KSA2020180485,S0130-0070-0005,2020180485,BN,1,0.5,0,CU,10,AWG
5945,KSA2020180490,S0130-0070-0012,2020180490,BN,1,0.5,0,CU,10,AWG
5946,KSA2020180495,S0130-0070-0012,2020180495,BN,1,0.5,0,CU,10,AWG
5947,KSA2020180502,S0130-0070-013b,2020180502,BN,1,0.5,0,CU,10,AWG
5948,KSA2020180504,S0130-0070-013b,2020180504,BN,1,0.5,0,CU,10,AWG
5949,KSA2020180505,S0130-0070-013b,2020180505,BN,1,0.5,0,CU,10,AWG
5950,KSA2020180510,S0130-0070-013b,2020180510,BN,1,0.5,0,CU,10,AWG
5951,KSA2020180515,S0130-0070-013b,2020180515,BN,1,0.5,0,CU,10,AWG
5952,KSA2020180516,S0130-0070-013b,2020180516,BN,1,0.5,0,CU,10,AWG
5953,KSA2020180518,S0130-0070-013b,2020180518,BN,1,0.5,0,CU,10,AWG
5954,KSA2020180520,S0130-0070-013b,2020180520,BN,1,0.5,0,CU,10,AWG
5955,KSA2020180525,S0130-0070-013b,2020180525,BN,1,0.5,0,CU,10,AWG
5956,KSA2020180527,S0130-0070-013b,2020180527,BN,1,0.5,0,CU,10,AWG
5957,KSA2020180530,S0130-0070-013b,2020180530,BN,1,0.5,0,CU,10,AWG
5958,KSA2020180531,S0130-0070-013b,2020180531,BN,1,0.5,0,CU,10,AWG
5959,KSA2020180532,S0130-0070-013b,2020180532,BN,1,0.5,0,CU,10,AWG
5960,KSA2020180535,S0130-0070-013b,2020180535,BN,1,0.5,0,CU,10,AWG
5961,KSA2020180540,S0130-0070-0010,2020180540,BN,1,0.5,0,CU,10,AWG
5962,KSA2020180545,S0130-0070-0013,2020180545,BN,1,0.5,0,CU,10,AWG
5963,KSA2020180547,S0130-0070-0013,2020180547,BN,1,0.5,0,CU,10,AWG
5964,KSA2020180550,S0130-0070-0012,2020180550,BN,1,0.5,0,CU,10,AWG
5965,KSA2020180551,S0130-0070-013b,2020180551,BN,1,0.5,0,CU,10,AWG
5966,KSA2020180552,S0130-0070-013b,2020180552,BN,1,0.5,0,CU,10,AWG
5967,KSA2020180553,S0130-0070-013b,2020180553,BN,1,0.5,0,CU,10,AWG
5968,KSA2020180554,S0130-0070-0014,2020180554,BN,1,0.5,0,CU,10,AWG
5969,KSA2020180555,S0130-0070-0014,2020180555,BN,1,0.5,0,CU,10,AWG
5970,KSA2020180556,S0130-0070-013b,2020180556,BN,1,0.5,0,CU,10,AWG
5971,KSA2020180560,S0130-0070-0014,2020180560,BN,1,0.5,0,CU,10,AWG
5972,KSA2020180561,S0130-0070-0015,2020180561,BN,1,0.5,0,CU,10,AWG
5973,KSA2020180562,S0130-0070-0014,2020180562,BN,1,0.5,0,CU,10,AWG
5974,KSA2020180563,S0130-0070-0015,2020180563,BN,1,0.5,0,CU,10,AWG
5975,KSA2020180564,S0130-0070-0014,2020180564,BN,1,0.5,0,CU,10,AWG
5976,KSA2020180565,S0130-0070-0014,2020180565,BN,1,0.5,0,CU,10,AWG
5977,KSA2020180566,S0130-0070-0014,2020180566,BN,1,0.5,0,CU,10,AWG
5978,KSA2020180567,S0130-0070-0014,2020180567,BN,1,0.5,0,CU,10,AWG
5979,KSA2020180570,S0130-0070-0014,2020180570,BN,1,0.5,0,CU,10,AWG
5980,KSA2020180575,S0130-0070-0015,2020180575,BN,1,0.5,0,CU,10,AWG
5981,KSA2020180580,S0130-0070-0017,2020180580,BN,1,0.5,0,CU,10,AWG
5982,KSA2020180585,S0130-0070-013b,2020180585,BN,1,0.5,0,CU,10,AWG
5983,KSA2020180595,S0130-0063-0012,2020180595,BN,1,0.5,0,CU,10,AWG
5984,KSA2020180600,S0130-0070-0017,2020180600,BN,1,0.5,0,CU,10,AWG
5985,KSA2020180605,S0130-0070-0017,2020180605,BN,1,0.5,0,CU,10,AWG
5986,KSA2020180606,S0130-0070-0017,2020180606,BN,1,0.5,0,CU,10,AWG
5987,KSA2020180608,S0130-0070-0017,2020180608,BN,1,0.5,0,CU,10,AWG
5988,KSA2020180610,S0130-0070-0017,2020180610,BN,1,0.5,0,CU,10,AWG
5989,KSA2020180615,S0130-0070-0017,2020180615,BN,1,0.5,0,CU,10,AWG
5990,KSA2020180620,S0130-0070-0005,2020180620,BN,1,0.5,0,CU,10,AWG
5991,KSA2020180625,S0130-0070-013b,2020180625,BN,1,0.5,0,CU,10,AWG
5992,KSA2020180630,S0130-0070-013b,2020180630,BN,1,0.5,0,CU,10,AWG
5993,KSA2020180635,S0130-0070-0014,2020180635,BN,1,0.5,0,CU,10,AWG
5994,KSA2020180640,S0130-0070-0017,2020180640,BN,1,0.5,0,CU,10,AWG
5995,KSA2020180645,S0130-0070-0007,2020180645,BN,1,0.5,0,CU,10,AWG
5996,KSA2020180650,S0130-0070-0012,2020180650,BN,1,0.5,0,CU,10,AWG
5997,KSA2020180655,S0130-0063-0006,2020180655,BN,1,0.5,0,CU,10,AWG
5998,KSA2020180665,S130-56-04-0004,2020180665,BN,1,63.0,0,ACSR,2,AWG
5999,KSA2020180670,S0130-0070-0006,2020180670,BN,1,0.5,0,CU,10,AWG
6000,KSA2020180675,S0130-0070-0007,2020180675,BN,1,0.5,0,CU,10,AWG
6001,KSA2020180676,S0130-0070-0006,2020180676,BN,1,0.5,0,CU,10,AWG
6002,KSA2020180677,S0130-0070-0004,2020180677,BN,1,0.5,0,CU,10,AWG
6003,KSA2020180678,S0130-0070-0017,2020180678,BN,1,0.5,0,CU,10,AWG
6004,KSA2020180679,S0130-0070-013b,2020180679,BN,1,0.5,0,CU,10,AWG
6005,KSA2020180680,S0130-0070-013b,2020180680,BN,2,73.0,0,ACSR,2,AWG
6006,KSA2020180681,S0130-0063-0013,2020180681,BN,1,0.5,0,CU,10,AWG
6007,KSA2020180682,S0130-0063-0013,2020180682,BN,1,0.5,0,CU,10,AWG
6008,KSA2020180683,S0130-0063-0013,2020180683,BN,1,0.5,0,CU,10,AWG
6009,KSA2020180684,S0130-0063-0009,2020180684,BN,1,0.5,0,CU,10,AWG
6010,KSA2020180685,S130-53-08-0004,2020180685,CN,1,0.5,0,CU,10,AWG
6011,KSA2020180686,S0130-0063-0009,2020180686,BN,1,0.5,0,CU,10,AWG
6012,KSA2020180687,S0130-0063-0013,2020180687,BN,1,0.5,0,CU,10,AWG
6013,KSA2020180688,S0130-0063-0009,2020180688,BN,1,0.5,0,CU,10,AWG
6014,KSA2020180689,S130-53-08-0004,2020180689,CN,1,0.5,0,CU,10,AWG
6015,KSA2020180690,S0130-0063-0013,2020180690,BN,1,0.5,0,CU,10,AWG
6016,KSA2020180691,S0130-0063-0013,2020180691,BN,1,0.5,0,CU,10,AWG
6017,KSA2020180692,S0130-0063-0009,2020180692,BN,1,0.5,0,CU,10,AWG
6018,KSA2020180693,S0100-072M-008D,2020180693,CN,1,0.5,0,CU,10,AWG
6019,KSA2020180694,S0130-0063-0013,2020180694,BN,1,0.5,0,CU,10,AWG
6020,KSA2020180695,S0130-0063-0013,2020180695,BN,1,0.5,0,CU,10,AWG
6021,KSA2020180696,S0130-0063-0009,2020180696,BN,1,0.5,0,CU,10,AWG
6022,KSA2020180698,S0130-0063-0009,2020180698,BN,1,54.0,0,ACSR,2,AWG
6023,KSA2020180699,S0130-0063-0009,2020180699,BN,1,54.0,0,ACSR,2,AWG
6024,KSA2020180700,S0130-0063-0009,2020180700,BN,1,54.0,0,ACSR,2,AWG
6025,KSA2020180701,S0130-0063-0009,2020180701,BN,1,54.0,0,ACSR,2,AWG
6026,KSA2020180702,S0130-0063-0009,2020180702,BN,1,54.0,0,ACSR,2,AWG
6027,KSA2020180703,S0130-0063-0009,2020180703,BN,1,54.0,0,ACSR,2,AWG
6028,KSA2020180704,S0130-0063-0009,2020180704,BN,1,54.0,0,ACSR,2,AWG
6029,KSA2020180705,S0130-0063-0009,2020180705,BN,1,54.0,0,ACSR,2,AWG
6030,KSA2020180706,S0130-0063-0009,2020180706,BN,1,54.0,0,ACSR,2,AWG
6031,KSA2020180707,S0130-0063-0009,2020180707,BN,1,54.0,0,ACSR,2,AWG
6032,KSA2020180708,S0130-0063-0009,2020180708,BN,1,54.0,0,ACSR,2,AWG
6033,KSA2020180709,S0130-0063-0009,2020180709,BN,1,54.0,0,ACSR,2,AWG
6034,KSA2020180710,S0130-0063-0009,2020180710,BN,1,54.0,0,ACSR,2,AWG
6035,KSA2020180711,S0130-0063-0009,2020180711,BN,1,54.0,0,ACSR,2,AWG
6036,KSA2020180712,S0130-0063-0009,2020180712,BN,1,54.0,0,ACSR,2,AWG
6037,KSA2020180713,S0130-0063-0009,2020180713,BN,1,54.0,0,ACSR,2,AWG
6038,KSA2020180714,S0130-0063-0009,2020180714,BN,1,54.0,0,ACSR,2,AWG
6039,KSA2020180715,S0130-0063-0009,2020180715,BN,1,54.0,0,ACSR,2,AWG
6040,KSA2020190005,S0100-072Y-0027,2020190005,CN,1,0.5,0,CU,10,AWG
6041,KSA2020190010,S0100-072Y-0027,2020190010,CN,1,0.5,0,CU,10,AWG
6042,KSA2020190020,S0100-072Y-0025,2020190020,CN,1,0.5,0,CU,10,AWG
6043,KSA2020190030,S0100-072Y-0024,2020190030,CN,1,0.5,0,CU,10,AWG
6044,KSA2020190035,S0100-072Y-0024,2020190035,CN,1,0.5,0,CU,10,AWG
6045,KSA2020190040,S0100-072Y-0023,2020190040,CN,1,0.5,0,CU,10,AWG
6046,KSA2020190050,S0100-072Y-0023,2020190050,CN,1,0.5,0,CU,10,AWG
6047,KSA2020190060,S0100-072Y-0023,2020190060,CN,1,77.0,0,ACSR,2,AWG
6048,KSA2020190070,S0100-072Y-0022,2020190070,CN,1,0.5,0,CU,10,AWG
6049,KSA2020190080,S0100-072Y-0022,2020190080,CN,1,0.5,0,CU,10,AWG
6050,KSA2020190090,S0100-072Y-0022,2020190090,CN,1,0.5,0,CU,10,AWG
6051,KSA2020190100,S0100-072Y-0021,2020190100,CN,1,0.5,0,CU,10,AWG
6052,KSA2020190110,S0100-072Y-0016,2020190110,CN,1,0.5,0,CU,10,AWG
6053,KSA2020190115,S0100-072M-0011,2020190115,CN,1,0.5,0,CU,10,AWG
6054,KSA2020190120,S0100-072Y-0016,2020190120,CN,1,0.5,0,CU,10,AWG
6055,KSA2020190125,S0100-072Y-0014,2020190125,CN,1,0.5,0,CU,10,AWG
6056,KSA2020190130,S0100-072Y-0016,2020190130,CN,1,0.5,0,CU,10,AWG
6057,KSA2020190135,S0100-072Y-0015,2020190135,CN,1,0.5,0,CU,10,AWG
6058,KSA2020190140,S0100-072Y-0015,2020190140,CN,1,0.5,0,CU,10,AWG
6059,KSA2020190145,S0100-072Y-0014,2020190145,CN,1,0.5,0,CU,10,AWG
6060,KSA2020190150,S0100-072Y-0015,2020190150,CN,1,0.5,0,CU,10,AWG
6061,KSA2020190155,S0100-072M-0010,2020190155,CN,1,0.5,0,CU,10,AWG
6062,KSA2020190160,S0100-072Y-0015,2020190160,CN,1,0.5,0,CU,10,AWG
6063,KSA2020190165,S0100-072Y-0027,2020190165,CN,1,0.5,0,CU,10,AWG
6064,KSA2020190180,S0100-072Y-0015,2020190180,CN,1,0.5,0,CU,10,AWG
6065,KSA2020190185,S0100-072M-008B,2020190185,CN,1,0.5,0,CU,10,AWG
6066,KSA2020190190,S0100-072Y-0015,2020190190,CN,1,0.5,0,CU,10,AWG
6067,KSA2020190195,S0100-072Y-0015,2020190195,CN,1,0.5,0,CU,10,AWG
6068,KSA2020190205,S0100-072M-0011,2020190205,CN,1,0.5,0,CU,10,AWG
6069,KSA2020190210,S0100-072Y-0015,2020190210,CN,1,0.5,0,CU,10,AWG
6070,KSA2020190215,S0100-072Y-0012,2020190215,CN,1,0.5,0,CU,10,AWG
6071,KSA2020190220,S0100-072Y-0013,2020190220,CN,1,0.5,0,CU,10,AWG
6072,KSA2020190225,S0100-072Y-0014,2020190225,CN,1,0.5,0,CU,10,AWG
6073,KSA2020190230,S0100-072Y-0014,2020190230,CN,1,0.5,0,CU,10,AWG
6074,KSA2020190235,S0100-072Y-0015,2020190235,CN,1,0.5,0,CU,10,AWG
6075,KSA2020190240,S0100-072Y-0014,2020190240,CN,1,0.5,0,CU,10,AWG
6076,KSA2020190245,S0100-072Y-0027,2020190245,CN,1,0.5,0,CU,10,AWG
6077,KSA2020190250,S0100-072Y-0014,2020190250,CN,1,0.5,0,CU,10,AWG
6078,KSA2020190260,S0100-072Y-0013,2020190260,CN,1,0.5,0,CU,10,AWG
6079,KSA2020190265,S0100-072M-0010,2020190265,CN,1,0.5,0,CU,10,AWG
6080,KSA2020190270,S0100-072Y-0013,2020190270,CN,1,0.5,0,CU,10,AWG
6081,KSA2020190275,S0100-072M-0011,2020190275,CN,1,0.5,0,CU,10,AWG
6082,KSA2020190285,S0100-072M-0011,2020190285,CN,1,0.5,0,CU,10,AWG
6083,KSA2020190290,S0100-072Y-0014,2020190290,CN,1,0.5,0,CU,10,AWG
6084,KSA2020190295,S0100-072M-0011,2020190295,CN,1,0.5,0,CU,10,AWG
6085,KSA2020190300,S0100-072Y-0012,2020190300,CN,1,0.5,0,CU,10,AWG
6086,KSA2020190305,S0100-072Y-0011,2020190305,CN,1,0.5,0,CU,10,AWG
6087,KSA2020190310,S0100-072Y-0012,2020190310,CN,1,0.5,0,CU,10,AWG
6088,KSA2020190315,S0100-072M-0003,2020190315,CN,1,0.5,0,CU,10,AWG
6089,KSA2020190320,S0100-072Y-0012,2020190320,CN,1,0.5,0,CU,10,AWG
6090,KSA2020190325,S0100-072M-0002,2020190325,CN,1,0.5,0,CU,10,AWG
6091,KSA2020190335,S0100-072Y-0011,2020190335,CN,1,0.5,0,CU,10,AWG
6092,KSA2020190340,S0100-072Y-0011,2020190340,CN,1,0.5,0,CU,10,AWG
6093,KSA2020190345,S0100-072Y-0001,2020190345,CN,1,0.5,0,CU,10,AWG
6094,KSA2020190350,S0100-072Y-0011,2020190350,CN,1,0.5,0,CU,10,AWG
6095,KSA2020190355,S0100-072Y-0002,2020190355,CN,1,0.5,0,CU,10,AWG
6096,KSA2020190360,S0100-072Y-0011,2020190360,CN,1,0.5,0,CU,10,AWG
6097,KSA2020190365,S0100-072M-008C,2020190365,CN,1,0.5,0,CU,10,AWG
6098,KSA2020190375,S0100-072Y-0023,2020190375,CN,1,0.5,0,CU,10,AWG
6099,KSA2020190385,S0100-072M-008C,2020190385,CN,1,0.5,0,CU,10,AWG
6100,KSA2020190390,S0100-072Y-0011,2020190390,CN,1,0.5,0,CU,10,AWG
6101,KSA2020190395,S0100-072M-008C,2020190395,CN,1,0.5,0,CU,10,AWG
6102,KSA2020190400,S0100-072Y-0011,2020190400,CN,1,0.5,0,CU,10,AWG
6103,KSA2020190405,S0100-072M-008C,2020190405,CN,1,0.5,0,CU,10,AWG
6104,KSA2020190410,S0100-072Y-0011,2020190410,CN,1,0.5,0,CU,10,AWG
6105,KSA2020190415,S0100-072Y-0012,2020190415,CN,1,0.5,0,CU,10,AWG
6106,KSA2020190420,S0100-072Y-0010,2020190420,CN,1,0.5,0,CU,10,AWG
6107,KSA2020190425,S0100-072M-0003,2020190425,CN,1,0.5,0,CU,10,AWG
6108,KSA2020190430,S0100-072Y-0009,2020190430,CN,1,0.5,0,CU,10,AWG
6109,KSA2020190435,S0100-072Y-0011,2020190435,CN,1,0.5,0,CU,10,AWG
6110,KSA2020190440,S0100-072Y-0009,2020190440,CN,1,0.5,0,CU,10,AWG
6111,KSA2020190445,S0100-072M-0009,2020190445,CN,1,0.5,0,CU,10,AWG
6112,KSA2020190450,S0100-072Y-0009,2020190450,CN,1,0.5,0,CU,10,AWG
6113,KSA2020190455,S0100-072M-0005,2020190455,CN,1,0.5,0,CU,10,AWG
6114,KSA2020190460,S0100-072Y-0009,2020190460,CN,1,0.5,0,CU,10,AWG
6115,KSA2020190465,S0100-072M-0002,2020190465,CN,1,0.5,0,CU,10,AWG
6116,KSA2020190475,S0100-072Y-0008,2020190475,CN,1,117.0,0,ACSR,2,AWG
6117,KSA2020190480,S0100-072Y-0007,2020190480,CN,1,0.5,0,CU,10,AWG
6118,KSA2020190485,S0100-072Y-0024,2020190485,CN,1,0.5,0,CU,10,AWG
6119,KSA2020190490,S0100-072Y-0006,2020190490,CN,1,0.5,0,CU,10,AWG
6120,KSA2020190495,S0100-072Y-0015,2020190495,CN,1,0.5,0,CU,10,AWG
6121,KSA2020190500,S0100-072Y-0007,2020190500,CN,1,0.5,0,CU,10,AWG
6122,KSA2020190501,S0100-072Y-0011,2020190501,CN,1,0.5,0,CU,10,AWG
6123,KSA2020190505,S0100-072Y-0004,2020190505,CN,1,0.5,0,CU,10,AWG
6124,KSA2020190510,S0100-072Y-0006,2020190510,CN,1,0.5,0,CU,10,AWG
6125,KSA2020190515,S0100-072Y-0004,2020190515,CN,1,0.5,0,CU,10,AWG
6126,KSA2020190520,S0100-072Y-0005,2020190520,CN,1,0.5,0,CU,10,AWG
6127,KSA2020190525,S0100-072Y-0005,2020190525,CN,1,0.5,0,CU,10,AWG
6128,KSA2020190530,S0100-072Y-0005,2020190530,CN,1,0.5,0,CU,10,AWG
6129,KSA2020190535,S0100-072Y-0005,2020190535,CN,1,1.0,0,ACSR,2,AWG
6130,KSA2020190540,S0100-072Y-0005,2020190540,CN,1,0.5,0,CU,10,AWG
6131,KSA2020190541,S0100-072Y-0005,2020190541,CN,1,0.5,0,CU,10,AWG
6132,KSA2020190545,S0100-072Y-0015,2020190545,CN,1,0.5,0,CU,10,AWG
6133,KSA2020190550,S0100-072Y-0004,2020190550,CN,1,0.5,0,CU,10,AWG
6134,KSA2020190555,S0100-072Y-0004,2020190555,CN,1,0.5,0,CU,10,AWG
6135,KSA2020190560,S0100-072Y-0004,2020190560,CN,1,0.5,0,CU,10,AWG
6136,KSA2020190565,S0100-072M-008B,2020190565,CN,1,0.5,0,CU,10,AWG
6137,KSA2020190570,S0100-072Y-0004,2020190570,CN,1,0.5,0,CU,10,AWG
6138,KSA2020190580,S0100-072Y-0004,2020190580,CN,1,0.5,0,CU,10,AWG
6139,KSA2020190585,S0100-072Y-0001,2020190585,CN,1,0.5,0,CU,10,AWG
6140,KSA2020190590,S0100-072Y-0004,2020190590,CN,1,0.5,0,CU,10,AWG
6141,KSA2020190595,S0100-072Y-0001,2020190595,CN,1,0.5,0,CU,10,AWG
6142,KSA2020190600,S0100-072Y-0004,2020190600,CN,1,0.5,0,CU,10,AWG
6143,KSA2020190605,S0100-072Y-0004,2020190605,CN,1,0.5,0,CU,10,AWG
6144,KSA2020190610,S0100-072Y-0002,2020190610,CN,1,0.5,0,CU,10,AWG
6145,KSA2020190615,S0100-072Y-0027,2020190615,CN,1,0.5,0,CU,10,AWG
6146,KSA2020190620,S0100-072Y-0002,2020190620,CN,1,0.5,0,CU,10,AWG
6147,KSA2020190625,S0100-072Y-0023,2020190625,CN,1,0.5,0,CU,10,AWG
6148,KSA2020190630,S0100-072Y-0002,2020190630,CN,1,0.5,0,CU,10,AWG
6149,KSA2020190635,S0100-072Y-0024,2020190635,CN,1,0.5,0,CU,10,AWG
6150,KSA2020190640,S0100-072Y-0002,2020190640,CN,1,0.5,0,CU,10,AWG
6151,KSA2020190645,S0100-072Y-0027,2020190645,CN,1,0.5,0,CU,10,AWG
6152,KSA2020190650,S0100-072Y-0002,2020190650,CN,1,0.5,0,CU,10,AWG
6153,KSA2020190655,S0100-072Y-0027,2020190655,CN,1,0.5,0,CU,10,AWG
6154,KSA2020190660,S0100-072Y-0002,2020190660,CN,1,0.5,0,CU,10,AWG
6155,KSA2020190665,S0100-072Y-0027,2020190665,CN,1,0.5,0,CU,10,AWG
6156,KSA2020190675,S0100-072M-008C,2020190675,CN,1,0.5,0,CU,10,AWG
6157,KSA2020190680,S0100-072Y-0002,2020190680,CN,1,0.5,0,CU,10,AWG
6158,KSA2020190685,S0100-072Y-0002,2020190685,CN,1,134.0,0,ACSR,2,AWG
6159,KSA2020190690,S0100-072Y-0002,2020190690,CN,1,0.5,0,CU,10,AWG
6160,KSA2020190695,S0100-072M-0001,2020190695,CN,1,0.5,0,CU,10,AWG
6161,KSA2020190700,S0100-072Y-0001,2020190700,CN,1,0.5,0,CU,10,AWG
6162,KSA2020190705,S0100-072M-0001,2020190705,CN,1,0.5,0,CU,10,AWG
6163,KSA2020190715,S0100-072M-0001,2020190715,CN,1,0.5,0,CU,10,AWG
6164,KSA2020190720,S0100-072Y-0001,2020190720,CN,1,0.5,0,CU,10,AWG
6165,KSA2020190725,S0100-072M-0011,2020190725,CN,1,0.5,0,CU,10,AWG
6166,KSA2020190730,S0100-072Y-0001,2020190730,CN,1,0.5,0,CU,10,AWG
6167,KSA2020190735,S0100-072Y-0009,2020190735,CN,1,0.5,0,CU,10,AWG
6168,KSA2020190740,S0100-072M-0011,2020190740,CN,1,0.5,0,CU,10,AWG
6169,KSA2020190742,S0100-072M-0011,2020190742,CN,1,0.5,0,CU,10,AWG
6170,KSA2020190743,S0100-072M-0011,2020190743,CN,1,0.5,0,CU,10,AWG
6171,KSA2020190750,S0100-072M-0011,2020190750,CN,1,0.5,0,CU,10,AWG
6172,KSA2020190755,S0100-072Y-0026,2020190755,CN,1,0.5,0,CU,10,AWG
6173,KSA2020190760,S0100-072Y-0026,2020190760,CN,1,80.0,0,ACSR,2,AWG
6174,KSA2020190765,S0100-072Y-0012,2020190765,CN,1,0.5,0,CU,10,AWG
6175,KSA2020190770,S0100-072M-0011,2020190770,CN,1,0.5,0,CU,10,AWG
6176,KSA2020190775,S0100-072M-0011,2020190775,CN,1,0.5,0,CU,10,AWG
6177,KSA2020190780,S0100-072Y-0024,2020190780,CN,1,0.5,0,CU,10,AWG
6178,KSA2020190785,S0100-072M-008D,2020190785,CN,1,0.5,0,CU,10,AWG
6179,KSA2020190790,S0100-072M-0010,2020190790,CN,1,0.5,0,CU,10,AWG
6180,KSA2020190795,S0100-072Y-0015,2020190795,CN,1,0.5,0,CU,10,AWG
6181,KSA2020190800,S0100-072M-0010,2020190800,CN,1,0.5,0,CU,10,AWG
6182,KSA2020190805,S0100-072M-0010,2020190805,CN,1,0.5,0,CU,10,AWG
6183,KSA2020190810,S0100-072M-0010,2020190810,CN,1,0.5,0,CU,10,AWG
6184,KSA2020190815,S0100-072M-0004,2020190815,CN,1,0.5,0,CU,10,AWG
6185,KSA2020190820,S0100-072M-0010,2020190820,CN,1,0.5,0,CU,10,AWG
6186,KSA2020190825,S0100-072M-0001,2020190825,CN,1,0.5,0,CU,10,AWG
6187,KSA2020190830,S0100-072M-0001,2020190830,CN,1,0.5,0,CU,10,AWG
6188,KSA2020190835,S0100-072Y-0012,2020190835,CN,1,0.5,0,CU,10,AWG
6189,KSA2020190845,S0100-072Y-0001,2020190845,CN,1,0.5,0,CU,10,AWG
6190,KSA2020190850,S0100-072M-0009,2020190850,CN,1,0.5,0,CU,10,AWG
6191,KSA2020190855,S0100-072Y-0016,2020190855,CN,1,0.5,0,CU,10,AWG
6192,KSA2020190865,S0100-072Y-0015,2020190865,CN,1,0.5,0,CU,10,AWG
6193,KSA2020190875,S0100-072M-0011,2020190875,CN,1,0.5,0,CU,10,AWG
6194,KSA2020190880,S0100-072M-0009,2020190880,CN,1,0.5,0,CU,10,AWG
6195,KSA2020190885,S0100-072Y-0005,2020190885,CN,1,0.5,0,CU,10,AWG
6196,KSA2020190900,S0100-072M-0009,2020190900,CN,1,0.5,0,CU,10,AWG
6197,KSA2020190910,S0100-072M-0009,2020190910,CN,1,0.5,0,CU,10,AWG
6198,KSA2020190930,S0100-072M-008A,2020190930,CN,1,0.5,0,CU,10,AWG
6199,KSA2020190940,S0100-072M-0009,2020190940,CN,1,0.5,0,CU,10,AWG
6200,KSA2020190945,S0100-072M-0009,2020190945,CN,1,0.5,0,CU,10,AWG
6201,KSA2020190950,S0100-072M-0008,2020190950,CN,1,0.5,0,CU,10,AWG
6202,KSA2020190960,S0100-072M-0008,2020190960,CN,1,0.5,0,CU,10,AWG
6203,KSA2020190970,S0100-072M-0008,2020190970,CN,1,0.5,0,CU,10,AWG
6204,KSA2020190980,S0100-072M-0008,2020190980,CN,1,0.5,0,CU,10,AWG
6205,KSA2020190990,S0100-072M-0007,2020190990,CN,1,0.5,0,CU,10,AWG
6206,KSA2020190995,S0100-072M-0007,2020190995,CN,1,0.5,0,CU,10,AWG
6207,KSA2020191000,S0100-072M-0007,2020191000,CN,1,0.5,0,CU,10,AWG
6208,KSA2020191005,S0100-072M-0007,2020191005,CN,1,0.5,0,CU,10,AWG
6209,KSA2020191015,S0100-072M-008B,2020191015,CN,1,0.5,0,CU,10,AWG
6210,KSA2020191020,S0100-072M-008B,2020191020,CN,1,0.5,0,CU,10,AWG
6211,KSA2020191025,S0100-072M-008C,2020191025,CN,1,0.5,0,CU,10,AWG
6212,KSA2020191030,S0100-072M-008C,2020191030,CN,1,0.5,0,CU,10,AWG
6213,KSA2020191035,S0100-072M-008C,2020191035,CN,1,0.5,0,CU,10,AWG
6214,KSA2020191040,S0100-072M-008C,2020191040,CN,1,0.5,0,CU,10,AWG
6215,KSA2020191045,S0100-072M-008C,2020191045,CN,1,0.5,0,CU,10,AWG
6216,KSA2020191049,S0100-072M-008C,2020191049,CN,1,0.5,0,CU,10,AWG
6217,KSA2020191050,S0100-072M-008C,2020191050,CN,1,0.5,0,CU,10,AWG
6218,KSA2020191060,S0100-072M-008B,2020191060,CN,1,0.5,0,CU,10,AWG
6219,KSA2020191065,S0100-072M-0010,2020191065,CN,1,0.5,0,CU,10,AWG
6220,KSA2020191070,S0100-072Y-0005,2020191070,CN,1,0.5,0,CU,10,AWG
6221,KSA2020191072,S0100-072Y-0013,2020191072,CN,1,0.5,0,CU,10,AWG
6222,KSA2020191073,S0100-072M-008D,2020191073,CN,1,0.5,0,CU,10,AWG
6223,KSA2020191074,S0100-072M-0011,2020191074,CN,1,0.5,0,CU,10,AWG
6224,KSA2020191075,S0100-072Y-0001,2020191075,CN,1,0.5,0,CU,10,AWG
6225,KSA2020191076,S0100-072M-008D,2020191076,CN,1,0.5,0,CU,10,AWG
6226,KSA2020191077,S0100-072M-008D,2020191077,CN,1,0.5,0,CU,10,AWG
6227,KSA2020191078,S0100-072Y-0001,2020191078,CN,1,0.5,0,CU,10,AWG
6228,KSA2020191079,S0100-072M-008D,2020191079,CN,1,0.5,0,CU,10,AWG
6229,KSA2020191081,S0100-072M-0011,2020191081,CN,1,0.5,0,CU,10,AWG
6230,KSA2020191082,S0100-072Y-0001,2020191082,CN,1,0.5,0,CU,10,AWG
6231,KSA2020191083,S0100-072Y-0001,2020191083,CN,1,149.0,0,ACSR,2,AWG
6232,KSA2020191084,S0100-072Y-0001,2020191084,CN,1,149.0,0,ACSR,2,AWG
6233,KSA2020191085,S0100-072Y-0001,2020191085,CN,1,149.0,0,ACSR,2,AWG
6234,KSA2020191086,S0100-072Y-0001,2020191086,CN,1,149.0,0,ACSR,2,AWG
6235,KSA2020191087,S0100-072Y-0001,2020191087,CN,1,149.0,0,ACSR,2,AWG
6236,KSA2020191089,S0100-072Y-0001,2020191089,CN,1,149.0,0,ACSR,2,AWG
6237,KSA2020191090,S0100-072Y-0001,2020191090,CN,1,149.0,0,ACSR,2,AWG
6238,KSA2020191091,S0100-072Y-0001,2020191091,CN,1,149.0,0,ACSR,2,AWG
6239,KSA2020191092,S0100-072Y-0001,2020191092,CN,1,149.0,0,ACSR,2,AWG
6240,KSA2020191093,S0100-072Y-0001,2020191093,CN,1,149.0,0,ACSR,2,AWG
6241,KSA2020191094,S0100-072Y-0001,2020191094,CN,1,149.0,0,ACSR,2,AWG
6242,KSA2020191095,S0100-072Y-0001,2020191095,CN,1,149.0,0,ACSR,2,AWG
6243,KSA2020191096,S0100-072Y-0001,2020191096,CN,1,149.0,0,ACSR,2,AWG
6244,KSA2020191097,S0100-072Y-0001,2020191097,CN,1,149.0,0,ACSR,2,AWG
6245,KSA2020191098,S0100-072Y-0001,2020191098,CN,1,149.0,0,ACSR,2,AWG
6246,KSA2020191099,S0100-072Y-0001,2020191099,CN,1,149.0,0,ACSR,2,AWG
6247,KSA2020191100,S0100-072Y-0001,2020191100,CN,1,149.0,0,ACSR,2,AWG
6248,KSA2020191101,S0100-072Y-0001,2020191101,CN,1,149.0,0,ACSR,2,AWG
6249,KSA2020191102,S0100-072Y-0001,2020191102,CN,1,149.0,0,ACSR,2,AWG
6250,KSA2020191103,S0100-072Y-0001,2020191103,CN,1,149.0,0,ACSR,2,AWG
6251,KSA2020191104,S0100-072Y-0001,2020191104,CN,1,149.0,0,ACSR,2,AWG
6252,KSA2020191105,S0100-072Y-0001,2020191105,CN,1,149.0,0,ACSR,2,AWG
6253,KSA2020191106,S0100-072Y-0001,2020191106,CN,1,149.0,0,ACSR,2,AWG
6254,KSA2020191107,S0100-072Y-0001,2020191107,CN,1,149.0,0,ACSR,2,AWG
6255,KSA2020191108,S0100-072Y-0001,2020191108,CN,1,149.0,0,ACSR,2,AWG
6256,KSA2020200010,S0100-072Y-0001,2020200010,CN,1,149.0,0,ACSR,2,AWG
6257,KSA2020200016,S0100-072Y-0001,2020200016,CN,1,149.0,0,ACSR,2,AWG
6258,KSA2020200039,S000054-000005k,2020200039,AN,2,74.0,0,ACSR,2,AWG
6259,KSA2020200042,S000054-000005k,2020200042,AN,2,74.0,0,ACSR,2,AWG
6260,KSA2020200064,S000054-000005k,2020200064,AN,2,74.0,0,ACSR,2,AWG
6261,KSA2020200066,S000054-000005k,2020200066,AN,2,74.0,0,ACSR,2,AWG
6262,KSA2020200068,S000054-000005e,2020200068,AN,2,64.0,0,ACSR,2,AWG
6263,KSA2020200070,S000054-000005e,2020200070,AN,2,64.0,0,ACSR,2,AWG
6264,KSA2020200071,S000054-000005e,2020200071,AN,2,64.0,0,ACSR,2,AWG
6265,KSA2020200082,S000054-000005e,2020200082,AN,2,64.0,0,ACSR,2,AWG
6266,KSA2020200083,S000054-000005e,2020200083,AN,2,64.0,0,ACSR,2,AWG
6267,KSA2020200085,S000054-000005e,2020200085,AN,2,64.0,0,ACSR,2,AWG
6268,KSA2020200086,S000054-000005e,2020200086,AN,2,64.0,0,ACSR,2,AWG
6269,KSA2020200087,S000054-000005e,2020200087,AN,2,64.0,0,ACSR,2,AWG
6270,KSA2020200088,S000054-000005e,2020200088,AN,2,64.0,0,ACSR,2,AWG
6271,KSA2020200090,S000054-000005e,2020200090,AN,2,64.0,0,ACSR,2,AWG
6272,KSA2020200092,S000054-000005e,2020200092,AN,2,64.0,0,ACSR,2,AWG
6273,KSA2020200093,S000054-000005e,2020200093,AN,2,64.0,0,ACSR,2,AWG
6274,KSA2020200094,S000054-000005e,2020200094,AN,2,64.0,0,ACSR,2,AWG
6275,KSA2020200095,S000054-000005e,2020200095,AN,2,64.0,0,ACSR,2,AWG
6276,KSA2020200096,S000054-000005e,2020200096,AN,2,64.0,0,ACSR,2,AWG
6277,KSA2020200097,S000054-000005e,2020200097,AN,2,64.0,0,ACSR,2,AWG
6278,KSA2020200098,S000054-000005e,2020200098,AN,2,64.0,0,ACSR,2,AWG
6279,KSA2020200099,S000054-000005e,2020200099,AN,2,64.0,0,ACSR,2,AWG
6280,KSA2020200100,S000054-000005e,2020200100,AN,2,64.0,0,ACSR,2,AWG
6281,KSA2020200103,S000054-000005e,2020200103,AN,2,64.0,0,ACSR,2,AWG
6282,KSA2020200104,S000054-000005e,2020200104,AN,2,64.0,0,ACSR,2,AWG
6283,KSA2020200105,S000054-000005e,2020200105,AN,2,64.0,0,ACSR,2,AWG
6284,KSA2020200110,S000054-000005e,2020200110,AN,2,64.0,0,ACSR,2,AWG
6285,KSA2020200115,S000054-000005e,2020200115,AN,2,64.0,0,ACSR,2,AWG
6286,KSA2020200120,S000054-000005e,2020200120,AN,2,64.0,0,ACSR,2,AWG
6287,KSA2020200125,S000054-000005e,2020200125,AN,2,64.0,0,ACSR,2,AWG
6288,KSA2020200130,S000054-000005e,2020200130,AN,2,64.0,0,ACSR,2,AWG
6289,KSA2020200135,S000054-000005e,2020200135,AN,2,64.0,0,ACSR,2,AWG
6290,KSA2020200140,S000054-000005e,2020200140,AN,2,64.0,0,ACSR,2,AWG
6291,KSA2020200145,S000054-000005e,2020200145,AN,2,64.0,0,ACSR,2,AWG
6292,KSA2020200146,S000054-000005e,2020200146,AN,2,64.0,0,ACSR,2,AWG
6293,KSA2020200147,S000054-000005e,2020200147,AN,2,64.0,0,ACSR,2,AWG
6294,KSA2020200148,S000054-000005e,2020200148,AN,2,64.0,0,ACSR,2,AWG
6295,KSA2020200149,S000054-000005e,2020200149,AN,2,64.0,0,ACSR,2,AWG
6296,KSA2020200150,S000054-000005e,2020200150,AN,2,64.0,0,ACSR,2,AWG
6297,KSA2020200151,S000054-000005e,2020200151,AN,2,64.0,0,ACSR,2,AWG
6298,KSA2020200152,S000054-000005e,2020200152,AN,2,64.0,0,ACSR,2,AWG
6299,KSA2020200153,S000054-000005e,2020200153,AN,2,64.0,0,ACSR,2,AWG
6300,KSA2020200154,S000054-000005e,2020200154,AN,2,64.0,0,ACSR,2,AWG
6301,KSA2020200155,S000054-000005e,2020200155,AN,2,64.0,0,ACSR,2,AWG
6302,KSA2020200156,S000054-000005e,2020200156,AN,2,64.0,0,ACSR,2,AWG
6303,KSA2020200157,S000054-000005e,2020200157,AN,2,64.0,0,ACSR,2,AWG
6304,KSA2020200158,S000054-000005e,2020200158,AN,2,64.0,0,ACSR,2,AWG
6305,KSA2020200159,S000054-000005e,2020200159,AN,2,64.0,0,ACSR,2,AWG
6306,KSA2020200160,S000054-000005e,2020200160,AN,2,64.0,0,ACSR,2,AWG
6307,KSA2020200161,S000054-000005e,2020200161,AN,2,64.0,0,ACSR,2,AWG
6308,KSA2020200162,S000054-000005e,2020200162,AN,2,64.0,0,ACSR,2,AWG
6309,KSA2020200163,S000054-000005e,2020200163,AN,2,64.0,0,ACSR,2,AWG
6310,KSA2020200164,S000054-000005e,2020200164,AN,2,64.0,0,ACSR,2,AWG
6311,KSA2020200165,S000054-000005e,2020200165,AN,2,64.0,0,ACSR,2,AWG
6312,KSA2020200166,S000054-000005e,2020200166,AN,2,64.0,0,ACSR,2,AWG
6313,KSA2020200168,S000054-000005e,2020200168,AN,2,64.0,0,ACSR,2,AWG
6314,KSA2020200170,S000054-000005e,2020200170,AN,2,64.0,0,ACSR,2,AWG
6315,KSA2020200180,S000054-000005e,2020200180,AN,2,64.0,0,ACSR,2,AWG
6316,KSA2020200185,S000054-000005e,2020200185,AN,2,64.0,0,ACSR,2,AWG
6317,KSA2020200190,S000054-000005e,2020200190,AN,2,64.0,0,ACSR,2,AWG
6318,KSA2020200195,S000054-000005e,2020200195,AN,2,64.0,0,ACSR,2,AWG
6319,KSA2020200196,S000054-000005e,2020200196,AN,2,64.0,0,ACSR,2,AWG
6320,KSA2020200197,S000054-000005e,2020200197,AN,2,64.0,0,ACSR,2,AWG
6321,KSA2020200200,S000054-000005e,2020200200,AN,2,64.0,0,ACSR,2,AWG
6322,KSA2020200201,S000054-000005e,2020200201,AN,2,64.0,0,ACSR,2,AWG
6323,KSA2020200205,S000054-000005e,2020200205,AN,2,64.0,0,ACSR,2,AWG
6324,KSA2020200209,S000054-000005e,2020200209,AN,2,64.0,0,ACSR,2,AWG
6325,KSA2020200210,S000054-000005e,2020200210,AN,2,64.0,0,ACSR,2,AWG
6326,KSA2020200211,S000054-000005e,2020200211,AN,2,64.0,0,ACSR,2,AWG
6327,KSA2020200212,S000054-000005e,2020200212,AN,2,64.0,0,ACSR,2,AWG
6328,KSA2020200213,S000054-000005e,2020200213,AN,2,64.0,0,ACSR,2,AWG
6329,KSA2020200214,S000054-000005e,2020200214,AN,2,64.0,0,ACSR,2,AWG
6330,KSA2020200215,S000054-000005e,2020200215,AN,2,64.0,0,ACSR,2,AWG
6331,KSA2020200217,S000054-000005e,2020200217,AN,2,64.0,0,ACSR,2,AWG
6332,KSA2020200218,S000054-000005e,2020200218,AN,2,64.0,0,ACSR,2,AWG
6333,KSA2020200219,S000054-000005e,2020200219,AN,2,64.0,0,ACSR,2,AWG
6334,KSA2020200221,S000054-000005e,2020200221,AN,2,64.0,0,ACSR,2,AWG
6335,KSA2020200222,S000054-000005e,2020200222,AN,2,64.0,0,ACSR,2,AWG
6336,KSA2020200223,S000054-000005e,2020200223,AN,2,64.0,0,ACSR,2,AWG
6337,KSA2020200224,S000054-000005e,2020200224,AN,2,64.0,0,ACSR,2,AWG
6338,KSA2020200226,S000054-000005e,2020200226,AN,2,64.0,0,ACSR,2,AWG
6339,KSA2020200227,S000054-000005e,2020200227,AN,2,64.0,0,ACSR,2,AWG
6340,KSA2020200228,S000054-000005e,2020200228,AN,2,64.0,0,ACSR,2,AWG
6341,KSA2020200229,S000054-000005e,2020200229,AN,2,64.0,0,ACSR,2,AWG
6342,KSA2020200230,S000054-000005e,2020200230,AN,2,64.0,0,ACSR,2,AWG
6343,KSA2020200231,S000054-000005e,2020200231,AN,2,64.0,0,ACSR,2,AWG
6344,KSA2020200232,S000054-000005e,2020200232,AN,2,64.0,0,ACSR,2,AWG
6345,KSA2020200233,S000054-000005e,2020200233,AN,2,64.0,0,ACSR,2,AWG
6346,KSA2020200234,S000054-000005e,2020200234,AN,2,64.0,0,ACSR,2,AWG
6347,KSA2020200235,S000054-000005e,2020200235,AN,2,64.0,0,ACSR,2,AWG
6348,KSA2020200236,S000054-000005e,2020200236,AN,2,64.0,0,ACSR,2,AWG
6349,KSA2020200237,S000054-000005e,2020200237,AN,2,64.0,0,ACSR,2,AWG
6350,KSA2020200238,S000054-000005e,2020200238,AN,2,64.0,0,ACSR,2,AWG
6351,KSA2020200239,S000054-000005e,2020200239,AN,2,64.0,0,ACSR,2,AWG
6352,KSA2020200241,S000054-000005e,2020200241,AN,2,64.0,0,ACSR,2,AWG
6353,KSA2020200242,S000054-000005e,2020200242,AN,2,64.0,0,ACSR,2,AWG
6354,KSA2020200243,S000054-000005e,2020200243,AN,2,64.0,0,ACSR,2,AWG
6355,KSA2020200244,S000054-000005e,2020200244,AN,2,64.0,0,ACSR,2,AWG
6356,KSA2020200245,S000054-000005e,2020200245,AN,2,64.0,0,ACSR,2,AWG
6357,KSA2020200252,S000054-000005e,2020200252,AN,2,64.0,0,ACSR,2,AWG
6358,KSA2020200255,S000054-000005e,2020200255,AN,2,64.0,0,ACSR,2,AWG
6359,KSA2020200260,S000054-000005e,2020200260,AN,2,64.0,0,ACSR,2,AWG
6360,KSA2020200265,S000054-000005e,2020200265,AN,2,64.0,0,ACSR,2,AWG
6361,KSA2020200270,S000054-000005e,2020200270,AN,2,64.0,0,ACSR,2,AWG
6362,KSA2020200273,S000054-000005e,2020200273,AN,2,64.0,0,ACSR,2,AWG
6363,KSA2020200275,S000054-000005e,2020200275,AN,2,64.0,0,ACSR,2,AWG
6364,KSA2020200280,S000054-000005e,2020200280,AN,2,64.0,0,ACSR,2,AWG
6365,KSA2020200285,S000054-000005e,2020200285,AN,2,64.0,0,ACSR,2,AWG
6366,KSA2020200290,S000054-000005e,2020200290,AN,2,64.0,0,ACSR,2,AWG
6367,KSA2020200300,S000054-000005e,2020200300,AN,2,64.0,0,ACSR,2,AWG
6368,KSA2020200302,S000054-000005e,2020200302,AN,2,64.0,0,ACSR,2,AWG
6369,KSA2020200303,S000054-000005e,2020200303,AN,2,64.0,0,ACSR,2,AWG
6370,KSA2020200305,S000054-000005k,2020200305,AN,1,0.5,0,CU,10,AWG
6371,KSA2020200306,S000054-000005k,2020200306,AN,2,74.0,0,ACSR,2,AWG
6372,KSA2020200308,S000054-000005k,2020200308,AN,2,74.0,0,ACSR,2,AWG
6373,KSA2020200310,S000054-000005k,2020200310,AN,2,74.0,0,ACSR,2,AWG
6374,KSA2020200315,S000054-000005k,2020200315,AN,2,74.0,0,ACSR,2,AWG
6375,KSA2020200320,S000054-000005k,2020200320,AN,2,74.0,0,ACSR,2,AWG
6376,KSA2020200325,S000054-000005k,2020200325,AN,2,74.0,0,ACSR,2,AWG
6377,KSA2020200329,S000054-000005k,2020200329,AN,2,74.0,0,ACSR,2,AWG
6378,KSA2020200330,S000054-000005k,2020200330,AN,2,74.0,0,ACSR,2,AWG
6379,KSA2020200331,S000054-000005k,2020200331,AN,2,74.0,0,ACSR,2,AWG
6380,KSA2020200332,S000054-000005k,2020200332,AN,2,74.0,0,ACSR,2,AWG
6381,KSA2020200333,S000054-000005k,2020200333,AN,2,74.0,0,ACSR,2,AWG
6382,KSA2020200334,S000054-000005k,2020200334,AN,2,74.0,0,ACSR,2,AWG
6383,KSA2020200335,S000054-000005k,2020200335,AN,2,74.0,0,ACSR,2,AWG
6384,KSA2020200336,S000054-000005k,2020200336,AN,2,74.0,0,ACSR,2,AWG
6385,KSA2020200337,S000054-000005k,2020200337,AN,2,74.0,0,ACSR,2,AWG
6386,KSA2020200340,S000054-000005k,2020200340,AN,2,74.0,0,ACSR,2,AWG
6387,KSA2020200351,S000054-000005k,2020200351,AN,2,74.0,0,ACSR,2,AWG
6388,KSA2020200352,S000054-000005k,2020200352,AN,2,74.0,0,ACSR,2,AWG
6389,KSA2020200355,S000054-000005k,2020200355,AN,2,74.0,0,ACSR,2,AWG
6390,KSA2020200360,S000054-000005k,2020200360,AN,2,74.0,0,ACSR,2,AWG
6391,KSA2020200361,S000054-000005k,2020200361,AN,2,74.0,0,ACSR,2,AWG
6392,KSA2020200362,S000054-000005k,2020200362,AN,2,74.0,0,ACSR,2,AWG
6393,KSA2020200365,S000054-000005k,2020200365,AN,2,74.0,0,ACSR,2,AWG
6394,KSA2020200370,S000054-000005k,2020200370,AN,2,74.0,0,ACSR,2,AWG
6395,KSA2020200375,S000054-000005k,2020200375,AN,2,74.0,0,ACSR,2,AWG
6396,KSA2020200376,S000054-000005k,2020200376,AN,2,74.0,0,ACSR,2,AWG
6397,KSA2020200380,S000054-000005k,2020200380,AN,2,74.0,0,ACSR,2,AWG
6398,KSA2020200385,S000054-000005k,2020200385,AN,2,74.0,0,ACSR,2,AWG
6399,KSA2020200390,S000054-000005k,2020200390,AN,2,74.0,0,ACSR,2,AWG
6400,KSA2020200394,S000054-000005k,2020200394,AN,2,74.0,0,ACSR,2,AWG
6401,KSA2020200395,S000054-000005k,2020200395,AN,2,74.0,0,ACSR,2,AWG
6402,KSA2020200396,S000054-000005k,2020200396,AN,2,74.0,0,ACSR,2,AWG
6403,KSA2020200397,S000054-000005k,2020200397,AN,2,74.0,0,ACSR,2,AWG
6404,KSA2020200398,S000054-000005k,2020200398,AN,2,74.0,0,ACSR,2,AWG
6405,KSA2020200402,S000054-000005k,2020200402,AN,2,74.0,0,ACSR,2,AWG
6406,KSA2020200403,S000054-000005k,2020200403,AN,2,74.0,0,ACSR,2,AWG
6407,KSA2020200405,S000054-000005k,2020200405,AN,2,74.0,0,ACSR,2,AWG
6408,KSA2020200406,S000054-000005k,2020200406,AN,2,74.0,0,ACSR,2,AWG
6409,KSA2020200407,S000054-000005k,2020200407,AN,2,74.0,0,ACSR,2,AWG
6410,KSA2020200408,S000054-000005k,2020200408,AN,2,74.0,0,ACSR,2,AWG
6411,KSA2020200409,S000054-000005k,2020200409,AN,1,0.5,0,CU,10,AWG
6412,KSA2020200410,S000054-000005k,2020200410,AN,2,74.0,0,ACSR,2,AWG
6413,KSA2020200411,S000054-000005k,2020200411,AN,2,74.0,0,ACSR,2,AWG
6414,KSA2020200412,S000054-000005k,2020200412,AN,2,74.0,0,ACSR,2,AWG
6415,KSA2020200414,S000054-000005k,2020200414,AN,2,74.0,0,ACSR,2,AWG
6416,KSA2020200425,S000054-000005k,2020200425,AN,2,74.0,0,ACSR,2,AWG
6417,KSA2020200430,S000054-000005k,2020200430,AN,2,74.0,0,ACSR,2,AWG
6418,KSA2020200435,S000054-000005k,2020200435,AN,2,74.0,0,ACSR,2,AWG
6419,KSA2020200440,S000054-000005k,2020200440,AN,2,74.0,0,ACSR,2,AWG
6420,KSA2020200445,S000054-000005k,2020200445,AN,2,74.0,0,ACSR,2,AWG
6421,KSA2020200446,S000054-000005k,2020200446,AN,2,74.0,0,ACSR,2,AWG
6422,KSA2020200450,S000054-000005k,2020200450,AN,2,74.0,0,ACSR,2,AWG
6423,KSA2020200460,S000054-000005k,2020200460,AN,2,74.0,0,ACSR,2,AWG
6424,KSA2020200470,S000054-000005k,2020200470,AN,2,74.0,0,ACSR,2,AWG
6425,KSA2020200475,S000054-000005k,2020200475,AN,2,74.0,0,ACSR,2,AWG
6426,KSA2020200480,S000054-000005k,2020200480,AN,2,74.0,0,ACSR,2,AWG
6427,KSA2020200481,S000054-000005k,2020200481,AN,2,74.0,0,ACSR,2,AWG
6428,KSA2020200485,S000054-000005k,2020200485,AN,2,74.0,0,ACSR,2,AWG
6429,KSA2020200486,S000054-000005k,2020200486,AN,2,74.0,0,ACSR,2,AWG
6430,KSA2020200487,S000054-000005k,2020200487,AN,2,74.0,0,ACSR,2,AWG
6431,KSA2020200490,S000054-000005k,2020200490,AN,2,74.0,0,ACSR,2,AWG
6432,KSA2020200510,S000054-000005k,2020200510,AN,2,74.0,0,ACSR,2,AWG
6433,KSA2020200511,S000054-000005k,2020200511,AN,2,74.0,0,ACSR,2,AWG
6434,KSA2020200512,S000054-000005k,2020200512,AN,2,74.0,0,ACSR,2,AWG
6435,KSA2020200513,S000054-000005k,2020200513,AN,2,74.0,0,ACSR,2,AWG
6436,KSA2020200515,S000054-000005k,2020200515,AN,2,74.0,0,ACSR,2,AWG
6437,KSA2020200520,S000054-000005k,2020200520,AN,2,74.0,0,ACSR,2,AWG
6438,KSA2020200521,S000054-000005k,2020200521,AN,2,74.0,0,ACSR,2,AWG
6439,KSA2020200522,S000054-000005k,2020200522,AN,2,74.0,0,ACSR,2,AWG
6440,KSA2020200530,S000054-000005k,2020200530,AN,2,74.0,0,ACSR,2,AWG
6441,KSA2020200532,S000054-000005k,2020200532,AN,2,74.0,0,ACSR,2,AWG
6442,KSA2020200535,S000054-000005k,2020200535,AN,2,74.0,0,ACSR,2,AWG
6443,KSA2020200540,S000054-000005k,2020200540,AN,2,74.0,0,ACSR,2,AWG
6444,KSA2020200542,S000054-000005k,2020200542,AN,2,74.0,0,ACSR,2,AWG
6445,KSA2020200545,S000054-000005k,2020200545,AN,2,74.0,0,ACSR,2,AWG
6446,KSA2020200550,S000054-000005k,2020200550,AN,2,74.0,0,ACSR,2,AWG
6447,KSA2020200560,S000054-000005k,2020200560,AN,2,74.0,0,ACSR,2,AWG
6448,KSA2020200565,S000054-000005k,2020200565,AN,2,74.0,0,ACSR,2,AWG
6449,KSA2020200570,S000054-000005k,2020200570,AN,2,74.0,0,ACSR,2,AWG
6450,KSA2020200575,S000054-000005k,2020200575,AN,2,74.0,0,ACSR,2,AWG
6451,KSA2020200580,S000054-000005k,2020200580,AN,2,74.0,0,ACSR,2,AWG
6452,KSA2020200585,S000054-000005k,2020200585,AN,2,74.0,0,ACSR,2,AWG
6453,KSA2020200586,S000054-000005k,2020200586,AN,2,74.0,0,ACSR,2,AWG
6454,KSA2020200590,S000054-000005k,2020200590,AN,2,74.0,0,ACSR,2,AWG
6455,KSA2020200595,S000054-000005k,2020200595,AN,2,74.0,0,ACSR,2,AWG
6456,KSA2020200605,S000054-000005k,2020200605,AN,2,74.0,0,ACSR,2,AWG
6457,KSA2020200610,S000054-000005k,2020200610,AN,2,74.0,0,ACSR,2,AWG
6458,KSA2020200611,S000054-000005k,2020200611,AN,2,74.0,0,ACSR,2,AWG
6459,KSA2020200615,S000054-000005k,2020200615,AN,2,74.0,0,ACSR,2,AWG
6460,KSA2020200620,S000054-000005k,2020200620,AN,2,74.0,0,ACSR,2,AWG
6461,KSA2020200625,S000054-000005k,2020200625,AN,2,74.0,0,ACSR,2,AWG
6462,KSA2020200645,S000054-000005k,2020200645,AN,2,74.0,0,ACSR,2,AWG
6463,KSA2020200650,S000054-000005k,2020200650,AN,2,74.0,0,ACSR,2,AWG
6464,KSA2020200660,S000054-000005k,2020200660,AN,2,74.0,0,ACSR,2,AWG
6465,KSA2020200665,S000054-000005k,2020200665,AN,2,74.0,0,ACSR,2,AWG
6466,KSA2020200670,S000054-000005k,2020200670,AN,2,74.0,0,ACSR,2,AWG
6467,KSA2020200675,S000054-000005k,2020200675,AN,2,74.0,0,ACSR,2,AWG
6468,KSA2020200680,S000054-000005k,2020200680,AN,2,74.0,0,ACSR,2,AWG
6469,KSA2020200685,S000054-000005k,2020200685,AN,2,74.0,0,ACSR,2,AWG
6470,KSA2020200690,S000054-000005k,2020200690,AN,2,74.0,0,ACSR,2,AWG
6471,KSA2020200695,S000054-000005k,2020200695,AN,2,74.0,0,ACSR,2,AWG
6472,KSA2020200700,S000054-000005k,2020200700,AN,2,74.0,0,ACSR,2,AWG
6473,KSA2020200705,S000054-000005k,2020200705,AN,2,74.0,0,ACSR,2,AWG
6474,KSA2020200710,S000054-000005k,2020200710,AN,2,74.0,0,ACSR,2,AWG
6475,KSA2020200715,S000054-000005k,2020200715,AN,2,74.0,0,ACSR,2,AWG
6476,KSA2020200720,S000054-000005k,2020200720,AN,2,74.0,0,ACSR,2,AWG
6477,KSA2020200730,S000054-000005k,2020200730,AN,2,74.0,0,ACSR,2,AWG
6478,KSA2020200735,S000054-000005k,2020200735,AN,2,74.0,0,ACSR,2,AWG
6479,KSA2020200740,S000054-000005k,2020200740,AN,2,74.0,0,ACSR,2,AWG
6480,KSA2020200745,S000054-000005k,2020200745,AN,2,74.0,0,ACSR,2,AWG
6481,KSA2020200750,S000054-000005k,2020200750,AN,2,74.0,0,ACSR,2,AWG
6482,KSA2020200755,S0130-0088-004n,2020200755,BN,1,0.5,0,CU,10,AWG
6483,KSA2020200760,S0130-0088-004n,2020200760,BN,2,76.0,0,ACSR,2,AWG
6484,KSA2020200763,S0130-0088-004n,2020200763,BN,2,76.0,0,ACSR,2,AWG
6485,KSA2020200765,S0130-0088-004n,2020200765,BN,2,76.0,0,ACSR,2,AWG
6486,KSA2020200770,S0130-0088-004n,2020200770,BN,2,76.0,0,ACSR,2,AWG
6487,KSA2020200780,S0130-0088-004n,2020200780,BN,2,76.0,0,ACSR,2,AWG
6488,KSA2020200783,S0130-0088-004n,2020200783,BN,2,76.0,0,ACSR,2,AWG
6489,KSA2020200790,S0130-0088-004n,2020200790,BN,2,76.0,0,ACSR,2,AWG
6490,KSA2020200791,S0130-0088-004n,2020200791,BN,2,76.0,0,ACSR,2,AWG
6491,KSA2020200792,S0130-0088-004n,2020200792,BN,2,76.0,0,ACSR,2,AWG
6492,KSA2020200793,S0130-0088-004n,2020200793,BN,2,76.0,0,ACSR,2,AWG
6493,KSA2020200794,S0130-0088-004n,2020200794,BN,2,76.0,0,ACSR,2,AWG
6494,KSA2020200795,S0130-0088-004n,2020200795,BN,2,76.0,0,ACSR,2,AWG
6495,KSA2020200796,S0130-0088-004n,2020200796,BN,2,76.0,0,ACSR,2,AWG
6496,KSA2020200797,S0130-0088-004n,2020200797,BN,2,76.0,0,ACSR,2,AWG
6497,KSA2020200798,S0130-0088-004n,2020200798,BN,2,76.0,0,ACSR,2,AWG
6498,KSA2020200799,S0130-0088-004n,2020200799,BN,2,76.0,0,ACSR,2,AWG
6499,KSA2020200800,S0130-0088-004n,2020200800,BN,2,76.0,0,ACSR,2,AWG
6500,KSA2020200803,S0130-0088-004n,2020200803,BN,2,76.0,0,ACSR,2,AWG
6501,KSA2020200805,S0130-0088-004n,2020200805,BN,2,76.0,0,ACSR,2,AWG
6502,KSA2020200806,S0130-0088-004n,2020200806,BN,2,76.0,0,ACSR,2,AWG
6503,KSA2020200807,S0130-0088-004n,2020200807,BN,2,76.0,0,ACSR,2,AWG
6504,KSA2020200810,S0130-0088-004n,2020200810,BN,2,76.0,0,ACSR,2,AWG
6505,KSA2020200815,S0130-0088-004n,2020200815,BN,2,76.0,0,ACSR,2,AWG
6506,KSA2020200825,S0130-0088-004n,2020200825,BN,2,76.0,0,ACSR,2,AWG
6507,KSA2020200830,S0130-0088-004n,2020200830,BN,2,76.0,0,ACSR,2,AWG
6508,KSA2020200835,S0130-0088-004n,2020200835,BN,2,76.0,0,ACSR,2,AWG
6509,KSA2020200855,S0130-0088-004n,2020200855,BN,2,76.0,0,ACSR,2,AWG
6510,KSA2020200860,S0130-0088-004n,2020200860,BN,2,76.0,0,ACSR,2,AWG
6511,KSA2020200865,S0130-0088-004n,2020200865,BN,2,76.0,0,ACSR,2,AWG
6512,KSA2020200885,S0130-0088-004n,2020200885,BN,2,76.0,0,ACSR,2,AWG
6513,KSA2020200890,S0130-0088-004n,2020200890,BN,2,76.0,0,ACSR,2,AWG
6514,KSA2020200915,S0130-0088-004n,2020200915,BN,2,76.0,0,ACSR,2,AWG
6515,KSA2020200920,S0130-0088-004n,2020200920,BN,2,76.0,0,ACSR,2,AWG
6516,KSA2020200925,S0130-0088-004n,2020200925,BN,2,76.0,0,ACSR,2,AWG
6517,KSA2020200935,S0130-0088-004n,2020200935,BN,2,76.0,0,ACSR,2,AWG
6518,KSA2020200940,S0130-0088-004n,2020200940,BN,2,76.0,0,ACSR,2,AWG
6519,KSA2020200945,S0130-0088-004n,2020200945,BN,2,76.0,0,ACSR,2,AWG
6520,KSA2020200955,S0130-0088-004n,2020200955,BN,2,76.0,0,ACSR,2,AWG
6521,KSA2020200960,S0130-0088-004n,2020200960,BN,2,76.0,0,ACSR,2,AWG
6522,KSA2020200965,S0130-0088-004n,2020200965,BN,2,76.0,0,ACSR,2,AWG
6523,KSA2020200970,S0130-0088-004n,2020200970,BN,2,76.0,0,ACSR,2,AWG
6524,KSA2020200975,S0130-0088-004n,2020200975,BN,2,76.0,0,ACSR,2,AWG
6525,KSA2020200980,S0130-0088-004n,2020200980,BN,2,76.0,0,ACSR,2,AWG
6526,KSA2020200990,S0130-0088-004n,2020200990,BN,2,76.0,0,ACSR,2,AWG
6527,KSA2020200995,S0130-0088-004n,2020200995,BN,2,76.0,0,ACSR,2,AWG
6528,KSA2020201010,S0130-0088-004n,2020201010,BN,2,76.0,0,ACSR,2,AWG
6529,KSA2020201015,S0130-0088-004n,2020201015,BN,2,76.0,0,ACSR,2,AWG
6530,KSA2020201020,S0130-0088-004n,2020201020,BN,2,76.0,0,ACSR,2,AWG
6531,KSA2020201025,S0130-0088-004n,2020201025,BN,2,76.0,0,ACSR,2,AWG
6532,KSA2020201030,S0130-0088-004n,2020201030,BN,2,76.0,0,ACSR,2,AWG
6533,KSA2020201035,S0130-0088-004n,2020201035,BN,2,76.0,0,ACSR,2,AWG
6534,KSA2020201045,S0130-0088-004n,2020201045,BN,2,76.0,0,ACSR,2,AWG
6535,KSA2020201050,S0130-0088-004n,2020201050,BN,2,76.0,0,ACSR,2,AWG
6536,KSA2020201055,S0130-0088-004n,2020201055,BN,2,76.0,0,ACSR,2,AWG
6537,KSA2020201060,S0130-0088-004n,2020201060,BN,2,76.0,0,ACSR,2,AWG
6538,KSA2020201065,S0130-0088-004n,2020201065,BN,2,76.0,0,ACSR,2,AWG
6539,KSA2020201070,S0130-0088-004n,2020201070,BN,2,76.0,0,ACSR,2,AWG
6540,KSA2020201075,S0130-0088-004n,2020201075,BN,2,76.0,0,ACSR,2,AWG
6541,KSA2020201080,S0130-0088-004n,2020201080,BN,2,76.0,0,ACSR,2,AWG
6542,KSA2020201085,S0130-0088-004n,2020201085,BN,2,76.0,0,ACSR,2,AWG
6543,KSA2020201090,S0130-0088-004n,2020201090,BN,2,76.0,0,ACSR,2,AWG
6544,KSA2020201095,S0130-0088-004n,2020201095,BN,2,76.0,0,ACSR,2,AWG
6545,KSA2020201100,S0130-0088-004n,2020201100,BN,2,76.0,0,ACSR,2,AWG
6546,KSA2020201105,S0130-0088-004n,2020201105,BN,2,76.0,0,ACSR,2,AWG
6547,KSA2020201110,S0130-0088-004n,2020201110,BN,2,76.0,0,ACSR,2,AWG
6548,KSA2020201111,S0130-0088-004n,2020201111,BN,2,76.0,0,ACSR,2,AWG
6549,KSA2020201112,S0130-0088-004n,2020201112,BN,2,76.0,0,ACSR,2,AWG
6550,KSA2020201113,S0130-0088-004n,2020201113,BN,2,76.0,0,ACSR,2,AWG
6551,KSA2020201114,S0130-0088-004n,2020201114,BN,2,76.0,0,ACSR,2,AWG
6552,KSA2020201115,S0130-0088-004n,2020201115,BN,2,76.0,0,ACSR,2,AWG
6553,KSA2020201117,S0130-0088-004n,2020201117,BN,2,76.0,0,ACSR,2,AWG
6554,KSA2020201118,S0130-0088-004n,2020201118,BN,2,76.0,0,ACSR,2,AWG
6555,KSA2020201119,S0130-0088-004n,2020201119,BN,2,76.0,0,ACSR,2,AWG
6556,KSA2020201120,S0130-0088-004n,2020201120,BN,2,76.0,0,ACSR,2,AWG
6557,KSA2020201121,S0130-0088-004n,2020201121,BN,2,76.0,0,ACSR,2,AWG
6558,KSA2020201123,S0130-0088-004n,2020201123,BN,2,76.0,0,ACSR,2,AWG
6559,KSA2020201124,S0130-0088-004n,2020201124,BN,2,76.0,0,ACSR,2,AWG
6560,KSA2020201125,S0130-0088-004n,2020201125,BN,2,76.0,0,ACSR,2,AWG
6561,KSA2020201126,S0130-0088-004n,2020201126,BN,2,76.0,0,ACSR,2,AWG
6562,KSA2020201127,S0130-0088-004n,2020201127,BN,2,76.0,0,ACSR,2,AWG
6563,KSA2020201128,S0130-0088-004n,2020201128,BN,2,76.0,0,ACSR,2,AWG
6564,KSA2020201129,S0130-0088-004n,2020201129,BN,2,76.0,0,ACSR,2,AWG
6565,KSA2020201130,S0130-0088-004n,2020201130,BN,2,76.0,0,ACSR,2,AWG
6566,KSA2020201131,S0130-0088-004n,2020201131,BN,2,76.0,0,ACSR,2,AWG
6567,KSA2020201132,S0130-0088-004n,2020201132,BN,2,76.0,0,ACSR,2,AWG
6568,KSA2020201133,S0130-0088-004n,2020201133,BN,2,76.0,0,ACSR,2,AWG
6569,KSA2020201134,S0130-0088-004n,2020201134,BN,2,76.0,0,ACSR,2,AWG
6570,KSA2020201135,S0130-0088-004n,2020201135,BN,2,76.0,0,ACSR,2,AWG
6571,KSA2020201136,S0130-0088-004n,2020201136,BN,2,76.0,0,ACSR,2,AWG
6572,KSA2020201137,S0130-0088-004n,2020201137,BN,2,76.0,0,ACSR,2,AWG
6573,KSA2020201138,S0130-0088-004n,2020201138,BN,2,76.0,0,ACSR,2,AWG
6574,KSA2020201139,S0130-0088-004n,2020201139,BN,2,76.0,0,ACSR,2,AWG
6575,KSA2020201140,S0130-0088-004n,2020201140,BN,2,76.0,0,ACSR,2,AWG
6576,KSA2020201141,S0130-0088-004n,2020201141,BN,2,76.0,0,ACSR,2,AWG
6577,KSA2020201142,S0130-0088-004n,2020201142,BN,2,76.0,0,ACSR,2,AWG
6578,KSA2020201143,S0130-0088-004n,2020201143,BN,2,76.0,0,ACSR,2,AWG
6579,KSA2020201144,S0130-0088-004n,2020201144,BN,2,76.0,0,ACSR,2,AWG
6580,KSA2020201145,S0130-0088-004n,2020201145,BN,2,76.0,0,ACSR,2,AWG
6581,KSA2020201146,S0130-0088-004n,2020201146,BN,2,76.0,0,ACSR,2,AWG
6582,KSA2020201147,S0130-0088-004n,2020201147,BN,2,76.0,0,ACSR,2,AWG
6583,KSA2020201148,S0130-0088-004n,2020201148,BN,2,76.0,0,ACSR,2,AWG
6584,KSA2020201149,S0130-0088-004n,2020201149,BN,2,76.0,0,ACSR,2,AWG
6585,KSA2020201150,S0130-0088-004n,2020201150,BN,2,76.0,0,ACSR,2,AWG
6586,KSA2020201151,S0130-0088-004n,2020201151,BN,2,76.0,0,ACSR,2,AWG
6587,KSA2020201152,S0130-0088-004n,2020201152,BN,2,76.0,0,ACSR,2,AWG
6588,KSA2020201153,S0130-0088-004n,2020201153,BN,2,76.0,0,ACSR,2,AWG
6589,KSA2020201154,S0130-0088-004n,2020201154,BN,2,76.0,0,ACSR,2,AWG
6590,KSA2020201155,S0130-0088-004n,2020201155,BN,2,76.0,0,ACSR,2,AWG
6591,KSA2020201156,S0130-0088-004n,2020201156,BN,2,76.0,0,ACSR,2,AWG
6592,KSA2020201157,S0130-0088-004n,2020201157,BN,2,76.0,0,ACSR,2,AWG
6593,KSA2020201158,S0130-0088-004n,2020201158,BN,2,76.0,0,ACSR,2,AWG
6594,KSA2020201159,S0130-0088-004n,2020201159,BN,2,76.0,0,ACSR,2,AWG
6595,KSA2020201160,S0130-0088-004n,2020201160,BN,2,76.0,0,ACSR,2,AWG
6596,KSA2020201161,S0130-0088-004n,2020201161,BN,2,76.0,0,ACSR,2,AWG
6597,KSA2020201162,S0130-0088-004n,2020201162,BN,2,76.0,0,ACSR,2,AWG
6598,KSA2020201163,S0130-0088-004n,2020201163,BN,2,76.0,0,ACSR,2,AWG
6599,KSA2020201164,S0130-0088-004n,2020201164,BN,2,76.0,0,ACSR,2,AWG
6600,KSA2020201165,S0130-0088-004n,2020201165,BN,2,76.0,0,ACSR,2,AWG
6601,KSA2020201166,S0130-0088-004n,2020201166,BN,2,76.0,0,ACSR,2,AWG
6602,KSA2020201167,S0130-0088-004n,2020201167,BN,2,76.0,0,ACSR,2,AWG
6603,KSA2020201168,S0130-0088-004n,2020201168,BN,2,76.0,0,ACSR,2,AWG
6604,KSA2020201169,S0130-0088-004n,2020201169,BN,2,76.0,0,ACSR,2,AWG
6605,KSA2020201170,S0130-0088-004n,2020201170,BN,2,76.0,0,ACSR,2,AWG
6606,KSA2020201171,S0130-0088-004n,2020201171,BN,2,76.0,0,ACSR,2,AWG
6607,KSA2020201172,S0130-0088-004n,2020201172,BN,2,76.0,0,ACSR,2,AWG
6608,KSA2020210010,S0130-0088-004n,2020210010,BN,2,76.0,0,ACSR,2,AWG
6609,KSA2020210020,S0130-0088-004n,2020210020,BN,2,76.0,0,ACSR,2,AWG
6610,KSA2020210030,S0130-0088-004n,2020210030,BN,2,76.0,0,ACSR,2,AWG
6611,KSA2020210040,S0130-0088-004n,2020210040,BN,2,76.0,0,ACSR,2,AWG
6612,KSA2020210050,S0130-0088-004n,2020210050,BN,2,76.0,0,ACSR,2,AWG
6613,KSA2020210060,S0130-0088-004n,2020210060,BN,2,76.0,0,ACSR,2,AWG
6614,KSA2020210070,S0130-0088-004n,2020210070,BN,2,76.0,0,ACSR,2,AWG
6615,KSA2020210080,S0130-0088-004n,2020210080,BN,2,76.0,0,ACSR,2,AWG
6616,KSA2020210090,S0130-0088-004n,2020210090,BN,2,76.0,0,ACSR,2,AWG
6617,KSA2020210100,S0130-0088-004n,2020210100,BN,2,76.0,0,ACSR,2,AWG
6618,KSA2020210105,S0130-0088-004n,2020210105,BN,2,76.0,0,ACSR,2,AWG
6619,KSA2020210110,S0130-0088-004n,2020210110,BN,2,76.0,0,ACSR,2,AWG
6620,KSA2020210115,S0130-0088-004n,2020210115,BN,2,76.0,0,ACSR,2,AWG
6621,KSA2020210120,S0130-0088-004n,2020210120,BN,2,76.0,0,ACSR,2,AWG
6622,KSA2020210125,S0130-0088-004n,2020210125,BN,2,76.0,0,ACSR,2,AWG
6623,KSA2020210130,S0130-0088-004n,2020210130,BN,2,76.0,0,ACSR,2,AWG
6624,KSA2020210135,S0130-0088-004n,2020210135,BN,2,76.0,0,ACSR,2,AWG
6625,KSA2020210140,S0130-0088-004n,2020210140,BN,2,76.0,0,ACSR,2,AWG
6626,KSA2020210145,S0130-0088-004n,2020210145,BN,2,76.0,0,ACSR,2,AWG
6627,KSA2020210150,S0130-0088-004n,2020210150,BN,2,76.0,0,ACSR,2,AWG
6628,KSA2020210155,S0130-0088-004n,2020210155,BN,2,76.0,0,ACSR,2,AWG
6629,KSA2020210160,S0130-0088-004n,2020210160,BN,2,76.0,0,ACSR,2,AWG
6630,KSA2020210165,S0130-0088-004n,2020210165,BN,2,76.0,0,ACSR,2,AWG
6631,KSA2020210175,S0130-0088-004n,2020210175,BN,2,76.0,0,ACSR,2,AWG
6632,KSA2020210180,S0130-0088-004n,2020210180,BN,2,76.0,0,ACSR,2,AWG
6633,KSA2020210185,S0130-0088-004n,2020210185,BN,2,76.0,0,ACSR,2,AWG
6634,KSA2020210195,S0130-0088-004n,2020210195,BN,2,76.0,0,ACSR,2,AWG
6635,KSA2020210205,S0130-0088-004n,2020210205,BN,2,76.0,0,ACSR,2,AWG
6636,KSA2020210210,S0130-0088-004n,2020210210,BN,2,76.0,0,ACSR,2,AWG
6637,KSA2020210215,S0130-0088-004n,2020210215,BN,2,76.0,0,ACSR,2,AWG
6638,KSA2020210220,S0130-0088-004n,2020210220,BN,2,76.0,0,ACSR,2,AWG
6639,KSA2020210225,S0130-0088-004n,2020210225,BN,2,76.0,0,ACSR,2,AWG
6640,KSA2020210235,S0130-0088-004n,2020210235,BN,2,76.0,0,ACSR,2,AWG
6641,KSA2020210240,S0130-0088-004n,2020210240,BN,2,76.0,0,ACSR,2,AWG
6642,KSA2020210245,S0130-0088-004n,2020210245,BN,2,76.0,0,ACSR,2,AWG
6643,KSA2020210250,S0130-0088-004n,2020210250,BN,2,76.0,0,ACSR,2,AWG
6644,KSA2020210255,S0130-0088-004n,2020210255,BN,2,76.0,0,ACSR,2,AWG
6645,KSA2020210260,S0130-0088-004n,2020210260,BN,2,76.0,0,ACSR,2,AWG
6646,KSA2020210265,S0130-0088-004n,2020210265,BN,2,76.0,0,ACSR,2,AWG
6647,KSA2020210275,S0130-0088-004n,2020210275,BN,2,76.0,0,ACSR,2,AWG
6648,KSA2020210280,S0130-0088-004n,2020210280,BN,2,76.0,0,ACSR,2,AWG
6649,KSA2020210290,S0130-0088-004n,2020210290,BN,2,76.0,0,ACSR,2,AWG
6650,KSA2020210295,S0130-0088-004n,2020210295,BN,2,76.0,0,ACSR,2,AWG
6651,KSA2020210310,S0130-0088-004n,2020210310,BN,2,76.0,0,ACSR,2,AWG
6652,KSA2020210320,S0130-0088-004n,2020210320,BN,2,76.0,0,ACSR,2,AWG
6653,KSA2020210325,S0130-0088-004n,2020210325,BN,2,76.0,0,ACSR,2,AWG
6654,KSA2020210330,S0130-0088-004n,2020210330,BN,2,76.0,0,ACSR,2,AWG
6655,KSA2020210335,S0130-0088-004n,2020210335,BN,2,76.0,0,ACSR,2,AWG
6656,KSA2020210340,S0130-0088-004n,2020210340,BN,2,76.0,0,ACSR,2,AWG
6657,KSA2020210345,S0130-0088-004n,2020210345,BN,2,76.0,0,ACSR,2,AWG
6658,KSA2020210346,S0130-0088-004n,2020210346,BN,2,76.0,0,ACSR,2,AWG
6659,KSA2020210347,S0130-0088-004n,2020210347,BN,2,76.0,0,ACSR,2,AWG
6660,KSA2020210348,S0130-0088-004n,2020210348,BN,2,76.0,0,ACSR,2,AWG
6661,KSA2020210349,S0130-0088-004n,2020210349,BN,2,76.0,0,ACSR,2,AWG
6662,KSA2020210350,S0130-0088-004n,2020210350,BN,2,76.0,0,ACSR,2,AWG
6663,KSA2020210351,S0130-0088-004n,2020210351,BN,2,76.0,0,ACSR,2,AWG
6664,KSA2020210352,S0130-0088-004n,2020210352,BN,2,76.0,0,ACSR,2,AWG
6665,KSA2020210353,S0130-0088-004n,2020210353,BN,2,76.0,0,ACSR,2,AWG
6666,KSA2020210354,S0130-0088-004n,2020210354,BN,2,76.0,0,ACSR,2,AWG
6667,KSA2020210355,S0130-0088-004n,2020210355,BN,2,76.0,0,ACSR,2,AWG
6668,KSA2020210356,S0130-0088-004n,2020210356,BN,2,76.0,0,ACSR,2,AWG
6669,KSA2020210358,S0130-0088-004n,2020210358,BN,2,76.0,0,ACSR,2,AWG
6670,KSA2020210359,S0130-0088-004n,2020210359,BN,2,76.0,0,ACSR,2,AWG
6671,KSA2020210360,S0130-0088-004n,2020210360,BN,2,76.0,0,ACSR,2,AWG
6672,KSA2020210361,S0130-0088-004n,2020210361,BN,2,76.0,0,ACSR,2,AWG
6673,KSA2020210362,S0130-0088-004n,2020210362,BN,2,76.0,0,ACSR,2,AWG
6674,KSA2020210363,S0130-0088-004n,2020210363,BN,2,76.0,0,ACSR,2,AWG
6675,KSA2020240040,S0130-0088-002E,2020240040,BN,1,0.5,0,CU,10,AWG
6676,KSA2020240050,S0130-0088-002E,2020240050,BN,1,0.5,0,CU,10,AWG
6677,KSA2020240060,S0130-0088-002E,2020240060,BN,2,60.0,0,ACSR,2,AWG
6678,KSA2020240070,S0130-0088-002D,2020240070,BN,1,0.5,0,CU,10,AWG
6679,KSA2020240080,S0130-0088-002D,2020240080,BN,1,0.5,0,CU,10,AWG
6680,KSA2020240090,S0130-0088-002D,2020240090,BN,1,0.5,0,CU,10,AWG
6681,KSA2020240100,S0130-0088-002D,2020240100,BN,1,0.5,0,CU,10,AWG
6682,KSA2020240105,S0130-0088-004l,2020240105,BN,1,0.5,0,CU,10,AWG
6683,KSA2020240120,S0130-0088-002D,2020240120,BN,1,0.5,0,CU,10,AWG
6684,KSA2020240130,S0130-0088-002D,2020240130,BN,2,75.0,0,ACSR,2,AWG
6685,KSA2020240135,S0130-0088-004b,2020240135,BN,1,0.5,0,CU,10,AWG
6686,KSA2020240140,S0130-0088-002D,2020240140,BN,1,0.5,0,CU,10,AWG
6687,KSA2020240145,S0130-0088-002E,2020240145,BN,1,0.5,0,CU,10,AWG
6688,KSA2020240150,S0130-0088-002D,2020240150,BN,1,0.5,0,CU,10,AWG
6689,KSA2020240155,S0130-0088-004i,2020240155,BN,1,0.5,0,CU,10,AWG
6690,KSA2020240160,S0130-0088-002D,2020240160,BN,1,0.5,0,CU,10,AWG
6691,KSA2020240165,S0130-0088-0002,2020240165,BN,1,0.5,0,CU,10,AWG
6692,KSA2020240170,S0130-0088-002C,2020240170,BN,1,0.5,0,CU,10,AWG
6693,KSA2020240175,S0130-0088-004i,2020240175,BN,1,0.5,0,CU,10,AWG
6694,KSA2020240180,S0130-0088-002C,2020240180,BN,1,0.5,0,CU,10,AWG
6695,KSA2020240185,S0130-0088-004q,2020240185,BN,1,0.5,0,CU,10,AWG
6696,KSA2020240190,S0130-0088-004q,2020240190,BN,1,0.5,0,CU,10,AWG
6697,KSA2020240200,S0130-0088-002B,2020240200,BN,1,0.5,0,CU,10,AWG
6698,KSA2020240205,S0130-0088-004i,2020240205,BN,1,0.5,0,CU,10,AWG
6699,KSA2020240210,S0130-0088-002B,2020240210,BN,1,0.5,0,CU,10,AWG
6700,KSA2020240215,S0130-0088-004A,2020240215,BN,1,0.5,0,CU,10,AWG
6701,KSA2020240220,S0130-0088-002A,2020240220,BN,1,0.5,0,CU,10,AWG
6702,KSA2020240225,S0130-0088-004a,2020240225,BN,1,0.5,0,CU,10,AWG
6703,KSA2020240230,S0130-0088-002A,2020240230,BN,1,0.5,0,CU,10,AWG
6704,KSA2020240235,S0130-0088-004j,2020240235,BN,1,0.5,0,CU,10,AWG
6705,KSA2020240240,S0130-0088-002B,2020240240,BN,1,0.5,0,CU,10,AWG
6706,KSA2020240245,S0130-0088-002D,2020240245,BN,1,0.5,0,CU,10,AWG
6707,KSA2020240250,S0130-0088-002A,2020240250,BN,1,0.5,0,CU,10,AWG
6708,KSA2020240255,S0130-0088-004g,2020240255,BN,1,0.5,0,CU,10,AWG
6709,KSA2020240260,S0130-0088-0002,2020240260,BN,1,0.5,0,CU,10,AWG
6710,KSA2020240265,S0130-0088-004c,2020240265,BN,1,0.5,0,CU,10,AWG
6711,KSA2020240270,S0130-0088-0002,2020240270,BN,1,0.5,0,CU,10,AWG
6712,KSA2020240275,S0130-0088-004h,2020240275,BN,1,0.5,0,CU,10,AWG
6713,KSA2020240280,S0130-0088-0002,2020240280,BN,1,0.5,0,CU,10,AWG
6714,KSA2020240285,S0130-0088-004c,2020240285,BN,1,0.5,0,CU,10,AWG
6715,KSA2020240290,S0130-0088-0002,2020240290,BN,1,0.5,0,CU,10,AWG
6716,KSA2020240295,S0130-0088-004g,2020240295,BN,1,0.5,0,CU,10,AWG
6717,KSA2020240300,S0130-0088-0002,2020240300,BN,1,0.5,0,CU,10,AWG
6718,KSA2020240305,S0130-0088-004C,2020240305,BN,1,0.5,0,CU,10,AWG
6719,KSA2020240310,S0130-0088-0002,2020240310,BN,1,0.5,0,CU,10,AWG
6720,KSA2020240315,S0130-0088-002C,2020240315,BN,1,0.5,0,CU,10,AWG
6721,KSA2020240320,S0130-0088-0002,2020240320,BN,1,0.5,0,CU,10,AWG
6722,KSA2020240325,S0130-0088-004m,2020240325,BN,1,0.5,0,CU,10,AWG
6723,KSA2020240330,S0130-0088-0001,2020240330,BN,1,0.5,0,CU,10,AWG
6724,KSA2020240335,S0130-0088-0003,2020240335,BN,1,0.5,0,CU,10,AWG
6725,KSA2020240340,S0130-0088-002A,2020240340,BN,1,0.5,0,CU,10,AWG
6726,KSA2020240345,S0130-0088-004a,2020240345,BN,1,0.5,0,CU,10,AWG
6727,KSA2020240350,S0130-0088-004a,2020240350,BN,2,55.0,0,ACSR,2,AWG
6728,KSA2020240360,S0130-0088-0001,2020240360,BN,1,0.5,0,CU,10,AWG
6729,KSA2020240365,S0130-0088-004q,2020240365,BN,1,0.5,0,CU,10,AWG
6730,KSA2020240370,S0130-0088-0001,2020240370,BN,1,0.5,0,CU,10,AWG
6731,KSA2020240375,S0130-0088-0001,2020240375,BN,1,0.5,0,CU,10,AWG
6732,KSA2020240380,S0130-0088-0001,2020240380,BN,1,0.5,0,CU,10,AWG
6733,KSA2020240385,S0130-0088-002C,2020240385,BN,1,0.5,0,CU,10,AWG
6734,KSA2020240390,S0130-0088-0003,2020240390,BN,1,0.5,0,CU,10,AWG
6735,KSA2020240395,S0130-0088-0002,2020240395,BN,1,0.5,0,CU,10,AWG
6736,KSA2020240405,S0130-0088-002B,2020240405,BN,1,0.5,0,CU,10,AWG
6737,KSA2020240410,S0130-0088-0003,2020240410,BN,1,0.5,0,CU,10,AWG
6738,KSA2020240415,S0130-0088-004a,2020240415,BN,1,0.5,0,CU,10,AWG
6739,KSA2020240420,S0130-0088-0004,2020240420,BN,1,0.5,0,CU,10,AWG
6740,KSA2020240425,S0130-0088-002C,2020240425,BN,1,0.5,0,CU,10,AWG
6741,KSA2020240430,S0130-0088-0004,2020240430,BN,1,0.5,0,CU,10,AWG
6742,KSA2020240435,S0130-0088-004C,2020240435,BN,1,0.5,0,CU,10,AWG
6743,KSA2020240440,S0130-0088-0004,2020240440,BN,1,0.5,0,CU,10,AWG
6744,KSA2020240445,S0130-0088-0004,2020240445,BN,1,1.0,0,ACSR,2,AWG
6745,KSA2020240450,S0130-0088-004A,2020240450,BN,1,0.5,0,CU,10,AWG
6746,KSA2020240455,S0130-0088-004q,2020240455,BN,1,0.5,0,CU,10,AWG
6747,KSA2020240460,S0130-0088-002C,2020240460,BN,1,0.5,0,CU,10,AWG
6748,KSA2020240465,S0130-0088-002B,2020240465,BN,1,0.5,0,CU,10,AWG
6749,KSA2020240470,S0130-0088-004A,2020240470,BN,1,0.5,0,CU,10,AWG
6750,KSA2020240475,S0130-0088-004A,2020240475,BN,1,0.5,0,CU,10,AWG
6751,KSA2020240480,S0130-0088-004A,2020240480,BN,1,0.5,0,CU,10,AWG
6752,KSA2020240485,S0130-0088-004i,2020240485,BN,1,0.5,0,CU,10,AWG
6753,KSA2020240490,S0130-0088-004A,2020240490,BN,1,0.5,0,CU,10,AWG
6754,KSA2020240495,S0130-0088-004l,2020240495,BN,1,0.5,0,CU,10,AWG
6755,KSA2020240500,S0130-0088-004A,2020240500,BN,1,0.5,0,CU,10,AWG
6756,KSA2020240505,S0130-0088-004d,2020240505,BN,1,0.5,0,CU,10,AWG
6757,KSA2020240515,S0130-0088-002C,2020240515,BN,1,0.5,0,CU,10,AWG
6758,KSA2020240520,S0130-0088-004B,2020240520,BN,1,0.5,0,CU,10,AWG
6759,KSA2020240525,S0130-0088-0001,2020240525,BN,1,0.5,0,CU,10,AWG
6760,KSA2020240530,S0130-0088-0001,2020240530,BN,1,66.0,0,ACSR,2,AWG
6761,KSA2020240535,S0130-0088-004i,2020240535,BN,1,0.5,0,CU,10,AWG
6762,KSA2020240540,S0130-0088-004B,2020240540,BN,1,0.5,0,CU,10,AWG
6763,KSA2020240545,S0130-0088-004i,2020240545,BN,1,0.5,0,CU,10,AWG
6764,KSA2020240550,S0130-0088-004B,2020240550,BN,1,0.5,0,CU,10,AWG
6765,KSA2020240555,S0130-0088-0003,2020240555,BN,1,0.5,0,CU,10,AWG
6766,KSA2020240560,S0130-0088-004B,2020240560,BN,1,0.5,0,CU,10,AWG
6767,KSA2020240565,S0130-0088-0001,2020240565,BN,1,0.5,0,CU,10,AWG
6768,KSA2020240575,S0130-0088-0002,2020240575,BN,1,0.5,0,CU,10,AWG
6769,KSA2020240580,S0130-0088-004B,2020240580,BN,1,0.5,0,CU,10,AWG
6770,KSA2020240585,S0130-0088-004B,2020240585,BN,1,0.5,0,CU,10,AWG
6771,KSA2020240590,S0130-0088-004B,2020240590,BN,1,0.5,0,CU,10,AWG
6772,KSA2020240595,S0130-0088-004B,2020240595,BN,2,73.0,0,ACSR,2,AWG
6773,KSA2020240600,S0130-0088-004B,2020240600,BN,1,0.5,0,CU,10,AWG
6774,KSA2020240605,S0130-0088-0005,2020240605,BN,1,0.5,0,CU,10,AWG
6775,KSA2020240610,S0130-0088-004B,2020240610,BN,1,0.5,0,CU,10,AWG
6776,KSA2020240615,S0130-0088-0005,2020240615,BN,1,0.5,0,CU,10,AWG
6777,KSA2020240620,S0130-0088-004B,2020240620,BN,1,0.5,0,CU,10,AWG
6778,KSA2020240625,S0130-0088-004j,2020240625,BN,1,0.5,0,CU,10,AWG
6779,KSA2020240630,S0130-0088-004C,2020240630,BN,1,0.5,0,CU,10,AWG
6780,KSA2020240635,S0130-0088-004C,2020240635,BN,1,0.5,0,CU,10,AWG
6781,KSA2020240640,S0130-0088-004C,2020240640,BN,1,0.5,0,CU,10,AWG
6782,KSA2020240645,S0130-0088-004C,2020240645,BN,1,0.5,0,CU,10,AWG
6783,KSA2020240650,S0130-0088-004C,2020240650,BN,1,0.5,0,CU,10,AWG
6784,KSA2020240655,S0130-0088-004i,2020240655,BN,1,0.5,0,CU,10,AWG
6785,KSA2020240660,S0130-0088-004D,2020240660,BN,1,0.5,0,CU,10,AWG
6786,KSA2020240665,S0130-0088-004q,2020240665,BN,1,0.5,0,CU,10,AWG
6787,KSA2020240670,S0130-0088-004C,2020240670,BN,1,0.5,0,CU,10,AWG
6788,KSA2020240675,S0130-0088-004j,2020240675,BN,1,0.5,0,CU,10,AWG
6789,KSA2020240680,S0130-0088-004C,2020240680,BN,1,0.5,0,CU,10,AWG
6790,KSA2020240685,S0130-0088-004B,2020240685,BN,1,0.5,0,CU,10,AWG
6791,KSA2020240690,S0130-0088-004D,2020240690,BN,1,0.5,0,CU,10,AWG
6792,KSA2020240695,S0130-0088-004e,2020240695,BN,1,0.5,0,CU,10,AWG
6793,KSA2020240700,S0130-0088-004D,2020240700,BN,1,0.5,0,CU,10,AWG
6794,KSA2020240705,S0130-0088-004C,2020240705,BN,1,0.5,0,CU,10,AWG
6795,KSA2020240710,S0130-0088-004C,2020240710,BN,1,0.5,0,CU,10,AWG
6796,KSA2020240715,S0130-0088-004C,2020240715,BN,1,0.5,0,CU,10,AWG
6797,KSA2020240720,S0130-0088-004C,2020240720,BN,1,0.5,0,CU,10,AWG
6798,KSA2020240725,S0130-0088-004C,2020240725,BN,1,0.5,0,CU,10,AWG
6799,KSA2020240730,S0130-0088-0005,2020240730,BN,1,0.5,0,CU,10,AWG
6800,KSA2020240735,S0130-0088-0005,2020240735,BN,1,48.0,0,ACSR,2,AWG
6801,KSA2020240740,S0130-0088-0005,2020240740,BN,1,0.5,0,CU,10,AWG
6802,KSA2020240745,S0130-0088-004e,2020240745,BN,1,0.5,0,CU,10,AWG
6803,KSA2020240750,S0130-0088-0005,2020240750,BN,1,0.5,0,CU,10,AWG
6804,KSA2020240755,S0130-0088-004e,2020240755,BN,1,0.5,0,CU,10,AWG
6805,KSA2020240760,S0130-0088-0005,2020240760,BN,1,0.5,0,CU,10,AWG
6806,KSA2020240765,S0130-0088-004i,2020240765,BN,1,0.5,0,CU,10,AWG
6807,KSA2020240770,S0130-0088-0005,2020240770,BN,1,0.5,0,CU,10,AWG
6808,KSA2020240775,S0130-0088-004i,2020240775,BN,1,0.5,0,CU,10,AWG
6809,KSA2020240780,S0130-0088-0006,2020240780,BN,1,0.5,0,CU,10,AWG
6810,KSA2020240785,S0130-0088-004j,2020240785,BN,1,0.5,0,CU,10,AWG
6811,KSA2020240790,S0130-0088-0006,2020240790,BN,1,0.5,0,CU,10,AWG
6812,KSA2020240795,S0130-0088-004o,2020240795,BN,1,0.5,0,CU,10,AWG
6813,KSA2020240800,S0130-0088-0006,2020240800,BN,1,0.5,0,CU,10,AWG
6814,KSA2020240805,S0130-0088-004q,2020240805,BN,1,0.5,0,CU,10,AWG
6815,KSA2020240810,S0130-0088-0006,2020240810,BN,1,0.5,0,CU,10,AWG
6816,KSA2020240815,S0130-0088-004q,2020240815,BN,1,0.5,0,CU,10,AWG
6817,KSA2020240820,S0130-0088-0005,2020240820,BN,1,0.5,0,CU,10,AWG
6818,KSA2020240830,S0130-0088-0005,2020240830,BN,1,0.5,0,CU,10,AWG
6819,KSA2020240850,S0130-0088-0005,2020240850,BN,1,0.5,0,CU,10,AWG
6820,KSA2020240860,S0130-0088-0005,2020240860,BN,1,0.5,0,CU,10,AWG
6821,KSA2020240870,S0130-0088-004a,2020240870,BN,1,0.5,0,CU,10,AWG
6822,KSA2020240890,S0130-0088-004a,2020240890,BN,1,0.5,0,CU,10,AWG
6823,KSA2020240910,S0130-0088-004a,2020240910,BN,1,0.5,0,CU,10,AWG
6824,KSA2020240920,S0130-0088-004b,2020240920,BN,1,0.5,0,CU,10,AWG
6825,KSA2020240930,S0130-0088-004b,2020240930,BN,1,0.5,0,CU,10,AWG
6826,KSA2020240940,S0130-0088-004b,2020240940,BN,1,0.5,0,CU,10,AWG
6827,KSA2020240950,S0130-0088-004b,2020240950,BN,1,0.5,0,CU,10,AWG
6828,KSA2020240970,S0130-0088-004c,2020240970,BN,1,0.5,0,CU,10,AWG
6829,KSA2020240980,S0130-0088-004c,2020240980,BN,1,0.5,0,CU,10,AWG
6830,KSA2020240990,S0130-0088-004c,2020240990,BN,1,0.5,0,CU,10,AWG
6831,KSA2020241000,S0130-0088-004d,2020241000,BN,1,0.5,0,CU,10,AWG
6832,KSA2020241010,S0130-0088-004d,2020241010,BN,1,0.5,0,CU,10,AWG
6833,KSA2020241020,S0130-0088-004e,2020241020,BN,1,0.5,0,CU,10,AWG
6834,KSA2020241030,S0130-0088-004e,2020241030,BN,1,0.5,0,CU,10,AWG
6835,KSA2020241040,S0130-0088-004d,2020241040,BN,1,0.5,0,CU,10,AWG
6836,KSA2020241050,S0130-0088-004e,2020241050,BN,1,0.5,0,CU,10,AWG
6837,KSA2020241060,S0130-0088-004e,2020241060,BN,1,0.5,0,CU,10,AWG
6838,KSA2020241070,S0130-0088-004d,2020241070,BN,1,0.5,0,CU,10,AWG
6839,KSA2020241080,S0130-0088-004e,2020241080,BN,1,0.5,0,CU,10,AWG
6840,KSA2020241090,S0130-0088-004e,2020241090,BN,1,0.5,0,CU,10,AWG
6841,KSA2020241100,S0130-0088-004e,2020241100,BN,1,0.5,0,CU,10,AWG
6842,KSA2020241110,S0130-0088-004d,2020241110,BN,1,0.5,0,CU,10,AWG
6843,KSA2020241120,S0130-0088-004d,2020241120,BN,1,0.5,0,CU,10,AWG
6844,KSA2020241130,S0130-0088-004d,2020241130,BN,1,0.5,0,CU,10,AWG
6845,KSA2020241140,S0130-0088-004g,2020241140,BN,1,0.5,0,CU,10,AWG
6846,KSA2020241150,S0130-0088-004g,2020241150,BN,2,55.0,0,ACSR,2,AWG
6847,KSA2020241160,S0130-0088-004g,2020241160,BN,1,0.5,0,CU,10,AWG
6848,KSA2020241170,S0130-0088-004g,2020241170,BN,2,55.0,0,ACSR,2,AWG
6849,KSA2020241180,S0130-0088-004g,2020241180,BN,2,55.0,0,ACSR,2,AWG
6850,KSA2020241190,S0130-0088-004h,2020241190,BN,1,0.5,0,CU,10,AWG
6851,KSA2020241200,S0130-0088-004h,2020241200,BN,1,0.5,0,CU,10,AWG
6852,KSA2020241210,S0130-0088-004h,2020241210,BN,1,0.5,0,CU,10,AWG
6853,KSA2020241220,S0130-0088-004h,2020241220,BN,1,0.5,0,CU,10,AWG
6854,KSA2020241230,S0130-0088-004i,2020241230,BN,1,0.5,0,CU,10,AWG
6855,KSA2020241240,S0130-0088-004i,2020241240,BN,1,0.5,0,CU,10,AWG
6856,KSA2020241250,S0130-0088-004i,2020241250,BN,1,0.5,0,CU,10,AWG
6857,KSA2020241260,S0130-0088-004i,2020241260,BN,1,0.5,0,CU,10,AWG
6858,KSA2020241270,S0130-0088-004i,2020241270,BN,1,0.5,0,CU,10,AWG
6859,KSA2020241280,S0130-0088-004i,2020241280,BN,1,0.5,0,CU,10,AWG
6860,KSA2020241290,S0130-0088-004i,2020241290,BN,1,0.5,0,CU,10,AWG
6861,KSA2020241300,S0130-0088-004i,2020241300,BN,2,81.0,0,ACSR,2,AWG
6862,KSA2020241310,S0130-0088-004i,2020241310,BN,2,81.0,0,ACSR,2,AWG
6863,KSA2020241320,S0130-0088-004i,2020241320,BN,1,0.5,0,CU,10,AWG
6864,KSA2020241330,S0130-0088-004j,2020241330,BN,1,0.5,0,CU,10,AWG
6865,KSA2020241340,S0130-0088-004i,2020241340,BN,1,0.5,0,CU,10,AWG
6866,KSA2020241350,S0130-0088-004j,2020241350,BN,1,0.5,0,CU,10,AWG
6867,KSA2020241360,S0130-0088-004j,2020241360,BN,1,0.5,0,CU,10,AWG
6868,KSA2020241370,S0130-0088-004j,2020241370,BN,1,0.5,0,CU,10,AWG
6869,KSA2020241380,S0130-0088-004j,2020241380,BN,1,0.5,0,CU,10,AWG
6870,KSA2020241390,S0130-0088-004k,2020241390,BN,1,0.5,0,CU,10,AWG
6871,KSA2020241400,S0130-0088-004k,2020241400,BN,1,0.5,0,CU,10,AWG
6872,KSA2020241410,S0130-0088-004k,2020241410,BN,1,0.5,0,CU,10,AWG
6873,KSA2020241420,S0130-0088-004k,2020241420,BN,1,0.5,0,CU,10,AWG
6874,KSA2020241430,S0130-0088-004k,2020241430,BN,1,0.5,0,CU,10,AWG
6875,KSA2020241440,S0130-0088-004k,2020241440,BN,1,0.5,0,CU,10,AWG
6876,KSA2020241450,S0130-0088-004k,2020241450,BN,1,0.5,0,CU,10,AWG
6877,KSA2020241460,S0130-0088-004k,2020241460,BN,1,0.5,0,CU,10,AWG
6878,KSA2020241470,S0130-0088-004l,2020241470,BN,1,0.5,0,CU,10,AWG
6879,KSA2020241480,S0130-0088-004b,2020241480,BN,1,0.5,0,CU,10,AWG
6880,KSA2020241490,S0130-0088-004n,2020241490,BN,1,0.5,0,CU,10,AWG
6881,KSA2020241500,S0130-0088-004n,2020241500,BN,1,0.5,0,CU,10,AWG
6882,KSA2020241510,S0130-0088-004i,2020241510,BN,1,0.5,0,CU,10,AWG
6883,KSA2020241520,S0130-0088-004q,2020241520,BN,1,0.5,0,CU,10,AWG
6884,KSA2020241530,S0130-0088-004q,2020241530,BN,1,0.5,0,CU,10,AWG
6885,KSA2020241540,S0130-0088-004q,2020241540,BN,1,0.5,0,CU,10,AWG
6886,KSA2020241550,S0130-0088-004q,2020241550,BN,1,0.5,0,CU,10,AWG
6887,KSA2020241560,S0130-0088-004p,2020241560,BN,1,0.5,0,CU,10,AWG
6888,KSA2020241570,S0130-0088-004q,2020241570,BN,1,0.5,0,CU,10,AWG
6889,KSA2020241580,S0130-0088-004q,2020241580,BN,1,0.5,0,CU,10,AWG
6890,KSA2020241590,S0130-0088-004q,2020241590,BN,1,0.5,0,CU,10,AWG
6891,KSA2020241591,S0130-0088-002B,2020241591,BN,1,0.5,0,CU,10,AWG
6892,KSA2020241592,S0130-0088-002C,2020241592,BN,1,0.5,0,CU,10,AWG
6893,KSA2020241593,S0130-0088-004a,2020241593,BN,1,0.5,0,CU,10,AWG
6894,KSA2020241594,S0130-0088-0002,2020241594,BN,1,0.5,0,CU,10,AWG
6895,KSA2020241595,S0130-0088-004C,2020241595,BN,1,0.5,0,CU,10,AWG
6896,KSA2020241596,S0130-0088-002C,2020241596,BN,1,0.5,0,CU,10,AWG
6897,KSA2020241600,S0130-0088-004l,2020241600,BN,1,0.5,0,CU,10,AWG
6898,KSA2020241601,S0130-0088-004k,2020241601,BN,1,0.5,0,CU,10,AWG
6899,KSA2020241603,S0130-0088-0006,2020241603,BN,1,0.5,0,CU,10,AWG
6900,KSA2020241604,S0130-0088-0003,2020241604,BN,1,0.5,0,CU,10,AWG
6901,KSA2020241605,S0130-0088-0005,2020241605,BN,1,0.5,0,CU,10,AWG
6902,KSA2020241606,S0130-0088-004a,2020241606,BN,1,0.5,0,CU,10,AWG
6903,KSA2020241607,S0130-0088-004p,2020241607,BN,1,0.5,0,CU,10,AWG
6904,KSA2020241608,S0130-0088-0003,2020241608,BN,1,0.5,0,CU,10,AWG
6905,KSA2020241609,S0130-0088-0006,2020241609,BN,1,0.5,0,CU,10,AWG
6906,KSA2020241610,S0130-0088-0006,2020241610,BN,1,45.0,0,ACSR,2,AWG
6907,KSA2020241611,S0130-0088-004e,2020241611,BN,1,0.5,0,CU,10,AWG
6908,KSA2020241612,S0130-0088-004e,2020241612,BN,1,0.5,0,CU,10,AWG
6909,KSA2020241613,S0130-0088-004a,2020241613,BN,1,0.5,0,CU,10,AWG
6910,KSA2020241614,S0130-0088-004a,2020241614,BN,1,0.5,0,CU,10,AWG
6911,KSA2020241615,S0130-0088-004h,2020241615,BN,1,0.5,0,CU,10,AWG
6912,KSA2020241616,S0130-0088-004k,2020241616,BN,1,0.5,0,CU,10,AWG
6913,KSA2020241617,S0130-0088-004k,2020241617,BN,1,0.5,0,CU,10,AWG
6914,KSA2020241618,S0130-0088-004k,2020241618,BN,1,0.5,0,CU,10,AWG
6915,KSA2020241619,S0130-0088-004k,2020241619,BN,1,0.5,0,CU,10,AWG
6916,KSA2020241620,S0130-0088-004g,2020241620,BN,1,0.5,0,CU,10,AWG
6917,KSA2020241621,S0130-0088-004g,2020241621,BN,1,0.5,0,CU,10,AWG
6918,KSA2020241622,S0130-0088-004h,2020241622,BN,1,0.5,0,CU,10,AWG
6919,KSA2020241623,S0130-0088-004h,2020241623,BN,1,0.5,0,CU,10,AWG
6920,KSA2020241624,S0130-0088-002A,2020241624,BN,1,0.5,0,CU,10,AWG
6921,KSA2020241625,S0130-0088-004b,2020241625,BN,1,0.5,0,CU,10,AWG
6922,KSA2020241626,S0130-0088-004b,2020241626,BN,1,0.5,0,CU,10,AWG
6923,KSA2020241627,S0130-0088-004d,2020241627,BN,1,0.5,0,CU,10,AWG
6924,KSA2020241628,S0130-0088-004j,2020241628,BN,1,0.5,0,CU,10,AWG
6925,KSA2020241629,S0130-0088-004a,2020241629,BN,1,0.5,0,CU,10,AWG
6926,KSA2020241630,S0130-0088-0003,2020241630,BN,1,0.5,0,CU,10,AWG
6927,KSA2020241631,S0130-0088-0003,2020241631,BN,1,0.5,0,CU,10,AWG
6928,KSA2020241632,S0130-0088-0003,2020241632,BN,1,0.5,0,CU,10,AWG
6929,KSA2020241633,S0130-0088-0003,2020241633,BN,1,0.5,0,CU,10,AWG
6930,KSA2020241634,S0130-0088-0003,2020241634,BN,1,0.5,0,CU,10,AWG
6931,KSA2020241635,S0130-0088-0002,2020241635,BN,1,0.5,0,CU,10,AWG
6932,KSA2020241636,S0130-0088-002A,2020241636,BN,1,0.5,0,CU,10,AWG
6933,KSA2020241637,S0130-0088-0003,2020241637,BN,1,0.5,0,CU,10,AWG
6934,KSA2020241638,S0130-0088-004i,2020241638,BN,1,0.5,0,CU,10,AWG
6935,KSA2020241639,S0130-0088-004j,2020241639,BN,1,0.5,0,CU,10,AWG
6936,KSA2020241640,S0130-0088-004i,2020241640,BN,1,0.5,0,CU,10,AWG
6937,KSA2020241641,S0130-0088-004m,2020241641,BN,1,0.5,0,CU,10,AWG
6938,KSA2020241642,S0130-0088-004l,2020241642,BN,1,0.5,0,CU,10,AWG
6939,KSA2020241643,S0130-0088-004B,2020241643,BN,1,0.5,0,CU,10,AWG
6940,KSA2020241644,S0130-0088-004B,2020241644,BN,1,0.5,0,CU,10,AWG
6941,KSA2020241645,S0130-0088-004B,2020241645,BN,1,0.5,0,CU,10,AWG
6942,KSA2020241646,S0130-0088-002C,2020241646,BN,1,0.5,0,CU,10,AWG
6943,KSA2020241647,S0130-0088-002D,2020241647,BN,1,0.5,0,CU,10,AWG
6944,KSA2020241648,S0130-0088-002D,2020241648,BN,1,0.5,0,CU,10,AWG
6945,KSA2020241649,S0130-0088-004n,2020241649,BN,1,0.5,0,CU,10,AWG
6946,KSA2020241650,S0130-0088-004n,2020241650,BN,1,0.5,0,CU,10,AWG
6947,KSA2020241651,S0130-0088-004p,2020241651,BN,1,0.5,0,CU,10,AWG
6948,KSA2020241652,S0130-0088-004q,2020241652,BN,1,0.5,0,CU,10,AWG
6949,KSA2020241653,S0130-0088-004q,2020241653,BN,1,0.5,0,CU,10,AWG
6950,KSA2020241654,S0130-0088-004q,2020241654,BN,1,0.5,0,CU,10,AWG
6951,KSA2020241655,S0130-0088-004q,2020241655,BN,1,0.5,0,CU,10,AWG
6952,KSA2020241656,S0130-0088-004q,2020241656,BN,1,0.5,0,CU,10,AWG
6953,KSA2020241657,S0130-0088-004q,2020241657,BN,1,0.5,0,CU,10,AWG
6954,KSA2020241658,S0130-0088-004k,2020241658,BN,1,0.5,0,CU,10,AWG
6955,KSA2020241659,S0130-0088-0006,2020241659,BN,1,0.5,0,CU,10,AWG
6956,KSA2020241660,S0130-0088-004a,2020241660,BN,1,0.5,0,CU,10,AWG
6957,KSA2020241661,S0130-0088-004a,2020241661,BN,1,0.5,0,CU,10,AWG
6958,KSA2020241662,S0130-0088-004b,2020241662,BN,1,0.5,0,CU,10,AWG
6959,KSA2020241663,S0130-0088-004b,2020241663,BN,1,0.5,0,CU,10,AWG
6960,KSA2020241664,S0130-0088-0006,2020241664,BN,1,0.5,0,CU,10,AWG
6961,KSA2020241665,S0130-0088-0006,2020241665,BN,1,0.5,0,CU,10,AWG
6962,KSA2020241666,S0130-0088-0007,2020241666,BN,1,0.5,0,CU,10,AWG
6963,KSA2020241667,S0130-0088-0002,2020241667,BN,1,0.5,0,CU,10,AWG
6964,KSA2020241668,S0130-0088-004m,2020241668,BN,1,0.5,0,CU,10,AWG
6965,KSA2020241669,S0130-0088-0007,2020241669,BN,1,0.5,0,CU,10,AWG
6966,KSA2020241670,S0130-0088-0007,2020241670,BN,1,49.0,0,ACSR,2,AWG
6967,KSA2020241671,S0130-0088-0007,2020241671,BN,1,49.0,0,ACSR,2,AWG
6968,KSA2020241672,S0130-0088-0007,2020241672,BN,1,49.0,0,ACSR,2,AWG
6969,KSA2020241673,S0130-0088-0007,2020241673,BN,1,49.0,0,ACSR,2,AWG
6970,KSA2020241674,S0130-0088-0007,2020241674,BN,1,49.0,0,ACSR,2,AWG
6971,KSA2020241675,S0130-0088-0007,2020241675,BN,1,49.0,0,ACSR,2,AWG
6972,KSA2020241676,S0130-0088-0007,2020241676,BN,1,49.0,0,ACSR,2,AWG
6973,KSA2020241677,S0130-0088-0007,2020241677,BN,1,49.0,0,ACSR,2,AWG
6974,KSA2020250040,S0054-0020-0019,2020250040,BN,1,0.5,0,CU,10,AWG
6975,KSA2020250050,S0054-0020-0019,2020250050,BN,1,0.5,0,CU,10,AWG
6976,KSA2020250060,S0054-0020-0019,2020250060,BN,1,0.5,0,CU,10,AWG
6977,KSA2020250070,S0054-0020-0017,2020250070,BN,1,0.5,0,CU,10,AWG
6978,KSA2020250080,S0054-0020-0014,2020250080,BN,1,0.5,0,CU,10,AWG
6979,KSA2020250090,S0054-0020-0014,2020250090,BN,1,0.5,0,CU,10,AWG
6980,KSA2020250100,S0054-0020-0013,2020250100,BN,1,0.5,0,CU,10,AWG
6981,KSA2020250105,S0054-0020-0017,2020250105,BN,1,0.5,0,CU,10,AWG
6982,KSA2020250110,S0054-0020-0013,2020250110,BN,1,0.5,0,CU,10,AWG
6983,KSA2020250115,S0054-0020-0018,2020250115,BN,1,0.5,0,CU,10,AWG
6984,KSA2020250120,S0054-0020-0012,2020250120,BN,1,0.5,0,CU,10,AWG
6985,KSA2020250125,S0054-0020-008F,2020250125,BN,1,0.5,0,CU,10,AWG
6986,KSA2020250130,S0054-0020-012b,2020250130,BN,1,0.5,0,CU,10,AWG
6987,KSA2020250135,S0054-0020-0012,2020250135,BN,1,0.5,0,CU,10,AWG
6988,KSA2020250140,S0054-0020-0011,2020250140,BN,1,0.5,0,CU,10,AWG
6989,KSA2020250145,S0054-0020-008I,2020250145,BN,1,0.5,0,CU,10,AWG
6990,KSA2020250150,S0054-0020-0012,2020250150,BN,1,0.5,0,CU,10,AWG
6991,KSA2020250155,S0054-0020-008I,2020250155,BN,1,0.5,0,CU,10,AWG
6992,KSA2020250160,S0054-0020-0011,2020250160,BN,1,0.5,0,CU,10,AWG
6993,KSA2020250165,S0054-0020-008I,2020250165,BN,1,0.5,0,CU,10,AWG
6994,KSA2020250170,S0054-0020-0012,2020250170,BN,1,0.5,0,CU,10,AWG
6995,KSA2020250175,S0054-0020-0012,2020250175,BN,1,72.0,0,ACSR,2,AWG
6996,KSA2020250180,S0054-0020-012A,2020250180,BN,1,0.5,0,CU,10,AWG
6997,KSA2020250185,S0054-0020-0012,2020250185,BN,1,0.5,0,CU,10,AWG
6998,KSA2020250190,S0054-0020-012B,2020250190,BN,1,0.5,0,CU,10,AWG
6999,KSA2020250195,S0054-0020-0014,2020250195,BN,1,0.5,0,CU,10,AWG
7000,KSA2020250200,S0054-0020-012B,2020250200,BN,1,0.5,0,CU,10,AWG
7001,KSA2020250205,S0054-0020-0017,2020250205,BN,1,0.5,0,CU,10,AWG
7002,KSA2020250210,S0054-0020-012B,2020250210,BN,1,0.5,0,CU,10,AWG
7003,KSA2020250215,S0054-0020-0013,2020250215,BN,1,0.5,0,CU,10,AWG
7004,KSA2020250220,S0054-0020-0010,2020250220,BN,1,0.5,0,CU,10,AWG
7005,KSA2020250225,S0054-0020-0013,2020250225,BN,1,0.5,0,CU,10,AWG
7006,KSA2020250230,S0054-0020-0009,2020250230,BN,1,0.5,0,CU,10,AWG
7007,KSA2020250235,S0054-0020-012b,2020250235,BN,1,0.5,0,CU,10,AWG
7008,KSA2020250240,S0054-0020-0009,2020250240,BN,1,0.5,0,CU,10,AWG
7009,KSA2020250245,S0054-0020-0019,2020250245,BN,1,0.5,0,CU,10,AWG
7010,KSA2020250250,S0054-0020-008B,2020250250,BN,1,0.5,0,CU,10,AWG
7011,KSA2020250255,S0054-0020-0016,2020250255,BN,1,0.5,0,CU,10,AWG
7012,KSA2020250260,S0054-0020-008C,2020250260,BN,1,0.5,0,CU,10,AWG
7013,KSA2020250270,S0054-0020-008D,2020250270,BN,1,0.5,0,CU,10,AWG
7014,KSA2020250275,S0054-0020-0019,2020250275,BN,1,0.5,0,CU,10,AWG
7015,KSA2020250280,S0054-0020-008E,2020250280,BN,1,0.5,0,CU,10,AWG
7016,KSA2020250285,S0054-0020-012B,2020250285,BN,1,0.5,0,CU,10,AWG
7017,KSA2020250290,S0054-0020-008E,2020250290,BN,1,0.5,0,CU,10,AWG
7018,KSA2020250295,S0054-0020-0005,2020250295,BN,1,0.5,0,CU,10,AWG
7019,KSA2020250300,S0054-0020-008I,2020250300,BN,1,0.5,0,CU,10,AWG
7020,KSA2020250305,S0054-0020-0002,2020250305,BN,1,0.5,0,CU,10,AWG
7021,KSA2020250310,S0054-0020-012b,2020250310,BN,1,0.5,0,CU,10,AWG
7022,KSA2020250315,S0054-0020-0003,2020250315,BN,1,0.5,0,CU,10,AWG
7023,KSA2020250320,S0054-0020-008E,2020250320,BN,1,0.5,0,CU,10,AWG
7024,KSA2020250325,S0054-0020-0003,2020250325,BN,1,0.5,0,CU,10,AWG
7025,KSA2020250330,S0054-0020-012A,2020250330,BN,1,0.5,0,CU,10,AWG
7026,KSA2020250335,S0054-0020-012B,2020250335,BN,1,0.5,0,CU,10,AWG
7027,KSA2020250340,S0054-0020-012B,2020250340,BN,1,0.5,0,CU,10,AWG
7028,KSA2020250350,S0054-0020-012B,2020250350,BN,1,0.5,0,CU,10,AWG
7029,KSA2020250360,S0054-0020-012A,2020250360,BN,1,0.5,0,CU,10,AWG
7030,KSA2020250362,S0054-0020-0019,2020250362,BN,1,0.5,0,CU,10,AWG
7031,KSA2020250363,S0054-0020-0012,2020250363,BN,1,0.5,0,CU,10,AWG
7032,KSA2020250364,S0054-0020-0012,2020250364,BN,1,0.5,0,CU,10,AWG
7033,KSA2020250365,S0054-0020-012A,2020250365,BN,1,0.5,0,CU,10,AWG
7034,KSA2020250366,S0054-0020-012A,2020250366,BN,1,0.5,0,CU,10,AWG
7035,KSA2020250367,S0054-0020-012A,2020250367,BN,1,0.5,0,CU,10,AWG
7036,KSA2020250368,S0054-0020-012A,2020250368,BN,2,44.0,0,ACSR,2,AWG
7037,KSA2020250369,S0054-0020-012A,2020250369,BN,2,44.0,0,ACSR,2,AWG
7038,KSA2020260100,S0100-039X-0001,2020260100,CN,1,0.5,0,CU,10,AWG
7039,KSA2020260105,S0100-039X-0002,2020260105,CN,1,0.5,0,CU,10,AWG
7040,KSA2020260110,S0100-039X-0002,2020260110,CN,1,0.5,0,CU,10,AWG
7041,KSA2020260115,S0100-039X-0002,2020260115,CN,1,0.5,0,CU,10,AWG
7042,KSA2020260120,S0100-039X-0004,2020260120,CN,1,0.5,0,CU,10,AWG
7043,KSA2020260125,S0100-039X-0004,2020260125,CN,1,0.5,0,CU,10,AWG
7044,KSA2020260130,S0100-039X-0004,2020260130,CN,1,0.5,0,CU,10,AWG
7045,KSA2020260135,S0100-039X-0004,2020260135,CN,1,0.5,0,CU,10,AWG
7046,KSA2020260140,S0100-039X-0004,2020260140,CN,1,0.5,0,CU,10,AWG
7047,KSA2020260145,S0100-039X-004d,2020260145,CN,1,0.5,0,CU,10,AWG
7048,KSA2020260150,S0100-039X-004d,2020260150,CN,1,0.5,0,CU,10,AWG
7049,KSA2020260155,S0100-039X-004d,2020260155,CN,1,0.5,0,CU,10,AWG
7050,KSA2020260160,S0100-039X-004d,2020260160,CN,1,0.5,0,CU,10,AWG
7051,KSA2020260165,S0100-039X-004d,2020260165,CN,1,0.5,0,CU,10,AWG
7052,KSA2020260170,S0100-039X-004d,2020260170,CN,1,0.5,0,CU,10,AWG
7053,KSA2020260175,S0100-039X-004d,2020260175,CN,1,0.5,0,CU,10,AWG
7054,KSA2020260180,S0100-039X-0005,2020260180,CN,1,0.5,0,CU,10,AWG
7055,KSA2020260185,S0100-039X-0005,2020260185,CN,1,0.5,0,CU,10,AWG
7056,KSA2020260190,S0100-039X-0006,2020260190,CN,1,0.5,0,CU,10,AWG
7057,KSA2020260195,S0100-039X-0007,2020260195,CN,1,0.5,0,CU,10,AWG
7058,KSA2020260200,S0100-039X-0007,2020260200,CN,1,0.5,0,CU,10,AWG
7059,KSA2020260205,S0100-039X-0007,2020260205,CN,1,0.5,0,CU,10,AWG
7060,KSA2020260210,S0100-039X-0007,2020260210,CN,1,0.5,0,CU,10,AWG
7061,KSA2020260215,S0100-039X-0007,2020260215,CN,1,0.5,0,CU,10,AWG
7062,KSA2020260220,S0100-039X-0007,2020260220,CN,1,0.5,0,CU,10,AWG
7063,KSA2020260225,S0100-039X-0007,2020260225,CN,1,0.5,0,CU,10,AWG
7064,KSA2020260230,S0100-039X-006A,2020260230,CN,1,0.5,0,CU,10,AWG
7065,KSA2020260235,S0100-039X-006B,2020260235,CN,1,0.5,0,CU,10,AWG
7066,KSA2020260240,S0100-039X-006B,2020260240,CN,1,0.5,0,CU,10,AWG
7067,KSA2020260245,S0100-039X-006B,2020260245,CN,1,0.5,0,CU,10,AWG
7068,KSA2020260250,S0100-039X-006B,2020260250,CN,1,0.5,0,CU,10,AWG
7069,KSA2020260255,S0100-039X-006B,2020260255,CN,1,0.5,0,CU,10,AWG
7070,KSA2020260256,S0100-039X-006B,2020260256,CN,1,0.5,0,CU,10,AWG
7071,KSA2020270100,S0130-0098-0001,2020270100,BN,1,0.5,0,CU,10,AWG
7072,KSA2020270105,S0130-0098-0002,2020270105,BN,1,0.5,0,CU,10,AWG
7073,KSA2020270110,S0130-0098-0002,2020270110,BN,1,0.5,0,CU,10,AWG
7074,KSA2020270115,S0130-0098-0002,2020270115,BN,1,0.5,0,CU,10,AWG
7075,KSA2020270120,S0130-0098-0003,2020270120,BN,1,0.5,0,CU,10,AWG
7076,KSA2020270125,S0130-0098-0004,2020270125,BN,1,0.5,0,CU,10,AWG
7077,KSA2020270130,S0130-0098-0004,2020270130,BN,1,0.5,0,CU,10,AWG
7078,KSA2020270135,S0130-0098-0004,2020270135,BN,1,0.5,0,CU,10,AWG
7079,KSA2020270140,S0130-0098-0006,2020270140,BN,1,0.5,0,CU,10,AWG
7080,KSA2020270145,S0130-0098-0006,2020270145,BN,1,0.5,0,CU,10,AWG
7081,KSA2020270150,S0130-0098-0006,2020270150,BN,1,0.5,0,CU,10,AWG
7082,KSA2020270155,S0130-0098-0006,2020270155,BN,1,0.5,0,CU,10,AWG
7083,KSA2020270160,S0130-0098-0007,2020270160,BN,1,0.5,0,CU,10,AWG
7084,KSA2020270165,S0130-0098-0007,2020270165,BN,1,0.5,0,CU,10,AWG
7085,KSA2020270170,S0130-0098-0007,2020270170,BN,1,0.5,0,CU,10,AWG
7086,KSA2020270175,S0130-0098-0007,2020270175,BN,1,0.5,0,CU,10,AWG
7087,KSA2020270180,S0130-0098-0008,2020270180,BN,1,0.5,0,CU,10,AWG
7088,KSA2020270185,S0130-0098-0008,2020270185,BN,1,0.5,0,CU,10,AWG
7089,KSA2020270190,S0130-0098-0008,2020270190,BN,1,0.5,0,CU,10,AWG
7090,KSA2020270195,S0130-0098-0008,2020270195,BN,1,0.5,0,CU,10,AWG
7091,KSA2020270200,S0130-0098-0008,2020270200,BN,1,0.5,0,CU,10,AWG
7092,KSA2020270205,S0130-0098-0008,2020270205,BN,1,0.5,0,CU,10,AWG
7093,KSA2020270210,S0130-0098-0008,2020270210,BN,1,0.5,0,CU,10,AWG
7094,KSA2020270215,S0130-0098-0008,2020270215,BN,1,0.5,0,CU,10,AWG
7095,KSA2020270220,S0130-0098-0008,2020270220,BN,1,0.5,0,CU,10,AWG
7096,KSA2020270225,S0130-0098-0008,2020270225,BN,1,0.5,0,CU,10,AWG
7097,KSA2020270230,S0130-0098-0009,2020270230,BN,1,0.5,0,CU,10,AWG
7098,KSA2020270235,S0130-0098-0009,2020270235,BN,1,0.5,0,CU,10,AWG
7099,KSA2020270240,S0130-0098-0009,2020270240,BN,1,0.5,0,CU,10,AWG
7100,KSA2020270245,S0130-0098-0009,2020270245,BN,1,0.5,0,CU,10,AWG
7101,KSA2020270250,S0130-0098-0010,2020270250,BN,1,0.5,0,CU,10,AWG
7102,KSA2020270255,S0130-0098-0011,2020270255,BN,1,0.5,0,CU,10,AWG
7103,KSA2020270260,S0130-0098-0012,2020270260,BN,1,0.5,0,CU,10,AWG
7104,KSA2020270265,S0130-0098-0012,2020270265,BN,1,0.5,0,CU,10,AWG
7105,KSA2020270270,S0130-0098-0013,2020270270,BN,1,0.5,0,CU,10,AWG
7106,KSA2020270275,S0130-0098-0013,2020270275,BN,1,0.5,0,CU,10,AWG
7107,KSA2020270280,S0130-0098-0013,2020270280,BN,1,0.5,0,CU,10,AWG
7108,KSA2020270285,S0130-0098-0015,2020270285,BN,1,0.5,0,CU,10,AWG
7109,KSA2020270290,S0130-0098-0014,2020270290,BN,1,0.5,0,CU,10,AWG
7110,KSA2020270295,S0130-0098-0014,2020270295,BN,1,0.5,0,CU,10,AWG
7111,KSA2020270300,S0130-0098-0014,2020270300,BN,1,0.5,0,CU,10,AWG
7112,KSA2020270305,S0130-0098-0015,2020270305,BN,1,0.5,0,CU,10,AWG
7113,KSA2020270310,S0130-0098-0015,2020270310,BN,1,0.5,0,CU,10,AWG
7114,KSA2020270315,S0130-0098-0015,2020270315,BN,1,0.5,0,CU,10,AWG
7115,KSA2020270320,S0130-0098-0014,2020270320,BN,1,0.5,0,CU,10,AWG
7116,KSA2020270325,S0130-0098-0014,2020270325,BN,1,0.5,0,CU,10,AWG
7117,KSA2020270330,S0130-0098-0016,2020270330,BN,1,0.5,0,CU,10,AWG
7118,KSA2020270335,S0130-0098-0018,2020270335,BN,1,0.5,0,CU,10,AWG
7119,KSA2020270340,S0130-0098-0018,2020270340,BN,1,0.5,0,CU,10,AWG
7120,KSA2020270345,S0130-0098-0018,2020270345,BN,1,0.5,0,CU,10,AWG
7121,KSA2020270350,S0130-0098-0018,2020270350,BN,1,0.5,0,CU,10,AWG
7122,KSA2020270355,S0130-0098-0019,2020270355,BN,1,0.5,0,CU,10,AWG
7123,KSA2020270360,S0130-0098-0019,2020270360,BN,1,0.5,0,CU,10,AWG
7124,KSA2020270365,S0130-0098-0018,2020270365,BN,1,0.5,0,CU,10,AWG
7125,KSA2020270370,S0130-0098-0018,2020270370,BN,1,0.5,0,CU,10,AWG
7126,KSA2020270375,S0130-0098-0018,2020270375,BN,1,0.5,0,CU,10,AWG
7127,KSA2020270380,S0130-0098-0017,2020270380,BN,1,0.5,0,CU,10,AWG
7128,KSA2020270385,S0130-0098-0017,2020270385,BN,1,0.5,0,CU,10,AWG
7129,KSA2020270390,S0130-0098-0017,2020270390,BN,1,0.5,0,CU,10,AWG
7130,KSA2020270395,S0130-0098-0016,2020270395,BN,1,0.5,0,CU,10,AWG
7131,KSA2020270400,S0130-0098-0016,2020270400,BN,1,0.5,0,CU,10,AWG
7132,KSA2020270405,S0130-0098-0015,2020270405,BN,1,0.5,0,CU,10,AWG
7133,KSA2020270410,S0130-0098-0015,2020270410,BN,1,0.5,0,CU,10,AWG
7134,KSA2020270415,S0130-0098-0013,2020270415,BN,1,0.5,0,CU,10,AWG
7135,KSA2020270420,S0130-0098-0013,2020270420,BN,1,0.5,0,CU,10,AWG
7136,KSA2020270425,S0130-0098-0013,2020270425,BN,1,0.5,0,CU,10,AWG
7137,KSA2020270430,S0130-0098-0013,2020270430,BN,1,97.0,0,ACSR,2,AWG
7138,KSA2020270435,S0130-0098-0015,2020270435,BN,1,0.5,0,CU,10,AWG
7139,KSA2020270440,S0130-0098-0014,2020270440,BN,1,0.5,0,CU,10,AWG
7140,KSA2020270445,S0130-0098-0015,2020270445,BN,1,0.5,0,CU,10,AWG
7141,KSA2020270450,S0130-0098-0014,2020270450,BN,1,0.5,0,CU,10,AWG
7142,KSA2020270452,S0130-0098-0017,2020270452,BN,1,0.5,0,CU,10,AWG
7143,KSA2020270453,S0130-0098-0017,2020270453,BN,1,0.5,0,CU,10,AWG
7144,KSA2020270454,S0130-0098-0017,2020270454,BN,1,0.5,0,CU,10,AWG
7145,KSA2020270455,S0130-0098-0017,2020270455,BN,1,0.5,0,CU,10,AWG
7146,KSA2020270456,S0130-0098-0017,2020270456,BN,1,0.5,0,CU,10,AWG
7147,KSA2020270457,S0130-0098-0017,2020270457,BN,1,0.5,0,CU,10,AWG
7148,KSA2020270458,S0130-0098-0017,2020270458,BN,1,0.5,0,CU,10,AWG
7149,KSA2020270459,S0130-0098-0017,2020270459,BN,1,0.5,0,CU,10,AWG
7150,KSA2020270460,S0130-0098-0017,2020270460,BN,1,0.5,0,CU,10,AWG
7151,KSA2020270461,S0130-0098-0017,2020270461,BN,1,0.5,0,CU,10,AWG
7152,KSA2020270462,S0130-0098-0017,2020270462,BN,1,0.5,0,CU,10,AWG
7153,KSA2020270463,S0130-0098-0017,2020270463,BN,1,0.5,0,CU,10,AWG
7154,KSA2020270464,S0130-0098-0017,2020270464,BN,1,0.5,0,CU,10,AWG
7155,KSA2020270465,S0130-0098-0017,2020270465,BN,1,0.5,0,CU,10,AWG
7156,KSA2020270466,S0130-0098-0017,2020270466,BN,1,59.0,0,ACSR,2,AWG
7157,KSA2020270467,S0130-0098-0017,2020270467,BN,1,59.0,0,ACSR,2,AWG
7158,KSA2020270468,S0130-0098-0017,2020270468,BN,1,59.0,0,ACSR,2,AWG
7159,KSA2020270469,S0130-0098-0017,2020270469,BN,1,59.0,0,ACSR,2,AWG
7160,KSA2020270470,S0130-0098-0017,2020270470,BN,1,59.0,0,ACSR,2,AWG
7161,KSA2020270471,S0130-0098-0017,2020270471,BN,1,59.0,0,ACSR,2,AWG
7162,KSA2020270472,S0130-0098-0017,2020270472,BN,1,59.0,0,ACSR,2,AWG
7163,KSA2020270473,S0130-0098-0017,2020270473,BN,1,59.0,0,ACSR,2,AWG
7164,KSA2020280100,S0130-0098-0017,2020280100,BN,1,59.0,0,ACSR,2,AWG
7165,KSA2020280105,S0130-0098-0017,2020280105,BN,1,59.0,0,ACSR,2,AWG
7166,KSA2020280110,S0130-0098-0017,2020280110,BN,1,59.0,0,ACSR,2,AWG
7167,KSA2020280115,S0130-0098-0017,2020280115,BN,1,59.0,0,ACSR,2,AWG
7168,KSA2020280120,S0130-0098-0017,2020280120,BN,1,59.0,0,ACSR,2,AWG
7169,KSA2020280125,S0130-0098-0017,2020280125,BN,1,59.0,0,ACSR,2,AWG
7170,KSA2020280130,S0130-0098-0017,2020280130,BN,1,59.0,0,ACSR,2,AWG
7171,KSA2020280135,S0130-0098-0017,2020280135,BN,1,59.0,0,ACSR,2,AWG
7172,KSA2020280140,S0130-0098-0017,2020280140,BN,1,59.0,0,ACSR,2,AWG
7173,KSA2020280145,S0130-0098-0017,2020280145,BN,1,59.0,0,ACSR,2,AWG
7174,KSA2020280150,S0130-0098-0017,2020280150,BN,1,59.0,0,ACSR,2,AWG
7175,KSA2020280155,S0130-0098-0017,2020280155,BN,1,59.0,0,ACSR,2,AWG
7176,KSA2020280160,S0130-0098-0017,2020280160,BN,1,59.0,0,ACSR,2,AWG
7177,KSA2020280165,S0130-0098-0017,2020280165,BN,1,59.0,0,ACSR,2,AWG
7178,KSA2020280170,S0130-0098-0017,2020280170,BN,1,59.0,0,ACSR,2,AWG
7179,KSA2020280175,S0130-0098-0017,2020280175,BN,1,59.0,0,ACSR,2,AWG
7180,KSA2020280180,S0130-0098-0017,2020280180,BN,1,59.0,0,ACSR,2,AWG
7181,KSA2020280185,S0130-0098-0017,2020280185,BN,1,59.0,0,ACSR,2,AWG
7182,KSA2020280190,S0130-0098-0017,2020280190,BN,1,59.0,0,ACSR,2,AWG
7183,KSA2020280195,S0130-0098-0017,2020280195,BN,1,59.0,0,ACSR,2,AWG
7184,KSA2020280200,S0130-0098-0017,2020280200,BN,1,59.0,0,ACSR,2,AWG
7185,KSA2020280205,S0130-0098-0017,2020280205,BN,1,59.0,0,ACSR,2,AWG
7186,KSA2020280210,S0130-0098-0017,2020280210,BN,1,59.0,0,ACSR,2,AWG
7187,KSA2020280215,S0130-0098-0017,2020280215,BN,1,59.0,0,ACSR,2,AWG
7188,KSA2020280220,S0130-0098-0017,2020280220,BN,1,59.0,0,ACSR,2,AWG
7189,KSA2020280225,S0130-0098-0017,2020280225,BN,1,59.0,0,ACSR,2,AWG
7190,KSA2020280230,S0130-0098-0017,2020280230,BN,1,59.0,0,ACSR,2,AWG
7191,KSA2020280235,S0130-0098-0017,2020280235,BN,1,59.0,0,ACSR,2,AWG
7192,KSA2020280240,S0130-0098-0017,2020280240,BN,1,59.0,0,ACSR,2,AWG
7193,KSA2020280245,S0130-0098-0017,2020280245,BN,1,59.0,0,ACSR,2,AWG
7194,KSA2020280250,S0130-0098-0017,2020280250,BN,1,59.0,0,ACSR,2,AWG
7195,KSA2020280255,S0130-0098-0017,2020280255,BN,1,59.0,0,ACSR,2,AWG
7196,KSA2020280260,S0130-0098-0017,2020280260,BN,1,59.0,0,ACSR,2,AWG
7197,KSA2020280265,S0130-0098-0017,2020280265,BN,1,59.0,0,ACSR,2,AWG
7198,KSA2020280275,S0130-0098-0017,2020280275,BN,1,59.0,0,ACSR,2,AWG
7199,KSA2020280280,S0130-0098-0017,2020280280,BN,1,59.0,0,ACSR,2,AWG
7200,KSA2020280285,S0130-0098-0017,2020280285,BN,1,59.0,0,ACSR,2,AWG
7201,KSA2020280290,S0130-0098-0017,2020280290,BN,1,59.0,0,ACSR,2,AWG
7202,KSA2020280295,S0130-0098-0017,2020280295,BN,1,59.0,0,ACSR,2,AWG
7203,KSA2020280300,S0130-0098-0017,2020280300,BN,1,59.0,0,ACSR,2,AWG
7204,KSA2020280305,S0130-0098-0017,2020280305,BN,1,59.0,0,ACSR,2,AWG
7205,KSA2020280315,S0130-0098-0017,2020280315,BN,1,59.0,0,ACSR,2,AWG
7206,KSA2020280320,S0130-0098-0017,2020280320,BN,1,59.0,0,ACSR,2,AWG
7207,KSA2020280325,S0130-0098-0017,2020280325,BN,1,59.0,0,ACSR,2,AWG
7208,KSA2020280330,S0130-0098-0017,2020280330,BN,1,59.0,0,ACSR,2,AWG
7209,KSA2020280340,S0130-0098-0017,2020280340,BN,1,59.0,0,ACSR,2,AWG
7210,KSA2020280345,S0130-0098-0017,2020280345,BN,1,59.0,0,ACSR,2,AWG
7211,KSA2020280350,S0130-0098-0017,2020280350,BN,1,59.0,0,ACSR,2,AWG
7212,KSA2020280355,S0130-0098-0017,2020280355,BN,1,59.0,0,ACSR,2,AWG
7213,KSA2020280360,S0130-0098-0017,2020280360,BN,1,59.0,0,ACSR,2,AWG
7214,KSA2020280365,S0130-0098-0017,2020280365,BN,1,59.0,0,ACSR,2,AWG
7215,KSA2020280370,S0130-0098-0017,2020280370,BN,1,59.0,0,ACSR,2,AWG
7216,KSA2020280375,S0130-0098-0017,2020280375,BN,1,59.0,0,ACSR,2,AWG
7217,KSA2020280380,S0130-0098-0017,2020280380,BN,1,59.0,0,ACSR,2,AWG
7218,KSA2020280385,S0130-0098-0017,2020280385,BN,1,59.0,0,ACSR,2,AWG
7219,KSA2020280386,S0130-0098-0017,2020280386,BN,1,59.0,0,ACSR,2,AWG
7220,KSA2020280387,S0130-0098-0017,2020280387,BN,1,59.0,0,ACSR,2,AWG
7221,KSA2020280388,S0130-0098-0017,2020280388,BN,1,59.0,0,ACSR,2,AWG
7222,KSA2020280389,S0130-0098-0017,2020280389,BN,1,59.0,0,ACSR,2,AWG
7223,KSA2020280390,S0130-0098-0017,2020280390,BN,1,59.0,0,ACSR,2,AWG
7224,KSA2020280391,S0130-0098-0017,2020280391,BN,1,59.0,0,ACSR,2,AWG
7225,KSA2020280392,S0130-0098-0017,2020280392,BN,1,59.0,0,ACSR,2,AWG
7226,KSA2020280393,S0130-0098-0017,2020280393,BN,1,59.0,0,ACSR,2,AWG
7227,KSA2020280394,S0130-0098-0017,2020280394,BN,1,59.0,0,ACSR,2,AWG
7228,KSA2020280395,S0130-0098-0017,2020280395,BN,1,59.0,0,ACSR,2,AWG
7229,KSA2020280397,S0130-0098-0017,2020280397,BN,1,59.0,0,ACSR,2,AWG
7230,KSA2020280398,S0130-0098-0017,2020280398,BN,1,59.0,0,ACSR,2,AWG
7231,KSA2020280399,S0130-0098-0017,2020280399,BN,1,59.0,0,ACSR,2,AWG
7232,KSA2020280400,S0130-0098-0017,2020280400,BN,1,59.0,0,ACSR,2,AWG
7233,KSA2020280401,S0130-0098-0017,2020280401,BN,1,59.0,0,ACSR,2,AWG
7234,KSA2020280402,S0130-0098-0017,2020280402,BN,1,59.0,0,ACSR,2,AWG
7235,KSA2020280403,S0130-0098-0017,2020280403,BN,1,59.0,0,ACSR,2,AWG
7236,KSA2020280404,S0130-0098-0017,2020280404,BN,1,59.0,0,ACSR,2,AWG
7237,KSA2020280405,S0130-0098-0017,2020280405,BN,1,59.0,0,ACSR,2,AWG
7238,KSA2020280406,S0130-0098-0017,2020280406,BN,1,59.0,0,ACSR,2,AWG
7239,KSA2020280407,S0130-0098-0017,2020280407,BN,1,59.0,0,ACSR,2,AWG
7240,KSA2020280408,S0130-0098-0017,2020280408,BN,1,59.0,0,ACSR,2,AWG
7241,KSA2020280409,S0130-0098-0017,2020280409,BN,1,59.0,0,ACSR,2,AWG
7242,KSA2020280410,S0130-0098-0017,2020280410,BN,1,59.0,0,ACSR,2,AWG
7243,KSA2020290100,S0130-0098-0017,2020290100,BN,1,59.0,0,ACSR,2,AWG
7244,KSA2020290105,S0130-0098-0017,2020290105,BN,1,59.0,0,ACSR,2,AWG
7245,KSA2020290110,S0130-0098-0017,2020290110,BN,1,59.0,0,ACSR,2,AWG
7246,KSA2020290115,S0130-0098-0017,2020290115,BN,1,59.0,0,ACSR,2,AWG
7247,KSA2020290120,S0130-0098-0017,2020290120,BN,1,59.0,0,ACSR,2,AWG
7248,KSA2020290125,S0130-0098-0017,2020290125,BN,1,59.0,0,ACSR,2,AWG
7249,KSA2020290130,S0130-0098-0017,2020290130,BN,1,59.0,0,ACSR,2,AWG
7250,KSA2020290140,S0130-0098-0017,2020290140,BN,1,59.0,0,ACSR,2,AWG
7251,KSA2020290145,S0130-0098-0017,2020290145,BN,1,59.0,0,ACSR,2,AWG
7252,KSA2020290150,S0130-0098-0017,2020290150,BN,1,59.0,0,ACSR,2,AWG
7253,KSA2020290155,S0130-0098-0017,2020290155,BN,1,59.0,0,ACSR,2,AWG
7254,KSA2020290160,S0130-0098-0017,2020290160,BN,1,59.0,0,ACSR,2,AWG
7255,KSA2020290165,S0130-0098-0017,2020290165,BN,1,59.0,0,ACSR,2,AWG
7256,KSA2020290170,S0130-0098-0017,2020290170,BN,1,59.0,0,ACSR,2,AWG
7257,KSA2020290180,S0130-0098-0017,2020290180,BN,1,59.0,0,ACSR,2,AWG
7258,KSA2020290181,S0130-0098-0017,2020290181,BN,1,59.0,0,ACSR,2,AWG
7259,KSA2020290182,S0130-0098-0017,2020290182,BN,1,59.0,0,ACSR,2,AWG
7260,KSA2020290183,S0130-0098-0017,2020290183,BN,1,59.0,0,ACSR,2,AWG
7261,KSA2020290184,S0130-0098-0017,2020290184,BN,1,59.0,0,ACSR,2,AWG
7262,KSA2020290185,S0130-0098-0017,2020290185,BN,1,59.0,0,ACSR,2,AWG
7263,KSA2020290186,S0130-0098-0017,2020290186,BN,1,59.0,0,ACSR,2,AWG
7264,KSA2020290187,S0130-0098-0017,2020290187,BN,1,59.0,0,ACSR,2,AWG
7265,KSA2020300100,S100-71-03-0001,2020300100,CN,1,0.5,0,CU,10,AWG
7266,KSA2020300110,S100-71-03-0001,2020300110,CN,1,0.5,0,CU,10,AWG
7267,KSA2020300115,S100-71-03-0001,2020300115,CN,1,0.5,0,CU,10,AWG
7268,KSA2020300120,S100-71-03-0002,2020300120,CN,1,0.5,0,CU,10,AWG
7269,KSA2020300130,S100-71-03-0002,2020300130,CN,1,0.5,0,CU,10,AWG
7270,KSA2020300140,S100-71-03-0002,2020300140,CN,1,0.5,0,CU,10,AWG
7271,KSA2020300145,S100-71-03-0003,2020300145,CN,1,0.5,0,CU,10,AWG
7272,KSA2020300150,S100-71-03-0003,2020300150,CN,1,0.5,0,CU,10,AWG
7273,KSA2020300155,S100-71-03-0003,2020300155,CN,1,0.5,0,CU,10,AWG
7274,KSA2020300160,S100-71-03-0003,2020300160,CN,1,0.5,0,CU,10,AWG
7275,KSA2020300165,S100-71-03-0003,2020300165,CN,1,0.5,0,CU,10,AWG
7276,KSA2020300170,S100-71-03-0004,2020300170,CN,1,0.5,0,CU,10,AWG
7277,KSA2020300175,S100-71-03-0004,2020300175,CN,1,0.5,0,CU,10,AWG
7278,KSA2020300180,S100-71-03-0005,2020300180,CN,1,0.5,0,CU,10,AWG
7279,KSA2020300185,S100-71-03-0004,2020300185,CN,1,0.5,0,CU,10,AWG
7280,KSA2020300190,S100-71-03-0006,2020300190,CN,1,0.5,0,CU,10,AWG
7281,KSA2020300195,S100-71-03-0006,2020300195,CN,1,0.5,0,CU,10,AWG
7282,KSA2020300200,S100-71-03-0006,2020300200,CN,1,0.5,0,CU,10,AWG
7283,KSA2020300205,S100-71-03-0006,2020300205,CN,1,0.5,0,CU,10,AWG
7284,KSA2020300210,S100-71-03-005a,2020300210,CN,1,0.5,0,CU,10,AWG
7285,KSA2020300215,S100-71-03-005a,2020300215,CN,1,0.5,0,CU,10,AWG
7286,KSA2020300220,S100-71-03-005a,2020300220,CN,1,0.5,0,CU,10,AWG
7287,KSA2020300225,S100-71-03-005a,2020300225,CN,1,0.5,0,CU,10,AWG
7288,KSA2020300230,S100-71-03-005a,2020300230,CN,1,0.5,0,CU,10,AWG
7289,KSA2020300235,S100-71-03-005a,2020300235,CN,1,0.5,0,CU,10,AWG
7290,KSA2020300245,S100-71-03-0006,2020300245,CN,1,0.5,0,CU,10,AWG
7291,KSA2020300250,S100-71-03-0001,2020300250,CN,1,0.5,0,CU,10,AWG
7292,KSA2020300255,S100-71-03-0004,2020300255,CN,1,0.5,0,CU,10,AWG
7293,KSA2020300256,S100-71-03-0002,2020300256,CN,1,0.5,0,CU,10,AWG
7294,KSA2020300257,S100-71-03-0002,2020300257,CN,1,73.0,0,ACSR,2,AWG
7295,KSA2020300258,S100-71-03-0002,2020300258,CN,1,73.0,0,ACSR,2,AWG
7296,KSA2020310100,S100-71-03-0002,2020310100,CN,1,73.0,0,ACSR,2,AWG
7297,KSA2020310105,S100-71-03-0002,2020310105,CN,1,73.0,0,ACSR,2,AWG
7298,KSA2020310110,S100-71-03-0002,2020310110,CN,1,73.0,0,ACSR,2,AWG
7299,KSA2020310115,S100-71-03-0002,2020310115,CN,1,73.0,0,ACSR,2,AWG
7300,KSA2020310120,S100-71-03-0002,2020310120,CN,1,73.0,0,ACSR,2,AWG
7301,KSA2020310125,S100-71-03-0002,2020310125,CN,1,73.0,0,ACSR,2,AWG
7302,KSA2020310130,S100-71-03-0002,2020310130,CN,1,73.0,0,ACSR,2,AWG
7303,KSA2020310135,S100-71-03-0002,2020310135,CN,1,73.0,0,ACSR,2,AWG
7304,KSA2020310140,S100-71-03-0002,2020310140,CN,1,73.0,0,ACSR,2,AWG
7305,KSA2020310145,S100-71-03-0002,2020310145,CN,1,73.0,0,ACSR,2,AWG
7306,KSA2020310150,S100-71-03-0002,2020310150,CN,1,73.0,0,ACSR,2,AWG
7307,KSA2020310155,S100-71-03-0002,2020310155,CN,1,73.0,0,ACSR,2,AWG
7308,KSA2020310160,S100-71-03-0002,2020310160,CN,1,73.0,0,ACSR,2,AWG
7309,KSA2020310165,S100-71-03-0002,2020310165,CN,1,73.0,0,ACSR,2,AWG
7310,KSA2020310170,S100-71-03-0002,2020310170,CN,1,73.0,0,ACSR,2,AWG
7311,KSA2020310175,S100-71-03-0002,2020310175,CN,1,73.0,0,ACSR,2,AWG
7312,KSA2020310180,S100-71-03-0002,2020310180,CN,1,73.0,0,ACSR,2,AWG
7313,KSA2020310185,S100-71-03-0002,2020310185,CN,1,73.0,0,ACSR,2,AWG
7314,KSA2020310190,S100-71-03-0002,2020310190,CN,1,73.0,0,ACSR,2,AWG
7315,KSA2020310195,S100-71-03-0002,2020310195,CN,1,73.0,0,ACSR,2,AWG
7316,KSA2020310200,S100-71-03-0002,2020310200,CN,1,73.0,0,ACSR,2,AWG
7317,KSA2020310205,S100-71-03-0002,2020310205,CN,1,73.0,0,ACSR,2,AWG
7318,KSA2020310210,S100-71-03-0002,2020310210,CN,1,73.0,0,ACSR,2,AWG
7319,KSA2020310215,S100-71-03-0002,2020310215,CN,1,73.0,0,ACSR,2,AWG
7320,KSA2020310220,S100-71-03-0002,2020310220,CN,1,73.0,0,ACSR,2,AWG
7321,KSA2020310225,S100-71-03-0002,2020310225,CN,1,73.0,0,ACSR,2,AWG
7322,KSA2020310230,S100-71-03-0002,2020310230,CN,1,73.0,0,ACSR,2,AWG
7323,KSA2020310235,S100-71-03-0002,2020310235,CN,1,73.0,0,ACSR,2,AWG
7324,KSA2020310240,S100-71-03-0002,2020310240,CN,1,73.0,0,ACSR,2,AWG
7325,KSA2020310245,S100-71-03-0002,2020310245,CN,1,73.0,0,ACSR,2,AWG
7326,KSA2020310250,S100-71-03-0002,2020310250,CN,1,73.0,0,ACSR,2,AWG
7327,KSA2020310255,S100-71-03-0002,2020310255,CN,1,73.0,0,ACSR,2,AWG
7328,KSA2020310260,S100-71-03-0002,2020310260,CN,1,73.0,0,ACSR,2,AWG
7329,KSA2020310265,S100-71-03-0002,2020310265,CN,1,73.0,0,ACSR,2,AWG
7330,KSA2020310270,S100-71-03-0002,2020310270,CN,1,73.0,0,ACSR,2,AWG
7331,KSA2020310275,S100-71-03-0002,2020310275,CN,1,73.0,0,ACSR,2,AWG
7332,KSA2020310280,S100-71-03-0002,2020310280,CN,1,73.0,0,ACSR,2,AWG
7333,KSA2020310285,S100-71-03-0002,2020310285,CN,1,73.0,0,ACSR,2,AWG
7334,KSA2020310295,S100-71-03-0002,2020310295,CN,1,73.0,0,ACSR,2,AWG
7335,KSA2020310300,S100-71-03-0002,2020310300,CN,1,73.0,0,ACSR,2,AWG
7336,KSA2020310305,S100-71-03-0002,2020310305,CN,1,73.0,0,ACSR,2,AWG
7337,KSA2020310310,S100-71-03-0002,2020310310,CN,1,73.0,0,ACSR,2,AWG
7338,KSA2020310315,S100-71-03-0002,2020310315,CN,1,73.0,0,ACSR,2,AWG
7339,KSA2020310320,S100-71-03-0002,2020310320,CN,1,73.0,0,ACSR,2,AWG
7340,KSA2020310325,S100-71-03-0002,2020310325,CN,1,73.0,0,ACSR,2,AWG
7341,KSA2020310330,S100-71-03-0002,2020310330,CN,1,73.0,0,ACSR,2,AWG
7342,KSA2020310335,S100-71-03-0002,2020310335,CN,1,73.0,0,ACSR,2,AWG
7343,KSA2020310340,S100-71-03-0002,2020310340,CN,1,73.0,0,ACSR,2,AWG
7344,KSA2020310345,S100-71-03-0002,2020310345,CN,1,73.0,0,ACSR,2,AWG
7345,KSA2020310350,S100-71-03-0002,2020310350,CN,1,73.0,0,ACSR,2,AWG
7346,KSA2020310355,S100-71-03-0002,2020310355,CN,1,73.0,0,ACSR,2,AWG
7347,KSA2020310360,S100-71-03-0002,2020310360,CN,1,73.0,0,ACSR,2,AWG
7348,KSA2020310365,S100-71-03-0002,2020310365,CN,1,73.0,0,ACSR,2,AWG
7349,KSA2020310370,S130-31-04-004b,2020310370,AN,1,0.5,0,CU,10,AWG
7350,KSA2020310375,S130-31-04-004b,2020310375,AN,2,77.0,0,ACSR,2,AWG
7351,KSA2020310380,S130-31-04-004b,2020310380,AN,2,77.0,0,ACSR,2,AWG
7352,KSA2020310385,S130-31-04-004b,2020310385,AN,2,77.0,0,ACSR,2,AWG
7353,KSA2020310390,S130-31-04-004b,2020310390,AN,2,77.0,0,ACSR,2,AWG
7354,KSA2020310395,S130-31-04-004b,2020310395,AN,2,77.0,0,ACSR,2,AWG
7355,KSA2020310400,S130-31-04-004b,2020310400,AN,2,77.0,0,ACSR,2,AWG
7356,KSA2020310405,S130-31-04-004b,2020310405,AN,2,77.0,0,ACSR,2,AWG
7357,KSA2020310410,S130-31-04-004b,2020310410,AN,2,77.0,0,ACSR,2,AWG
7358,KSA2020310415,S130-31-04-004b,2020310415,AN,2,77.0,0,ACSR,2,AWG
7359,KSA2020310420,S130-31-04-004b,2020310420,AN,2,77.0,0,ACSR,2,AWG
7360,KSA2020310425,S130-31-04-004b,2020310425,AN,2,77.0,0,ACSR,2,AWG
7361,KSA2020310430,S130-31-04-004b,2020310430,AN,2,77.0,0,ACSR,2,AWG
7362,KSA2020310435,S130-31-04-004b,2020310435,AN,2,77.0,0,ACSR,2,AWG
7363,KSA2020310440,S130-31-04-004b,2020310440,AN,2,77.0,0,ACSR,2,AWG
7364,KSA2020310445,S130-31-04-004b,2020310445,AN,2,77.0,0,ACSR,2,AWG
7365,KSA2020310460,S130-31-04-004b,2020310460,AN,2,77.0,0,ACSR,2,AWG
7366,KSA2020310465,S130-31-04-004b,2020310465,AN,2,77.0,0,ACSR,2,AWG
7367,KSA2020310470,S130-31-04-004b,2020310470,AN,2,77.0,0,ACSR,2,AWG
7368,KSA2020310475,S130-31-04-004b,2020310475,AN,2,77.0,0,ACSR,2,AWG
7369,KSA2020310480,S130-31-04-004b,2020310480,AN,2,77.0,0,ACSR,2,AWG
7370,KSA2020310485,S130-31-04-004b,2020310485,AN,2,77.0,0,ACSR,2,AWG
7371,KSA2020310490,S130-31-04-004b,2020310490,AN,2,77.0,0,ACSR,2,AWG
7372,KSA2020310495,S130-31-04-004b,2020310495,AN,2,77.0,0,ACSR,2,AWG
7373,KSA2020310500,S130-31-04-004b,2020310500,AN,2,77.0,0,ACSR,2,AWG
7374,KSA2020310505,S130-31-04-004b,2020310505,AN,2,77.0,0,ACSR,2,AWG
7375,KSA2020310510,S130-31-04-004b,2020310510,AN,2,77.0,0,ACSR,2,AWG
7376,KSA2020310515,S130-31-04-004b,2020310515,AN,2,77.0,0,ACSR,2,AWG
7377,KSA2020310520,S130-31-04-004b,2020310520,AN,2,77.0,0,ACSR,2,AWG
7378,KSA2020310525,S130-31-04-004b,2020310525,AN,2,77.0,0,ACSR,2,AWG
7379,KSA2020310530,S130-31-04-004b,2020310530,AN,2,77.0,0,ACSR,2,AWG
7380,KSA2020310535,S130-31-04-004b,2020310535,AN,2,77.0,0,ACSR,2,AWG
7381,KSA2020310540,S130-31-04-004b,2020310540,AN,2,77.0,0,ACSR,2,AWG
7382,KSA2020310551,S130-31-04-004b,2020310551,AN,2,77.0,0,ACSR,2,AWG
7383,KSA2020310552,S130-31-04-004b,2020310552,AN,2,77.0,0,ACSR,2,AWG
7384,KSA2020310553,S130-31-04-004b,2020310553,AN,2,77.0,0,ACSR,2,AWG
7385,KSA2020310554,S130-31-04-004b,2020310554,AN,2,77.0,0,ACSR,2,AWG
7386,KSA2020310555,S130-31-04-004b,2020310555,AN,2,77.0,0,ACSR,2,AWG
7387,KSA2020310556,S130-31-04-004b,2020310556,AN,2,77.0,0,ACSR,2,AWG
7388,KSA2020310557,S130-31-04-004b,2020310557,AN,2,77.0,0,ACSR,2,AWG
7389,KSA2020310559,S130-31-04-004b,2020310559,AN,2,77.0,0,ACSR,2,AWG
7390,KSA2020310561,S130-31-04-004b,2020310561,AN,2,77.0,0,ACSR,2,AWG
7391,KSA2020310562,S130-31-04-004b,2020310562,AN,2,77.0,0,ACSR,2,AWG
7392,KSA2020310563,S130-31-04-004b,2020310563,AN,2,77.0,0,ACSR,2,AWG
7393,KSA2020310564,S130-31-04-004b,2020310564,AN,2,77.0,0,ACSR,2,AWG
7394,KSA2020310565,S130-31-04-004b,2020310565,AN,2,77.0,0,ACSR,2,AWG
7395,KSA2020310566,S130-31-04-004b,2020310566,AN,2,77.0,0,ACSR,2,AWG
7396,KSA2020310567,S130-31-04-004b,2020310567,AN,2,77.0,0,ACSR,2,AWG
7397,KSA2020310568,S130-31-04-004b,2020310568,AN,2,77.0,0,ACSR,2,AWG
7398,KSA2020310569,S130-31-04-004b,2020310569,AN,2,77.0,0,ACSR,2,AWG
7399,KSA2020310570,S130-31-04-004b,2020310570,AN,2,77.0,0,ACSR,2,AWG
7400,KSA2020310571,S130-31-04-004b,2020310571,AN,2,77.0,0,ACSR,2,AWG
7401,KSA2020310572,S130-31-04-004b,2020310572,AN,2,77.0,0,ACSR,2,AWG
7402,KSA2020320100,S0100-0028-0012,2020320100,CN,1,0.5,0,CU,10,AWG
7403,KSA2020320105,S0100-0028-012D,2020320105,CN,1,0.5,0,CU,10,AWG
7404,KSA2020320110,S0100-0028-012E,2020320110,CN,1,0.5,0,CU,10,AWG
7405,KSA2020320115,S0100-0028-0012,2020320115,CN,1,0.5,0,CU,10,AWG
7406,KSA2020320120,S0100-0028-0012,2020320120,CN,1,0.5,0,CU,10,AWG
7407,KSA2020320125,S0100-0028-0012,2020320125,CN,1,0.5,0,CU,10,AWG
7408,KSA2020320135,S0100-0028-0012,2020320135,CN,1,0.5,0,CU,10,AWG
7409,KSA2020320140,S0100-0028-012D,2020320140,CN,1,0.5,0,CU,10,AWG
7410,KSA2020320145,S0100-0028-012D,2020320145,CN,1,0.5,0,CU,10,AWG
7411,KSA2020320146,S0100-0028-012D,2020320146,CN,2,65.0,0,ACSR,2,AWG
7412,KSA2020330100,S0072-0007-0002,2020330100,AN,1,0.5,0,CU,10,AWG
7413,KSA2020330110,S0072-0007-0003,2020330110,AN,1,0.5,0,CU,10,AWG
7414,KSA2020330120,S0072-0007-0003,2020330120,AN,1,0.5,0,CU,10,AWG
7415,KSA2020330130,S0072-0007-0003,2020330130,AN,1,0.5,0,CU,10,AWG
7416,KSA2020330150,S0072-0007-0004,2020330150,AN,1,0.5,0,CU,10,AWG
7417,KSA2020330160,S0072-0007-0004,2020330160,AN,1,0.5,0,CU,10,AWG
7418,KSA2020330165,S0072-0007-0004,2020330165,AN,1,0.5,0,CU,10,AWG
7419,KSA2020330170,S0072-0007-0004,2020330170,AN,1,0.5,0,CU,10,AWG
7420,KSA2020330175,S0072-0007-0004,2020330175,AN,1,0.5,0,CU,10,AWG
7421,KSA2020330180,S0072-0007-0001,2020330180,AN,1,0.5,0,CU,10,AWG
7422,KSA2020330187,S0072-0007-0004,2020330187,AN,1,0.5,0,CU,10,AWG
7423,KSA2020330188,S0072-0007-0003,2020330188,AN,1,0.5,0,CU,10,AWG
7424,KSA2020340100,S0044-0029-0001,2020340100,AN,1,0.5,0,CU,10,AWG
7425,KSA2020340105,S0044-0029-0003,2020340105,AN,1,0.5,0,CU,10,AWG
7426,KSA2020340110,S0044-0029-0006,2020340110,AN,1,0.5,0,CU,10,AWG
7427,KSA2020340115,S0044-0029-0007,2020340115,AN,1,0.5,0,CU,10,AWG
7428,KSA2020340120,S0044-0029-0009,2020340120,AN,1,0.5,0,CU,10,AWG
7429,KSA2020340125,S0044-0029-0009,2020340125,AN,1,0.5,0,CU,10,AWG
7430,KSA2020340130,S0044-0029-0009,2020340130,AN,1,0.5,0,CU,10,AWG
7431,KSA2020340135,S0044-0029-0010,2020340135,AN,1,0.5,0,CU,10,AWG
7432,KSA2020340140,S0044-0029-0010,2020340140,AN,1,0.5,0,CU,10,AWG
7433,KSA2020340145,S0044-0029-0010,2020340145,AN,1,0.5,0,CU,10,AWG
7434,KSA2020340150,S0044-0029-0010,2020340150,AN,1,0.5,0,CU,10,AWG
7435,KSA2020340155,S0044-0029-0011,2020340155,AN,1,0.5,0,CU,10,AWG
7436,KSA2020340160,S0044-0029-0013,2020340160,AN,1,0.5,0,CU,10,AWG
7437,KSA2020340165,S0044-0029-0013,2020340165,AN,1,0.5,0,CU,10,AWG
7438,KSA2020340170,S0044-0029-0014,2020340170,AN,1,0.5,0,CU,10,AWG
7439,KSA2020340175,S0044-0029-0014,2020340175,AN,1,0.5,0,CU,10,AWG
7440,KSA2020340180,S0044-0029-0014,2020340180,AN,1,0.5,0,CU,10,AWG
7441,KSA2020340185,S0044-0029-0015,2020340185,AN,1,0.5,0,CU,10,AWG
7442,KSA2020340190,S0044-0029-0016,2020340190,AN,1,0.5,0,CU,10,AWG
7443,KSA2020340195,S0044-0029-0016,2020340195,AN,1,0.5,0,CU,10,AWG
7444,KSA2020340200,S0044-0029-0016,2020340200,AN,1,0.5,0,CU,10,AWG
7445,KSA2020340205,S0044-0029-0016,2020340205,AN,1,0.5,0,CU,10,AWG
7446,KSA2020340210,S0044-0029-0016,2020340210,AN,1,0.5,0,CU,10,AWG
7447,KSA2020340215,S0044-0029-0017,2020340215,AN,1,0.5,0,CU,10,AWG
7448,KSA2020340220,S0044-0029-0018,2020340220,AN,1,0.5,0,CU,10,AWG
7449,KSA2020340225,S0044-0029-0018,2020340225,AN,1,0.5,0,CU,10,AWG
7450,KSA2020340230,S0044-0029-019B,2020340230,AN,1,0.5,0,CU,10,AWG
7451,KSA2020340235,S0044-0029-019A,2020340235,AN,1,0.5,0,CU,10,AWG
7452,KSA2020340245,S0044-0029-0019,2020340245,AN,1,0.5,0,CU,10,AWG
7453,KSA2020340250,S0044-0029-0019,2020340250,AN,1,0.5,0,CU,10,AWG
7454,KSA2020340255,S0044-0029-0019,2020340255,AN,1,0.5,0,CU,10,AWG
7455,KSA2020340260,S0044-0029-0019,2020340260,AN,1,0.5,0,CU,10,AWG
7456,KSA2020340265,S0044-0029-0020,2020340265,AN,1,0.5,0,CU,10,AWG
7457,KSA2020340270,S0044-0029-0020,2020340270,AN,1,0.5,0,CU,10,AWG
7458,KSA2020340275,S0044-0029-0020,2020340275,AN,1,0.5,0,CU,10,AWG
7459,KSA2020340280,S0044-0029-0020,2020340280,AN,1,0.5,0,CU,10,AWG
7460,KSA2020340285,S0044-0029-0021,2020340285,AN,1,0.5,0,CU,10,AWG
7461,KSA2020340290,S0044-0029-0021,2020340290,AN,1,0.5,0,CU,10,AWG
7462,KSA2020340295,S0044-0029-0021,2020340295,AN,1,0.5,0,CU,10,AWG
7463,KSA2020340300,S0044-0029-0022,2020340300,AN,1,0.5,0,CU,10,AWG
7464,KSA2020340305,S0044-0029-0022,2020340305,AN,1,0.5,0,CU,10,AWG
7465,KSA2020340310,S0044-0029-0022,2020340310,AN,1,0.5,0,CU,10,AWG
7466,KSA2020340315,S0044-0029-0022,2020340315,AN,1,0.5,0,CU,10,AWG
7467,KSA2020340320,S0044-0029-0023,2020340320,AN,1,0.5,0,CU,10,AWG
7468,KSA2020340325,S0044-0029-0023,2020340325,AN,1,0.5,0,CU,10,AWG
7469,KSA2020340330,S0044-0029-0023,2020340330,AN,1,0.5,0,CU,10,AWG
7470,KSA2020340335,S0044-0029-0023,2020340335,AN,1,0.5,0,CU,10,AWG
7471,KSA2020340340,S0044-0029-0023,2020340340,AN,1,0.5,0,CU,10,AWG
7472,KSA2020340345,S0044-0029-0023,2020340345,AN,1,0.5,0,CU,10,AWG
7473,KSA2020340350,S0044-0029-0023,2020340350,AN,1,0.5,0,CU,10,AWG
7474,KSA2020340355,S0044-0029-0023,2020340355,AN,1,0.5,0,CU,10,AWG
7475,KSA2020340360,S0044-0029-0023,2020340360,AN,1,0.5,0,CU,10,AWG
7476,KSA2020340365,S0044-0029-0024,2020340365,AN,1,0.5,0,CU,10,AWG
7477,KSA2020340370,S0044-0029-0024,2020340370,AN,1,0.5,0,CU,10,AWG
7478,KSA2020340375,S0044-0029-0024,2020340375,AN,1,0.5,0,CU,10,AWG
7479,KSA2020340380,S0044-0029-0024,2020340380,AN,1,0.5,0,CU,10,AWG
7480,KSA2020340385,S0044-0029-0025,2020340385,AN,1,0.5,0,CU,10,AWG
7481,KSA2020340390,S0044-0029-0025,2020340390,AN,1,0.5,0,CU,10,AWG
7482,KSA2020340395,S0044-0029-0025,2020340395,AN,1,0.5,0,CU,10,AWG
7483,KSA2020340400,S0044-0029-0026,2020340400,AN,1,0.5,0,CU,10,AWG
7484,KSA2020340405,S0044-0029-0026,2020340405,AN,1,0.5,0,CU,10,AWG
7485,KSA2020340410,S0044-0029-0026,2020340410,AN,1,0.5,0,CU,10,AWG
7486,KSA2020340420,S0044-0029-0028,2020340420,AN,1,0.5,0,CU,10,AWG
7487,KSA2020340425,S0044-0029-0027,2020340425,AN,1,0.5,0,CU,10,AWG
7488,KSA2020340435,S0044-0029-0028,2020340435,AN,1,0.5,0,CU,10,AWG
7489,KSA2020340440,S0044-0029-0030,2020340440,AN,1,0.5,0,CU,10,AWG
7490,KSA2020340445,S0044-0029-0030,2020340445,AN,1,0.5,0,CU,10,AWG
7491,KSA2020340450,S0044-0029-0030,2020340450,AN,1,0.5,0,CU,10,AWG
7492,KSA2020340455,S0044-0029-0030,2020340455,AN,1,0.5,0,CU,10,AWG
7493,KSA2020340460,S0044-0029-0031,2020340460,AN,1,0.5,0,CU,10,AWG
7494,KSA2020340465,S0044-0029-0031,2020340465,AN,1,0.5,0,CU,10,AWG
7495,KSA2020340470,S0044-0029-0031,2020340470,AN,1,0.5,0,CU,10,AWG
7496,KSA2020340475,S0044-0029-0037,2020340475,AN,1,0.5,0,CU,10,AWG
7497,KSA2020340480,S0044-0029-0039,2020340480,AN,1,0.5,0,CU,10,AWG
7498,KSA2020340500,S0044-0029-0040,2020340500,AN,1,0.5,0,CU,10,AWG
7499,KSA2020340505,S0044-0029-0041,2020340505,AN,1,0.5,0,CU,10,AWG
7500,KSA2020340510,S0044-0029-0040,2020340510,AN,1,0.5,0,CU,10,AWG
7501,KSA2020340515,S0044-0029-0041,2020340515,AN,1,0.5,0,CU,10,AWG
7502,KSA2020340520,S0044-0029-0041,2020340520,AN,1,0.5,0,CU,10,AWG
7503,KSA2020340525,S0044-0029-0041,2020340525,AN,1,0.5,0,CU,10,AWG
7504,KSA2020340540,S0044-0029-019B,2020340540,AN,1,0.5,0,CU,10,AWG
7505,KSA2020340545,S0044-0029-019A,2020340545,AN,1,0.5,0,CU,10,AWG
7506,KSA2020340555,S0044-0029-0024,2020340555,AN,1,0.5,0,CU,10,AWG
7507,KSA2020340560,S0044-0029-0009,2020340560,AN,1,0.5,0,CU,10,AWG
7508,KSA2020340565,S0044-0029-0010,2020340565,AN,1,0.5,0,CU,10,AWG
7509,KSA2020340570,S0044-0029-019A,2020340570,AN,1,0.5,0,CU,10,AWG
7510,KSA2020340575,S0044-0029-0021,2020340575,AN,1,0.5,0,CU,10,AWG
7511,KSA2020340580,S0044-0029-0007,2020340580,AN,1,0.5,0,CU,10,AWG
7512,KSA2020340585,S0044-0029-0019,2020340585,AN,1,0.5,0,CU,10,AWG
7513,KSA2020340590,S0044-0029-0020,2020340590,AN,1,0.5,0,CU,10,AWG
7514,KSA2020340595,S0044-0029-0022,2020340595,AN,1,0.5,0,CU,10,AWG
7515,KSA2020340605,S0044-0029-0021,2020340605,AN,1,0.5,0,CU,10,AWG
7516,KSA2020340610,S0044-0029-0030,2020340610,AN,1,0.5,0,CU,10,AWG
7517,KSA2020340615,S0044-0029-0015,2020340615,AN,1,0.5,0,CU,10,AWG
7518,KSA2020340620,S0044-0029-0041,2020340620,AN,1,0.5,0,CU,10,AWG
7519,KSA2020340625,S0044-0029-0006,2020340625,AN,1,0.5,0,CU,10,AWG
7520,KSA2020340630,S0044-0029-0016,2020340630,AN,1,0.5,0,CU,10,AWG
7521,KSA2020340635,S0044-0029-0019,2020340635,AN,1,0.5,0,CU,10,AWG
7522,KSA2020340640,S0044-0029-0018,2020340640,AN,1,0.5,0,CU,10,AWG
7523,KSA2020340645,S0044-0029-0018,2020340645,AN,1,0.5,0,CU,10,AWG
7524,KSA2020340650,S0044-0029-0018,2020340650,AN,1,0.5,0,CU,10,AWG
7525,KSA2020340655,S0044-0029-0021,2020340655,AN,1,0.5,0,CU,10,AWG
7526,KSA2020340660,S0044-0029-0022,2020340660,AN,1,0.5,0,CU,10,AWG
7527,KSA2020340665,S0044-0029-0024,2020340665,AN,1,0.5,0,CU,10,AWG
7528,KSA2020340670,S0044-0029-0024,2020340670,AN,1,0.5,0,CU,10,AWG
7529,KSA2020340675,S0044-0029-0025,2020340675,AN,1,0.5,0,CU,10,AWG
7530,KSA2020340680,S0044-0029-0030,2020340680,AN,1,0.5,0,CU,10,AWG
7531,KSA2020340685,S0044-0029-0040,2020340685,AN,1,0.5,0,CU,10,AWG
7532,KSA2020340690,S0044-0029-0041,2020340690,AN,1,0.5,0,CU,10,AWG
7533,KSA2020340701,S0044-0029-0019,2020340701,AN,1,0.5,0,CU,10,AWG
7534,KSA2020340702,S0044-0029-0027,2020340702,AN,1,0.5,0,CU,10,AWG
7535,KSA2020340703,S0044-0029-0009,2020340703,AN,1,0.5,0,CU,10,AWG
7536,KSA2020340704,S0044-0029-0020,2020340704,AN,1,0.5,0,CU,10,AWG
7537,KSA2020340705,S0044-0029-0015,2020340705,AN,1,0.5,0,CU,10,AWG
7538,KSA2020340706,S0044-0029-0015,2020340706,AN,1,0.5,0,CU,10,AWG
7539,KSA2020340707,S0044-0029-0015,2020340707,AN,1,0.5,0,CU,10,AWG
7540,KSA2020340710,S0044-0029-0015,2020340710,AN,1,0.5,0,CU,10,AWG
7541,KSA2020340711,S0044-0029-0015,2020340711,AN,1,60.0,0,ACSR,2,AWG
7542,KSA2020340712,S0044-0029-0015,2020340712,AN,1,0.5,0,CU,10,AWG
7543,KSA2020340713,S0044-0029-0015,2020340713,AN,1,0.5,0,CU,10,AWG
7544,KSA2020340714,S0044-0029-0015,2020340714,AN,1,0.5,0,CU,10,AWG
7545,KSA2020340715,S0044-0029-0015,2020340715,AN,1,0.5,0,CU,10,AWG
7546,KSA2020340716,S0044-0029-0015,2020340716,AN,1,0.5,0,CU,10,AWG
7547,KSA2020340717,S0044-0029-0015,2020340717,AN,1,60.0,0,ACSR,2,AWG
7548,KSA2020340718,S0044-0029-0015,2020340718,AN,1,60.0,0,ACSR,2,AWG
7549,KSA2020340719,S0044-0029-0015,2020340719,AN,1,60.0,0,ACSR,2,AWG
7550,KSA2020340720,S0044-0029-0015,2020340720,AN,1,60.0,0,ACSR,2,AWG
7551,KSA2020340721,S0044-0029-0015,2020340721,AN,1,60.0,0,ACSR,2,AWG
7552,KSA2020340722,S0044-0029-0015,2020340722,AN,1,60.0,0,ACSR,2,AWG
7553,KSA2020340723,S0044-0029-0015,2020340723,AN,1,60.0,0,ACSR,2,AWG
7554,KSA2020340724,S0044-0029-0015,2020340724,AN,1,60.0,0,ACSR,2,AWG
7555,KSA2020340725,S0044-0029-0015,2020340725,AN,1,60.0,0,ACSR,2,AWG
7556,KSA2020340727,S0044-0029-0015,2020340727,AN,1,60.0,0,ACSR,2,AWG
7557,KSA2020350100,S0100-0042-008A,2020350100,CN,1,0.5,0,CU,10,AWG
7558,KSA2020350105,S0100-0042-008C,2020350105,CN,1,0.5,0,CU,10,AWG
7559,KSA2020350110,S0100-0042-008D,2020350110,CN,1,0.5,0,CU,10,AWG
7560,KSA2020350115,S0100-0042-008D,2020350115,CN,1,0.5,0,CU,10,AWG
7561,KSA2020350120,S0100-0042-008D,2020350120,CN,1,0.5,0,CU,10,AWG
7562,KSA2020350125,S0100-0042-008D,2020350125,CN,1,0.5,0,CU,10,AWG
7563,KSA2020350130,S0100-0042-008D,2020350130,CN,1,0.5,0,CU,10,AWG
7564,KSA2020350135,S0100-0042-008D,2020350135,CN,1,0.5,0,CU,10,AWG
7565,KSA2020350140,S0100-0042-008D,2020350140,CN,1,0.5,0,CU,10,AWG
7566,KSA2020350145,S0100-0042-008D,2020350145,CN,1,0.5,0,CU,10,AWG
7567,KSA2020350150,S0100-0042-008D,2020350150,CN,1,0.5,0,CU,10,AWG
7568,KSA2020350155,S0100-0042-008D,2020350155,CN,1,0.5,0,CU,10,AWG
7569,KSA2020350160,S0100-0042-008D,2020350160,CN,1,0.5,0,CU,10,AWG
7570,KSA2020350161,S0100-0042-008D,2020350161,CN,1,0.5,0,CU,10,AWG
7571,KSA2020350162,S0100-0042-008D,2020350162,CN,1,0.5,0,CU,10,AWG
7572,KSA2020360100,S0100-13ar-005B,2020360100,CN,1,0.5,0,CU,10,AWG
7573,KSA2020360105,S0100-13ar-005A,2020360105,CN,1,0.5,0,CU,10,AWG
7574,KSA2020360110,S0100-13ar-005A,2020360110,CN,1,0.5,0,CU,10,AWG
7575,KSA2020360115,S0100-13ar-0005,2020360115,CN,1,0.5,0,CU,10,AWG
7576,KSA2020360120,S0100-13ar-0005,2020360120,CN,1,0.5,0,CU,10,AWG
7577,KSA2020360125,S0100-13ar-0005,2020360125,CN,1,0.5,0,CU,10,AWG
7578,KSA2020360130,S0100-13ar-0005,2020360130,CN,1,0.5,0,CU,10,AWG
7579,KSA2020360135,S0100-13ar-0004,2020360135,CN,1,0.5,0,CU,10,AWG
7580,KSA2020360140,S0100-13ar-0005,2020360140,CN,1,0.5,0,CU,10,AWG
7581,KSA2020360145,S0100-13ar-0004,2020360145,CN,1,0.5,0,CU,10,AWG
7582,KSA2020360150,S0100-13ar-0004,2020360150,CN,1,0.5,0,CU,10,AWG
7583,KSA2020360155,S0100-13ar-0005,2020360155,CN,1,0.5,0,CU,10,AWG
7584,KSA2020360160,S0100-13ar-0001,2020360160,CN,1,0.5,0,CU,10,AWG
7585,KSA2020360165,S0100-13ar-0001,2020360165,CN,1,0.5,0,CU,10,AWG
7586,KSA2020360170,S0100-13ar-0004,2020360170,CN,1,0.5,0,CU,10,AWG
7587,KSA2020360175,S0100-13ar-0005,2020360175,CN,1,0.5,0,CU,10,AWG
7588,KSA2020360180,S0100-13ar-0006,2020360180,CN,1,0.5,0,CU,10,AWG
7589,KSA2020360185,S0100-13ar-0006,2020360185,CN,1,0.5,0,CU,10,AWG
7590,KSA2020360190,S0100-13ar-0006,2020360190,CN,1,0.5,0,CU,10,AWG
7591,KSA2020360195,S0100-13ar-0006,2020360195,CN,1,0.5,0,CU,10,AWG
7592,KSA2020360200,S0100-13ar-0006,2020360200,CN,1,0.5,0,CU,10,AWG
7593,KSA2020360205,S0100-13ar-0006,2020360205,CN,1,0.5,0,CU,10,AWG
7594,KSA2020360210,S0100-13ar-0006,2020360210,CN,1,0.5,0,CU,10,AWG
7595,KSA2020360215,S0100-13ar-0006,2020360215,CN,1,0.5,0,CU,10,AWG
7596,KSA2020360220,S0100-13ar-0007,2020360220,CN,1,0.5,0,CU,10,AWG
7597,KSA2020360225,S0100-13ar-0008,2020360225,CN,1,0.5,0,CU,10,AWG
7598,KSA2020360230,S0100-13ar-0008,2020360230,CN,1,0.5,0,CU,10,AWG
7599,KSA2020360240,S0100-13ar-0008,2020360240,CN,1,0.5,0,CU,10,AWG
7600,KSA2020360245,S0100-13ar-0008,2020360245,CN,1,0.5,0,CU,10,AWG
7601,KSA2020360250,S0100-13ar-0008,2020360250,CN,1,0.5,0,CU,10,AWG
7602,KSA2020360255,S0100-13ar-0009,2020360255,CN,1,0.5,0,CU,10,AWG
7603,KSA2020360260,S0100-13ar-0009,2020360260,CN,1,0.5,0,CU,10,AWG
7604,KSA2020360265,S0100-13ar-0009,2020360265,CN,1,0.5,0,CU,10,AWG
7605,KSA2020360270,S0100-13ar-0010,2020360270,CN,1,0.5,0,CU,10,AWG
7606,KSA2020360275,S0100-13ar-0009,2020360275,CN,1,0.5,0,CU,10,AWG
7607,KSA2020360280,S0100-13ar-0010,2020360280,CN,1,0.5,0,CU,10,AWG
7608,KSA2020360285,S0100-13ar-0010,2020360285,CN,1,0.5,0,CU,10,AWG
7609,KSA2020360290,S0100-13ar-0010,2020360290,CN,1,0.5,0,CU,10,AWG
7610,KSA2020360295,S0100-13ar-0010,2020360295,CN,1,0.5,0,CU,10,AWG
7611,KSA2020360300,S0100-13ar-0010,2020360300,CN,1,0.5,0,CU,10,AWG
7612,KSA2020360305,S0100-13ar-0010,2020360305,CN,1,0.5,0,CU,10,AWG
7613,KSA2020360310,S0100-13ar-011B,2020360310,CN,1,0.5,0,CU,10,AWG
7614,KSA2020360315,S0100-13ar-011A,2020360315,CN,1,0.5,0,CU,10,AWG
7615,KSA2020360320,S0100-13ar-011A,2020360320,CN,1,0.5,0,CU,10,AWG
7616,KSA2020360325,S0100-13ar-011B,2020360325,CN,1,0.5,0,CU,10,AWG
7617,KSA2020360330,S0100-13ar-011B,2020360330,CN,1,0.5,0,CU,10,AWG
7618,KSA2020360335,S0100-13ar-0011,2020360335,CN,1,0.5,0,CU,10,AWG
7619,KSA2020360340,S0100-13ar-0011,2020360340,CN,1,0.5,0,CU,10,AWG
7620,KSA2020360345,S0100-13ar-0011,2020360345,CN,1,0.5,0,CU,10,AWG
7621,KSA2020360350,S0100-13ar-0011,2020360350,CN,1,0.5,0,CU,10,AWG
7622,KSA2020360355,S0100-13ar-0006,2020360355,CN,1,0.5,0,CU,10,AWG
7623,KSA2020360360,S0100-13ar-0002,2020360360,CN,1,0.5,0,CU,10,AWG
7624,KSA2020360361,S0100-13ar-011B,2020360361,CN,1,0.5,0,CU,10,AWG
7625,KSA2020360362,S0100-13ar-0012,2020360362,CN,1,0.5,0,CU,10,AWG
7626,KSA2020360363,S0100-13ar-0001,2020360363,CN,1,0.5,0,CU,10,AWG
7627,KSA2020360364,S0100-0042-008D,2020360364,CN,1,0.5,0,CU,10,AWG
7628,KSA2020360365,S0100-0042-008D,2020360365,CN,1,0.5,0,CU,10,AWG
7629,KSA2020360366,S0100-0042-008D,2020360366,CN,1,0.5,0,CU,10,AWG
7630,KSA2020360367,S0100-13ar-0012,2020360367,CN,1,0.5,0,CU,10,AWG
7631,KSA2020360368,S0100-13ar-0012,2020360368,CN,1,0.5,0,CU,10,AWG
7632,KSA2020360369,S0100-13ar-0012,2020360369,CN,1,0.5,0,CU,10,AWG
7633,KSA2020360370,S0100-13ar-0012,2020360370,CN,1,0.5,0,CU,10,AWG
7634,KSA2020360371,S0100-13ar-0012,2020360371,CN,1,0.5,0,CU,10,AWG
7635,KSA2020360372,S0100-13ar-0012,2020360372,CN,1,0.5,0,CU,10,AWG
7636,KSA2020360373,S0100-13ar-0012,2020360373,CN,1,0.5,0,CU,10,AWG
7637,KSA2020360374,S0100-13ar-0012,2020360374,CN,1,0.5,0,CU,10,AWG
7638,KSA2020360375,S0100-13ar-0012,2020360375,CN,1,0.5,0,CU,10,AWG
7639,KSA2020360376,S0100-13ar-0012,2020360376,CN,1,72.0,0,ACSR,2,AWG
7640,KSA2020360377,S0100-13ar-0012,2020360377,CN,1,72.0,0,ACSR,2,AWG
7641,KSA2020370000,S0100-13ar-0012,2020370000,CN,1,72.0,0,ACSR,2,AWG
7642,KSA2020370100,S0100-13ar-0012,2020370100,CN,1,72.0,0,ACSR,2,AWG
7643,KSA2020370105,S0100-13ar-0012,2020370105,CN,1,72.0,0,ACSR,2,AWG
7644,KSA2020370110,S0100-13ar-0012,2020370110,CN,1,72.0,0,ACSR,2,AWG
7645,KSA2020370115,S0100-13ar-0012,2020370115,CN,1,72.0,0,ACSR,2,AWG
7646,KSA2020370120,S0100-13ar-0012,2020370120,CN,1,72.0,0,ACSR,2,AWG
7647,KSA2020370125,S0100-13ar-0012,2020370125,CN,1,72.0,0,ACSR,2,AWG
7648,KSA2020370130,S0100-13ar-0012,2020370130,CN,1,72.0,0,ACSR,2,AWG
7649,KSA2020370135,S0100-13ar-0012,2020370135,CN,1,72.0,0,ACSR,2,AWG
7650,KSA2020370140,S0100-13ar-0012,2020370140,CN,1,72.0,0,ACSR,2,AWG
7651,KSA2020370145,S0100-13ar-0012,2020370145,CN,1,72.0,0,ACSR,2,AWG
7652,KSA2020370150,S0100-13ar-0012,2020370150,CN,1,72.0,0,ACSR,2,AWG
7653,KSA2020370155,S0100-13ar-0012,2020370155,CN,1,72.0,0,ACSR,2,AWG
7654,KSA2020370160,S0100-13ar-0012,2020370160,CN,1,72.0,0,ACSR,2,AWG
7655,KSA2020370170,S0100-13ar-0012,2020370170,CN,1,72.0,0,ACSR,2,AWG
7656,KSA2020370180,S0100-13ar-0012,2020370180,CN,1,72.0,0,ACSR,2,AWG
7657,KSA2020370185,S0100-13ar-0012,2020370185,CN,1,72.0,0,ACSR,2,AWG
7658,KSA2020370190,S0100-13ar-0012,2020370190,CN,1,72.0,0,ACSR,2,AWG
7659,KSA2020370195,S0100-13ar-0012,2020370195,CN,1,72.0,0,ACSR,2,AWG
7660,KSA2020370200,S0100-13ar-0012,2020370200,CN,1,72.0,0,ACSR,2,AWG
7661,KSA2020370205,S0100-13ar-0012,2020370205,CN,1,72.0,0,ACSR,2,AWG
7662,KSA2020370210,S0100-13ar-0012,2020370210,CN,1,72.0,0,ACSR,2,AWG
7663,KSA2020370215,S0100-13ar-0012,2020370215,CN,1,72.0,0,ACSR,2,AWG
7664,KSA2020370220,S0100-13ar-0012,2020370220,CN,1,72.0,0,ACSR,2,AWG
7665,KSA2020370225,S0100-13ar-0012,2020370225,CN,1,72.0,0,ACSR,2,AWG
7666,KSA2020370230,S0100-13ar-0012,2020370230,CN,1,72.0,0,ACSR,2,AWG
7667,KSA2020370235,S0100-13ar-0012,2020370235,CN,1,72.0,0,ACSR,2,AWG
7668,KSA2020370240,S0100-13ar-0012,2020370240,CN,1,72.0,0,ACSR,2,AWG
7669,KSA2020370245,S0100-13ar-0012,2020370245,CN,1,72.0,0,ACSR,2,AWG
7670,KSA2020370250,S0100-13ar-0012,2020370250,CN,1,72.0,0,ACSR,2,AWG
7671,KSA2020370255,S0100-13ar-0012,2020370255,CN,1,72.0,0,ACSR,2,AWG
7672,KSA2020370260,S0100-13ar-0012,2020370260,CN,1,72.0,0,ACSR,2,AWG
7673,KSA2020370265,S0100-13ar-0012,2020370265,CN,1,72.0,0,ACSR,2,AWG
7674,KSA2020370270,S0100-13ar-0012,2020370270,CN,1,72.0,0,ACSR,2,AWG
7675,KSA2020370275,S0100-13ar-0012,2020370275,CN,1,72.0,0,ACSR,2,AWG
7676,KSA2020370285,S0100-13ar-0012,2020370285,CN,1,72.0,0,ACSR,2,AWG
7677,KSA2020370290,S0100-13ar-0012,2020370290,CN,1,72.0,0,ACSR,2,AWG
7678,KSA2020370295,S0100-13ar-0012,2020370295,CN,1,72.0,0,ACSR,2,AWG
7679,KSA2020370300,S0100-13ar-0012,2020370300,CN,1,72.0,0,ACSR,2,AWG
7680,KSA2020370305,S0100-13ar-0012,2020370305,CN,1,72.0,0,ACSR,2,AWG
7681,KSA2020370310,S0100-13ar-0012,2020370310,CN,1,72.0,0,ACSR,2,AWG
7682,KSA2020370315,S0100-13ar-0012,2020370315,CN,1,72.0,0,ACSR,2,AWG
7683,KSA2020370325,S0100-13ar-0012,2020370325,CN,1,72.0,0,ACSR,2,AWG
7684,KSA2020370330,S0100-13ar-0012,2020370330,CN,1,72.0,0,ACSR,2,AWG
7685,KSA2020370335,S0100-13ar-0012,2020370335,CN,1,72.0,0,ACSR,2,AWG
7686,KSA2020370340,S0100-13ar-0012,2020370340,CN,1,72.0,0,ACSR,2,AWG
7687,KSA2020370345,S0100-13ar-0012,2020370345,CN,1,72.0,0,ACSR,2,AWG
7688,KSA2020370350,S0100-13ar-0012,2020370350,CN,1,72.0,0,ACSR,2,AWG
7689,KSA2020370360,S0100-13ar-0012,2020370360,CN,1,72.0,0,ACSR,2,AWG
7690,KSA2020370365,S0100-13ar-0012,2020370365,CN,1,72.0,0,ACSR,2,AWG
7691,KSA2020370370,S0100-13ar-0012,2020370370,CN,1,72.0,0,ACSR,2,AWG
7692,KSA2020370375,S0100-13ar-0012,2020370375,CN,1,72.0,0,ACSR,2,AWG
7693,KSA2020370380,S0100-13ar-0012,2020370380,CN,1,72.0,0,ACSR,2,AWG
7694,KSA2020370385,S0100-13ar-0012,2020370385,CN,1,72.0,0,ACSR,2,AWG
7695,KSA2020370390,S0100-13ar-0012,2020370390,CN,1,72.0,0,ACSR,2,AWG
7696,KSA2020370395,S0100-13ar-0012,2020370395,CN,1,72.0,0,ACSR,2,AWG
7697,KSA2020370400,S0100-13ar-0012,2020370400,CN,1,72.0,0,ACSR,2,AWG
7698,KSA2020370405,S0100-13ar-0012,2020370405,CN,1,72.0,0,ACSR,2,AWG
7699,KSA2020370410,S0100-13ar-0012,2020370410,CN,1,72.0,0,ACSR,2,AWG
7700,KSA2020370415,S0100-13ar-0012,2020370415,CN,1,72.0,0,ACSR,2,AWG
7701,KSA2020370420,S0100-13ar-0012,2020370420,CN,1,72.0,0,ACSR,2,AWG
7702,KSA2020370425,S0100-13ar-0012,2020370425,CN,1,72.0,0,ACSR,2,AWG
7703,KSA2020370430,S0100-13ar-0012,2020370430,CN,1,72.0,0,ACSR,2,AWG
7704,KSA2020370435,S0100-13ar-0012,2020370435,CN,1,72.0,0,ACSR,2,AWG
7705,KSA2020370440,S0100-13ar-0012,2020370440,CN,1,72.0,0,ACSR,2,AWG
7706,KSA2020370450,S0100-13ar-0012,2020370450,CN,1,72.0,0,ACSR,2,AWG
7707,KSA2020370455,S0100-13ar-0012,2020370455,CN,1,72.0,0,ACSR,2,AWG
7708,KSA2020370460,S0100-13ar-0012,2020370460,CN,1,72.0,0,ACSR,2,AWG
7709,KSA2020370461,S0100-13ar-0012,2020370461,CN,1,72.0,0,ACSR,2,AWG
7710,KSA2020370463,S0100-13ar-0012,2020370463,CN,1,72.0,0,ACSR,2,AWG
7711,KSA2020370464,S0100-13ar-0012,2020370464,CN,1,72.0,0,ACSR,2,AWG
7712,KSA2020380270,S0100-13ar-0008,2020380270,CN,1,56.0,0,ACSR,2,AWG
7713,KSA2020380275,S0100-13ar-0008,2020380275,CN,1,56.0,0,ACSR,2,AWG
7714,KSA2020380280,S0100-13ar-0008,2020380280,CN,1,56.0,0,ACSR,2,AWG
7715,KSA2020380285,S0100-13ar-0008,2020380285,CN,1,56.0,0,ACSR,2,AWG
7716,KSA2020380290,S0100-13ar-0008,2020380290,CN,1,56.0,0,ACSR,2,AWG
7717,KSA2020380295,S0100-13ar-0008,2020380295,CN,1,56.0,0,ACSR,2,AWG
7718,KSA2020380296,S0100-13ar-0008,2020380296,CN,1,56.0,0,ACSR,2,AWG
7719,KSA2020380297,S0100-13ar-0008,2020380297,CN,1,56.0,0,ACSR,2,AWG
7720,KSA2020380298,S0100-13ar-0008,2020380298,CN,1,56.0,0,ACSR,2,AWG
7721,KSA2020380299,S0100-13ar-0008,2020380299,CN,1,56.0,0,ACSR,2,AWG
7722,KSA2020380300,S0100-13ar-0008,2020380300,CN,1,56.0,0,ACSR,2,AWG
7723,KSA2020380301,S0100-13ar-0008,2020380301,CN,1,56.0,0,ACSR,2,AWG
7724,KSA2020380302,S0100-13ar-0008,2020380302,CN,1,56.0,0,ACSR,2,AWG
7725,KSA2020380303,S0100-13ar-0008,2020380303,CN,1,56.0,0,ACSR,2,AWG
7726,KSA2020390100,S130-88-18-0003,2020390100,BN,1,0.5,0,CU,10,AWG
7727,KSA2020390105,S130-88-18-0003,2020390105,BN,1,0.5,0,CU,10,AWG
7728,KSA2020390110,S130-88-18-0003,2020390110,BN,1,0.5,0,CU,10,AWG
7729,KSA2020390115,S130-88-18-0004,2020390115,BN,1,0.5,0,CU,10,AWG
7730,KSA2020390120,S130-88-18-0004,2020390120,BN,1,62.0,0,ACSR,2,AWG
7731,KSA2020390125,S130-88-18-0004,2020390125,BN,1,0.5,0,CU,10,AWG
7732,KSA2020390130,S130-88-18-0004,2020390130,BN,1,0.5,0,CU,10,AWG
7733,KSA2020390135,S130-88-18-0004,2020390135,BN,1,0.5,0,CU,10,AWG
7734,KSA2020390140,S130-88-18-0004,2020390140,BN,1,0.5,0,CU,10,AWG
7735,KSA2020390145,S130-88-18-0004,2020390145,BN,1,0.5,0,CU,10,AWG
7736,KSA2020390150,S130-88-18-0004,2020390150,BN,1,0.5,0,CU,10,AWG
7737,KSA2020390155,S130-88-18-005a,2020390155,BN,1,0.5,0,CU,10,AWG
7738,KSA2020390160,S130-88-18-005a,2020390160,BN,1,0.5,0,CU,10,AWG
7739,KSA2020390165,S130-88-18-005b,2020390165,BN,1,0.5,0,CU,10,AWG
7740,KSA2020390170,S130-88-18-005a,2020390170,BN,1,0.5,0,CU,10,AWG
7741,KSA2020390175,S130-88-18-005a,2020390175,BN,1,0.5,0,CU,10,AWG
7742,KSA2020390180,S130-88-18-005a,2020390180,BN,1,0.5,0,CU,10,AWG
7743,KSA2020390185,S130-88-18-0003,2020390185,BN,1,0.5,0,CU,10,AWG
7744,KSA2020390190,S130-88-18-005b,2020390190,BN,1,0.5,0,CU,10,AWG
7745,KSA2020390195,S130-88-18-005b,2020390195,BN,1,0.5,0,CU,10,AWG
7746,KSA2020390200,S130-88-18-005b,2020390200,BN,1,0.5,0,CU,10,AWG
7747,KSA2020390205,S130-88-18-0003,2020390205,BN,1,0.5,0,CU,10,AWG
7748,KSA2020390210,S130-88-18-005b,2020390210,BN,1,0.5,0,CU,10,AWG
7749,KSA2020390215,S130-88-18-0009,2020390215,BN,1,0.5,0,CU,10,AWG
7750,KSA2020390220,S130-88-18-0011,2020390220,BN,1,0.5,0,CU,10,AWG
7751,KSA2020390225,S130-88-18-0013,2020390225,BN,1,0.5,0,CU,10,AWG
7752,KSA2020390230,S130-88-18-0013,2020390230,BN,1,0.5,0,CU,10,AWG
7753,KSA2020390235,S130-88-18-0015,2020390235,BN,1,0.5,0,CU,10,AWG
7754,KSA2020390240,S130-88-18-0015,2020390240,BN,1,89.0,0,ACSR,2,AWG
7755,KSA2020390245,S130-88-18-0015,2020390245,BN,1,0.5,0,CU,10,AWG
7756,KSA2020390250,S130-88-18-0015,2020390250,BN,1,0.5,0,CU,10,AWG
7757,KSA2020390255,S130-88-18-0022,2020390255,BN,1,0.5,0,CU,10,AWG
7758,KSA2020390265,S130-88-18-0022,2020390265,BN,1,52.0,0,ACSR,2,AWG
7759,KSA2020390270,S130-88-18-0023,2020390270,BN,1,0.5,0,CU,10,AWG
7760,KSA2020390275,S130-88-18-0023,2020390275,BN,1,0.5,0,CU,10,AWG
7761,KSA2020390280,S130-88-18-0023,2020390280,BN,1,0.5,0,CU,10,AWG
7762,KSA2020390285,S130-88-18-0023,2020390285,BN,1,0.5,0,CU,10,AWG
7763,KSA2020390290,S130-88-18-0023,2020390290,BN,1,0.5,0,CU,10,AWG
7764,KSA2020390295,S130-88-18-016a,2020390295,BN,1,0.5,0,CU,10,AWG
7765,KSA2020390300,S130-88-18-016a,2020390300,BN,1,0.5,0,CU,10,AWG
7766,KSA2020390305,S130-88-18-005b,2020390305,BN,1,0.5,0,CU,10,AWG
7767,KSA2020390310,S130-88-18-0014,2020390310,BN,1,0.5,0,CU,10,AWG
7768,KSA2020390315,S130-88-18-0023,2020390315,BN,1,0.5,0,CU,10,AWG
7769,KSA2020390320,S130-88-18-0023,2020390320,BN,1,0.5,0,CU,10,AWG
7770,KSA2020390330,S130-88-18-016a,2020390330,BN,1,0.5,0,CU,10,AWG
7771,KSA2020390331,S130-88-18-0009,2020390331,BN,1,0.5,0,CU,10,AWG
7772,KSA2020390332,S130-88-18-0009,2020390332,BN,1,77.0,0,ACSR,2,AWG
7773,KSA2020390333,S130-88-18-005b,2020390333,BN,1,0.5,0,CU,10,AWG
7774,KSA2020390334,S130-88-18-016a,2020390334,BN,1,0.5,0,CU,10,AWG
7775,KSA2020390335,S130-88-18-016a,2020390335,BN,1,0.5,0,CU,10,AWG
7776,KSA2020390336,S130-88-18-016a,2020390336,BN,1,0.5,0,CU,10,AWG
7777,KSA2020390337,S130-88-18-016a,2020390337,BN,1,0.5,0,CU,10,AWG
7778,KSA2020390338,S130-88-18-016a,2020390338,BN,1,0.5,0,CU,10,AWG
7779,KSA2020390339,S0130-0063-0015,2020390339,BN,1,0.5,0,CU,10,AWG
7780,KSA2020390340,S0130-0063-0015,2020390340,BN,1,0.5,0,CU,10,AWG
7781,KSA2020390341,S0130-0063-0015,2020390341,BN,1,96.0,0,ACSR,2,AWG
7782,KSA2020390342,S0130-0063-0015,2020390342,BN,1,96.0,0,ACSR,2,AWG
7783,KSA2020400100,S130-53-20F-002,2020400100,CN,1,0.5,0,CU,10,AWG
7784,KSA2020400105,S130-53-20F-002,2020400105,CN,1,0.5,0,CU,10,AWG
7785,KSA2020400110,S130-53-20F-003,2020400110,CN,1,0.5,0,CU,10,AWG
7786,KSA2020400115,S130-53-20F-003,2020400115,CN,1,0.5,0,CU,10,AWG
7787,KSA2020400120,S130-53-20F-003,2020400120,CN,1,0.5,0,CU,10,AWG
7788,KSA2020400125,S130-53-20F-003,2020400125,CN,1,0.5,0,CU,10,AWG
7789,KSA2020400130,S130-53-20F-003,2020400130,CN,1,0.5,0,CU,10,AWG
7790,KSA2020400140,S130-53-20F-003,2020400140,CN,1,0.5,0,CU,10,AWG
7791,KSA2020400145,S130-53-20F-003,2020400145,CN,1,0.5,0,CU,10,AWG
7792,KSA2020400150,S130-53-20F-003,2020400150,CN,1,0.5,0,CU,10,AWG
7793,KSA2020400155,S130-53-20F-003,2020400155,CN,1,0.5,0,CU,10,AWG
7794,KSA2020400160,S130-53-20F-003,2020400160,CN,1,0.5,0,CU,10,AWG
7795,KSA2020400165,S130-53-20F-003,2020400165,CN,1,0.5,0,CU,10,AWG
7796,KSA2020400170,S130-53-20F-006,2020400170,CN,1,0.5,0,CU,10,AWG
7797,KSA2020400175,S130-53-20F-04b,2020400175,CN,1,0.5,0,CU,10,AWG
7798,KSA2020400180,S130-53-20F-04b,2020400180,CN,1,0.5,0,CU,10,AWG
7799,KSA2020400185,S130-53-20F-04a,2020400185,CN,1,0.5,0,CU,10,AWG
7800,KSA2020400190,S130-53-20F-008,2020400190,CN,1,0.5,0,CU,10,AWG
7801,KSA2020400195,S130-53-20F-008,2020400195,CN,1,0.5,0,CU,10,AWG
7802,KSA2020400200,S130-53-20F-009,2020400200,CN,1,0.5,0,CU,10,AWG
7803,KSA2020400205,S130-53-20F-009,2020400205,CN,1,0.5,0,CU,10,AWG
7804,KSA2020400210,S130-53-20F-009,2020400210,CN,1,0.5,0,CU,10,AWG
7805,KSA2020400215,S130-53-24-0003,2020400215,CN,1,0.5,0,CU,10,AWG
7806,KSA2020400220,S130-53-24-0003,2020400220,CN,1,0.5,0,CU,10,AWG
7807,KSA2020400225,S130-53-24-0003,2020400225,CN,1,0.5,0,CU,10,AWG
7808,KSA2020400230,S130-53-24-0003,2020400230,CN,1,0.5,0,CU,10,AWG
7809,KSA2020400235,S130-53-24-0003,2020400235,CN,1,0.5,0,CU,10,AWG
7810,KSA2020400240,S130-53-24-0005,2020400240,CN,1,0.5,0,CU,10,AWG
7811,KSA2020400245,S130-53-24-0005,2020400245,CN,1,0.5,0,CU,10,AWG
7812,KSA2020400250,S130-53-24-0005,2020400250,CN,1,0.5,0,CU,10,AWG
7813,KSA2020400255,S130-53-24-0005,2020400255,CN,1,0.5,0,CU,10,AWG
7814,KSA2020400260,S130-53-24-005b,2020400260,CN,1,0.5,0,CU,10,AWG
7815,KSA2020400265,S130-53-24-005b,2020400265,CN,1,0.5,0,CU,10,AWG
7816,KSA2020400270,S130-53-24-005b,2020400270,CN,1,0.5,0,CU,10,AWG
7817,KSA2020400275,S130-53-24-005b,2020400275,CN,1,0.5,0,CU,10,AWG
7818,KSA2020400280,S130-53-24-005b,2020400280,CN,1,0.5,0,CU,10,AWG
7819,KSA2020400285,S130-53-24-005b,2020400285,CN,1,0.5,0,CU,10,AWG
7820,KSA2020400290,S130-53-24-0006,2020400290,CN,1,0.5,0,CU,10,AWG
7821,KSA2020400295,S130-53-24-0006,2020400295,CN,1,0.5,0,CU,10,AWG
7822,KSA2020400300,S130-53-24-0006,2020400300,CN,1,0.5,0,CU,10,AWG
7823,KSA2020400305,S130-53-24-0007,2020400305,CN,1,0.5,0,CU,10,AWG
7824,KSA2020400310,S130-53-24-0007,2020400310,CN,1,0.5,0,CU,10,AWG
7825,KSA2020400315,S130-53-24-0007,2020400315,CN,1,0.5,0,CU,10,AWG
7826,KSA2020400320,S130-53-24-0007,2020400320,CN,1,0.5,0,CU,10,AWG
7827,KSA2020400325,S130-53-24-0007,2020400325,CN,1,0.5,0,CU,10,AWG
7828,KSA2020400330,S130-53-24-0007,2020400330,CN,1,0.5,0,CU,10,AWG
7829,KSA2020400335,S130-53-24-0007,2020400335,CN,1,0.5,0,CU,10,AWG
7830,KSA2020400340,S130-53-24-0007,2020400340,CN,1,0.5,0,CU,10,AWG
7831,KSA2020400345,S130-53-24-0007,2020400345,CN,1,0.5,0,CU,10,AWG
7832,KSA2020400350,S130-53-24-007a,2020400350,CN,1,0.5,0,CU,10,AWG
7833,KSA2020400355,S130-53-24-007a,2020400355,CN,1,0.5,0,CU,10,AWG
7834,KSA2020400360,S130-53-24-007a,2020400360,CN,1,0.5,0,CU,10,AWG
7835,KSA2020400365,S130-53-24-007a,2020400365,CN,1,0.5,0,CU,10,AWG
7836,KSA2020400370,S130-53-24-007a,2020400370,CN,1,0.5,0,CU,10,AWG
7837,KSA2020400375,S130-53-24-007b,2020400375,CN,1,0.5,0,CU,10,AWG
7838,KSA2020400380,S130-53-24-007b,2020400380,CN,1,0.5,0,CU,10,AWG
7839,KSA2020400385,S130-53-24-007b,2020400385,CN,1,0.5,0,CU,10,AWG
7840,KSA2020400390,S130-53-24-007b,2020400390,CN,1,0.5,0,CU,10,AWG
7841,KSA2020400395,S130-53-24-007b,2020400395,CN,1,0.5,0,CU,10,AWG
7842,KSA2020400400,S130-53-24-007b,2020400400,CN,1,0.5,0,CU,10,AWG
7843,KSA2020400405,S130-53-24-007b,2020400405,CN,1,0.5,0,CU,10,AWG
7844,KSA2020400410,S130-53-24-07b1,2020400410,CN,1,0.5,0,CU,10,AWG
7845,KSA2020400415,S130-53-24-07b1,2020400415,CN,1,0.5,0,CU,10,AWG
7846,KSA2020400420,S130-53-24-07b1,2020400420,CN,1,0.5,0,CU,10,AWG
7847,KSA2020400425,S130-53-24-07b1,2020400425,CN,1,0.5,0,CU,10,AWG
7848,KSA2020400430,S130-53-24-07b1,2020400430,CN,1,0.5,0,CU,10,AWG
7849,KSA2020400435,S130-53-24-007c,2020400435,CN,1,0.5,0,CU,10,AWG
7850,KSA2020400440,S130-53-24-007c,2020400440,CN,1,0.5,0,CU,10,AWG
7851,KSA2020400445,S130-53-24-007c,2020400445,CN,1,0.5,0,CU,10,AWG
7852,KSA2020400450,S130-53-24-007c,2020400450,CN,1,0.5,0,CU,10,AWG
7853,KSA2020400455,S130-53-24-007c,2020400455,CN,1,0.5,0,CU,10,AWG
7854,KSA2020400460,S130-53-24-007d,2020400460,CN,1,0.5,0,CU,10,AWG
7855,KSA2020400465,S130-53-24-007d,2020400465,CN,1,0.5,0,CU,10,AWG
7856,KSA2020400470,S130-53-24-007d,2020400470,CN,1,0.5,0,CU,10,AWG
7857,KSA2020400475,S130-53-24-007d,2020400475,CN,1,0.5,0,CU,10,AWG
7858,KSA2020400480,S130-53-24-007d,2020400480,CN,1,0.5,0,CU,10,AWG
7859,KSA2020400485,S130-53-24-0008,2020400485,CN,1,0.5,0,CU,10,AWG
7860,KSA2020400490,S130-53-24-0008,2020400490,CN,1,0.5,0,CU,10,AWG
7861,KSA2020400495,S130-53-24-0008,2020400495,CN,1,0.5,0,CU,10,AWG
7862,KSA2020400500,S130-53-24-0009,2020400500,CN,1,0.5,0,CU,10,AWG
7863,KSA2020400505,S130-53-24-0009,2020400505,CN,1,0.5,0,CU,10,AWG
7864,KSA2020400510,S130-53-24-0009,2020400510,CN,1,0.5,0,CU,10,AWG
7865,KSA2020400515,S130-53-24-0009,2020400515,CN,1,0.5,0,CU,10,AWG
7866,KSA2020400520,S130-53-24-0009,2020400520,CN,1,0.5,0,CU,10,AWG
7867,KSA2020400525,S130-53-24-0009,2020400525,CN,1,0.5,0,CU,10,AWG
7868,KSA2020400530,S130-53-24-0009,2020400530,CN,1,0.5,0,CU,10,AWG
7869,KSA2020400535,S130-53-24-0007,2020400535,CN,1,0.5,0,CU,10,AWG
7870,KSA2020400540,S130-53-24-07b1,2020400540,CN,1,0.5,0,CU,10,AWG
7871,KSA2020400545,S130-53-20F-002,2020400545,CN,1,0.5,0,CU,10,AWG
7872,KSA2020400550,S130-53-24-007a,2020400550,CN,1,0.5,0,CU,10,AWG
7873,KSA2020400555,S130-53-24-0009,2020400555,CN,1,0.5,0,CU,10,AWG
7874,KSA2020400556,S130-53-24-0006,2020400556,CN,1,0.5,0,CU,10,AWG
7875,KSA2020400557,S130-53-20F-003,2020400557,CN,1,0.5,0,CU,10,AWG
7876,KSA2020400558,S130-53-20F-003,2020400558,CN,1,0.5,0,CU,10,AWG
7877,KSA2020400559,S130-53-20F-003,2020400559,CN,1,0.5,0,CU,10,AWG
7878,KSA2020400560,S130-53-20F-003,2020400560,CN,1,0.5,0,CU,10,AWG
7879,KSA2020400561,S130-53-20F-003,2020400561,CN,1,0.5,0,CU,10,AWG
7880,KSA2020400562,S130-53-20F-003,2020400562,CN,1,0.5,0,CU,10,AWG
7881,KSA2020400563,S130-53-20F-003,2020400563,CN,1,0.5,0,CU,10,AWG
7882,KSA2020400564,S130-53-20F-004,2020400564,CN,1,0.5,0,CU,10,AWG
7883,KSA2020400565,S130-53-20F-004,2020400565,CN,1,0.5,0,CU,10,AWG
7884,KSA2020400566,S130-53-20F-004,2020400566,CN,1,0.5,0,CU,10,AWG
7885,KSA2020400567,S130-53-20F-004,2020400567,CN,1,0.5,0,CU,10,AWG
7886,KSA2020400568,S130-53-20F-004,2020400568,CN,1,65.0,0,ACSR,2,AWG
7887,KSA2020400569,S130-53-20F-004,2020400569,CN,1,65.0,0,ACSR,2,AWG
7888,KSA2020400570,S130-53-20F-004,2020400570,CN,1,65.0,0,ACSR,2,AWG
7889,KSA2020400571,S130-53-20F-004,2020400571,CN,1,65.0,0,ACSR,2,AWG
7890,KSA2020410100,S100-13ag6-007G,2020410100,CN,1,0.5,0,CU,10,AWG
7891,KSA2020410105,S100-13ag6-007D,2020410105,CN,1,0.5,0,CU,10,AWG
7892,KSA2020410110,S100-13ag6-007D,2020410110,CN,1,0.5,0,CU,10,AWG
7893,KSA2020410115,S100-13ag6-007D,2020410115,CN,1,0.5,0,CU,10,AWG
7894,KSA2020410120,S100-13ag6-007D,2020410120,CN,1,0.5,0,CU,10,AWG
7895,KSA2020410125,S100-13ag6-007D,2020410125,CN,1,0.5,0,CU,10,AWG
7896,KSA2020410130,S100-13ag6-007C,2020410130,CN,1,0.5,0,CU,10,AWG
7897,KSA2020410135,S100-13ag6-007C,2020410135,CN,1,0.5,0,CU,10,AWG
7898,KSA2020410140,S100-13ag6-007B,2020410140,CN,1,0.5,0,CU,10,AWG
7899,KSA2020410145,S100-13ag6-007B,2020410145,CN,1,0.5,0,CU,10,AWG
7900,KSA2020410150,S100-13ag6-007B,2020410150,CN,1,0.5,0,CU,10,AWG
7901,KSA2020410155,S100-13ag6-007A,2020410155,CN,1,0.5,0,CU,10,AWG
7902,KSA2020410160,S100-13ag6-007A,2020410160,CN,1,0.5,0,CU,10,AWG
7903,KSA2020410165,S100-13ag6-007A,2020410165,CN,1,0.5,0,CU,10,AWG
7904,KSA2020410170,S100-13ag6-007A,2020410170,CN,1,0.5,0,CU,10,AWG
7905,KSA2020410175,S100-13ag6-007A,2020410175,CN,1,0.5,0,CU,10,AWG
7906,KSA2020410180,S100-13ag6-0007,2020410180,CN,1,0.5,0,CU,10,AWG
7907,KSA2020410185,S100-13ag6-0007,2020410185,CN,1,0.5,0,CU,10,AWG
7908,KSA2020410190,S100-13ag6-0007,2020410190,CN,1,0.5,0,CU,10,AWG
7909,KSA2020410195,S100-13ag6-0007,2020410195,CN,1,0.5,0,CU,10,AWG
7910,KSA2020410205,S100-13ag6-0007,2020410205,CN,1,0.5,0,CU,10,AWG
7911,KSA2020410210,S100-13ag6-0007,2020410210,CN,1,0.5,0,CU,10,AWG
7912,KSA2020410215,S100-13ag6-0007,2020410215,CN,1,0.5,0,CU,10,AWG
7913,KSA2020410220,S100-13ag6-0007,2020410220,CN,1,0.5,0,CU,10,AWG
7914,KSA2020410225,S100-13ag6-0006,2020410225,CN,1,0.5,0,CU,10,AWG
7915,KSA2020410230,S100-13ag6-0006,2020410230,CN,1,0.5,0,CU,10,AWG
7916,KSA2020410235,S100-13ag6-0006,2020410235,CN,1,0.5,0,CU,10,AWG
7917,KSA2020410240,S100-13ag6-0005,2020410240,CN,1,0.5,0,CU,10,AWG
7918,KSA2020410245,S100-13ag6-0005,2020410245,CN,1,0.5,0,CU,10,AWG
7919,KSA2020410250,S100-13ag6-0005,2020410250,CN,1,0.5,0,CU,10,AWG
7920,KSA2020410255,S100-13ag6-0005,2020410255,CN,1,0.5,0,CU,10,AWG
7921,KSA2020410260,S100-13ag6-0004,2020410260,CN,1,0.5,0,CU,10,AWG
7922,KSA2020410265,S100-13ag6-0004,2020410265,CN,1,0.5,0,CU,10,AWG
7923,KSA2020410270,S100-13ag6-0004,2020410270,CN,1,0.5,0,CU,10,AWG
7924,KSA2020410275,S100-13ag6-0004,2020410275,CN,1,0.5,0,CU,10,AWG
7925,KSA2020410280,S100-13ag6-0002,2020410280,CN,1,0.5,0,CU,10,AWG
7926,KSA2020410285,S100-13ag6-0002,2020410285,CN,1,0.5,0,CU,10,AWG
7927,KSA2020410290,S100-13ag6-0008,2020410290,CN,1,0.5,0,CU,10,AWG
7928,KSA2020410295,S100-13ag6-0009,2020410295,CN,1,0.5,0,CU,10,AWG
7929,KSA2020410300,S100-13ag6-0009,2020410300,CN,1,0.5,0,CU,10,AWG
7930,KSA2020410305,S100-13ag6-0010,2020410305,CN,1,0.5,0,CU,10,AWG
7931,KSA2020410310,S100-13ag6-0011,2020410310,CN,1,0.5,0,CU,10,AWG
7932,KSA2020410315,S100-13ag6-0011,2020410315,CN,1,0.5,0,CU,10,AWG
7933,KSA2020410320,S100-13ag6-0011,2020410320,CN,1,0.5,0,CU,10,AWG
7934,KSA2020410325,S100-13ag6-0013,2020410325,CN,1,0.5,0,CU,10,AWG
7935,KSA2020410330,S100-13ag6-0013,2020410330,CN,1,0.5,0,CU,10,AWG
7936,KSA2020410335,S100-13ag6-0013,2020410335,CN,1,0.5,0,CU,10,AWG
7937,KSA2020410340,S100-13ag6-0013,2020410340,CN,1,0.5,0,CU,10,AWG
7938,KSA2020410345,S100-13ag6-012B,2020410345,CN,1,0.5,0,CU,10,AWG
7939,KSA2020410350,S100-13ag6-012B,2020410350,CN,1,0.5,0,CU,10,AWG
7940,KSA2020410355,S100-13ag6-012B,2020410355,CN,1,0.5,0,CU,10,AWG
7941,KSA2020410360,S100-13ag6-012B,2020410360,CN,1,0.5,0,CU,10,AWG
7942,KSA2020410365,S100-13ag6-014D,2020410365,CN,1,0.5,0,CU,10,AWG
7943,KSA2020410370,S100-13ag6-014D,2020410370,CN,1,0.5,0,CU,10,AWG
7944,KSA2020410375,S100-13ag6-014D,2020410375,CN,1,0.5,0,CU,10,AWG
7945,KSA2020410380,S100-13ag6-014D,2020410380,CN,1,0.5,0,CU,10,AWG
7946,KSA2020410385,S100-13ag6-014D,2020410385,CN,1,0.5,0,CU,10,AWG
7947,KSA2020410390,S100-13ag6-014D,2020410390,CN,1,0.5,0,CU,10,AWG
7948,KSA2020410395,S100-13ag6-014E,2020410395,CN,1,0.5,0,CU,10,AWG
7949,KSA2020410400,S100-13ag6-014E,2020410400,CN,1,0.5,0,CU,10,AWG
7950,KSA2020410405,S100-13ag6-014E,2020410405,CN,1,0.5,0,CU,10,AWG
7951,KSA2020410410,S100-13ag6-014E,2020410410,CN,1,0.5,0,CU,10,AWG
7952,KSA2020410415,S100-13ag6-014E,2020410415,CN,1,0.5,0,CU,10,AWG
7953,KSA2020410420,S100-13ag6-014E,2020410420,CN,1,0.5,0,CU,10,AWG
7954,KSA2020410425,S100-13ag6-014E,2020410425,CN,1,0.5,0,CU,10,AWG
7955,KSA2020410430,S100-13ag6-0013,2020410430,CN,1,0.5,0,CU,10,AWG
7956,KSA2020410435,S100-13ag6-0013,2020410435,CN,1,0.5,0,CU,10,AWG
7957,KSA2020410440,S100-13ag6-0013,2020410440,CN,1,0.5,0,CU,10,AWG
7958,KSA2020410445,S100-13ag6-0013,2020410445,CN,1,0.5,0,CU,10,AWG
7959,KSA2020410450,S100-13ag6-0015,2020410450,CN,1,0.5,0,CU,10,AWG
7960,KSA2020410455,S100-13ag6-0016,2020410455,CN,1,0.5,0,CU,10,AWG
7961,KSA2020410460,S100-13ag6-0016,2020410460,CN,1,0.5,0,CU,10,AWG
7962,KSA2020410465,S100-13ag6-0016,2020410465,CN,1,0.5,0,CU,10,AWG
7963,KSA2020410470,S100-13ag6-0016,2020410470,CN,1,0.5,0,CU,10,AWG
7964,KSA2020410475,S100-13ag6-0016,2020410475,CN,1,0.5,0,CU,10,AWG
7965,KSA2020410480,S100-13ag6-0016,2020410480,CN,1,0.5,0,CU,10,AWG
7966,KSA2020410485,S100-13ag6-0016,2020410485,CN,1,0.5,0,CU,10,AWG
7967,KSA2020410490,S100-13ag6-0016,2020410490,CN,1,0.5,0,CU,10,AWG
7968,KSA2020410495,S100-13ag6-0016,2020410495,CN,1,0.5,0,CU,10,AWG
7969,KSA2020410500,S100-13ag6-0016,2020410500,CN,1,0.5,0,CU,10,AWG
7970,KSA2020410505,S100-13ag6-0016,2020410505,CN,1,0.5,0,CU,10,AWG
7971,KSA2020410510,S100-13ag6-0016,2020410510,CN,1,0.5,0,CU,10,AWG
7972,KSA2020410515,S100-13ag6-0016,2020410515,CN,1,0.5,0,CU,10,AWG
7973,KSA2020410520,S100-13ag6-0016,2020410520,CN,1,0.5,0,CU,10,AWG
7974,KSA2020410525,S100-13ag6-0016,2020410525,CN,1,0.5,0,CU,10,AWG
7975,KSA2020410530,S100-13ag6-0016,2020410530,CN,1,0.5,0,CU,10,AWG
7976,KSA2020410535,S100-13ag6-0016,2020410535,CN,1,0.5,0,CU,10,AWG
7977,KSA2020410540,S100-13ag6-0016,2020410540,CN,1,0.5,0,CU,10,AWG
7978,KSA2020410545,S100-13ag6-0014,2020410545,CN,1,0.5,0,CU,10,AWG
7979,KSA2020410550,S100-13ag6-0013,2020410550,CN,1,0.5,0,CU,10,AWG
7980,KSA2020410555,S100-13ag6-0013,2020410555,CN,1,1.0,0,ACSR,2,AWG
7981,KSA2020410560,S100-13ag6-0013,2020410560,CN,1,1.0,0,ACSR,2,AWG
7982,KSA2020410565,S100-13ag6-014E,2020410565,CN,1,0.5,0,CU,10,AWG
7983,KSA2020410570,S100-13ag6-0015,2020410570,CN,1,0.5,0,CU,10,AWG
7984,KSA2020410575,S100-13ag6-0015,2020410575,CN,1,0.5,0,CU,10,AWG
7985,KSA2020410580,S100-13ag6-0008,2020410580,CN,1,0.5,0,CU,10,AWG
7986,KSA2020410585,S100-13ag6-014E,2020410585,CN,1,0.5,0,CU,10,AWG
7987,KSA2020410590,S100-13ag6-007C,2020410590,CN,1,0.5,0,CU,10,AWG
7988,KSA2020410595,S100-13ag6-007C,2020410595,CN,1,0.5,0,CU,10,AWG
7989,KSA2020410600,S100-13ag6-007B,2020410600,CN,1,0.5,0,CU,10,AWG
7990,KSA2020410610,S100-13ag6-014D,2020410610,CN,1,0.5,0,CU,10,AWG
7991,KSA2020410615,S100-13ag6-014E,2020410615,CN,1,0.5,0,CU,10,AWG
7992,KSA2020410620,S100-13ag6-0016,2020410620,CN,1,0.5,0,CU,10,AWG
7993,KSA2020410625,S100-13ag6-0016,2020410625,CN,1,0.5,0,CU,10,AWG
7994,KSA2020410630,S100-13ag6-0002,2020410630,CN,1,0.5,0,CU,10,AWG
7995,KSA2020410635,S100-13ag6-0014,2020410635,CN,1,0.5,0,CU,10,AWG
7996,KSA2020410640,S100-13ag6-0012,2020410640,CN,1,0.5,0,CU,10,AWG
7997,KSA2020410645,S100-13ag6-0016,2020410645,CN,1,0.5,0,CU,10,AWG
7998,KSA2020410650,S100-13ag6-0016,2020410650,CN,1,0.5,0,CU,10,AWG
7999,KSA2020410655,S100-13ag6-014D,2020410655,CN,1,0.5,0,CU,10,AWG
8000,KSA2020410660,S100-13ag6-0013,2020410660,CN,1,0.5,0,CU,10,AWG
8001,KSA2020410665,S100-13ag6-0013,2020410665,CN,1,0.5,0,CU,10,AWG
8002,KSA2020410667,S100-13ag6-0011,2020410667,CN,1,0.5,0,CU,10,AWG
8003,KSA2020410668,S100-13ag6-0003,2020410668,CN,1,0.5,0,CU,10,AWG
8004,KSA2020410669,S100-13ag6-0016,2020410669,CN,1,0.5,0,CU,10,AWG
8005,KSA2020410672,S100-13ag6-0002,2020410672,CN,1,0.5,0,CU,10,AWG
8006,KSA2020410673,S100-13ag6-014E,2020410673,CN,1,0.5,0,CU,10,AWG
8007,KSA2020410674,S100-13ag6-012B,2020410674,CN,1,0.5,0,CU,10,AWG
8008,KSA2020410675,S100-13ag6-0016,2020410675,CN,1,0.5,0,CU,10,AWG
8009,KSA2020410676,S100-13ag6-0016,2020410676,CN,1,0.5,0,CU,10,AWG
8010,KSA2020410678,S100-13ag6-007C,2020410678,CN,1,0.5,0,CU,10,AWG
8011,KSA2020410679,S100-13ag6-0007,2020410679,CN,1,0.5,0,CU,10,AWG
8012,KSA2020410680,S100-13ag6-007C,2020410680,CN,1,0.5,0,CU,10,AWG
8013,KSA2020410681,S100-13ag6-007B,2020410681,CN,1,0.5,0,CU,10,AWG
8014,KSA2020410682,S100-13ag6-0016,2020410682,CN,1,0.5,0,CU,10,AWG
8015,KSA2020410683,S100-13ag6-0016,2020410683,CN,1,0.5,0,CU,10,AWG
8016,KSA2020410684,S100-13ag6-0016,2020410684,CN,1,0.5,0,CU,10,AWG
8017,KSA2020410685,S100-13ag6-0016,2020410685,CN,1,0.5,0,CU,10,AWG
8018,KSA2020410686,S100-13ag6-0016,2020410686,CN,1,0.5,0,CU,10,AWG
8019,KSA2020410687,S100-13ag6-0016,2020410687,CN,1,83.0,0,ACSR,2,AWG
8020,KSA2020410688,S100-13ag6-0016,2020410688,CN,1,83.0,0,ACSR,2,AWG
8021,KSA2020410689,S100-13ag6-0016,2020410689,CN,1,83.0,0,ACSR,2,AWG
8022,KSA2020410690,S100-13ag6-0016,2020410690,CN,1,83.0,0,ACSR,2,AWG
8023,KSA2020410691,S100-13ag6-0016,2020410691,CN,1,83.0,0,ACSR,2,AWG
8024,KSA2020410692,S100-13ag6-0016,2020410692,CN,1,83.0,0,ACSR,2,AWG
8025,KSA2020420100,S130-56-12-0007,2020420100,BN,1,0.5,0,CU,10,AWG
8026,KSA2020420105,S130-56-12-0007,2020420105,BN,1,0.5,0,CU,10,AWG
8027,KSA2020420110,S130-56-12-0007,2020420110,BN,1,0.5,0,CU,10,AWG
8028,KSA2020420115,S130-56-12-0007,2020420115,BN,1,0.5,0,CU,10,AWG
8029,KSA2020420120,S130-56-12-0008,2020420120,BN,1,0.5,0,CU,10,AWG
8030,KSA2020420125,S130-56-12-0008,2020420125,BN,1,0.5,0,CU,10,AWG
8031,KSA2020420130,S130-56-12-0008,2020420130,BN,1,0.5,0,CU,10,AWG
8032,KSA2020420135,S130-56-12-0009,2020420135,BN,1,0.5,0,CU,10,AWG
8033,KSA2020420140,S130-56-12-0009,2020420140,BN,1,0.5,0,CU,10,AWG
8034,KSA2020420145,S130-56-12-0009,2020420145,BN,1,0.5,0,CU,10,AWG
8035,KSA2020420150,S130-56-12-0009,2020420150,BN,1,0.5,0,CU,10,AWG
8036,KSA2020420155,S130-56-12-0009,2020420155,BN,1,0.5,0,CU,10,AWG
8037,KSA2020420160,S130-56-12-0009,2020420160,BN,1,0.5,0,CU,10,AWG
8038,KSA2020420165,S130-56-12-0009,2020420165,BN,1,0.5,0,CU,10,AWG
8039,KSA2020420170,S130-56-12-0009,2020420170,BN,1,0.5,0,CU,10,AWG
8040,KSA2020420175,S130-56-12-0009,2020420175,BN,1,0.5,0,CU,10,AWG
8041,KSA2020420180,S130-56-12-0009,2020420180,BN,1,0.5,0,CU,10,AWG
8042,KSA2020420185,S130-56-12-0010,2020420185,BN,1,0.5,0,CU,10,AWG
8043,KSA2020420190,S130-56-12-0010,2020420190,BN,1,0.5,0,CU,10,AWG
8044,KSA2020420195,S130-56-12-0010,2020420195,BN,1,0.5,0,CU,10,AWG
8045,KSA2020420200,S130-56-12-0010,2020420200,BN,1,0.5,0,CU,10,AWG
8046,KSA2020420201,S130-56-12-0009,2020420201,BN,1,0.5,0,CU,10,AWG
8047,KSA2020420202,S130-56-12-0010,2020420202,BN,1,0.5,0,CU,10,AWG
8048,KSA2020420203,S130-56-12-0010,2020420203,BN,1,0.5,0,CU,10,AWG
8049,KSA2020420204,S130-56-12-0010,2020420204,BN,1,92.0,0,ACSR,2,AWG
8050,KSA2020430100,S100-55-04-0004,2020430100,CN,1,0.5,0,CU,10,AWG
8051,KSA2020430105,S100-55-04-0004,2020430105,CN,1,0.5,0,CU,10,AWG
8052,KSA2020430110,S100-55-04-0004,2020430110,CN,1,0.5,0,CU,10,AWG
8053,KSA2020430115,S100-55-04-0007,2020430115,CN,1,0.5,0,CU,10,AWG
8054,KSA2020430120,S100-55-04-0004,2020430120,CN,1,0.5,0,CU,10,AWG
8055,KSA2020430125,S100-55-04-006B,2020430125,CN,1,0.5,0,CU,10,AWG
8056,KSA2020430130,S100-55-04-006B,2020430130,CN,1,0.5,0,CU,10,AWG
8057,KSA2020430135,S100-55-04-0004,2020430135,CN,1,0.5,0,CU,10,AWG
8058,KSA2020430140,S100-55-04-0009,2020430140,CN,1,0.5,0,CU,10,AWG
8059,KSA2020430145,S100-55-04-0009,2020430145,CN,1,0.5,0,CU,10,AWG
8060,KSA2020430150,S100-55-04-0009,2020430150,CN,1,0.5,0,CU,10,AWG
8061,KSA2020430156,S0100-072M-0010,2020430156,CN,1,0.5,0,CU,10,AWG
8062,KSA2020430157,S0100-072M-0010,2020430157,CN,1,54.0,0,ACSR,2,AWG
8063,KSA2020430158,S0100-072M-0010,2020430158,CN,1,54.0,0,ACSR,2,AWG
8064,KSA2020430159,S0100-072M-0010,2020430159,CN,1,54.0,0,ACSR,2,AWG
8065,KSA2020440100,S0100-0085-006E,2020440100,CN,1,0.5,0,CU,10,AWG
8066,KSA2020440105,S0100-0085-006E,2020440105,CN,1,0.5,0,CU,10,AWG
8067,KSA2020440110,S0100-0085-006E,2020440110,CN,2,85.0,0,ACSR,2,AWG
8068,KSA2020440115,S0100-0085-006E,2020440115,CN,1,0.5,0,CU,10,AWG
8069,KSA2020440120,S0100-0085-0004,2020440120,CN,1,0.5,0,CU,10,AWG
8070,KSA2020440125,S0100-0085-007a,2020440125,CN,1,0.5,0,CU,10,AWG
8071,KSA2020440130,S0100-0085-007a,2020440130,CN,2,79.0,0,ACSR,2,AWG
8072,KSA2020440135,S0100-0085-0005,2020440135,CN,1,0.5,0,CU,10,AWG
8073,KSA2020440140,S0100-0085-0005,2020440140,CN,1,0.5,0,CU,10,AWG
8074,KSA2020440145,S0100-0085-0003,2020440145,CN,1,0.5,0,CU,10,AWG
8075,KSA2020440150,S0100-0085-0004,2020440150,CN,1,0.5,0,CU,10,AWG
8076,KSA2020440155,S0100-0085-007a,2020440155,CN,1,0.5,0,CU,10,AWG
8077,KSA2020440160,S0100-0085-0002,2020440160,CN,1,0.5,0,CU,10,AWG
8078,KSA2020440165,S0100-0085-0001,2020440165,CN,1,0.5,0,CU,10,AWG
8079,KSA2020440170,S0100-0085-007a,2020440170,CN,1,0.5,0,CU,10,AWG
8080,KSA2020440175,S0100-0085-0002,2020440175,CN,1,0.5,0,CU,10,AWG
8081,KSA2020440180,S0100-0085-0003,2020440180,CN,1,0.5,0,CU,10,AWG
8082,KSA2020440185,S0100-0085-006E,2020440185,CN,1,0.5,0,CU,10,AWG
8083,KSA2020440190,S0100-0085-006E,2020440190,CN,1,0.5,0,CU,10,AWG
8084,KSA2020440195,S0100-0085-006D,2020440195,CN,1,0.5,0,CU,10,AWG
8085,KSA2020440200,S0100-0085-0009,2020440200,CN,1,0.5,0,CU,10,AWG
8086,KSA2020440205,S0100-0085-0009,2020440205,CN,1,0.5,0,CU,10,AWG
8087,KSA2020440210,S0100-0085-0008,2020440210,CN,1,0.5,0,CU,10,AWG
8088,KSA2020440215,S0100-0085-0007,2020440215,CN,1,0.5,0,CU,10,AWG
8089,KSA2020440220,S0100-0085-006D,2020440220,CN,1,0.5,0,CU,10,AWG
8090,KSA2020440225,S0100-0085-006D,2020440225,CN,1,0.5,0,CU,10,AWG
8091,KSA2020440230,S0100-0085-006D,2020440230,CN,1,0.5,0,CU,10,AWG
8092,KSA2020440235,S0100-0085-006D,2020440235,CN,1,0.5,0,CU,10,AWG
8093,KSA2020440240,S0100-0085-006D,2020440240,CN,1,0.5,0,CU,10,AWG
8094,KSA2020440245,S0100-0085-006D,2020440245,CN,1,0.5,0,CU,10,AWG
8095,KSA2020440250,S0100-0085-006D,2020440250,CN,1,0.5,0,CU,10,AWG
8096,KSA2020440255,S0100-0085-006D,2020440255,CN,1,0.5,0,CU,10,AWG
8097,KSA2020440260,S0100-0085-006D,2020440260,CN,1,0.5,0,CU,10,AWG
8098,KSA2020440265,S0100-0085-006D,2020440265,CN,1,0.5,0,CU,10,AWG
8099,KSA2020440270,S0100-0085-006D,2020440270,CN,1,0.5,0,CU,10,AWG
8100,KSA2020440275,S0100-0085-0003,2020440275,CN,1,0.5,0,CU,10,AWG
8101,KSA2020440280,S0100-0085-0003,2020440280,CN,1,0.5,0,CU,10,AWG
8102,KSA2020440290,S0100-0085-0003,2020440290,CN,1,69.0,0,ACSR,2,AWG
8103,KSA2020440291,S0100-0085-006D,2020440291,CN,1,0.5,0,CU,10,AWG
8104,KSA2020440292,S0100-0085-006D,2020440292,CN,1,0.5,0,CU,10,AWG
8105,KSA2020440293,S0100-0085-006D,2020440293,CN,1,0.5,0,CU,10,AWG
8106,KSA2020440294,S0100-0085-006D,2020440294,CN,1,0.5,0,CU,10,AWG
8107,KSA2020440295,S0100-0085-006D,2020440295,CN,2,88.0,0,ACSR,2,AWG
8108,KSA2020440296,S0100-0085-006D,2020440296,CN,2,88.0,0,ACSR,2,AWG
8109,KSA2020440297,S0100-0085-006D,2020440297,CN,2,88.0,0,ACSR,2,AWG
8110,KSA2020450100,S0100-0085-006D,2020450100,CN,2,88.0,0,ACSR,2,AWG
8111,KSA2020450105,S0100-0085-006D,2020450105,CN,2,88.0,0,ACSR,2,AWG
8112,KSA2020450110,S0100-0085-006D,2020450110,CN,2,88.0,0,ACSR,2,AWG
8113,KSA2020450115,S0100-0085-006D,2020450115,CN,2,88.0,0,ACSR,2,AWG
8114,KSA2020450120,S0100-0085-006D,2020450120,CN,2,88.0,0,ACSR,2,AWG
8115,KSA2020450125,S0100-0085-006D,2020450125,CN,2,88.0,0,ACSR,2,AWG
8116,KSA2020450130,S0100-0085-006D,2020450130,CN,2,88.0,0,ACSR,2,AWG
8117,KSA2020450135,S0100-0085-006D,2020450135,CN,2,88.0,0,ACSR,2,AWG
8118,KSA2020450140,S0100-0085-006D,2020450140,CN,2,88.0,0,ACSR,2,AWG
8119,KSA2020450145,S0100-0085-006D,2020450145,CN,2,88.0,0,ACSR,2,AWG
8120,KSA2020450150,S0100-0085-006D,2020450150,CN,2,88.0,0,ACSR,2,AWG
8121,KSA2020450155,S0100-0085-006D,2020450155,CN,2,88.0,0,ACSR,2,AWG
8122,KSA2020450160,S0100-0085-006D,2020450160,CN,2,88.0,0,ACSR,2,AWG
8123,KSA2020450165,S0100-0085-006D,2020450165,CN,2,88.0,0,ACSR,2,AWG
8124,KSA2020450170,S0100-0085-006D,2020450170,CN,2,88.0,0,ACSR,2,AWG
8125,KSA2020450175,S0100-0085-006D,2020450175,CN,2,88.0,0,ACSR,2,AWG
8126,KSA2020450180,S0100-0085-006D,2020450180,CN,2,88.0,0,ACSR,2,AWG
8127,KSA2020450185,S0100-0085-006D,2020450185,CN,2,88.0,0,ACSR,2,AWG
8128,KSA2020450190,S0100-0085-006D,2020450190,CN,2,88.0,0,ACSR,2,AWG
8129,KSA2020450195,S0100-0085-006D,2020450195,CN,2,88.0,0,ACSR,2,AWG
8130,KSA2020450200,S0100-0085-006D,2020450200,CN,2,88.0,0,ACSR,2,AWG
8131,KSA2020450205,S0100-0085-006D,2020450205,CN,2,88.0,0,ACSR,2,AWG
8132,KSA2020450210,S0100-0085-006D,2020450210,CN,2,88.0,0,ACSR,2,AWG
8133,KSA2020450215,S0100-0085-006D,2020450215,CN,2,88.0,0,ACSR,2,AWG
8134,KSA2020450220,S0100-0085-006D,2020450220,CN,2,88.0,0,ACSR,2,AWG
8135,KSA2020450225,S0100-0085-006D,2020450225,CN,2,88.0,0,ACSR,2,AWG
8136,KSA2020450230,S0100-0085-006D,2020450230,CN,2,88.0,0,ACSR,2,AWG
8137,KSA2020450235,S0100-0085-006D,2020450235,CN,2,88.0,0,ACSR,2,AWG
8138,KSA2020450240,S0100-0085-006D,2020450240,CN,2,88.0,0,ACSR,2,AWG
8139,KSA2020450245,S0100-0085-006D,2020450245,CN,2,88.0,0,ACSR,2,AWG
8140,KSA2020450250,S0100-0085-006D,2020450250,CN,2,88.0,0,ACSR,2,AWG
8141,KSA2020450255,S0100-0085-006D,2020450255,CN,2,88.0,0,ACSR,2,AWG
8142,KSA2020450260,S0100-0085-006D,2020450260,CN,2,88.0,0,ACSR,2,AWG
8143,KSA2020450265,S0100-0085-006D,2020450265,CN,2,88.0,0,ACSR,2,AWG
8144,KSA2020450270,S0100-0085-006D,2020450270,CN,2,88.0,0,ACSR,2,AWG
8145,KSA2020450275,S0100-0085-006D,2020450275,CN,2,88.0,0,ACSR,2,AWG
8146,KSA2020450280,S0100-0085-006D,2020450280,CN,2,88.0,0,ACSR,2,AWG
8147,KSA2020450285,S0100-0085-006D,2020450285,CN,2,88.0,0,ACSR,2,AWG
8148,KSA2020450290,S0100-0085-006D,2020450290,CN,2,88.0,0,ACSR,2,AWG
8149,KSA2020450295,S0100-0085-006D,2020450295,CN,2,88.0,0,ACSR,2,AWG
8150,KSA2020450300,S0100-0085-006D,2020450300,CN,2,88.0,0,ACSR,2,AWG
8151,KSA2020450305,S0100-0085-006D,2020450305,CN,2,88.0,0,ACSR,2,AWG
8152,KSA2020450310,S0100-0085-006D,2020450310,CN,2,88.0,0,ACSR,2,AWG
8153,KSA2020450315,S0100-0085-006D,2020450315,CN,2,88.0,0,ACSR,2,AWG
8154,KSA2020450320,S0100-0085-006D,2020450320,CN,2,88.0,0,ACSR,2,AWG
8155,KSA2020450325,S0100-0085-006D,2020450325,CN,2,88.0,0,ACSR,2,AWG
8156,KSA2020450330,S0100-0085-006D,2020450330,CN,2,88.0,0,ACSR,2,AWG
8157,KSA2020450335,S0100-0085-006D,2020450335,CN,2,88.0,0,ACSR,2,AWG
8158,KSA2020450340,S0100-0085-006D,2020450340,CN,2,88.0,0,ACSR,2,AWG
8159,KSA2020450345,S0100-0085-006D,2020450345,CN,2,88.0,0,ACSR,2,AWG
8160,KSA2020450350,S0100-0085-006D,2020450350,CN,2,88.0,0,ACSR,2,AWG
8161,KSA2020450355,S0100-0085-006D,2020450355,CN,2,88.0,0,ACSR,2,AWG
8162,KSA2020450360,S0100-0085-006D,2020450360,CN,2,88.0,0,ACSR,2,AWG
8163,KSA2020450365,S0100-0085-006D,2020450365,CN,2,88.0,0,ACSR,2,AWG
8164,KSA2020450370,S0100-0085-006D,2020450370,CN,2,88.0,0,ACSR,2,AWG
8165,KSA2020450375,S0100-0085-006D,2020450375,CN,2,88.0,0,ACSR,2,AWG
8166,KSA2020450380,S0100-0085-006D,2020450380,CN,2,88.0,0,ACSR,2,AWG
8167,KSA2020450385,S0100-0085-006D,2020450385,CN,2,88.0,0,ACSR,2,AWG
8168,KSA2020450390,S0100-0085-006D,2020450390,CN,2,88.0,0,ACSR,2,AWG
8169,KSA2020450395,S0100-0085-006D,2020450395,CN,2,88.0,0,ACSR,2,AWG
8170,KSA2020450405,S0100-0085-006D,2020450405,CN,2,88.0,0,ACSR,2,AWG
8171,KSA2020450410,S0100-0085-006D,2020450410,CN,2,88.0,0,ACSR,2,AWG
8172,KSA2020450415,S0100-0085-006D,2020450415,CN,2,88.0,0,ACSR,2,AWG
8173,KSA2020450420,S0100-0085-006D,2020450420,CN,2,88.0,0,ACSR,2,AWG
8174,KSA2020450421,S0100-0085-006D,2020450421,CN,2,88.0,0,ACSR,2,AWG
8175,KSA2020450422,S0100-0085-006D,2020450422,CN,2,88.0,0,ACSR,2,AWG
8176,KSA2020450423,S0100-0085-006D,2020450423,CN,2,88.0,0,ACSR,2,AWG
8177,KSA2020450424,S0100-0085-006D,2020450424,CN,2,88.0,0,ACSR,2,AWG
8178,KSA2020450425,S0100-0085-006D,2020450425,CN,2,88.0,0,ACSR,2,AWG
8179,KSA2020450426,S0100-0085-006D,2020450426,CN,2,88.0,0,ACSR,2,AWG
8180,KSA2020450427,S0100-0085-006D,2020450427,CN,2,88.0,0,ACSR,2,AWG
8181,KSA2020450428,S0100-0085-006D,2020450428,CN,2,88.0,0,ACSR,2,AWG
8182,KSA2020450429,S0100-0085-006D,2020450429,CN,2,88.0,0,ACSR,2,AWG
8183,KSA2020450430,S0100-0085-006D,2020450430,CN,2,88.0,0,ACSR,2,AWG
8184,KSA2020450431,S0100-0085-006D,2020450431,CN,2,88.0,0,ACSR,2,AWG
8185,KSA2020450432,S0100-0085-006D,2020450432,CN,2,88.0,0,ACSR,2,AWG
8186,KSA2020450433,S0100-0085-006D,2020450433,CN,2,88.0,0,ACSR,2,AWG
8187,KSA2020460100,S0100-013m-003c,2020460100,CN,1,0.5,0,CU,10,AWG
8188,KSA2020460105,S0100-013m-003c,2020460105,CN,1,0.5,0,CU,10,AWG
8189,KSA2020460110,S0100-013m-003c,2020460110,CN,1,0.5,0,CU,10,AWG
8190,KSA2020460115,S0100-013m-003c,2020460115,CN,1,0.5,0,CU,10,AWG
8191,KSA2020460120,S0100-013m-003c,2020460120,CN,1,0.5,0,CU,10,AWG
8192,KSA2020460125,S0100-013m-003c,2020460125,CN,1,0.5,0,CU,10,AWG
8193,KSA2020460130,S0100-013m-003c,2020460130,CN,1,0.5,0,CU,10,AWG
8194,KSA2020460135,S0100-013m-003c,2020460135,CN,1,0.5,0,CU,10,AWG
8195,KSA2020460140,S0100-013m-003c,2020460140,CN,1,0.5,0,CU,10,AWG
8196,KSA2020460145,S0100-013m-003c,2020460145,CN,1,0.5,0,CU,10,AWG
8197,KSA2020460150,S0100-013m-003c,2020460150,CN,1,0.5,0,CU,10,AWG
8198,KSA2020460160,S0100-013m-003b,2020460160,CN,1,0.5,0,CU,10,AWG
8199,KSA2020460165,S0100-013m-003b,2020460165,CN,1,0.5,0,CU,10,AWG
8200,KSA2020460175,S0100-013m-0001,2020460175,CN,1,0.5,0,CU,10,AWG
8201,KSA2020460180,S0100-013m-0003,2020460180,CN,1,0.5,0,CU,10,AWG
8202,KSA2020460185,S0100-013m-0003,2020460185,CN,1,0.5,0,CU,10,AWG
8203,KSA2020460190,S0100-013m-0003,2020460190,CN,1,0.5,0,CU,10,AWG
8204,KSA2020460195,S0100-013m-0005,2020460195,CN,1,0.5,0,CU,10,AWG
8205,KSA2020460200,S0100-013m-0005,2020460200,CN,1,0.5,0,CU,10,AWG
8206,KSA2020460205,S0100-013m-0006,2020460205,CN,1,0.5,0,CU,10,AWG
8207,KSA2020460210,S0100-013m-0006,2020460210,CN,1,0.5,0,CU,10,AWG
8208,KSA2020460215,S0100-013m-0006,2020460215,CN,1,0.5,0,CU,10,AWG
8209,KSA2020460220,S0100-013m-0006,2020460220,CN,1,0.5,0,CU,10,AWG
8210,KSA2020460225,S0100-013m-0006,2020460225,CN,1,0.5,0,CU,10,AWG
8211,KSA2020460230,S0100-013m-0006,2020460230,CN,1,0.5,0,CU,10,AWG
8212,KSA2020460235,S0100-013m-0006,2020460235,CN,1,0.5,0,CU,10,AWG
8213,KSA2020460240,S0100-013m-0006,2020460240,CN,1,0.5,0,CU,10,AWG
8214,KSA2020460245,S0100-013m-0006,2020460245,CN,1,0.5,0,CU,10,AWG
8215,KSA2020460250,S0100-013m-0006,2020460250,CN,1,0.5,0,CU,10,AWG
8216,KSA2020460255,S0100-013m-0007,2020460255,CN,1,0.5,0,CU,10,AWG
8217,KSA2020460260,S0100-013m-0007,2020460260,CN,1,0.5,0,CU,10,AWG
8218,KSA2020460265,S0100-013m-0008,2020460265,CN,1,0.5,0,CU,10,AWG
8219,KSA2020460270,S0100-013m-0008,2020460270,CN,1,0.5,0,CU,10,AWG
8220,KSA2020460275,S0100-013m-0008,2020460275,CN,1,0.5,0,CU,10,AWG
8221,KSA2020460280,S0100-013m-0008,2020460280,CN,1,0.5,0,CU,10,AWG
8222,KSA2020460285,S0100-013m-0009,2020460285,CN,1,0.5,0,CU,10,AWG
8223,KSA2020460290,S0100-013m-0009,2020460290,CN,1,0.5,0,CU,10,AWG
8224,KSA2020460295,S0100-013m-0009,2020460295,CN,1,0.5,0,CU,10,AWG
8225,KSA2020460300,S0100-013m-0009,2020460300,CN,1,0.5,0,CU,10,AWG
8226,KSA2020460305,S0100-013m-0010,2020460305,CN,1,0.5,0,CU,10,AWG
8227,KSA2020460310,S0100-013m-0010,2020460310,CN,1,0.5,0,CU,10,AWG
8228,KSA2020460315,S0100-013m-0010,2020460315,CN,1,0.5,0,CU,10,AWG
8229,KSA2020460320,S0100-013m-0010,2020460320,CN,1,0.5,0,CU,10,AWG
8230,KSA2020460325,S0100-013m-0010,2020460325,CN,1,0.5,0,CU,10,AWG
8231,KSA2020460330,S0100-013m-0010,2020460330,CN,1,0.5,0,CU,10,AWG
8232,KSA2020460335,S0100-013m-0010,2020460335,CN,1,0.5,0,CU,10,AWG
8233,KSA2020460340,S0100-013m-0010,2020460340,CN,1,0.5,0,CU,10,AWG
8234,KSA2020460345,S0100-013m-0011,2020460345,CN,1,0.5,0,CU,10,AWG
8235,KSA2020460350,S0100-013m-0011,2020460350,CN,1,0.5,0,CU,10,AWG
8236,KSA2020460355,S0100-013m-0011,2020460355,CN,1,0.5,0,CU,10,AWG
8237,KSA2020460360,S0100-013m-0011,2020460360,CN,1,0.5,0,CU,10,AWG
8238,KSA2020460365,S0100-013m-0011,2020460365,CN,1,0.5,0,CU,10,AWG
8239,KSA2020460370,S0100-013m-0011,2020460370,CN,1,0.5,0,CU,10,AWG
8240,KSA2020460375,S0100-013m-0012,2020460375,CN,1,0.5,0,CU,10,AWG
8241,KSA2020460380,S0100-013m-0013,2020460380,CN,1,0.5,0,CU,10,AWG
8242,KSA2020460385,S0100-013m-0014,2020460385,CN,1,0.5,0,CU,10,AWG
8243,KSA2020460390,S0100-013m-0014,2020460390,CN,1,0.5,0,CU,10,AWG
8244,KSA2020460395,S0100-013m-0014,2020460395,CN,1,0.5,0,CU,10,AWG
8245,KSA2020460400,S0100-013m-0014,2020460400,CN,1,0.5,0,CU,10,AWG
8246,KSA2020460405,S0100-013m-0014,2020460405,CN,1,0.5,0,CU,10,AWG
8247,KSA2020460410,S0100-013m-016c,2020460410,CN,1,0.5,0,CU,10,AWG
8248,KSA2020460415,S0100-013m-0014,2020460415,CN,1,0.5,0,CU,10,AWG
8249,KSA2020460420,S0100-013m-0014,2020460420,CN,1,0.5,0,CU,10,AWG
8250,KSA2020460425,S0100-013m-0015,2020460425,CN,1,0.5,0,CU,10,AWG
8251,KSA2020460430,S0100-013m-0017,2020460430,CN,1,0.5,0,CU,10,AWG
8252,KSA2020460435,S0100-013m-0017,2020460435,CN,1,0.5,0,CU,10,AWG
8253,KSA2020460440,S0100-013m-0017,2020460440,CN,1,0.5,0,CU,10,AWG
8254,KSA2020460445,S0100-013m-0017,2020460445,CN,1,0.5,0,CU,10,AWG
8255,KSA2020460450,S0100-013m-0018,2020460450,CN,1,0.5,0,CU,10,AWG
8256,KSA2020460455,S0100-013m-0019,2020460455,CN,1,0.5,0,CU,10,AWG
8257,KSA2020460460,S0100-013m-0019,2020460460,CN,1,0.5,0,CU,10,AWG
8258,KSA2020460465,S0100-013m-0019,2020460465,CN,1,0.5,0,CU,10,AWG
8259,KSA2020460470,S0100-013m-0021,2020460470,CN,1,0.5,0,CU,10,AWG
8260,KSA2020460475,S0100-013m-0021,2020460475,CN,1,0.5,0,CU,10,AWG
8261,KSA2020460480,S0100-013m-0022,2020460480,CN,1,0.5,0,CU,10,AWG
8262,KSA2020460485,S0100-013m-0022,2020460485,CN,1,0.5,0,CU,10,AWG
8263,KSA2020460490,S0100-013m-0022,2020460490,CN,1,0.5,0,CU,10,AWG
8264,KSA2020460495,S0100-013m-016a,2020460495,CN,1,0.5,0,CU,10,AWG
8265,KSA2020460500,S0100-013m-016a,2020460500,CN,1,0.5,0,CU,10,AWG
8266,KSA2020460505,S0100-013m-016b,2020460505,CN,1,0.5,0,CU,10,AWG
8267,KSA2020460510,S0100-013m-016c,2020460510,CN,1,0.5,0,CU,10,AWG
8268,KSA2020460515,S0100-013m-016c,2020460515,CN,1,0.5,0,CU,10,AWG
8269,KSA2020460520,S0100-013m-016c,2020460520,CN,1,0.5,0,CU,10,AWG
8270,KSA2020460525,S0100-013m-016e,2020460525,CN,1,0.5,0,CU,10,AWG
8271,KSA2020460530,S0100-013m-016e,2020460530,CN,1,0.5,0,CU,10,AWG
8272,KSA2020460535,S0100-013m-016f,2020460535,CN,1,0.5,0,CU,10,AWG
8273,KSA2020460540,S0100-013m-016f,2020460540,CN,1,0.5,0,CU,10,AWG
8274,KSA2020460545,S0100-013m-016g,2020460545,CN,1,0.5,0,CU,10,AWG
8275,KSA2020460550,S0100-013m-016h,2020460550,CN,1,0.5,0,CU,10,AWG
8276,KSA2020460555,S0100-013m-016h,2020460555,CN,1,0.5,0,CU,10,AWG
8277,KSA2020460560,S0100-013m-016h,2020460560,CN,1,0.5,0,CU,10,AWG
8278,KSA2020460565,S0100-013m-016h,2020460565,CN,1,0.5,0,CU,10,AWG
8279,KSA2020460570,S0100-013m-016h,2020460570,CN,1,0.5,0,CU,10,AWG
8280,KSA2020460575,S0100-013m-0016,2020460575,CN,1,0.5,0,CU,10,AWG
8281,KSA2020460580,S0100-013m-0011,2020460580,CN,1,0.5,0,CU,10,AWG
8282,KSA2020460585,S0100-013m-0019,2020460585,CN,1,0.5,0,CU,10,AWG
8283,KSA2020460590,S0100-013m-0014,2020460590,CN,1,0.5,0,CU,10,AWG
8284,KSA2020460595,S0100-013m-0021,2020460595,CN,1,0.5,0,CU,10,AWG
8285,KSA2020460600,S0100-013m-0021,2020460600,CN,1,87.0,0,ACSR,2,AWG
8286,KSA2020460605,S0100-013m-016g,2020460605,CN,1,0.5,0,CU,10,AWG
8287,KSA2020460610,S0100-013m-016g,2020460610,CN,1,0.5,0,CU,10,AWG
8288,KSA2020460611,S0100-013m-0016,2020460611,CN,1,0.5,0,CU,10,AWG
8289,KSA2020460612,S0100-013m-0015,2020460612,CN,1,0.5,0,CU,10,AWG
8290,KSA2020460613,S0100-013m-0015,2020460613,CN,1,0.5,0,CU,10,AWG
8291,KSA2020460614,S0100-013m-0009,2020460614,CN,1,0.5,0,CU,10,AWG
8292,KSA2020460615,S0100-013m-0010,2020460615,CN,1,0.5,0,CU,10,AWG
8293,KSA2020460616,S0100-013m-0011,2020460616,CN,1,0.5,0,CU,10,AWG
8294,KSA2020460617,S0100-013m-016f,2020460617,CN,1,0.5,0,CU,10,AWG
8295,KSA2020460618,S0100-013m-016f,2020460618,CN,1,0.5,0,CU,10,AWG
8296,KSA2020460619,S0100-013m-016f,2020460619,CN,1,0.5,0,CU,10,AWG
8297,KSA2020460622,S0100-013m-016e,2020460622,CN,1,0.5,0,CU,10,AWG
8298,KSA2020460623,S0100-013m-016e,2020460623,CN,1,0.5,0,CU,10,AWG
8299,KSA2020460624,S0100-013m-016e,2020460624,CN,1,0.5,0,CU,10,AWG
8300,KSA2020460625,S0100-013m-016f,2020460625,CN,1,0.5,0,CU,10,AWG
8301,KSA2020460626,S0100-013m-016f,2020460626,CN,1,0.5,0,CU,10,AWG
8302,KSA2020460627,S0100-013m-016f,2020460627,CN,1,0.5,0,CU,10,AWG
8303,KSA2020460628,S0100-013m-016f,2020460628,CN,1,0.5,0,CU,10,AWG
8304,KSA2020460629,S0100-013m-016f,2020460629,CN,1,0.5,0,CU,10,AWG
8305,KSA2020460630,S0100-013m-016d,2020460630,CN,1,0.5,0,CU,10,AWG
8306,KSA2020460631,S0100-013m-016d,2020460631,CN,1,0.5,0,CU,10,AWG
8307,KSA2020460632,S0100-013m-016d,2020460632,CN,1,0.5,0,CU,10,AWG
8308,KSA2020460633,S0100-013m-016d,2020460633,CN,1,0.5,0,CU,10,AWG
8309,KSA2020460634,S0100-013m-016d,2020460634,CN,1,0.5,0,CU,10,AWG
8310,KSA2020460635,S0100-013m-016c,2020460635,CN,1,0.5,0,CU,10,AWG
8311,KSA2020460636,S0100-013m-016c,2020460636,CN,1,0.5,0,CU,10,AWG
8312,KSA2020460637,S0100-013m-016c,2020460637,CN,1,0.5,0,CU,10,AWG
8313,KSA2020460638,S0100-013m-016c,2020460638,CN,1,0.5,0,CU,10,AWG
8314,KSA2020460639,S0100-013m-016c,2020460639,CN,2,81.0,0,ACSR,2,AWG
8315,KSA2020460640,S0100-013m-016c,2020460640,CN,2,81.0,0,ACSR,2,AWG
8316,KSA2020460641,S0100-013m-016c,2020460641,CN,2,81.0,0,ACSR,2,AWG
8317,KSA2020460642,S0100-013m-016c,2020460642,CN,2,81.0,0,ACSR,2,AWG
8318,KSA2020460643,S0100-013m-016c,2020460643,CN,2,81.0,0,ACSR,2,AWG
8319,KSA2020460644,S0100-013m-016c,2020460644,CN,2,81.0,0,ACSR,2,AWG
8320,KSA2020460645,S0100-013m-016c,2020460645,CN,2,81.0,0,ACSR,2,AWG
8321,KSA2020460646,S0100-013m-016c,2020460646,CN,2,81.0,0,ACSR,2,AWG
8322,KSA2020460647,S0100-013m-016c,2020460647,CN,2,81.0,0,ACSR,2,AWG
8323,KSA2020460648,S0100-013m-016c,2020460648,CN,2,81.0,0,ACSR,2,AWG
8324,KSA2020460649,S0100-013m-016c,2020460649,CN,2,81.0,0,ACSR,2,AWG
8325,KSA2020460650,S0100-013m-016c,2020460650,CN,2,81.0,0,ACSR,2,AWG
8326,KSA2020470100,S0100-013m-016c,2020470100,CN,2,81.0,0,ACSR,2,AWG
8327,KSA2020470105,S0100-013m-016c,2020470105,CN,2,81.0,0,ACSR,2,AWG
8328,KSA2020470110,S0100-013m-016c,2020470110,CN,2,81.0,0,ACSR,2,AWG
8329,KSA2020470115,S0100-013m-016c,2020470115,CN,2,81.0,0,ACSR,2,AWG
8330,KSA2020470120,S0100-013m-016c,2020470120,CN,2,81.0,0,ACSR,2,AWG
8331,KSA2020470125,S0100-013m-016c,2020470125,CN,2,81.0,0,ACSR,2,AWG
8332,KSA2020470130,S0100-013m-016c,2020470130,CN,2,81.0,0,ACSR,2,AWG
8333,KSA2020470135,S0100-013m-016c,2020470135,CN,2,81.0,0,ACSR,2,AWG
8334,KSA2020470140,S0100-013m-016c,2020470140,CN,2,81.0,0,ACSR,2,AWG
8335,KSA2020470145,S0100-013m-016c,2020470145,CN,2,81.0,0,ACSR,2,AWG
8336,KSA2020470150,S0100-013m-016c,2020470150,CN,2,81.0,0,ACSR,2,AWG
8337,KSA2020470155,S0100-013m-016c,2020470155,CN,2,81.0,0,ACSR,2,AWG
8338,KSA2020470160,S0100-013m-016c,2020470160,CN,2,81.0,0,ACSR,2,AWG
8339,KSA2020470165,S0100-013m-016c,2020470165,CN,2,81.0,0,ACSR,2,AWG
8340,KSA2020470170,S0100-013m-016c,2020470170,CN,2,81.0,0,ACSR,2,AWG
8341,KSA2020470175,S0100-013m-016c,2020470175,CN,2,81.0,0,ACSR,2,AWG
8342,KSA2020470180,S0100-013m-016c,2020470180,CN,2,81.0,0,ACSR,2,AWG
8343,KSA2020470185,S0100-013m-016c,2020470185,CN,2,81.0,0,ACSR,2,AWG
8344,KSA2020470190,S0100-013m-016c,2020470190,CN,2,81.0,0,ACSR,2,AWG
8345,KSA2020470195,S0100-013m-016c,2020470195,CN,2,81.0,0,ACSR,2,AWG
8346,KSA2020470200,S0100-013m-016c,2020470200,CN,2,81.0,0,ACSR,2,AWG
8347,KSA2020470205,S0100-013m-016c,2020470205,CN,2,81.0,0,ACSR,2,AWG
8348,KSA2020470210,S0100-013m-016c,2020470210,CN,2,81.0,0,ACSR,2,AWG
8349,KSA2020470215,S0100-013m-016c,2020470215,CN,2,81.0,0,ACSR,2,AWG
8350,KSA2020470218,S0100-013m-016c,2020470218,CN,2,81.0,0,ACSR,2,AWG
8351,KSA2020470219,S0100-013m-016c,2020470219,CN,2,81.0,0,ACSR,2,AWG
8352,KSA2020470220,S0100-013m-016c,2020470220,CN,2,81.0,0,ACSR,2,AWG
8353,KSA2020470221,S0100-013m-016c,2020470221,CN,2,81.0,0,ACSR,2,AWG
8354,KSA2020470222,S0100-013m-016c,2020470222,CN,2,81.0,0,ACSR,2,AWG
8355,KSA2020470223,S0100-013m-016c,2020470223,CN,2,81.0,0,ACSR,2,AWG
8356,KSA2020470224,S0100-013m-016c,2020470224,CN,2,81.0,0,ACSR,2,AWG
8357,KSA2020470225,S0100-013m-016c,2020470225,CN,2,81.0,0,ACSR,2,AWG
8358,KSA2020470227,S0100-013m-016c,2020470227,CN,2,81.0,0,ACSR,2,AWG
8359,KSA2020470228,S0100-013m-016c,2020470228,CN,2,81.0,0,ACSR,2,AWG
8360,KSA2020470229,S0100-013m-016c,2020470229,CN,2,81.0,0,ACSR,2,AWG
8361,KSA2020480100,S0100-13bj-003c,2020480100,CN,1,0.5,0,CU,10,AWG
8362,KSA2020480105,S0100-13bj-003c,2020480105,CN,1,0.5,0,CU,10,AWG
8363,KSA2020480110,S0100-13bj-006a,2020480110,CN,1,0.5,0,CU,10,AWG
8364,KSA2020480115,S0100-13bj-006a,2020480115,CN,1,0.5,0,CU,10,AWG
8365,KSA2020480120,S0100-13bj-0009,2020480120,CN,1,0.5,0,CU,10,AWG
8366,KSA2020480125,S0100-13bj-0009,2020480125,CN,1,0.5,0,CU,10,AWG
8367,KSA2020480130,S0100-13bj-0004,2020480130,CN,1,0.5,0,CU,10,AWG
8368,KSA2020480135,S0100-13bj-003b,2020480135,CN,1,0.5,0,CU,10,AWG
8369,KSA2020480140,S0100-13bj-003c,2020480140,CN,1,0.5,0,CU,10,AWG
8370,KSA2020480145,S0100-13bj-003c,2020480145,CN,1,0.5,0,CU,10,AWG
8371,KSA2020480150,S0100-13bj-003c,2020480150,CN,1,0.5,0,CU,10,AWG
8372,KSA2020480155,S0100-13bj-003c,2020480155,CN,1,0.5,0,CU,10,AWG
8373,KSA2020480160,S0100-13bj-003c,2020480160,CN,1,0.5,0,CU,10,AWG
8374,KSA2020480165,S0100-13bj-003c,2020480165,CN,1,0.5,0,CU,10,AWG
8375,KSA2020480170,S0100-13bj-003c,2020480170,CN,1,0.5,0,CU,10,AWG
8376,KSA2020480175,S0100-13bj-003c,2020480175,CN,1,0.5,0,CU,10,AWG
8377,KSA2020480180,S0100-13bj-003b,2020480180,CN,1,0.5,0,CU,10,AWG
8378,KSA2020480185,S0100-13bj-0003,2020480185,CN,1,0.5,0,CU,10,AWG
8379,KSA2020480190,S0100-13bj-003a,2020480190,CN,1,0.5,0,CU,10,AWG
8380,KSA2020480195,S0100-13bj-0002,2020480195,CN,1,0.5,0,CU,10,AWG
8381,KSA2020480200,S0100-13bj-0002,2020480200,CN,1,0.5,0,CU,10,AWG
8382,KSA2020480205,S0100-13bj-0002,2020480205,CN,1,0.5,0,CU,10,AWG
8383,KSA2020480210,S0100-13bj-0001,2020480210,CN,1,0.5,0,CU,10,AWG
8384,KSA2020480215,S0100-13bj-006a,2020480215,CN,1,0.5,0,CU,10,AWG
8385,KSA2020480220,S0100-13bj-0006,2020480220,CN,1,0.5,0,CU,10,AWG
8386,KSA2020480225,S0100-13bj-006a,2020480225,CN,1,0.5,0,CU,10,AWG
8387,KSA2020480230,S0100-13bj-0005,2020480230,CN,1,0.5,0,CU,10,AWG
8388,KSA2020480235,S0100-13bj-006a,2020480235,CN,1,0.5,0,CU,10,AWG
8389,KSA2020480245,S0100-13bj-006a,2020480245,CN,1,0.5,0,CU,10,AWG
8390,KSA2020480250,S0100-13bj-0008,2020480250,CN,1,0.5,0,CU,10,AWG
8391,KSA2020480255,S0100-13bj-0008,2020480255,CN,1,0.5,0,CU,10,AWG
8392,KSA2020480260,S0100-13bj-0008,2020480260,CN,1,135.0,0,ACSR,2,AWG
8393,KSA2020480265,S0100-13bj-0011,2020480265,CN,1,0.5,0,CU,10,AWG
8394,KSA2020480270,S0100-13bj-0011,2020480270,CN,1,0.5,0,CU,10,AWG
8395,KSA2020480275,S0100-13bj-0011,2020480275,CN,1,0.5,0,CU,10,AWG
8396,KSA2020480280,S0100-13bj-0011,2020480280,CN,1,0.5,0,CU,10,AWG
8397,KSA2020480285,S0100-13bj-0012,2020480285,CN,1,0.5,0,CU,10,AWG
8398,KSA2020480290,S0100-13bj-0012,2020480290,CN,1,0.5,0,CU,10,AWG
8399,KSA2020480295,S0100-13bj-0014,2020480295,CN,1,0.5,0,CU,10,AWG
8400,KSA2020480300,S0100-13bj-0017,2020480300,CN,1,0.5,0,CU,10,AWG
8401,KSA2020480305,S0100-13bj-0017,2020480305,CN,1,0.5,0,CU,10,AWG
8402,KSA2020480315,S0100-13bj-009B,2020480315,CN,1,0.5,0,CU,10,AWG
8403,KSA2020480320,S0100-13bj-009B,2020480320,CN,1,0.5,0,CU,10,AWG
8404,KSA2020480325,S0100-13bj-0001,2020480325,CN,1,0.5,0,CU,10,AWG
8405,KSA2020480330,S0100-13bj-0011,2020480330,CN,1,0.5,0,CU,10,AWG
8406,KSA2020480335,S0100-13bj-0002,2020480335,CN,1,0.5,0,CU,10,AWG
8407,KSA2020480340,S0100-13bj-003c,2020480340,CN,1,0.5,0,CU,10,AWG
8408,KSA2020480345,S0100-13bj-0007,2020480345,CN,1,0.5,0,CU,10,AWG
8409,KSA2020480350,S0100-13bj-006a,2020480350,CN,1,0.5,0,CU,10,AWG
8410,KSA2020480355,S0100-13bj-0012,2020480355,CN,1,0.5,0,CU,10,AWG
8411,KSA2020480360,S0100-13bj-006a,2020480360,CN,1,0.5,0,CU,10,AWG
8412,KSA2020480365,S0100-13bj-0001,2020480365,CN,1,0.5,0,CU,10,AWG
8413,KSA2020480366,S0100-13bj-0007,2020480366,CN,1,0.5,0,CU,10,AWG
8414,KSA2020480367,S0100-13bj-0007,2020480367,CN,1,0.5,0,CU,10,AWG
8415,KSA2020480368,S0100-13bj-006a,2020480368,CN,1,0.5,0,CU,10,AWG
8416,KSA2020480369,S0100-13bj-0016,2020480369,CN,1,0.5,0,CU,10,AWG
8417,KSA2020480370,S0100-13bj-003c,2020480370,CN,1,0.5,0,CU,10,AWG
8418,KSA2020480371,S0100-13bj-003c,2020480371,CN,1,0.5,0,CU,10,AWG
8419,KSA2020480372,S0100-13bj-003c,2020480372,CN,2,116.0,0,ACSR,2,AWG
8420,KSA2020480373,S0100-13bj-009B,2020480373,CN,1,0.5,0,CU,10,AWG
8421,KSA2020480374,S0100-13bj-0012,2020480374,CN,1,0.5,0,CU,10,AWG
8422,KSA2020480376,S0100-13bj-0003,2020480376,CN,1,0.5,0,CU,10,AWG
8423,KSA2020480377,S0100-13bj-006a,2020480377,CN,1,0.5,0,CU,10,AWG
8424,KSA2020480379,S0100-13bj-006a,2020480379,CN,1,0.5,0,CU,10,AWG
8425,KSA2020480380,S0100-13bj-006a,2020480380,CN,1,0.5,0,CU,10,AWG
8426,KSA2020480381,S0100-13bj-006a,2020480381,CN,1,0.5,0,CU,10,AWG
8427,KSA2020480382,S0100-13bj-006a,2020480382,CN,1,0.5,0,CU,10,AWG
8428,KSA2020480383,S0100-13bj-006a,2020480383,CN,1,0.5,0,CU,10,AWG
8429,KSA2020480384,S0100-13bj-006a,2020480384,CN,1,0.5,0,CU,10,AWG
8430,KSA2020480385,S0100-13bj-0003,2020480385,CN,1,0.5,0,CU,10,AWG
8431,KSA2020480386,S0100-13bj-0003,2020480386,CN,1,0.5,0,CU,10,AWG
8432,KSA2020480387,S0100-13bj-0003,2020480387,CN,1,117.0,0,ACSR,2,AWG
8433,KSA2020480388,S0100-13bj-0003,2020480388,CN,1,117.0,0,ACSR,2,AWG
8434,KSA2020480389,S0100-13bj-0003,2020480389,CN,1,117.0,0,ACSR,2,AWG
8435,KSA2020480390,S0100-13bj-0003,2020480390,CN,1,117.0,0,ACSR,2,AWG
8436,KSA2020480391,S0100-13bj-0003,2020480391,CN,1,117.0,0,ACSR,2,AWG
8437,KSA2020480392,S0100-13bj-0003,2020480392,CN,1,117.0,0,ACSR,2,AWG
8438,KSA2020480393,S0100-13bj-0003,2020480393,CN,1,117.0,0,ACSR,2,AWG
8439,KSA2020490001,S0095-0007-0006,2020490001,CN,1,0.5,0,CU,10,AWG
8440,KSA2020490002,S0095-0007-0006,2020490002,CN,1,0.5,0,CU,10,AWG
8441,KSA2020490003,S0095-0007-0007,2020490003,CN,1,0.5,0,CU,10,AWG
8442,KSA2020490004,S0095-0007-0007,2020490004,CN,1,0.5,0,CU,10,AWG
8443,KSA2020490005,S0095-0007-0007,2020490005,CN,1,0.5,0,CU,10,AWG
8444,KSA2020490006,S0095-0007-0007,2020490006,CN,1,0.5,0,CU,10,AWG
8445,KSA2020490007,S0095-0007-0008,2020490007,CN,1,0.5,0,CU,10,AWG
8446,KSA2020490008,S0095-0007-0008,2020490008,CN,1,0.5,0,CU,10,AWG
8447,KSA2020490009,S0095-0007-0008,2020490009,CN,1,0.5,0,CU,10,AWG
8448,KSA2020490010,S0095-0007-0008,2020490010,CN,1,0.5,0,CU,10,AWG
8449,KSA2020490011,S0095-0007-0008,2020490011,CN,1,0.5,0,CU,10,AWG
8450,KSA2020490012,S0095-0007-0007,2020490012,CN,1,0.5,0,CU,10,AWG
8451,KSA2020490013,S0095-0007-0007,2020490013,CN,1,0.5,0,CU,10,AWG
8452,KSA2020490014,S0095-0007-0007,2020490014,CN,1,68.0,0,ACSR,2,AWG
8453,KSA2020490015,S0095-0007-0007,2020490015,CN,1,68.0,0,ACSR,2,AWG
8454,KSA2020510001,S0049-0003-0004,2020510001,BN,1,0.5,0,CU,10,AWG
8455,KSA2020510002,S0049-0003-0005,2020510002,BN,1,0.5,0,CU,10,AWG
8456,KSA2020510003,S0049-0003-0007,2020510003,BN,1,0.5,0,CU,10,AWG
8457,KSA2020510004,S0049-0003-0008,2020510004,BN,1,0.5,0,CU,10,AWG
8458,KSA2020510005,S0049-0003-0007,2020510005,BN,1,0.5,0,CU,10,AWG
8459,KSA2020510006,S0049-0003-0011,2020510006,BN,1,0.5,0,CU,10,AWG
8460,KSA2020510007,S0049-0003-0013,2020510007,BN,1,0.5,0,CU,10,AWG
8461,KSA2020510008,S0049-0003-0013,2020510008,BN,1,0.5,0,CU,10,AWG
8462,KSA2020510009,S0049-0003-0013,2020510009,BN,1,0.5,0,CU,10,AWG
8463,KSA2020510010,S0049-0003-0013,2020510010,BN,1,0.5,0,CU,10,AWG
8464,KSA2020510011,S0049-0003-0010,2020510011,BN,1,0.5,0,CU,10,AWG
8465,KSA2020510012,S0049-0003-0010,2020510012,BN,1,0.5,0,CU,10,AWG
8466,KSA2020510016,S0049-0003-0012,2020510016,BN,1,0.5,0,CU,10,AWG
8467,KSA2020510017,S0049-0003-0012,2020510017,BN,1,52.0,0,ACSR,2,AWG
8468,KSA2020520001,S0044-0064-0002,2020520001,AN,1,0.5,0,CU,10,AWG
8469,KSA2020520002,S0044-0064-0002,2020520002,AN,1,0.5,0,CU,10,AWG
8470,KSA2020520003,S0044-0064-0005,2020520003,AN,1,0.5,0,CU,10,AWG
8471,KSA2020520004,S0044-0064-0005,2020520004,AN,1,0.5,0,CU,10,AWG
8472,KSA2020520005,S0044-0064-0005,2020520005,AN,1,0.5,0,CU,10,AWG
8473,KSA2020520006,S0044-0064-0012,2020520006,AN,1,0.5,0,CU,10,AWG
8474,KSA2020520007,S0044-0064-0005,2020520007,AN,1,0.5,0,CU,10,AWG
8475,KSA2020520008,S0044-0064-0010,2020520008,AN,1,0.5,0,CU,10,AWG
8476,KSA2020520009,S0044-0064-0010,2020520009,AN,1,0.5,0,CU,10,AWG
8477,KSA2020520010,S0044-0064-0011,2020520010,AN,1,0.5,0,CU,10,AWG
8478,KSA2020520011,S0044-0064-0017,2020520011,AN,1,0.5,0,CU,10,AWG
8479,KSA2020520012,S0044-0064-0019,2020520012,AN,1,0.5,0,CU,10,AWG
8480,KSA2020520013,S0044-0064-0024,2020520013,AN,1,0.5,0,CU,10,AWG
8481,KSA2020520015,S0044-0064-0012,2020520015,AN,1,0.5,0,CU,10,AWG
8482,KSA2020520016,S0044-0064-0005,2020520016,AN,1,0.5,0,CU,10,AWG
8483,KSA2020520017,S0044-0064-0024,2020520017,AN,1,0.5,0,CU,10,AWG
8484,KSA2020520018,S0044-0064-0002,2020520018,AN,1,0.5,0,CU,10,AWG
8485,KSA2020520019,S0044-0064-0011,2020520019,AN,1,0.5,0,CU,10,AWG
8486,KSA2020520020,S0044-0064-0024,2020520020,AN,1,0.5,0,CU,10,AWG
8487,KSA2020520021,S0044-0064-0024,2020520021,AN,1,86.0,0,ACSR,2,AWG
8488,KSA2020520022,S0044-0064-0005,2020520022,AN,1,0.5,0,CU,10,AWG
8489,KSA2020520023,S0044-0064-0002,2020520023,AN,1,0.5,0,CU,10,AWG
8490,KSA2020520024,S0044-0064-0019,2020520024,AN,1,0.5,0,CU,10,AWG
8491,KSA2020520025,S0044-0064-0010,2020520025,AN,1,0.5,0,CU,10,AWG
8492,KSA2020520026,S0044-0064-0024,2020520026,AN,1,0.5,0,CU,10,AWG
8493,KSA2020520027,S0044-0064-0012,2020520027,AN,1,0.5,0,CU,10,AWG
8494,KSA2020520028,S0044-0064-0012,2020520028,AN,1,71.0,0,ACSR,2,AWG
8495,KSA2020520029,S0044-0064-0012,2020520029,AN,1,71.0,0,ACSR,2,AWG
8496,KSA2020530002,S0044-0064-0012,2020530002,AN,1,71.0,0,ACSR,2,AWG
8497,KSA2020530003,S0044-0064-0012,2020530003,AN,1,71.0,0,ACSR,2,AWG
8498,KSA2020530005,S0044-0064-0012,2020530005,AN,1,71.0,0,ACSR,2,AWG
8499,KSA2020540001,S0016-0013-001A,2020540001,BN,1,0.5,0,CU,10,AWG
8500,KSA2020540002,S0016-0013-0005,2020540002,BN,1,0.5,0,CU,10,AWG
8501,KSA2020540003,S0016-0013-0005,2020540003,BN,1,0.5,0,CU,10,AWG
8502,KSA2020540004,S0016-0013-0005,2020540004,BN,1,0.5,0,CU,10,AWG
8503,KSA2020540005,S0016-0013-0007,2020540005,BN,1,0.5,0,CU,10,AWG
8504,KSA2020540006,S0016-0013-0007,2020540006,BN,1,0.5,0,CU,10,AWG
8505,KSA2020540007,S0016-0013-0007,2020540007,BN,1,0.5,0,CU,10,AWG
8506,KSA2020540008,S0016-0013-0008,2020540008,BN,1,0.5,0,CU,10,AWG
8507,KSA2020540009,S0016-0013-0011,2020540009,BN,1,0.5,0,CU,10,AWG
8508,KSA2020540010,S0016-0013-011A,2020540010,BN,1,0.5,0,CU,10,AWG
8509,KSA2020540011,S0016-0013-011A,2020540011,BN,1,0.5,0,CU,10,AWG
8510,KSA2020540012,S0016-0013-011A,2020540012,BN,1,0.5,0,CU,10,AWG
8511,KSA2020540013,S0016-0013-011B,2020540013,BN,1,0.5,0,CU,10,AWG
8512,KSA2020540014,S0016-0013-011B,2020540014,BN,1,0.5,0,CU,10,AWG
8513,KSA2020540015,S0016-0013-011B,2020540015,BN,1,0.5,0,CU,10,AWG
8514,KSA2020540016,S0016-0013-011B,2020540016,BN,1,0.5,0,CU,10,AWG
8515,KSA2020540017,S0016-0013-011B,2020540017,BN,1,0.5,0,CU,10,AWG
8516,KSA2020540018,S0016-0013-011B,2020540018,BN,1,0.5,0,CU,10,AWG
8517,KSA2020540019,S0016-0013-011B,2020540019,BN,1,0.5,0,CU,10,AWG
8518,KSA2020540020,S0016-0013-011B,2020540020,BN,1,0.5,0,CU,10,AWG
8519,KSA2020540021,S0016-0013-011B,2020540021,BN,1,0.5,0,CU,10,AWG
8520,KSA2020540022,S0016-0013-011B,2020540022,BN,1,0.5,0,CU,10,AWG
8521,KSA2020540023,S0016-0013-0012,2020540023,BN,1,0.5,0,CU,10,AWG
8522,KSA2020540024,S0016-0013-0012,2020540024,BN,1,0.5,0,CU,10,AWG
8523,KSA2020540025,S0016-0013-0012,2020540025,BN,1,0.5,0,CU,10,AWG
8524,KSA2020540026,S0016-0013-0013,2020540026,BN,1,0.5,0,CU,10,AWG
8525,KSA2020540027,S0016-0013-0013,2020540027,BN,1,0.5,0,CU,10,AWG
8526,KSA2020540028,S0016-0013-0014,2020540028,BN,1,0.5,0,CU,10,AWG
8527,KSA2020540029,S0016-0013-0014,2020540029,BN,1,0.5,0,CU,10,AWG
8528,KSA2020540030,S0016-0013-0017,2020540030,BN,1,0.5,0,CU,10,AWG
8529,KSA2020540031,S0016-0013-0014,2020540031,BN,1,0.5,0,CU,10,AWG
8530,KSA2020540032,S0016-0013-0014,2020540032,BN,1,0.5,0,CU,10,AWG
8531,KSA2020540033,S0016-0013-0020,2020540033,BN,1,0.5,0,CU,10,AWG
8532,KSA2020540034,S0016-0013-0020,2020540034,BN,1,0.5,0,CU,10,AWG
8533,KSA2020540035,S0016-0013-0020,2020540035,BN,1,0.5,0,CU,10,AWG
8534,KSA2020540036,S0016-0013-020C,2020540036,BN,1,0.5,0,CU,10,AWG
8535,KSA2020540037,S0016-0013-020D,2020540037,BN,1,0.5,0,CU,10,AWG
8536,KSA2020540038,S000038-000009a,2020540038,AN,1,0.5,0,CU,10,AWG
8537,KSA2020540039,S000045-000001f,2020540039,AN,1,0.5,0,CU,10,AWG
8538,KSA2020540040,S000045-000001g,2020540040,AN,1,0.5,0,CU,10,AWG
8539,KSA2020540041,S000045-000001d,2020540041,AN,1,0.5,0,CU,10,AWG
8540,KSA2020540042,S000045-000001g,2020540042,AN,1,0.5,0,CU,10,AWG
8541,KSA2020540043,S000045-000001i,2020540043,AN,1,0.5,0,CU,10,AWG
8542,KSA2020540044,S000038-0000007,2020540044,AN,1,0.5,0,CU,10,AWG
8543,KSA2020540045,S0016-0013-0013,2020540045,BN,1,0.5,0,CU,10,AWG
8544,KSA2020540046,S0016-0013-0013,2020540046,BN,1,0.5,0,CU,10,AWG
8545,KSA2020540047,S0016-0013-020D,2020540047,BN,1,0.5,0,CU,10,AWG
8546,KSA2020540048,S0016-0013-0013,2020540048,BN,1,0.5,0,CU,10,AWG
8547,KSA2020540049,S0016-0013-0007,2020540049,BN,1,0.5,0,CU,10,AWG
8548,KSA2020540050,S0016-0013-0007,2020540050,BN,1,94.0,0,ACSR,2,AWG
8549,KSA2020550001,S0016-0013-0007,2020550001,BN,1,94.0,0,ACSR,2,AWG
8550,KSA2020550002,S0016-0013-0007,2020550002,BN,1,94.0,0,ACSR,2,AWG
8551,KSA2020550003,S0016-0013-0007,2020550003,BN,1,94.0,0,ACSR,2,AWG
8552,KSA2020550004,S0016-0013-0007,2020550004,BN,1,94.0,0,ACSR,2,AWG
8553,KSA2020550005,S0016-0013-0007,2020550005,BN,1,94.0,0,ACSR,2,AWG
8554,KSA2020550006,S0016-0013-0007,2020550006,BN,1,94.0,0,ACSR,2,AWG
8555,KSA2020550007,S0016-0013-0007,2020550007,BN,1,94.0,0,ACSR,2,AWG
8556,KSA2020550008,S0016-0013-0007,2020550008,BN,1,94.0,0,ACSR,2,AWG
8557,KSA2020550009,S0016-0013-0007,2020550009,BN,1,94.0,0,ACSR,2,AWG
8558,KSA2020550010,S0016-0013-0007,2020550010,BN,1,94.0,0,ACSR,2,AWG
8559,KSA2020550011,S0016-0013-0007,2020550011,BN,1,94.0,0,ACSR,2,AWG
8560,KSA2020550012,S0016-0013-0007,2020550012,BN,1,94.0,0,ACSR,2,AWG
8561,KSA2020550013,S0016-0013-0007,2020550013,BN,1,94.0,0,ACSR,2,AWG
8562,KSA2020550014,S0016-0013-0007,2020550014,BN,1,94.0,0,ACSR,2,AWG
8563,KSA2020550015,S0016-0013-0007,2020550015,BN,1,94.0,0,ACSR,2,AWG
8564,KSA2020550016,S0016-0013-0007,2020550016,BN,1,94.0,0,ACSR,2,AWG
8565,KSA2020550017,S0016-0013-0007,2020550017,BN,1,94.0,0,ACSR,2,AWG
8566,KSA2020550018,S0016-0013-0007,2020550018,BN,1,94.0,0,ACSR,2,AWG
8567,KSA2020550019,S0016-0013-0007,2020550019,BN,1,94.0,0,ACSR,2,AWG
8568,KSA2020550020,S0016-0013-0007,2020550020,BN,1,94.0,0,ACSR,2,AWG
8569,KSA2020550021,S0016-0013-0007,2020550021,BN,1,94.0,0,ACSR,2,AWG
8570,KSA2020550022,S0016-0013-0007,2020550022,BN,1,94.0,0,ACSR,2,AWG
8571,KSA2020550023,S0016-0013-0007,2020550023,BN,1,94.0,0,ACSR,2,AWG
8572,KSA2020550024,S0016-0013-0007,2020550024,BN,1,94.0,0,ACSR,2,AWG
8573,KSA2020550025,S0016-0013-0007,2020550025,BN,1,94.0,0,ACSR,2,AWG
8574,KSA2020550026,S0016-0013-0007,2020550026,BN,1,94.0,0,ACSR,2,AWG
8575,KSA2020550027,S0016-0013-0007,2020550027,BN,1,94.0,0,ACSR,2,AWG
8576,KSA2020550028,S0016-0013-0007,2020550028,BN,1,94.0,0,ACSR,2,AWG
8577,KSA2020550029,S0016-0013-0007,2020550029,BN,1,94.0,0,ACSR,2,AWG
8578,KSA2020550031,S0016-0013-0007,2020550031,BN,1,94.0,0,ACSR,2,AWG
8579,KSA2020550032,S0016-0013-0007,2020550032,BN,1,94.0,0,ACSR,2,AWG
8580,KSA2020550033,S0016-0013-0007,2020550033,BN,1,94.0,0,ACSR,2,AWG
8581,KSA2020550034,S0016-0013-0007,2020550034,BN,1,94.0,0,ACSR,2,AWG
8582,KSA2020550035,S0016-0013-0007,2020550035,BN,1,94.0,0,ACSR,2,AWG
8583,KSA2020550036,S0016-0013-0007,2020550036,BN,1,94.0,0,ACSR,2,AWG
8584,KSA2020550037,S0016-0013-0007,2020550037,BN,1,94.0,0,ACSR,2,AWG
8585,KSA2020550038,S0016-0013-0007,2020550038,BN,1,94.0,0,ACSR,2,AWG
8586,KSA2020550039,S0016-0013-0007,2020550039,BN,1,94.0,0,ACSR,2,AWG
8587,KSA2020550040,S0016-0013-0007,2020550040,BN,1,94.0,0,ACSR,2,AWG
8588,KSA2020550041,S0016-0013-0007,2020550041,BN,1,94.0,0,ACSR,2,AWG
8589,KSA2020550042,S0016-0013-0007,2020550042,BN,1,94.0,0,ACSR,2,AWG
8590,KSA2020550043,S0016-0013-0007,2020550043,BN,1,94.0,0,ACSR,2,AWG
8591,KSA2020550044,S0016-0013-0007,2020550044,BN,1,94.0,0,ACSR,2,AWG
8592,KSA2020550045,S0016-0013-0007,2020550045,BN,1,94.0,0,ACSR,2,AWG
8593,KSA2020550046,S0016-0013-0007,2020550046,BN,1,94.0,0,ACSR,2,AWG
8594,KSA2020550049,S0016-0013-0007,2020550049,BN,1,94.0,0,ACSR,2,AWG
8595,KSA2020550050,S0016-0013-0007,2020550050,BN,1,94.0,0,ACSR,2,AWG
8596,KSA2020550051,S0016-0013-0007,2020550051,BN,1,94.0,0,ACSR,2,AWG
8597,KSA2020550052,S0016-0013-0007,2020550052,BN,1,94.0,0,ACSR,2,AWG
8598,KSA2020550053,S0016-0013-0007,2020550053,BN,1,94.0,0,ACSR,2,AWG
8599,KSA2020550054,S0016-0013-0007,2020550054,BN,1,94.0,0,ACSR,2,AWG
8600,KSA2020550055,S0016-0013-0007,2020550055,BN,1,94.0,0,ACSR,2,AWG
8601,KSA2020550056,S0016-0013-0007,2020550056,BN,1,94.0,0,ACSR,2,AWG
8602,KSA2020550057,S0016-0013-0007,2020550057,BN,1,94.0,0,ACSR,2,AWG
8603,KSA2020550058,S0016-0013-0007,2020550058,BN,1,94.0,0,ACSR,2,AWG
8604,KSA2020550059,S0016-0013-0007,2020550059,BN,1,94.0,0,ACSR,2,AWG
8605,KSA2020550060,S0016-0013-0007,2020550060,BN,1,94.0,0,ACSR,2,AWG
8606,KSA2020550061,S0016-0013-0007,2020550061,BN,1,94.0,0,ACSR,2,AWG
8607,KSA2020550063,S0016-0013-0007,2020550063,BN,1,94.0,0,ACSR,2,AWG
8608,KSA2020550064,S0016-0013-0007,2020550064,BN,1,94.0,0,ACSR,2,AWG
8609,KSA2020550065,S0016-0013-0007,2020550065,BN,1,94.0,0,ACSR,2,AWG
8610,KSA2020550066,S0016-0013-0007,2020550066,BN,1,94.0,0,ACSR,2,AWG
8611,KSA2020550067,S0016-0013-0007,2020550067,BN,1,94.0,0,ACSR,2,AWG
8612,KSA2020550068,S0016-0013-0007,2020550068,BN,1,94.0,0,ACSR,2,AWG
8613,KSA2020550069,S0016-0013-0007,2020550069,BN,1,94.0,0,ACSR,2,AWG
8614,KSA2020550070,S0016-0013-0007,2020550070,BN,1,94.0,0,ACSR,2,AWG
8615,KSA2020550071,S0016-0013-0007,2020550071,BN,1,94.0,0,ACSR,2,AWG
8616,KSA2020550072,S0016-0013-0007,2020550072,BN,1,94.0,0,ACSR,2,AWG
8617,KSA2020550073,S0016-0013-0007,2020550073,BN,1,94.0,0,ACSR,2,AWG
8618,KSA2020550074,S0016-0013-0007,2020550074,BN,1,94.0,0,ACSR,2,AWG
8619,KSA2020550076,S0016-0013-0007,2020550076,BN,1,94.0,0,ACSR,2,AWG
8620,KSA2020550077,S0016-0013-0007,2020550077,BN,1,94.0,0,ACSR,2,AWG
8621,KSA2020550078,S0016-0013-0007,2020550078,BN,1,94.0,0,ACSR,2,AWG
8622,KSA2020550079,S0016-0013-0007,2020550079,BN,1,94.0,0,ACSR,2,AWG
8623,KSA2020550080,S0016-0013-0007,2020550080,BN,1,94.0,0,ACSR,2,AWG
8624,KSA2020550081,S0016-0013-0007,2020550081,BN,1,94.0,0,ACSR,2,AWG
8625,KSA2020550082,S0016-0013-0007,2020550082,BN,1,94.0,0,ACSR,2,AWG
8626,KSA2020550083,S0016-0013-0007,2020550083,BN,1,94.0,0,ACSR,2,AWG
8627,KSA2020550084,S0016-0013-0007,2020550084,BN,1,94.0,0,ACSR,2,AWG
8628,KSA2020550085,S0016-0013-0007,2020550085,BN,1,94.0,0,ACSR,2,AWG
8629,KSA2020550086,S0016-0013-0007,2020550086,BN,1,94.0,0,ACSR,2,AWG
8630,KSA2020550087,S0016-0013-0007,2020550087,BN,1,94.0,0,ACSR,2,AWG
8631,KSA2020550088,S0016-0013-0007,2020550088,BN,1,94.0,0,ACSR,2,AWG
8632,KSA2020550089,S0016-0013-0007,2020550089,BN,1,94.0,0,ACSR,2,AWG
8633,KSA2020550090,S0016-0013-0007,2020550090,BN,1,94.0,0,ACSR,2,AWG
8634,KSA2020550091,S0016-0013-0007,2020550091,BN,1,94.0,0,ACSR,2,AWG
8635,KSA2020550092,S0016-0013-0007,2020550092,BN,1,94.0,0,ACSR,2,AWG
8636,KSA2020550093,S0016-0013-0007,2020550093,BN,1,94.0,0,ACSR,2,AWG
8637,KSA2020550094,S0016-0013-0007,2020550094,BN,1,94.0,0,ACSR,2,AWG
8638,KSA2020550095,S0016-0013-0007,2020550095,BN,1,94.0,0,ACSR,2,AWG
8639,KSA2020550096,S0016-0013-0007,2020550096,BN,1,94.0,0,ACSR,2,AWG
8640,KSA2020550097,S0016-0013-0007,2020550097,BN,1,94.0,0,ACSR,2,AWG
8641,KSA2020550098,S0016-0013-0007,2020550098,BN,1,94.0,0,ACSR,2,AWG
8642,KSA2020550099,S0016-0013-0007,2020550099,BN,1,94.0,0,ACSR,2,AWG
8643,KSA2020550100,S0016-0013-0007,2020550100,BN,1,94.0,0,ACSR,2,AWG
8644,KSA2020550101,S0016-0013-0007,2020550101,BN,1,94.0,0,ACSR,2,AWG
8645,KSA2020550102,S0016-0013-0007,2020550102,BN,1,94.0,0,ACSR,2,AWG
8646,KSA2020550103,S0016-0013-0007,2020550103,BN,1,94.0,0,ACSR,2,AWG
8647,KSA2020550104,S0016-0013-0007,2020550104,BN,1,94.0,0,ACSR,2,AWG
8648,KSA2020550105,S0016-0013-0007,2020550105,BN,1,94.0,0,ACSR,2,AWG
8649,KSA2020550106,S0016-0013-0007,2020550106,BN,1,94.0,0,ACSR,2,AWG
8650,KSA2020550107,S0016-0013-0007,2020550107,BN,1,94.0,0,ACSR,2,AWG
8651,KSA2020550108,S0016-0013-0007,2020550108,BN,1,94.0,0,ACSR,2,AWG
8652,KSA2020550109,S0016-0013-0007,2020550109,BN,1,94.0,0,ACSR,2,AWG
8653,KSA2020550110,S0016-0013-0007,2020550110,BN,1,94.0,0,ACSR,2,AWG
8654,KSA2020550111,S0016-0013-0007,2020550111,BN,1,94.0,0,ACSR,2,AWG
8655,KSA2020550112,S0016-0013-0007,2020550112,BN,1,94.0,0,ACSR,2,AWG
8656,KSA2020550113,S0016-0013-0007,2020550113,BN,1,94.0,0,ACSR,2,AWG
8657,KSA2020550114,S0016-0013-0007,2020550114,BN,1,94.0,0,ACSR,2,AWG
8658,KSA2020550115,S0016-0013-0007,2020550115,BN,1,94.0,0,ACSR,2,AWG
8659,KSA2020550116,S0016-0013-0007,2020550116,BN,1,94.0,0,ACSR,2,AWG
8660,KSA2020550117,S0016-0013-0007,2020550117,BN,1,94.0,0,ACSR,2,AWG
8661,KSA2020550118,S0016-0013-0007,2020550118,BN,1,94.0,0,ACSR,2,AWG
8662,KSA2020550119,S0016-0013-0007,2020550119,BN,1,94.0,0,ACSR,2,AWG
8663,KSA2020550120,S0016-0013-0007,2020550120,BN,1,94.0,0,ACSR,2,AWG
8664,KSA2020550121,S0016-0013-0007,2020550121,BN,1,94.0,0,ACSR,2,AWG
8665,KSA2020550122,S0016-0013-0007,2020550122,BN,1,94.0,0,ACSR,2,AWG
8666,KSA2020550123,S0016-0013-0007,2020550123,BN,1,94.0,0,ACSR,2,AWG
8667,KSA2020550124,S0016-0013-0007,2020550124,BN,1,94.0,0,ACSR,2,AWG
8668,KSA2020550125,S0016-0013-0007,2020550125,BN,1,94.0,0,ACSR,2,AWG
8669,KSA2020550127,S0016-0013-0007,2020550127,BN,1,94.0,0,ACSR,2,AWG
8670,KSA2020550128,S0016-0013-0007,2020550128,BN,1,94.0,0,ACSR,2,AWG
8671,KSA2020550129,S0016-0013-0007,2020550129,BN,1,94.0,0,ACSR,2,AWG
8672,KSA2020550130,S0016-0013-0007,2020550130,BN,1,94.0,0,ACSR,2,AWG
8673,KSA2020550131,S0016-0013-0007,2020550131,BN,1,94.0,0,ACSR,2,AWG
8674,KSA2020550132,S0016-0013-0007,2020550132,BN,1,94.0,0,ACSR,2,AWG
8675,KSA2020550133,S0016-0013-0007,2020550133,BN,1,94.0,0,ACSR,2,AWG
8676,KSA2020550134,S0016-0013-0007,2020550134,BN,1,94.0,0,ACSR,2,AWG
8677,KSA2020550135,S0016-0013-0007,2020550135,BN,1,94.0,0,ACSR,2,AWG
8678,KSA2020550136,S0016-0013-0007,2020550136,BN,1,94.0,0,ACSR,2,AWG
8679,KSA2020550137,S0016-0013-0007,2020550137,BN,1,94.0,0,ACSR,2,AWG
8680,KSA2020550138,S0016-0013-0007,2020550138,BN,1,94.0,0,ACSR,2,AWG
8681,KSA2020550139,S0016-0013-0007,2020550139,BN,1,94.0,0,ACSR,2,AWG
8682,KSA2020550140,S0016-0013-0007,2020550140,BN,1,94.0,0,ACSR,2,AWG
8683,KSA2020550142,S0016-0013-0007,2020550142,BN,1,94.0,0,ACSR,2,AWG
8684,KSA2020550143,S0016-0013-0007,2020550143,BN,1,94.0,0,ACSR,2,AWG
8685,KSA2020550144,S0016-0013-0007,2020550144,BN,1,94.0,0,ACSR,2,AWG
8686,KSA2020550145,S0016-0013-0007,2020550145,BN,1,94.0,0,ACSR,2,AWG
8687,KSA2020550146,S0016-0013-0007,2020550146,BN,1,94.0,0,ACSR,2,AWG
8688,KSA2020550147,S0016-0013-0007,2020550147,BN,1,94.0,0,ACSR,2,AWG
8689,KSA2020550148,S0016-0013-0007,2020550148,BN,1,94.0,0,ACSR,2,AWG
8690,KSA2020550149,S0016-0013-0007,2020550149,BN,1,94.0,0,ACSR,2,AWG
8691,KSA2020550150,S0016-0013-0007,2020550150,BN,1,94.0,0,ACSR,2,AWG
8692,KSA2020550151,S0016-0013-0007,2020550151,BN,1,94.0,0,ACSR,2,AWG
8693,KSA2020550152,S0016-0013-0007,2020550152,BN,1,94.0,0,ACSR,2,AWG
8694,KSA2020550153,S0016-0013-0007,2020550153,BN,1,94.0,0,ACSR,2,AWG
8695,KSA2020550154,S0016-0013-0007,2020550154,BN,1,94.0,0,ACSR,2,AWG
8696,KSA2020550155,S0016-0013-0007,2020550155,BN,1,94.0,0,ACSR,2,AWG
8697,KSA2020550156,S0016-0013-0007,2020550156,BN,1,94.0,0,ACSR,2,AWG
8698,KSA2020550157,S0016-0013-0007,2020550157,BN,1,94.0,0,ACSR,2,AWG
8699,KSA2020550158,S0016-0013-0007,2020550158,BN,1,94.0,0,ACSR,2,AWG
8700,KSA2020550159,S0016-0013-0007,2020550159,BN,1,94.0,0,ACSR,2,AWG
8701,KSA2020550160,S0016-0013-0007,2020550160,BN,1,94.0,0,ACSR,2,AWG
8702,KSA2020550161,S0016-0013-0007,2020550161,BN,1,94.0,0,ACSR,2,AWG
8703,KSA2020550162,S0016-0013-0007,2020550162,BN,1,94.0,0,ACSR,2,AWG
8704,KSA2020550163,S0016-0013-0007,2020550163,BN,1,94.0,0,ACSR,2,AWG
8705,KSA2020550164,S0016-0013-0007,2020550164,BN,1,94.0,0,ACSR,2,AWG
8706,KSA2020550165,S0016-0013-0007,2020550165,BN,1,94.0,0,ACSR,2,AWG
8707,KSA2020550166,S0016-0013-0007,2020550166,BN,1,94.0,0,ACSR,2,AWG
8708,KSA2020550167,S0016-0013-0007,2020550167,BN,1,94.0,0,ACSR,2,AWG
8709,KSA2020550168,S0016-0013-0007,2020550168,BN,1,94.0,0,ACSR,2,AWG
8710,KSA2020550169,S0016-0013-0007,2020550169,BN,1,94.0,0,ACSR,2,AWG
8711,KSA2020550170,S0016-0013-0007,2020550170,BN,1,94.0,0,ACSR,2,AWG
8712,KSA2020550171,S0016-0013-0007,2020550171,BN,1,94.0,0,ACSR,2,AWG
8713,KSA2020550172,S0016-0013-0007,2020550172,BN,1,94.0,0,ACSR,2,AWG
8714,KSA2020550173,S0016-0013-0007,2020550173,BN,1,94.0,0,ACSR,2,AWG
8715,KSA2020550174,S0016-0013-0007,2020550174,BN,1,94.0,0,ACSR,2,AWG
8716,KSA2020550175,S0016-0013-0007,2020550175,BN,1,94.0,0,ACSR,2,AWG
8717,KSA2020550176,S0016-0013-0007,2020550176,BN,1,94.0,0,ACSR,2,AWG
8718,KSA2020550177,S0016-0013-0007,2020550177,BN,1,94.0,0,ACSR,2,AWG
8719,KSA2020550178,S0016-0013-0007,2020550178,BN,1,94.0,0,ACSR,2,AWG
8720,KSA2020550179,S0016-0013-0007,2020550179,BN,1,94.0,0,ACSR,2,AWG
8721,KSA2020550180,S0016-0013-0007,2020550180,BN,1,94.0,0,ACSR,2,AWG
8722,KSA2020550182,S0016-0013-0007,2020550182,BN,1,94.0,0,ACSR,2,AWG
8723,KSA2020550183,S0016-0013-0007,2020550183,BN,1,94.0,0,ACSR,2,AWG
8724,KSA2020550184,S0016-0013-0007,2020550184,BN,1,94.0,0,ACSR,2,AWG
8725,KSA2020550185,S0016-0013-0007,2020550185,BN,1,94.0,0,ACSR,2,AWG
8726,KSA2020550186,S0016-0013-0007,2020550186,BN,1,94.0,0,ACSR,2,AWG
8727,KSA2020550187,S0016-0013-0007,2020550187,BN,1,94.0,0,ACSR,2,AWG
8728,KSA2020550188,S0016-0013-0007,2020550188,BN,1,94.0,0,ACSR,2,AWG
8729,KSA2020550189,S0016-0013-0007,2020550189,BN,1,94.0,0,ACSR,2,AWG
8730,KSA2020550190,S0016-0013-0007,2020550190,BN,1,94.0,0,ACSR,2,AWG
8731,KSA2020550191,S0016-0013-0007,2020550191,BN,1,94.0,0,ACSR,2,AWG
8732,KSA2020550192,S0016-0013-0007,2020550192,BN,1,94.0,0,ACSR,2,AWG
8733,KSA2020550193,S0016-0013-0007,2020550193,BN,1,94.0,0,ACSR,2,AWG
8734,KSA2020550194,S0016-0013-0007,2020550194,BN,1,94.0,0,ACSR,2,AWG
8735,KSA2020550195,S0016-0013-0007,2020550195,BN,1,94.0,0,ACSR,2,AWG
8736,KSA2020550196,S0016-0013-0007,2020550196,BN,1,94.0,0,ACSR,2,AWG
8737,KSA2020550197,S0016-0013-0007,2020550197,BN,1,94.0,0,ACSR,2,AWG
8738,KSA2020550198,S0016-0013-0007,2020550198,BN,1,94.0,0,ACSR,2,AWG
8739,KSA2020550199,S0016-0013-0007,2020550199,BN,1,94.0,0,ACSR,2,AWG
8740,KSA2020550200,S0016-0013-0007,2020550200,BN,1,94.0,0,ACSR,2,AWG
8741,KSA2020550201,S0016-0013-0007,2020550201,BN,1,94.0,0,ACSR,2,AWG
8742,KSA2020550202,S0016-0013-0007,2020550202,BN,1,94.0,0,ACSR,2,AWG
8743,KSA2020550203,S0016-0013-0007,2020550203,BN,1,94.0,0,ACSR,2,AWG
8744,KSA2020550204,S0016-0013-0007,2020550204,BN,1,94.0,0,ACSR,2,AWG
8745,KSA2020550205,S0016-0013-0007,2020550205,BN,1,94.0,0,ACSR,2,AWG
8746,KSA2020550206,S0016-0013-0007,2020550206,BN,1,94.0,0,ACSR,2,AWG
8747,KSA2020550207,S0016-0013-0007,2020550207,BN,1,94.0,0,ACSR,2,AWG
8748,KSA2020550208,S0016-0013-0007,2020550208,BN,1,94.0,0,ACSR,2,AWG
8749,KSA2020550209,S0016-0013-0007,2020550209,BN,1,94.0,0,ACSR,2,AWG
8750,KSA2020550210,S0016-0013-0007,2020550210,BN,1,94.0,0,ACSR,2,AWG
8751,KSA2020550211,S0016-0013-0007,2020550211,BN,1,94.0,0,ACSR,2,AWG
8752,KSA2020550212,S0016-0013-0007,2020550212,BN,1,94.0,0,ACSR,2,AWG
8753,KSA2020550213,S0016-0013-0007,2020550213,BN,1,94.0,0,ACSR,2,AWG
8754,KSA2020550214,S0016-0013-0007,2020550214,BN,1,94.0,0,ACSR,2,AWG
8755,KSA2020550215,S0016-0013-0007,2020550215,BN,1,94.0,0,ACSR,2,AWG
8756,KSA2020550216,S0016-0013-0007,2020550216,BN,1,94.0,0,ACSR,2,AWG
8757,KSA2020550217,S0016-0013-0007,2020550217,BN,1,94.0,0,ACSR,2,AWG
8758,KSA2020550218,S0016-0013-0007,2020550218,BN,1,94.0,0,ACSR,2,AWG
8759,KSA2020550219,S0016-0013-0007,2020550219,BN,1,94.0,0,ACSR,2,AWG
8760,KSA2020550220,S0016-0013-0007,2020550220,BN,1,94.0,0,ACSR,2,AWG
8761,KSA2020550221,S0016-0013-0007,2020550221,BN,1,94.0,0,ACSR,2,AWG
8762,KSA2020550222,S0016-0013-0007,2020550222,BN,1,94.0,0,ACSR,2,AWG
8763,KSA2020550223,S0016-0013-0007,2020550223,BN,1,94.0,0,ACSR,2,AWG
8764,KSA2020550224,S0016-0013-0007,2020550224,BN,1,94.0,0,ACSR,2,AWG
8765,KSA2020550225,S0016-0013-0007,2020550225,BN,1,94.0,0,ACSR,2,AWG
8766,KSA2020550226,S0016-0013-0007,2020550226,BN,1,94.0,0,ACSR,2,AWG
8767,KSA2020550227,S0016-0013-0007,2020550227,BN,1,94.0,0,ACSR,2,AWG
8768,KSA2020550228,S0016-0013-0007,2020550228,BN,1,94.0,0,ACSR,2,AWG
8769,KSA2020550229,S0016-0013-0007,2020550229,BN,1,94.0,0,ACSR,2,AWG
8770,KSA2020550230,S0016-0013-0007,2020550230,BN,1,94.0,0,ACSR,2,AWG
8771,KSA2020550231,S0016-0013-0007,2020550231,BN,1,94.0,0,ACSR,2,AWG
8772,KSA2020550232,S0016-0013-0007,2020550232,BN,1,94.0,0,ACSR,2,AWG
8773,KSA2020550233,S0016-0013-0007,2020550233,BN,1,94.0,0,ACSR,2,AWG
8774,KSA2020550234,S0016-0013-0007,2020550234,BN,1,94.0,0,ACSR,2,AWG
8775,KSA2020550235,S0016-0013-0007,2020550235,BN,1,94.0,0,ACSR,2,AWG
8776,KSA2020550236,S0016-0013-0007,2020550236,BN,1,94.0,0,ACSR,2,AWG
8777,KSA2020550237,S0016-0013-0007,2020550237,BN,1,94.0,0,ACSR,2,AWG
8778,KSA2020550238,S0016-0013-0007,2020550238,BN,1,94.0,0,ACSR,2,AWG
8779,KSA2020550239,S0016-0013-0007,2020550239,BN,1,94.0,0,ACSR,2,AWG
8780,KSA2020550241,S0016-0013-0007,2020550241,BN,1,94.0,0,ACSR,2,AWG
8781,KSA2020550242,S0016-0013-0007,2020550242,BN,1,94.0,0,ACSR,2,AWG
8782,KSA2020550243,S0016-0013-0007,2020550243,BN,1,94.0,0,ACSR,2,AWG
8783,KSA2020550244,S0016-0013-0007,2020550244,BN,1,94.0,0,ACSR,2,AWG
8784,KSA2020550245,S0016-0013-0007,2020550245,BN,1,94.0,0,ACSR,2,AWG
8785,KSA2020550246,S0016-0013-0007,2020550246,BN,1,94.0,0,ACSR,2,AWG
8786,KSA2020550247,S0016-0013-0007,2020550247,BN,1,94.0,0,ACSR,2,AWG
8787,KSA2020550248,S0016-0013-0007,2020550248,BN,1,94.0,0,ACSR,2,AWG
8788,KSA2020550250,S0016-0013-0007,2020550250,BN,1,94.0,0,ACSR,2,AWG
8789,KSA2020550251,S0016-0013-0007,2020550251,BN,1,94.0,0,ACSR,2,AWG
8790,KSA2020550252,S0016-0013-0007,2020550252,BN,1,94.0,0,ACSR,2,AWG
8791,KSA2020550253,S0016-0013-0007,2020550253,BN,1,94.0,0,ACSR,2,AWG
8792,KSA2020550254,S0016-0013-0007,2020550254,BN,1,94.0,0,ACSR,2,AWG
8793,KSA2020550255,S0016-0013-0007,2020550255,BN,1,94.0,0,ACSR,2,AWG
8794,KSA2020550256,S0016-0013-0007,2020550256,BN,1,94.0,0,ACSR,2,AWG
8795,KSA2020550257,S0016-0013-0007,2020550257,BN,1,94.0,0,ACSR,2,AWG
8796,KSA2020550258,S0016-0013-0007,2020550258,BN,1,94.0,0,ACSR,2,AWG
8797,KSA2020550259,S0016-0013-0007,2020550259,BN,1,94.0,0,ACSR,2,AWG
8798,KSA2020550260,S0016-0013-0007,2020550260,BN,1,94.0,0,ACSR,2,AWG
8799,KSA2020550261,S0016-0013-0007,2020550261,BN,1,94.0,0,ACSR,2,AWG
8800,KSA2020550262,S0016-0013-0007,2020550262,BN,1,94.0,0,ACSR,2,AWG
8801,KSA2020550263,S0016-0013-0007,2020550263,BN,1,94.0,0,ACSR,2,AWG
8802,KSA2020550264,S0016-0013-0007,2020550264,BN,1,94.0,0,ACSR,2,AWG
8803,KSA2020550265,S0016-0013-0007,2020550265,BN,1,94.0,0,ACSR,2,AWG
8804,KSA2020550266,S0016-0013-0007,2020550266,BN,1,94.0,0,ACSR,2,AWG
8805,KSA2020550267,S0016-0013-0007,2020550267,BN,1,94.0,0,ACSR,2,AWG
8806,KSA2020550268,S0016-0013-0007,2020550268,BN,1,94.0,0,ACSR,2,AWG
8807,KSA2020550269,S0016-0013-0007,2020550269,BN,1,94.0,0,ACSR,2,AWG
8808,KSA2020550270,S0016-0013-0007,2020550270,BN,1,94.0,0,ACSR,2,AWG
8809,KSA2020550271,S0016-0013-0007,2020550271,BN,1,94.0,0,ACSR,2,AWG
8810,KSA2020550272,S0016-0013-0007,2020550272,BN,1,94.0,0,ACSR,2,AWG
8811,KSA2020550273,S0016-0013-0007,2020550273,BN,1,94.0,0,ACSR,2,AWG
8812,KSA2020550274,S0016-0013-0007,2020550274,BN,1,94.0,0,ACSR,2,AWG
8813,KSA2020550275,S0016-0013-0007,2020550275,BN,1,94.0,0,ACSR,2,AWG
8814,KSA2020550276,S0016-0013-0007,2020550276,BN,1,94.0,0,ACSR,2,AWG
8815,KSA2020550277,S0016-0013-0007,2020550277,BN,1,94.0,0,ACSR,2,AWG
8816,KSA2020550278,S0016-0013-0007,2020550278,BN,1,94.0,0,ACSR,2,AWG
8817,KSA2020550279,S0016-0013-0007,2020550279,BN,1,94.0,0,ACSR,2,AWG
8818,KSA2020550280,S0016-0013-0007,2020550280,BN,1,94.0,0,ACSR,2,AWG
8819,KSA2020550281,S0016-0013-0007,2020550281,BN,1,94.0,0,ACSR,2,AWG
8820,KSA2020550282,S0016-0013-0007,2020550282,BN,1,94.0,0,ACSR,2,AWG
8821,KSA2020550283,S0016-0013-0007,2020550283,BN,1,94.0,0,ACSR,2,AWG
8822,KSA2020550284,S0016-0013-0007,2020550284,BN,1,94.0,0,ACSR,2,AWG
8823,KSA2020550285,S0016-0013-0007,2020550285,BN,1,94.0,0,ACSR,2,AWG
8824,KSA2020550286,S0016-0013-0007,2020550286,BN,1,94.0,0,ACSR,2,AWG
8825,KSA2020550287,S0016-0013-0007,2020550287,BN,1,94.0,0,ACSR,2,AWG
8826,KSA2020550288,S0016-0013-0007,2020550288,BN,1,94.0,0,ACSR,2,AWG
8827,KSA2020550289,S0016-0013-0007,2020550289,BN,1,94.0,0,ACSR,2,AWG
8828,KSA2020550290,S0016-0013-0007,2020550290,BN,1,94.0,0,ACSR,2,AWG
8829,KSA2020550291,S0016-0013-0007,2020550291,BN,1,94.0,0,ACSR,2,AWG
8830,KSA2020550292,S0016-0013-0007,2020550292,BN,1,94.0,0,ACSR,2,AWG
8831,KSA2020550293,S0016-0013-0007,2020550293,BN,1,94.0,0,ACSR,2,AWG
8832,KSA2020550294,S0016-0013-0007,2020550294,BN,1,94.0,0,ACSR,2,AWG
8833,KSA2020550295,S0016-0013-0007,2020550295,BN,1,94.0,0,ACSR,2,AWG
8834,KSA2020550296,S0016-0013-0007,2020550296,BN,1,94.0,0,ACSR,2,AWG
8835,KSA2020550297,S0016-0013-0007,2020550297,BN,1,94.0,0,ACSR,2,AWG
8836,KSA2020550298,S0016-0013-0007,2020550298,BN,1,94.0,0,ACSR,2,AWG
8837,KSA2020550299,S0016-0013-0007,2020550299,BN,1,94.0,0,ACSR,2,AWG
8838,KSA2020550300,S0016-0013-0007,2020550300,BN,1,94.0,0,ACSR,2,AWG
8839,KSA2020550301,S0016-0013-0007,2020550301,BN,1,94.0,0,ACSR,2,AWG
8840,KSA2020550302,S0016-0013-0007,2020550302,BN,1,94.0,0,ACSR,2,AWG
8841,KSA2020550303,S0016-0013-0007,2020550303,BN,1,94.0,0,ACSR,2,AWG
8842,KSA2020550304,S0016-0013-0007,2020550304,BN,1,94.0,0,ACSR,2,AWG
8843,KSA2020550305,S0016-0013-0007,2020550305,BN,1,94.0,0,ACSR,2,AWG
8844,KSA2020550306,S0016-0013-0007,2020550306,BN,1,94.0,0,ACSR,2,AWG
8845,KSA2020550307,S0016-0013-0007,2020550307,BN,1,94.0,0,ACSR,2,AWG
8846,KSA2020550308,S0016-0013-0007,2020550308,BN,1,94.0,0,ACSR,2,AWG
8847,KSA2020550309,S0016-0013-0007,2020550309,BN,1,94.0,0,ACSR,2,AWG
8848,KSA2020550310,S0016-0013-0007,2020550310,BN,1,94.0,0,ACSR,2,AWG
8849,KSA2020550311,S0016-0013-0007,2020550311,BN,1,94.0,0,ACSR,2,AWG
8850,KSA2020550312,S0016-0013-0007,2020550312,BN,1,94.0,0,ACSR,2,AWG
8851,KSA2020550313,S0016-0013-0007,2020550313,BN,1,94.0,0,ACSR,2,AWG
8852,KSA2020550314,S0016-0013-0007,2020550314,BN,1,94.0,0,ACSR,2,AWG
8853,KSA2020550315,S0016-0013-0007,2020550315,BN,1,94.0,0,ACSR,2,AWG
8854,KSA2020550316,S0016-0013-0007,2020550316,BN,1,94.0,0,ACSR,2,AWG
8855,KSA2020550317,S0016-0013-0007,2020550317,BN,1,94.0,0,ACSR,2,AWG
8856,KSA2020550318,S0016-0013-0007,2020550318,BN,1,94.0,0,ACSR,2,AWG
8857,KSA2020550319,S0016-0013-0007,2020550319,BN,1,94.0,0,ACSR,2,AWG
8858,KSA2020550320,S0016-0013-0007,2020550320,BN,1,94.0,0,ACSR,2,AWG
8859,KSA2020550321,S0016-0013-0007,2020550321,BN,1,94.0,0,ACSR,2,AWG
8860,KSA2020550322,S0016-0013-0007,2020550322,BN,1,94.0,0,ACSR,2,AWG
8861,KSA2020550323,S0016-0013-0007,2020550323,BN,1,94.0,0,ACSR,2,AWG
8862,KSA2020550324,S0016-0013-0007,2020550324,BN,1,94.0,0,ACSR,2,AWG
8863,KSA2020550325,S0016-0013-0007,2020550325,BN,1,94.0,0,ACSR,2,AWG
8864,KSA2020550326,S0016-0013-0007,2020550326,BN,1,94.0,0,ACSR,2,AWG
8865,KSA2020550327,S0016-0013-0007,2020550327,BN,1,94.0,0,ACSR,2,AWG
8866,KSA2020550328,S0016-0013-0007,2020550328,BN,1,94.0,0,ACSR,2,AWG
8867,KSA2020550329,S0016-0013-0007,2020550329,BN,1,94.0,0,ACSR,2,AWG
8868,KSA2020550330,S0016-0013-0007,2020550330,BN,1,94.0,0,ACSR,2,AWG
8869,KSA2020550331,S0016-0013-0007,2020550331,BN,1,94.0,0,ACSR,2,AWG
8870,KSA2020550332,S0016-0013-0007,2020550332,BN,1,94.0,0,ACSR,2,AWG
8871,KSA2020550333,S0016-0013-0007,2020550333,BN,1,94.0,0,ACSR,2,AWG
8872,KSA2020550334,S0016-0013-0007,2020550334,BN,1,94.0,0,ACSR,2,AWG
8873,KSA2020550335,S0016-0013-0007,2020550335,BN,1,94.0,0,ACSR,2,AWG
8874,KSA2020550336,S0016-0013-0007,2020550336,BN,1,94.0,0,ACSR,2,AWG
8875,KSA2020550337,S0016-0013-0007,2020550337,BN,1,94.0,0,ACSR,2,AWG
8876,KSA2020550338,S0016-0013-0007,2020550338,BN,1,94.0,0,ACSR,2,AWG
8877,KSA2020550339,S0016-0013-0007,2020550339,BN,1,94.0,0,ACSR,2,AWG
8878,KSA2020550340,S0016-0013-0007,2020550340,BN,1,94.0,0,ACSR,2,AWG
8879,KSA2020550341,S0016-0013-0007,2020550341,BN,1,94.0,0,ACSR,2,AWG
8880,KSA2020550342,S0016-0013-0007,2020550342,BN,1,94.0,0,ACSR,2,AWG
8881,KSA2020550343,S0016-0013-0007,2020550343,BN,1,94.0,0,ACSR,2,AWG
8882,KSA2020550344,S0016-0013-0007,2020550344,BN,1,94.0,0,ACSR,2,AWG
8883,KSA2020550345,S0016-0013-0007,2020550345,BN,1,94.0,0,ACSR,2,AWG
8884,KSA2020550346,S0016-0013-0007,2020550346,BN,1,94.0,0,ACSR,2,AWG
8885,KSA2020550348,S0016-0013-0007,2020550348,BN,1,94.0,0,ACSR,2,AWG
8886,KSA2020550349,S0130-0088-002D,2020550349,BN,1,0.5,0,CU,10,AWG
8887,KSA2020550351,S0130-0088-002D,2020550351,BN,2,75.0,0,ACSR,2,AWG
8888,KSA2020550352,S0130-0088-002D,2020550352,BN,2,75.0,0,ACSR,2,AWG
8889,KSA2020550353,S0130-0088-002D,2020550353,BN,2,75.0,0,ACSR,2,AWG
8890,KSA2020550354,S0130-0088-002D,2020550354,BN,2,75.0,0,ACSR,2,AWG
8891,KSA2020550355,S0130-0088-002D,2020550355,BN,2,75.0,0,ACSR,2,AWG
8892,KSA2020550356,S0130-0088-002D,2020550356,BN,2,75.0,0,ACSR,2,AWG
8893,KSA2020550357,S0130-0088-002D,2020550357,BN,2,75.0,0,ACSR,2,AWG
8894,KSA2020550358,S0130-0088-002D,2020550358,BN,2,75.0,0,ACSR,2,AWG
8895,KSA2020550359,S0130-0088-002D,2020550359,BN,1,0.5,0,CU,10,AWG
8896,KSA2020550360,S0130-0088-002D,2020550360,BN,2,75.0,0,ACSR,2,AWG
8897,KSA2020550361,S0130-0088-002D,2020550361,BN,2,75.0,0,ACSR,2,AWG
8898,KSA2020550362,S0130-0088-002D,2020550362,BN,2,75.0,0,ACSR,2,AWG
8899,KSA2020550363,S0130-0088-002D,2020550363,BN,2,75.0,0,ACSR,2,AWG
8900,KSA2020550364,S0130-0088-002D,2020550364,BN,2,75.0,0,ACSR,2,AWG
8901,KSA2020550365,S0130-0088-002D,2020550365,BN,2,75.0,0,ACSR,2,AWG
8902,KSA2020550366,S0130-0088-002D,2020550366,BN,2,75.0,0,ACSR,2,AWG
8903,KSA2020550367,S0130-0088-002D,2020550367,BN,2,75.0,0,ACSR,2,AWG
8904,KSA2020550368,S0130-0088-002D,2020550368,BN,2,75.0,0,ACSR,2,AWG
8905,KSA2020550369,S0130-0088-002D,2020550369,BN,2,75.0,0,ACSR,2,AWG
8906,KSA2020550370,S0130-0088-002D,2020550370,BN,2,75.0,0,ACSR,2,AWG
8907,KSA2020550371,S0130-0088-002D,2020550371,BN,2,75.0,0,ACSR,2,AWG
8908,KSA2020550372,S0130-0088-002D,2020550372,BN,2,75.0,0,ACSR,2,AWG
8909,KSA2020550373,S0130-0088-002D,2020550373,BN,2,75.0,0,ACSR,2,AWG
8910,KSA2020550374,S0130-0088-002D,2020550374,BN,2,75.0,0,ACSR,2,AWG
8911,KSA2020550375,S0130-0088-002D,2020550375,BN,2,75.0,0,ACSR,2,AWG
8912,KSA2020550376,S0130-0088-002D,2020550376,BN,2,75.0,0,ACSR,2,AWG
8913,KSA2020550377,S0130-0088-002D,2020550377,BN,2,75.0,0,ACSR,2,AWG
8914,KSA2020550378,S0130-0088-002D,2020550378,BN,2,75.0,0,ACSR,2,AWG
8915,KSA2020550379,S0130-0088-002D,2020550379,BN,2,75.0,0,ACSR,2,AWG
8916,KSA2020550380,S0130-0088-002D,2020550380,BN,2,75.0,0,ACSR,2,AWG
8917,KSA2020550381,S0130-0088-002D,2020550381,BN,2,75.0,0,ACSR,2,AWG
8918,KSA2020550382,S0130-0088-002D,2020550382,BN,2,75.0,0,ACSR,2,AWG
8919,KSA2020550383,S0130-0088-002D,2020550383,BN,2,75.0,0,ACSR,2,AWG
8920,KSA2020550384,S0130-0088-002D,2020550384,BN,2,75.0,0,ACSR,2,AWG
8921,KSA2020550385,S0130-0088-002D,2020550385,BN,2,75.0,0,ACSR,2,AWG
8922,KSA2020550386,S0130-0088-002D,2020550386,BN,2,75.0,0,ACSR,2,AWG
8923,KSA2020550387,S0130-0088-002D,2020550387,BN,2,75.0,0,ACSR,2,AWG
8924,KSA2020550388,S0130-0088-002D,2020550388,BN,2,75.0,0,ACSR,2,AWG
8925,KSA2020550389,S0130-0088-002D,2020550389,BN,2,75.0,0,ACSR,2,AWG
8926,KSA2020550390,S0130-0088-002D,2020550390,BN,2,75.0,0,ACSR,2,AWG
8927,KSA2020550391,S0130-0088-002D,2020550391,BN,2,75.0,0,ACSR,2,AWG
8928,KSA2020550392,S0130-0088-002D,2020550392,BN,2,75.0,0,ACSR,2,AWG
8929,KSA2020550393,S0130-0088-002D,2020550393,BN,2,75.0,0,ACSR,2,AWG
8930,KSA2020550394,S0130-0088-002D,2020550394,BN,2,75.0,0,ACSR,2,AWG
8931,KSA2020550395,S0130-0088-002D,2020550395,BN,2,75.0,0,ACSR,2,AWG
8932,KSA2020550396,S0130-0088-002D,2020550396,BN,2,75.0,0,ACSR,2,AWG
8933,KSA2020550397,S0130-0088-002D,2020550397,BN,2,75.0,0,ACSR,2,AWG
8934,KSA2020550398,S0130-0088-002D,2020550398,BN,2,75.0,0,ACSR,2,AWG
8935,KSA2020550399,S0130-0088-002D,2020550399,BN,2,75.0,0,ACSR,2,AWG
8936,KSA2020550400,S0130-0088-002D,2020550400,BN,2,75.0,0,ACSR,2,AWG
8937,KSA2020550401,S0130-0088-002D,2020550401,BN,2,75.0,0,ACSR,2,AWG
8938,KSA2020550402,S0130-0088-002D,2020550402,BN,2,75.0,0,ACSR,2,AWG
8939,KSA2020550403,S0130-0088-0001,2020550403,BN,1,0.5,0,CU,10,AWG
8940,KSA2020550404,S0130-0088-0001,2020550404,BN,1,66.0,0,ACSR,2,AWG
8941,KSA2020550405,S0130-0088-0001,2020550405,BN,1,66.0,0,ACSR,2,AWG
8942,KSA2020550406,S0130-0088-0001,2020550406,BN,1,66.0,0,ACSR,2,AWG
8943,KSA2020550407,S0130-0088-0001,2020550407,BN,1,66.0,0,ACSR,2,AWG
8944,KSA2020550408,S0130-0088-0001,2020550408,BN,1,66.0,0,ACSR,2,AWG
8945,KSA2020550409,S0130-0088-0001,2020550409,BN,1,66.0,0,ACSR,2,AWG
8946,KSA2020550410,S0130-0088-0001,2020550410,BN,1,66.0,0,ACSR,2,AWG
8947,KSA2020550411,S0130-0088-0001,2020550411,BN,1,66.0,0,ACSR,2,AWG
8948,KSA2020550412,S0130-0088-0001,2020550412,BN,1,66.0,0,ACSR,2,AWG
8949,KSA2020550413,S0130-0088-0001,2020550413,BN,1,66.0,0,ACSR,2,AWG
8950,KSA2020550414,S0130-0088-0001,2020550414,BN,1,66.0,0,ACSR,2,AWG
8951,KSA2020550415,S0130-0088-0001,2020550415,BN,1,66.0,0,ACSR,2,AWG
8952,KSA2020550416,S0130-0088-0001,2020550416,BN,1,66.0,0,ACSR,2,AWG
8953,KSA2020550417,S0130-0088-0001,2020550417,BN,1,66.0,0,ACSR,2,AWG
8954,KSA2020550418,S0130-0088-0001,2020550418,BN,1,66.0,0,ACSR,2,AWG
8955,KSA2020550419,S0130-0088-0001,2020550419,BN,1,66.0,0,ACSR,2,AWG
8956,KSA2020550420,S0130-0088-0001,2020550420,BN,1,66.0,0,ACSR,2,AWG
8957,KSA2020550421,S0130-0088-0001,2020550421,BN,1,66.0,0,ACSR,2,AWG
8958,KSA2020550422,S0130-0088-0001,2020550422,BN,1,66.0,0,ACSR,2,AWG
8959,KSA2020550423,S0130-0088-0001,2020550423,BN,1,66.0,0,ACSR,2,AWG
8960,KSA2020550424,S0130-0088-0001,2020550424,BN,1,66.0,0,ACSR,2,AWG
8961,KSA2020550425,S0130-0088-0001,2020550425,BN,1,66.0,0,ACSR,2,AWG
8962,KSA2020550426,S0130-0088-0001,2020550426,BN,1,66.0,0,ACSR,2,AWG
8963,KSA2020550427,S0130-0088-0001,2020550427,BN,1,66.0,0,ACSR,2,AWG
8964,KSA2020550428,S0130-0088-0001,2020550428,BN,1,66.0,0,ACSR,2,AWG
8965,KSA2020550429,S0130-0088-0001,2020550429,BN,1,66.0,0,ACSR,2,AWG
8966,KSA2020550430,S0130-0088-0001,2020550430,BN,1,66.0,0,ACSR,2,AWG
8967,KSA2020550431,S0130-0088-0001,2020550431,BN,1,66.0,0,ACSR,2,AWG
8968,KSA2020550432,S0130-0088-0001,2020550432,BN,1,66.0,0,ACSR,2,AWG
8969,KSA2020550433,S0130-0088-0001,2020550433,BN,1,66.0,0,ACSR,2,AWG
8970,KSA2020550434,S0130-0088-0001,2020550434,BN,1,66.0,0,ACSR,2,AWG
8971,KSA2020550435,S0130-0088-0001,2020550435,BN,1,66.0,0,ACSR,2,AWG
8972,KSA2020550436,S0130-0088-0001,2020550436,BN,1,66.0,0,ACSR,2,AWG
8973,KSA2020550437,S0130-0088-0001,2020550437,BN,1,66.0,0,ACSR,2,AWG
8974,KSA2020550438,S0130-0088-0001,2020550438,BN,1,66.0,0,ACSR,2,AWG
8975,KSA2020550439,S0130-0088-0001,2020550439,BN,1,66.0,0,ACSR,2,AWG
8976,KSA2020550440,S0130-0088-0001,2020550440,BN,1,66.0,0,ACSR,2,AWG
8977,KSA2020550441,S0130-0088-0001,2020550441,BN,1,66.0,0,ACSR,2,AWG
8978,KSA2020550442,S0130-0088-0001,2020550442,BN,1,66.0,0,ACSR,2,AWG
8979,KSA2020550443,S0130-0088-0001,2020550443,BN,1,66.0,0,ACSR,2,AWG
8980,KSA2020550444,S0130-0088-0001,2020550444,BN,1,66.0,0,ACSR,2,AWG
8981,KSA2020550445,S0130-0088-0001,2020550445,BN,1,66.0,0,ACSR,2,AWG
8982,KSA2020550446,S0130-0088-0001,2020550446,BN,1,66.0,0,ACSR,2,AWG
8983,KSA2020550447,S0130-0088-0001,2020550447,BN,1,66.0,0,ACSR,2,AWG
8984,KSA2020550448,S0130-0088-0001,2020550448,BN,1,66.0,0,ACSR,2,AWG
8985,KSA2020550449,S0130-0088-0001,2020550449,BN,1,66.0,0,ACSR,2,AWG
8986,KSA2020550450,S0130-0088-0001,2020550450,BN,1,66.0,0,ACSR,2,AWG
8987,KSA2020550451,S0130-0088-0001,2020550451,BN,1,66.0,0,ACSR,2,AWG
8988,KSA2020550452,S0130-0088-0001,2020550452,BN,1,66.0,0,ACSR,2,AWG
8989,KSA2020550453,S0130-0088-0001,2020550453,BN,1,66.0,0,ACSR,2,AWG
8990,KSA2020550454,S0130-0088-0001,2020550454,BN,1,66.0,0,ACSR,2,AWG
8991,KSA2020550455,S0130-0088-0001,2020550455,BN,1,66.0,0,ACSR,2,AWG
8992,KSA2020550456,S0130-0088-0001,2020550456,BN,1,66.0,0,ACSR,2,AWG
8993,KSA2020550457,S0130-0088-0001,2020550457,BN,1,66.0,0,ACSR,2,AWG
8994,KSA2020550458,S0130-0088-0001,2020550458,BN,1,66.0,0,ACSR,2,AWG
8995,KSA2020550459,S0130-0088-0001,2020550459,BN,1,66.0,0,ACSR,2,AWG
8996,KSA2020550460,S0130-0088-0001,2020550460,BN,1,66.0,0,ACSR,2,AWG
8997,KSA2020550461,S0130-0088-0001,2020550461,BN,1,66.0,0,ACSR,2,AWG
8998,KSA2020550462,S0130-0088-0001,2020550462,BN,1,66.0,0,ACSR,2,AWG
8999,KSA2020550463,S0130-0088-0001,2020550463,BN,1,66.0,0,ACSR,2,AWG
9000,KSA2020550464,S0130-0088-0001,2020550464,BN,1,66.0,0,ACSR,2,AWG
9001,KSA2020550465,S0130-0088-0001,2020550465,BN,1,66.0,0,ACSR,2,AWG
9002,KSA2020550466,S0130-0088-0001,2020550466,BN,1,66.0,0,ACSR,2,AWG
9003,KSA2020550467,S0130-0088-0001,2020550467,BN,1,66.0,0,ACSR,2,AWG
9004,KSA2020550468,S0130-0088-0001,2020550468,BN,1,66.0,0,ACSR,2,AWG
9005,KSA2020550469,S0130-0088-0001,2020550469,BN,1,66.0,0,ACSR,2,AWG
9006,KSA2020550470,S0130-0088-0001,2020550470,BN,1,66.0,0,ACSR,2,AWG
9007,KSA2020550471,S0130-0088-0001,2020550471,BN,1,66.0,0,ACSR,2,AWG
9008,KSA2020550472,S0130-0088-0001,2020550472,BN,1,66.0,0,ACSR,2,AWG
9009,KSA2020550473,S0130-0088-0001,2020550473,BN,1,66.0,0,ACSR,2,AWG
9010,KSA2020550474,S0130-0088-0001,2020550474,BN,1,66.0,0,ACSR,2,AWG
9011,KSA2020550475,S0130-0088-0001,2020550475,BN,1,66.0,0,ACSR,2,AWG
9012,KSA2020550476,S0130-0088-0001,2020550476,BN,1,66.0,0,ACSR,2,AWG
9013,KSA2020550477,S0130-0088-0001,2020550477,BN,1,66.0,0,ACSR,2,AWG
9014,KSA2020550479,S0130-0088-0001,2020550479,BN,1,66.0,0,ACSR,2,AWG
9015,KSA2020550480,S0130-0088-0001,2020550480,BN,1,66.0,0,ACSR,2,AWG
9016,KSA2020550481,S0130-0088-0001,2020550481,BN,1,66.0,0,ACSR,2,AWG
9017,KSA2020550482,S0130-0088-0001,2020550482,BN,1,66.0,0,ACSR,2,AWG
9018,KSA2020550483,S0130-0088-0001,2020550483,BN,1,66.0,0,ACSR,2,AWG
9019,KSA2020550484,S0130-0088-0001,2020550484,BN,1,66.0,0,ACSR,2,AWG
9020,KSA2020550485,S0130-0088-0001,2020550485,BN,1,66.0,0,ACSR,2,AWG
9021,KSA2020550486,S0130-0088-0001,2020550486,BN,1,66.0,0,ACSR,2,AWG
9022,KSA2020550487,S0130-0088-0001,2020550487,BN,1,66.0,0,ACSR,2,AWG
9023,KSA2020550488,S0130-0088-0001,2020550488,BN,1,66.0,0,ACSR,2,AWG
9024,KSA2020550489,S0130-0088-0001,2020550489,BN,1,66.0,0,ACSR,2,AWG
9025,KSA2020550490,S0130-0088-0001,2020550490,BN,1,66.0,0,ACSR,2,AWG
9026,KSA2020550491,S0130-0088-0001,2020550491,BN,1,66.0,0,ACSR,2,AWG
9027,KSA2020550492,S0130-0088-0001,2020550492,BN,1,66.0,0,ACSR,2,AWG
9028,KSA2020550493,S0130-0088-0001,2020550493,BN,1,66.0,0,ACSR,2,AWG
9029,KSA2020550494,S0130-0088-0001,2020550494,BN,1,66.0,0,ACSR,2,AWG
9030,KSA2020550495,S0130-0088-0001,2020550495,BN,1,66.0,0,ACSR,2,AWG
9031,KSA2020550496,S0130-0088-0001,2020550496,BN,1,66.0,0,ACSR,2,AWG
9032,KSA2020550497,S0130-0088-0001,2020550497,BN,1,66.0,0,ACSR,2,AWG
9033,KSA2020550498,S0130-0088-0001,2020550498,BN,1,66.0,0,ACSR,2,AWG
9034,KSA2020550499,S0130-0088-0001,2020550499,BN,1,66.0,0,ACSR,2,AWG
9035,KSA2020550500,S0130-0088-0001,2020550500,BN,1,66.0,0,ACSR,2,AWG
9036,KSA2020550501,S0130-0088-0001,2020550501,BN,1,66.0,0,ACSR,2,AWG
9037,KSA2020550502,S0130-0088-0001,2020550502,BN,1,66.0,0,ACSR,2,AWG
9038,KSA2020550503,S0130-0088-0001,2020550503,BN,1,66.0,0,ACSR,2,AWG
9039,KSA2020550504,S0130-0088-0001,2020550504,BN,1,66.0,0,ACSR,2,AWG
9040,KSA2020550505,S0130-0088-0001,2020550505,BN,1,66.0,0,ACSR,2,AWG
9041,KSA2020550506,S0130-0088-0001,2020550506,BN,1,66.0,0,ACSR,2,AWG
9042,KSA2020550507,S0130-0088-0001,2020550507,BN,1,66.0,0,ACSR,2,AWG
9043,KSA2020550508,S0130-0088-0001,2020550508,BN,1,66.0,0,ACSR,2,AWG
9044,KSA2020550509,S0130-0088-0001,2020550509,BN,1,66.0,0,ACSR,2,AWG
9045,KSA2020550510,S0130-0088-0001,2020550510,BN,1,66.0,0,ACSR,2,AWG
9046,KSA2020550511,S0130-0088-0001,2020550511,BN,1,66.0,0,ACSR,2,AWG
9047,KSA2020550512,S0130-0088-0001,2020550512,BN,1,66.0,0,ACSR,2,AWG
9048,KSA2020550513,S0130-0088-0001,2020550513,BN,1,66.0,0,ACSR,2,AWG
9049,KSA2020550514,S0130-0088-0001,2020550514,BN,1,66.0,0,ACSR,2,AWG
9050,KSA2020550515,S0130-0088-0001,2020550515,BN,1,66.0,0,ACSR,2,AWG
9051,KSA2020550516,S0130-0088-0001,2020550516,BN,1,66.0,0,ACSR,2,AWG
9052,KSA2020550517,S0130-0088-0001,2020550517,BN,1,66.0,0,ACSR,2,AWG
9053,KSA2020550518,S0130-0088-0001,2020550518,BN,1,66.0,0,ACSR,2,AWG
9054,KSA2020550519,S0130-0088-0001,2020550519,BN,1,66.0,0,ACSR,2,AWG
9055,KSA2020550520,S0130-0088-0001,2020550520,BN,1,66.0,0,ACSR,2,AWG
9056,KSA2020550521,S0130-0088-0001,2020550521,BN,1,66.0,0,ACSR,2,AWG
9057,KSA2020550522,S0130-0088-0001,2020550522,BN,1,66.0,0,ACSR,2,AWG
9058,KSA2020550523,S0130-0088-0001,2020550523,BN,1,66.0,0,ACSR,2,AWG
9059,KSA2020550524,S0130-0088-0001,2020550524,BN,1,66.0,0,ACSR,2,AWG
9060,KSA2020550525,S0130-0088-0001,2020550525,BN,1,66.0,0,ACSR,2,AWG
9061,KSA2020550526,S0130-0088-0001,2020550526,BN,1,66.0,0,ACSR,2,AWG
9062,KSA2020550527,S0130-0088-0001,2020550527,BN,1,66.0,0,ACSR,2,AWG
9063,KSA2020550529,S0130-0088-0001,2020550529,BN,1,66.0,0,ACSR,2,AWG
9064,KSA2020550530,S0130-0088-0001,2020550530,BN,1,66.0,0,ACSR,2,AWG
9065,KSA2020550531,S0130-0088-0001,2020550531,BN,1,66.0,0,ACSR,2,AWG
9066,KSA2020550532,S0130-0088-0001,2020550532,BN,1,66.0,0,ACSR,2,AWG
9067,KSA2020550533,S0130-0088-0001,2020550533,BN,1,66.0,0,ACSR,2,AWG
9068,KSA2020550534,S0130-0088-0001,2020550534,BN,1,66.0,0,ACSR,2,AWG
9069,KSA2020550535,S0130-0088-0001,2020550535,BN,1,66.0,0,ACSR,2,AWG
9070,KSA2020550536,S0130-0088-0001,2020550536,BN,1,66.0,0,ACSR,2,AWG
9071,KSA2020550537,S0130-0088-0001,2020550537,BN,1,66.0,0,ACSR,2,AWG
9072,KSA2020550538,S0130-0088-0001,2020550538,BN,1,66.0,0,ACSR,2,AWG
9073,KSA2020550539,S0130-0088-0001,2020550539,BN,1,66.0,0,ACSR,2,AWG
9074,KSA2020550540,S0130-0088-0001,2020550540,BN,1,66.0,0,ACSR,2,AWG
9075,KSA2020550541,S0130-0088-0001,2020550541,BN,1,66.0,0,ACSR,2,AWG
9076,KSA2020550542,S0130-0088-0001,2020550542,BN,1,66.0,0,ACSR,2,AWG
9077,KSA2020550543,S0130-0088-0001,2020550543,BN,1,66.0,0,ACSR,2,AWG
9078,KSA2020550544,S0130-0088-0001,2020550544,BN,1,66.0,0,ACSR,2,AWG
9079,KSA2020550545,S0130-0088-0001,2020550545,BN,1,66.0,0,ACSR,2,AWG
9080,KSA2020550546,S0130-0088-0001,2020550546,BN,1,66.0,0,ACSR,2,AWG
9081,KSA2020550547,S0130-0088-0001,2020550547,BN,1,66.0,0,ACSR,2,AWG
9082,KSA2020550548,S0130-0088-0001,2020550548,BN,1,66.0,0,ACSR,2,AWG
9083,KSA2020550549,S0130-0088-0001,2020550549,BN,1,66.0,0,ACSR,2,AWG
9084,KSA2020550550,S0130-0088-0001,2020550550,BN,1,66.0,0,ACSR,2,AWG
9085,KSA2020550551,S0130-0088-0001,2020550551,BN,1,66.0,0,ACSR,2,AWG
9086,KSA2020550552,S0130-0088-0001,2020550552,BN,1,66.0,0,ACSR,2,AWG
9087,KSA2020550553,S0130-0088-0001,2020550553,BN,1,66.0,0,ACSR,2,AWG
9088,KSA2020550554,S0130-0088-0001,2020550554,BN,1,66.0,0,ACSR,2,AWG
9089,KSA2020550555,S0130-0088-0001,2020550555,BN,1,66.0,0,ACSR,2,AWG
9090,KSA2020550556,S0130-0088-0001,2020550556,BN,1,66.0,0,ACSR,2,AWG
9091,KSA2020550557,S0130-0088-0001,2020550557,BN,1,66.0,0,ACSR,2,AWG
9092,KSA2020550558,S0130-0088-0001,2020550558,BN,1,66.0,0,ACSR,2,AWG
9093,KSA2020550559,S0130-0088-0001,2020550559,BN,1,66.0,0,ACSR,2,AWG
9094,KSA2020550560,S0130-0088-0001,2020550560,BN,1,66.0,0,ACSR,2,AWG
9095,KSA2020550561,S0130-0088-0001,2020550561,BN,1,66.0,0,ACSR,2,AWG
9096,KSA2020550562,S0130-0088-0001,2020550562,BN,1,66.0,0,ACSR,2,AWG
9097,KSA2020550563,S0130-0088-0001,2020550563,BN,1,66.0,0,ACSR,2,AWG
9098,KSA2020550564,S0130-0088-0001,2020550564,BN,1,66.0,0,ACSR,2,AWG
9099,KSA2020550565,S0130-0088-0001,2020550565,BN,1,66.0,0,ACSR,2,AWG
9100,KSA2020550566,S0130-0088-0001,2020550566,BN,1,66.0,0,ACSR,2,AWG
9101,KSA2020550567,S0130-0088-0001,2020550567,BN,1,66.0,0,ACSR,2,AWG
9102,KSA2020550568,S0130-0088-0001,2020550568,BN,1,66.0,0,ACSR,2,AWG
9103,KSA2020560001,S0130-0088-0001,2020560001,BN,1,66.0,0,ACSR,2,AWG
9104,KSA2020560002,S0130-0088-0001,2020560002,BN,1,66.0,0,ACSR,2,AWG
9105,KSA2020560003,S0130-0088-0001,2020560003,BN,1,66.0,0,ACSR,2,AWG
9106,KSA2020560004,S0130-0088-0001,2020560004,BN,1,66.0,0,ACSR,2,AWG
9107,KSA2020560005,S0130-0088-0001,2020560005,BN,1,66.0,0,ACSR,2,AWG
9108,KSA2020560006,S0130-0088-0001,2020560006,BN,1,66.0,0,ACSR,2,AWG
9109,KSA2020560007,S0130-0088-0001,2020560007,BN,1,66.0,0,ACSR,2,AWG
9110,KSA2020560008,S0130-0088-0001,2020560008,BN,1,66.0,0,ACSR,2,AWG
9111,KSA2020560009,S0130-0088-0001,2020560009,BN,1,66.0,0,ACSR,2,AWG
9112,KSA2020560010,S0130-0088-0001,2020560010,BN,1,66.0,0,ACSR,2,AWG
9113,KSA2020560011,S0130-0088-0001,2020560011,BN,1,66.0,0,ACSR,2,AWG
9114,KSA2020560012,S0130-0088-0001,2020560012,BN,1,66.0,0,ACSR,2,AWG
9115,KSA2020560013,S0130-0088-0001,2020560013,BN,1,66.0,0,ACSR,2,AWG
9116,KSA2020560014,S0130-0088-0001,2020560014,BN,1,66.0,0,ACSR,2,AWG
9117,KSA2020560015,S0130-0088-0001,2020560015,BN,1,66.0,0,ACSR,2,AWG
9118,KSA2020560016,S0130-0088-0001,2020560016,BN,1,66.0,0,ACSR,2,AWG
9119,KSA2020560017,S0130-0088-0001,2020560017,BN,1,66.0,0,ACSR,2,AWG
9120,KSA2020560018,S0130-0088-0001,2020560018,BN,1,66.0,0,ACSR,2,AWG
9121,KSA2020560019,S0130-0088-0001,2020560019,BN,1,66.0,0,ACSR,2,AWG
9122,KSA2020560020,S0130-0088-0001,2020560020,BN,1,66.0,0,ACSR,2,AWG
9123,KSA2020560021,S0130-0088-0001,2020560021,BN,1,66.0,0,ACSR,2,AWG
9124,KSA2020560022,S0130-0088-0001,2020560022,BN,1,66.0,0,ACSR,2,AWG
9125,KSA2020560023,S0130-0088-0001,2020560023,BN,1,66.0,0,ACSR,2,AWG
9126,KSA2020560024,S0130-0088-0001,2020560024,BN,1,66.0,0,ACSR,2,AWG
9127,KSA2020560025,S0130-0088-0001,2020560025,BN,1,66.0,0,ACSR,2,AWG
9128,KSA2020560026,S0130-0088-0001,2020560026,BN,1,66.0,0,ACSR,2,AWG
9129,KSA2020560027,S0130-0088-0001,2020560027,BN,1,66.0,0,ACSR,2,AWG
9130,KSA2020560028,S0130-0088-0001,2020560028,BN,1,66.0,0,ACSR,2,AWG
9131,KSA2020560029,S0130-0088-0001,2020560029,BN,1,66.0,0,ACSR,2,AWG
9132,KSA2020560030,S0130-0088-0001,2020560030,BN,1,66.0,0,ACSR,2,AWG
9133,KSA2020560031,S0130-0088-0001,2020560031,BN,1,66.0,0,ACSR,2,AWG
9134,KSA2020560032,S0130-0088-0001,2020560032,BN,1,66.0,0,ACSR,2,AWG
9135,KSA2020560033,S0130-0088-0001,2020560033,BN,1,66.0,0,ACSR,2,AWG
9136,KSA2020560034,S0130-0088-0001,2020560034,BN,1,66.0,0,ACSR,2,AWG
9137,KSA2020560035,S0130-0088-0001,2020560035,BN,1,66.0,0,ACSR,2,AWG
9138,KSA2020560036,S0130-0088-0001,2020560036,BN,1,66.0,0,ACSR,2,AWG
9139,KSA2020560037,S0130-0088-0001,2020560037,BN,1,66.0,0,ACSR,2,AWG
9140,KSA2020560038,S0130-0088-0001,2020560038,BN,1,66.0,0,ACSR,2,AWG
9141,KSA2020560039,S0130-0088-0001,2020560039,BN,1,66.0,0,ACSR,2,AWG
9142,KSA2020560040,S0130-0088-0001,2020560040,BN,1,66.0,0,ACSR,2,AWG
9143,KSA2020560041,S0130-0088-0001,2020560041,BN,1,66.0,0,ACSR,2,AWG
9144,KSA2020560042,S0130-0088-0001,2020560042,BN,1,66.0,0,ACSR,2,AWG
9145,KSA2020560043,S0130-0088-0001,2020560043,BN,1,66.0,0,ACSR,2,AWG
9146,KSA2020560044,S0130-0088-0001,2020560044,BN,1,66.0,0,ACSR,2,AWG
9147,KSA2020560045,S0130-0088-0001,2020560045,BN,1,66.0,0,ACSR,2,AWG
9148,KSA2020560046,S0130-0088-0001,2020560046,BN,1,66.0,0,ACSR,2,AWG
9149,KSA2020560047,S0130-0088-0001,2020560047,BN,1,66.0,0,ACSR,2,AWG
9150,KSA2020560048,S0130-0088-0001,2020560048,BN,1,66.0,0,ACSR,2,AWG
9151,KSA2020560049,S0130-0088-0001,2020560049,BN,1,66.0,0,ACSR,2,AWG
9152,KSA2020560050,S0130-0088-0001,2020560050,BN,1,66.0,0,ACSR,2,AWG
9153,KSA2020560051,S0130-0088-0001,2020560051,BN,1,66.0,0,ACSR,2,AWG
9154,KSA2020560052,S0130-0088-0001,2020560052,BN,1,66.0,0,ACSR,2,AWG
9155,KSA2020560053,S0130-0088-0001,2020560053,BN,1,66.0,0,ACSR,2,AWG
9156,KSA2020560054,S0130-0088-0001,2020560054,BN,1,66.0,0,ACSR,2,AWG
9157,KSA2020560055,S0130-0088-0001,2020560055,BN,1,66.0,0,ACSR,2,AWG
9158,KSA2020560056,S0130-0088-0001,2020560056,BN,1,66.0,0,ACSR,2,AWG
9159,KSA2020560057,S0130-0088-0001,2020560057,BN,1,66.0,0,ACSR,2,AWG
9160,KSA2020560058,S0130-0088-0001,2020560058,BN,1,66.0,0,ACSR,2,AWG
9161,KSA2020560059,S0130-0088-0001,2020560059,BN,1,66.0,0,ACSR,2,AWG
9162,KSA2020560060,S0130-0088-0001,2020560060,BN,1,66.0,0,ACSR,2,AWG
9163,KSA2020560061,S0130-0088-0001,2020560061,BN,1,66.0,0,ACSR,2,AWG
9164,KSA2020560063,S0130-0088-0001,2020560063,BN,1,66.0,0,ACSR,2,AWG
9165,KSA2020560064,S0130-0088-0001,2020560064,BN,1,66.0,0,ACSR,2,AWG
9166,KSA2020560065,S0130-0088-0001,2020560065,BN,1,66.0,0,ACSR,2,AWG
9167,KSA2020560066,S0130-0088-0001,2020560066,BN,1,66.0,0,ACSR,2,AWG
9168,KSA2020560067,S0130-0088-0001,2020560067,BN,1,66.0,0,ACSR,2,AWG
9169,KSA2020560068,S0130-0088-0001,2020560068,BN,1,66.0,0,ACSR,2,AWG
9170,KSA2020560071,S0130-0088-0001,2020560071,BN,1,66.0,0,ACSR,2,AWG
9171,KSA2020560072,S0130-0088-0001,2020560072,BN,1,66.0,0,ACSR,2,AWG
9172,KSA2020560073,S0130-0088-0001,2020560073,BN,1,66.0,0,ACSR,2,AWG
9173,KSA2020560074,S0130-0088-0001,2020560074,BN,1,66.0,0,ACSR,2,AWG
9174,KSA2020560075,S0130-0088-0001,2020560075,BN,1,66.0,0,ACSR,2,AWG
9175,KSA2020560076,S0130-0088-0001,2020560076,BN,1,66.0,0,ACSR,2,AWG
9176,KSA2020560077,S0130-0088-0001,2020560077,BN,1,66.0,0,ACSR,2,AWG
9177,KSA2020560078,S0130-0088-0001,2020560078,BN,1,66.0,0,ACSR,2,AWG
9178,KSA2020560079,S0130-0088-0001,2020560079,BN,1,66.0,0,ACSR,2,AWG
9179,KSA2020560080,S0130-0088-0001,2020560080,BN,1,66.0,0,ACSR,2,AWG
9180,KSA2020560081,S0130-0088-0001,2020560081,BN,1,66.0,0,ACSR,2,AWG
9181,KSA2020560082,S0130-0088-0001,2020560082,BN,1,66.0,0,ACSR,2,AWG
9182,KSA2020560083,S0130-0088-0001,2020560083,BN,1,66.0,0,ACSR,2,AWG
9183,KSA2020560084,S0130-0088-0001,2020560084,BN,1,66.0,0,ACSR,2,AWG
9184,KSA2020560085,S0130-0088-0001,2020560085,BN,1,66.0,0,ACSR,2,AWG
9185,KSA2020560086,S0130-0088-0001,2020560086,BN,1,66.0,0,ACSR,2,AWG
9186,KSA2020560087,S0130-0088-0001,2020560087,BN,1,66.0,0,ACSR,2,AWG
9187,KSA2020560088,S0130-0088-0001,2020560088,BN,1,66.0,0,ACSR,2,AWG
9188,KSA2020560089,S0130-0088-0001,2020560089,BN,1,66.0,0,ACSR,2,AWG
9189,KSA2020560090,S0130-0088-0001,2020560090,BN,1,66.0,0,ACSR,2,AWG
9190,KSA2020560093,S0130-0088-0001,2020560093,BN,1,66.0,0,ACSR,2,AWG
9191,KSA2020560094,S0130-0088-0001,2020560094,BN,1,66.0,0,ACSR,2,AWG
9192,KSA2020560095,S0130-0088-0001,2020560095,BN,1,66.0,0,ACSR,2,AWG
9193,KSA2020560096,S0130-0088-0001,2020560096,BN,1,66.0,0,ACSR,2,AWG
9194,KSA2020560097,S0130-0088-0001,2020560097,BN,1,66.0,0,ACSR,2,AWG
9195,KSA2020560098,S0130-0088-0001,2020560098,BN,1,66.0,0,ACSR,2,AWG
9196,KSA2020560099,S0130-0088-0001,2020560099,BN,1,66.0,0,ACSR,2,AWG
9197,KSA2020560100,S0130-0088-0001,2020560100,BN,1,66.0,0,ACSR,2,AWG
9198,KSA2020560101,S0130-0088-0001,2020560101,BN,1,66.0,0,ACSR,2,AWG
9199,KSA2020560102,S0130-0088-0001,2020560102,BN,1,66.0,0,ACSR,2,AWG
9200,KSA2020560103,S0130-0088-0001,2020560103,BN,1,66.0,0,ACSR,2,AWG
9201,KSA2020560104,S0130-0088-0001,2020560104,BN,1,66.0,0,ACSR,2,AWG
9202,KSA2020560105,S0130-0088-0001,2020560105,BN,1,66.0,0,ACSR,2,AWG
9203,KSA2020560106,S0130-0088-0001,2020560106,BN,1,66.0,0,ACSR,2,AWG
9204,KSA2020560107,S0130-0088-0001,2020560107,BN,1,66.0,0,ACSR,2,AWG
9205,KSA2020560108,S0130-0088-0001,2020560108,BN,1,66.0,0,ACSR,2,AWG
9206,KSA2020560109,S0130-0088-0001,2020560109,BN,1,66.0,0,ACSR,2,AWG
9207,KSA2020560110,S0130-0088-0001,2020560110,BN,1,66.0,0,ACSR,2,AWG
9208,KSA2020560111,S0130-0088-0001,2020560111,BN,1,66.0,0,ACSR,2,AWG
9209,KSA2020560113,S0130-0088-0001,2020560113,BN,1,66.0,0,ACSR,2,AWG
9210,KSA2020560114,S0130-0088-0001,2020560114,BN,1,66.0,0,ACSR,2,AWG
9211,KSA2020560115,S0130-0088-0001,2020560115,BN,1,66.0,0,ACSR,2,AWG
9212,KSA2020560116,S0130-0088-0001,2020560116,BN,1,66.0,0,ACSR,2,AWG
9213,KSA2020560117,S0130-0088-0001,2020560117,BN,1,66.0,0,ACSR,2,AWG
9214,KSA2020560118,S0130-0088-0001,2020560118,BN,1,66.0,0,ACSR,2,AWG
9215,KSA2020560119,S0130-0088-0001,2020560119,BN,1,66.0,0,ACSR,2,AWG
9216,KSA2020560120,S0130-0088-0001,2020560120,BN,1,66.0,0,ACSR,2,AWG
9217,KSA2020560121,S0130-0088-0001,2020560121,BN,1,66.0,0,ACSR,2,AWG
9218,KSA2020560122,S0130-0088-0001,2020560122,BN,1,66.0,0,ACSR,2,AWG
9219,KSA2020560123,S0130-0088-0001,2020560123,BN,1,66.0,0,ACSR,2,AWG
9220,KSA2020560124,S0130-0088-0001,2020560124,BN,1,66.0,0,ACSR,2,AWG
9221,KSA2020560125,S0130-0088-0001,2020560125,BN,1,66.0,0,ACSR,2,AWG
9222,KSA2020560126,S0130-0088-0001,2020560126,BN,1,66.0,0,ACSR,2,AWG
9223,KSA2020560128,S0130-0088-0001,2020560128,BN,1,66.0,0,ACSR,2,AWG
9224,KSA2020570002,S0130-0088-0001,2020570002,BN,1,66.0,0,ACSR,2,AWG
9225,KSA2020570003,S0130-0088-0001,2020570003,BN,1,66.0,0,ACSR,2,AWG
9226,KSA2020570004,S0130-0088-0001,2020570004,BN,1,66.0,0,ACSR,2,AWG
9227,KSA2020570005,S0130-0088-0001,2020570005,BN,1,66.0,0,ACSR,2,AWG
9228,KSA2020570006,S0130-0088-0001,2020570006,BN,1,66.0,0,ACSR,2,AWG
9229,KSA2020570007,S0130-0088-0001,2020570007,BN,1,66.0,0,ACSR,2,AWG
9230,KSA2020570008,S0130-0088-0001,2020570008,BN,1,66.0,0,ACSR,2,AWG
9231,KSA2020570009,S0130-0088-0001,2020570009,BN,1,66.0,0,ACSR,2,AWG
9232,KSA2020570010,S0130-0088-0001,2020570010,BN,1,66.0,0,ACSR,2,AWG
9233,KSA2020570011,S0130-0088-0001,2020570011,BN,1,66.0,0,ACSR,2,AWG
9234,KSA2020570012,S0130-0088-0001,2020570012,BN,1,66.0,0,ACSR,2,AWG
9235,KSA2020570013,S0130-0088-0001,2020570013,BN,1,66.0,0,ACSR,2,AWG
9236,KSA2020570014,S0130-0088-0001,2020570014,BN,1,66.0,0,ACSR,2,AWG
9237,KSA2020570017,S0130-0088-0001,2020570017,BN,1,66.0,0,ACSR,2,AWG
9238,KSA2020570018,S0130-0088-0001,2020570018,BN,1,66.0,0,ACSR,2,AWG
9239,KSA2020570019,S0130-0088-0001,2020570019,BN,1,66.0,0,ACSR,2,AWG
9240,KSA2020570020,S0130-0088-0001,2020570020,BN,1,66.0,0,ACSR,2,AWG
9241,KSA2020570021,S0130-0088-0001,2020570021,BN,1,66.0,0,ACSR,2,AWG
9242,KSA2020570022,S0130-0088-0001,2020570022,BN,1,66.0,0,ACSR,2,AWG
9243,KSA2020570023,S0130-0088-0001,2020570023,BN,1,66.0,0,ACSR,2,AWG
9244,KSA2020570024,S0130-0088-0001,2020570024,BN,1,66.0,0,ACSR,2,AWG
9245,KSA2020570025,S0130-0088-0001,2020570025,BN,1,66.0,0,ACSR,2,AWG
9246,KSA2020570026,S0130-0088-0001,2020570026,BN,1,66.0,0,ACSR,2,AWG
9247,KSA2020570027,S0130-0088-0001,2020570027,BN,1,66.0,0,ACSR,2,AWG
9248,KSA2020570028,S0130-0088-0001,2020570028,BN,1,66.0,0,ACSR,2,AWG
9249,KSA2020570029,S0130-0088-0001,2020570029,BN,1,66.0,0,ACSR,2,AWG
9250,KSA2020570030,S0130-0088-0001,2020570030,BN,1,66.0,0,ACSR,2,AWG
9251,KSA2020570031,S0130-0088-0001,2020570031,BN,1,66.0,0,ACSR,2,AWG
9252,KSA2020570032,S0130-0088-0001,2020570032,BN,1,66.0,0,ACSR,2,AWG
9253,KSA2020570033,S0130-0088-0001,2020570033,BN,1,66.0,0,ACSR,2,AWG
9254,KSA2020570034,S0130-0088-0001,2020570034,BN,1,66.0,0,ACSR,2,AWG
9255,KSA2020570035,S0130-0088-0001,2020570035,BN,1,66.0,0,ACSR,2,AWG
9256,KSA2020570036,S0130-0088-0001,2020570036,BN,1,66.0,0,ACSR,2,AWG
9257,KSA2020570039,S0130-0088-0001,2020570039,BN,1,66.0,0,ACSR,2,AWG
9258,KSA2020570040,S0130-0088-0001,2020570040,BN,1,66.0,0,ACSR,2,AWG
9259,KSA2020570041,S0130-0088-0001,2020570041,BN,1,66.0,0,ACSR,2,AWG
9260,KSA2020570042,S0130-0088-0001,2020570042,BN,1,66.0,0,ACSR,2,AWG
9261,KSA2020570043,S0130-0088-0001,2020570043,BN,1,66.0,0,ACSR,2,AWG
9262,KSA2020570044,S0130-0088-0001,2020570044,BN,1,66.0,0,ACSR,2,AWG
9263,KSA2020570045,S0130-0088-0001,2020570045,BN,1,66.0,0,ACSR,2,AWG
9264,KSA2020570046,S0130-0088-0001,2020570046,BN,1,66.0,0,ACSR,2,AWG
9265,KSA2020570048,S0130-0088-0001,2020570048,BN,1,66.0,0,ACSR,2,AWG
9266,KSA2020570049,S0130-0088-0001,2020570049,BN,1,66.0,0,ACSR,2,AWG
9267,KSA2020570051,S0130-0088-0001,2020570051,BN,1,66.0,0,ACSR,2,AWG
9268,KSA2020570052,S0130-0088-0001,2020570052,BN,1,66.0,0,ACSR,2,AWG
9269,KSA2020570055,S0130-0088-0001,2020570055,BN,1,66.0,0,ACSR,2,AWG
9270,KSA2020570057,S0130-0088-0001,2020570057,BN,1,66.0,0,ACSR,2,AWG
9271,KSA2020570058,S0130-0088-0001,2020570058,BN,1,66.0,0,ACSR,2,AWG
9272,KSA2020570059,S0130-0088-0001,2020570059,BN,1,66.0,0,ACSR,2,AWG
9273,KSA2020570060,S0130-0088-0001,2020570060,BN,1,66.0,0,ACSR,2,AWG
9274,KSA2020570061,S0130-0088-0001,2020570061,BN,1,66.0,0,ACSR,2,AWG
9275,KSA2020570062,S0130-0088-0001,2020570062,BN,1,66.0,0,ACSR,2,AWG
9276,KSA2020570063,S0130-0088-0001,2020570063,BN,1,66.0,0,ACSR,2,AWG
9277,KSA2020570064,S0130-0088-0001,2020570064,BN,1,66.0,0,ACSR,2,AWG
9278,KSA2020570065,S0130-0088-0001,2020570065,BN,1,66.0,0,ACSR,2,AWG
9279,KSA2020570067,S0130-0088-0001,2020570067,BN,1,66.0,0,ACSR,2,AWG
9280,KSA2020570068,S0130-0088-0001,2020570068,BN,1,66.0,0,ACSR,2,AWG
9281,KSA2020570071,S0130-0088-0001,2020570071,BN,1,66.0,0,ACSR,2,AWG
9282,KSA2020570072,S0130-0088-0001,2020570072,BN,1,66.0,0,ACSR,2,AWG
9283,KSA2020570073,S0130-0088-0001,2020570073,BN,1,66.0,0,ACSR,2,AWG
9284,KSA2020570074,S0130-0088-0001,2020570074,BN,1,66.0,0,ACSR,2,AWG
9285,KSA2020570076,S0130-0088-0001,2020570076,BN,1,66.0,0,ACSR,2,AWG
9286,KSA2020570079,S0130-0088-0001,2020570079,BN,1,66.0,0,ACSR,2,AWG
9287,KSA2020570082,S0130-0088-0001,2020570082,BN,1,66.0,0,ACSR,2,AWG
9288,KSA2020570083,S0130-0088-0001,2020570083,BN,1,66.0,0,ACSR,2,AWG
9289,KSA2020570084,S0130-0088-0001,2020570084,BN,1,66.0,0,ACSR,2,AWG
9290,KSA2020570087,S0130-0088-0001,2020570087,BN,1,66.0,0,ACSR,2,AWG
9291,KSA2020570088,S0130-0088-0001,2020570088,BN,1,66.0,0,ACSR,2,AWG
9292,KSA2020570089,S0130-0088-0001,2020570089,BN,1,66.0,0,ACSR,2,AWG
9293,KSA2020570091,S0130-0088-0001,2020570091,BN,1,66.0,0,ACSR,2,AWG
9294,KSA2020570092,S0130-0088-0001,2020570092,BN,1,66.0,0,ACSR,2,AWG
9295,KSA2020570093,S0130-0088-0001,2020570093,BN,1,66.0,0,ACSR,2,AWG
9296,KSA2020570095,S0130-0088-0001,2020570095,BN,1,66.0,0,ACSR,2,AWG
9297,KSA2020570098,S0130-0088-0001,2020570098,BN,1,66.0,0,ACSR,2,AWG
9298,KSA2020570099,S0130-0088-0001,2020570099,BN,1,66.0,0,ACSR,2,AWG
9299,KSA2020570100,S0130-0088-0001,2020570100,BN,1,66.0,0,ACSR,2,AWG
9300,KSA2020570101,S0130-0088-0001,2020570101,BN,1,66.0,0,ACSR,2,AWG
9301,KSA2020570102,S0130-0088-0001,2020570102,BN,1,66.0,0,ACSR,2,AWG
9302,KSA2020570103,S0130-0088-0001,2020570103,BN,1,66.0,0,ACSR,2,AWG
9303,KSA2020570104,S0130-0088-0001,2020570104,BN,1,66.0,0,ACSR,2,AWG
9304,KSA2020570108,S0130-0088-0001,2020570108,BN,1,66.0,0,ACSR,2,AWG
9305,KSA2020570110,S0130-0088-0001,2020570110,BN,1,66.0,0,ACSR,2,AWG
9306,KSA2020570111,S0130-0088-0001,2020570111,BN,1,66.0,0,ACSR,2,AWG
9307,KSA2020570112,S0130-0088-0001,2020570112,BN,1,66.0,0,ACSR,2,AWG
9308,KSA2020570113,S0130-0088-0001,2020570113,BN,1,66.0,0,ACSR,2,AWG
9309,KSA2020570118,S0130-0088-0001,2020570118,BN,1,66.0,0,ACSR,2,AWG
9310,KSA2020570119,S0130-0088-0001,2020570119,BN,1,66.0,0,ACSR,2,AWG
9311,KSA2020570120,S0130-0088-0001,2020570120,BN,1,66.0,0,ACSR,2,AWG
9312,KSA2020570121,S0130-0088-0001,2020570121,BN,1,66.0,0,ACSR,2,AWG
9313,KSA2020570122,S0130-0088-0001,2020570122,BN,1,66.0,0,ACSR,2,AWG
9314,KSA2020580001,S0130-0088-0001,2020580001,BN,1,66.0,0,ACSR,2,AWG
9315,KSA2020580002,S0130-0088-0001,2020580002,BN,1,66.0,0,ACSR,2,AWG
9316,KSA2020580003,S0130-0088-0001,2020580003,BN,1,66.0,0,ACSR,2,AWG
9317,KSA2020580004,S0130-0088-0001,2020580004,BN,1,66.0,0,ACSR,2,AWG
9318,KSA2020580005,S0130-0088-0001,2020580005,BN,1,66.0,0,ACSR,2,AWG
9319,KSA2020580006,S0130-0088-0001,2020580006,BN,1,66.0,0,ACSR,2,AWG
9320,KSA2020580007,S0130-0088-0001,2020580007,BN,1,66.0,0,ACSR,2,AWG
9321,KSA2020580008,S0130-0088-0001,2020580008,BN,1,66.0,0,ACSR,2,AWG
9322,KSA2020580009,S0130-0088-0001,2020580009,BN,1,66.0,0,ACSR,2,AWG
9323,KSA2020580010,S0130-0088-0001,2020580010,BN,1,66.0,0,ACSR,2,AWG
9324,KSA2020580011,S0130-0088-0001,2020580011,BN,1,66.0,0,ACSR,2,AWG
9325,KSA2020580012,S0130-0088-0001,2020580012,BN,1,66.0,0,ACSR,2,AWG
9326,KSA2020580013,S0130-0088-0001,2020580013,BN,1,66.0,0,ACSR,2,AWG
9327,KSA2020580014,S0130-0088-0001,2020580014,BN,1,66.0,0,ACSR,2,AWG
9328,KSA2020580015,S0130-0088-0001,2020580015,BN,1,66.0,0,ACSR,2,AWG
9329,KSA2020580016,S0130-0088-0001,2020580016,BN,1,66.0,0,ACSR,2,AWG
9330,KSA2020580017,S0130-0088-0001,2020580017,BN,1,66.0,0,ACSR,2,AWG
9331,KSA2020580018,S0130-0088-0001,2020580018,BN,1,66.0,0,ACSR,2,AWG
9332,KSA2020580019,S0130-0088-0001,2020580019,BN,1,66.0,0,ACSR,2,AWG
9333,KSA2020580020,S0130-0088-0001,2020580020,BN,1,66.0,0,ACSR,2,AWG
9334,KSA2020580021,S0130-0088-0001,2020580021,BN,1,66.0,0,ACSR,2,AWG
9335,KSA2020580022,S0130-0088-0001,2020580022,BN,1,66.0,0,ACSR,2,AWG
9336,KSA2020580023,S0130-0088-0001,2020580023,BN,1,66.0,0,ACSR,2,AWG
9337,KSA2020580024,S0130-0088-0001,2020580024,BN,1,66.0,0,ACSR,2,AWG
9338,KSA2020580025,S0130-0088-0001,2020580025,BN,1,66.0,0,ACSR,2,AWG
9339,KSA2020580026,S0130-0088-0001,2020580026,BN,1,66.0,0,ACSR,2,AWG
9340,KSA2020580027,S0130-0088-0001,2020580027,BN,1,66.0,0,ACSR,2,AWG
9341,KSA2020580028,S0130-0088-0001,2020580028,BN,1,66.0,0,ACSR,2,AWG
9342,KSA2020720011,S0092-0002-0001,2020720011,ABCN,1,5.0,0,CU,2,AWG
9343,KSA2020720015,S000099-0000001,2020720015,CN,1,6.0,0,AL,2,AWG
9344,KSA2020720017,S0100-0001-0001,2020720017,CN,1,5.0,0,AL,2,AWG
9345,KSA2020720018,S000100-000002c,2020720018,AN,1,0.5,0,CU,10,AWG
9346,KSA2020720020,S0108-0005-0001,2020720020,AN,1,5.0,0,AL,2,AWG
9347,KSA2020720025,S0108-007A-0001,2020720025,CN,1,5.0,0,AL,2,AWG
9348,KSA2020720055,S0132-003D-0001,2020720055,CN,1,5.0,0,AL,2,AWG
9349,KSA2020720100,S00111A-0000001,2020720100,CN,1,5.0,0,AL,2,AWG
9350,KSA2020720125,S0092-0007-0011,2020720125,BN,1,0.5,0,CU,10,AWG
9351,KSA2020720130,S0126-008A-0001,2020720130,BN,1,6.0,0,AL,2,AWG
9352,KSA2020720160,S00121A-0000001,2020720160,AN,1,5.0,0,AL,2,AWG
9353,KSA2020720165,S000111-0000001,2020720165,AN,1,5.0,0,AL,2,AWG
9354,KSA2020720240,S000115-0000002,2020720240,CN,1,0.5,0,CU,10,AWG
9355,KSA2020720245,S000110-0000004,2020720245,BN,1,0.5,0,CU,10,AWG
9356,KSA2020720250,S0100-0050-0001,2020720250,CN,1,5.0,0,AL,2,AWG
9357,KSA2020720255,S0100-0002-0001,2020720255,CN,1,5.0,0,AL,2,AWG
9358,KSA2020720260,S0108-0018-0001,2020720260,AN,1,5.0,0,AL,2,AWG
9359,KSA2020720270,S000049-0000001,2020720270,AN,1,6.0,0,AL,2,AWG
9360,KSA2020720275,S0108-0008-0001,2020720275,AN,1,5.0,0,AL,2,AWG
9361,KSA2020720277,S0108-0011-0001,2020720277,AN,1,5.0,0,AL,2,AWG
9362,KSA2020720285,S000092-0000001,2020720285,CN,1,0.5,0,CU,10,AWG
9363,KSA2020720300,S00091A-0000001,2020720300,AN,1,5.0,0,AL,2,AWG
9364,KSA2020720310,S0100-0007-0001,2020720310,CN,1,5.0,0,AL,2,AWG
9365,KSA2020720335,S0130-0020-0001,2020720335,BN,1,5.0,0,AL,2,AWG
9366,KSA2020720345,S00115C-0000001,2020720345,BN,1,6.0,0,CU,2,AWG
9367,KSA2020720360,S00094A-0000001,2020720360,CN,1,6.0,0,AL,2,AWG
9368,KSA2020720370,S0130-0025-0001,2020720370,BN,1,5.0,0,AL,2,AWG
9369,KSA2020720375,S0108-0019-0001,2020720375,ABCN,1,5.0,0,CU,2,AWG
9370,KSA2020720385,S0092-0008-0001,2020720385,BN,1,5.0,0,AL,2,AWG
9371,KSA2020720420,S0092-0007-0009,2020720420,BN,1,0.5,0,CU,10,AWG
9372,KSA2020720455,S000090-0000011,2020720455,BN,1,6.0,0,AL,2,AWG
9373,KSA2020720465,S00100A-0000001,2020720465,BN,1,6.0,0,AL,2,AWG
9374,KSA2020720475,S0130-0117-0010,2020720475,BN,1,0.5,0,CU,10,AWG
9375,KSA2020720530,S00115A-0000001,2020720530,CN,1,6.0,0,AL,2,AWG
9376,KSA2020720540,S0126-0012-0001,2020720540,AN,1,0.5,0,CU,10,AWG
9377,KSA2020720560,S0130-0098-0007,2020720560,BN,1,0.5,0,CU,10,AWG
9378,KSA2020720610,S0130-0098-0007,2020720610,BN,1,0.5,0,CU,10,AWG
9379,KSA2020720622,S0132-03D1-0001,2020720622,CN,1,5.0,0,AL,2,AWG
9380,KSA2020720623,S0132-003H-0001,2020720623,CN,1,1.0,0,ACSR,2,AWG
9381,KSA2020720624,S0132-0005-004E,2020720624,CN,1,1.0,0,ACSR,2,AWG
9382,KSA2020720631,S000122-0000001,2020720631,AN,1,1.0,0,ACSR,2,AWG
9383,KSA2020720632,S0100-006A-0001,2020720632,CN,1,5.0,0,AL,2,AWG
9384,KSA2020720634,S0108-0007-0001,2020720634,AN,1,5.0,0,AL,2,AWG
9385,KSA2020720640,S0130-0088-004i,2020720640,BN,2,81.0,0,ACSR,2,AWG
9386,KSA2020720643,S0092-0005-0001,2020720643,BN,1,6.0,0,AL,2,AWG
9387,KSA2020720644,S108-24-01-0001,2020720644,BN,1,6.0,0,ACSR,2,AWG
9388,KSA2020840117,S0100-13ar-0008,2020840117,CN,1,56.0,0,ACSR,2,AWG
9389,KSA2020900010,S000090-0000009,2020900010,BN,1,0.5,0,CU,10,AWG
9390,KSA2020900035,S0108-0010-0004,2020900035,CN,1,0.5,0,CU,10,AWG
9391,KSA2020900115,S000100-0000002,2020900115,AN,1,0.5,0,CU,10,AWG
9392,KSA2020900125,S100-55-04-0005,2020900125,CN,1,0.5,0,CU,10,AWG
9393,KSA2020900143,S100-55-04-006A,2020900143,CN,1,0.5,0,CU,10,AWG
9394,KSA2020900144,S100-55-04-006A,2020900144,CN,1,0.5,0,CU,10,AWG
9395,KSA2020900145,S100-55-04-006A,2020900145,CN,1,0.5,0,CU,10,AWG
9396,KSA2020900147,S100-13ag6-0013,2020900147,CN,1,0.5,0,CU,10,AWG
9397,KSA2020900148,S100-13ag6-0013,2020900148,CN,1,0.5,0,CU,10,AWG
9398,KSA2020900149,S0130-0049-0003,2020900149,BN,1,0.5,0,CU,10,AWG
9399,KSA2020900165,S0130-0049-0003,2020900165,BN,1,64.0,0,ACSR,2,AWG
9400,KSA2020900797,S0132-0005-0002,2020900797,CN,1,1.0,0,ACSR,2,AWG
9401,KSA3030041572,S0100-0006-006b,3030041572,CN,1,0.5,0,CU,10,AWG
9402,KSA3030050265,S0100-0006-006b,3030050265,CN,2,113.0,0,ACSR,2,AWG
9403,KSA3030051843,S0100-0006-006b,3030051843,CN,2,113.0,0,ACSR,2,AWG
9404,KSA3030051844,S0100-0006-006b,3030051844,CN,2,113.0,0,ACSR,2,AWG
9405,KSA3030051845,S0100-0006-006b,3030051845,CN,2,113.0,0,ACSR,2,AWG
9406,KSA3030051846,S0100-0006-006b,3030051846,CN,2,113.0,0,ACSR,2,AWG
9407,KSA3030051847,S0100-0006-006b,3030051847,CN,2,113.0,0,ACSR,2,AWG
9408,KSA3030051848,S0100-0006-006b,3030051848,CN,2,113.0,0,ACSR,2,AWG
9409,KSA3030051849,S0100-0006-006b,3030051849,CN,2,113.0,0,ACSR,2,AWG
9410,KSA3030051850,S0100-0006-006b,3030051850,CN,2,113.0,0,ACSR,2,AWG
9411,KSA3030051851,S0100-0006-006b,3030051851,CN,2,113.0,0,ACSR,2,AWG
9412,KSA3030051852,S0100-0006-006b,3030051852,CN,2,113.0,0,ACSR,2,AWG
9413,KSA3030060502,S0100-0006-006b,3030060502,CN,2,113.0,0,ACSR,2,AWG
9414,KSA3030060505,S0100-0006-006b,3030060505,CN,2,113.0,0,ACSR,2,AWG
9415,KSA3030060525,S0100-0006-006b,3030060525,CN,2,113.0,0,ACSR,2,AWG
9416,KSA3030060530,S0100-0006-006b,3030060530,CN,2,113.0,0,ACSR,2,AWG
9417,KSA3030060535,S0100-0006-006b,3030060535,CN,2,113.0,0,ACSR,2,AWG
9418,KSA3030060567,S0100-0006-006b,3030060567,CN,2,113.0,0,ACSR,2,AWG
9419,KSA3030060573,S0100-0006-006b,3030060573,CN,2,113.0,0,ACSR,2,AWG
9420,KSA3030060575,S0100-0006-006b,3030060575,CN,2,113.0,0,ACSR,2,AWG
9421,KSA3030060631,S0100-0006-006b,3030060631,CN,2,113.0,0,ACSR,2,AWG
9422,KSA3030060633,S0100-0006-006b,3030060633,CN,2,113.0,0,ACSR,2,AWG
9423,KSA3030060675,S0100-0006-006b,3030060675,CN,2,113.0,0,ACSR,2,AWG
9424,KSA3030060817,S0100-0006-006b,3030060817,CN,2,113.0,0,ACSR,2,AWG
9425,KSA3030070049,S0034-0018-0019,3030070049,BN,1,0.5,0,CU,10,AWG
9426,KSA3030070351,S0034-0018-0019,3030070351,BN,1,0.5,0,CU,10,AWG
9427,KSA3030120040,S0034-0018-0019,3030120040,BN,1,0.5,0,CU,10,AWG
9428,KSA3030120050,S0034-0018-0019,3030120050,BN,1,0.5,0,CU,10,AWG
9429,KSA3030120070,S0034-0018-0018,3030120070,BN,1,0.5,0,CU,10,AWG
9430,KSA3030120080,S0034-0018-0017,3030120080,BN,1,0.5,0,CU,10,AWG
9431,KSA3030120090,S0034-0018-0017,3030120090,BN,1,0.5,0,CU,10,AWG
9432,KSA3030120100,S0034-0018-0016,3030120100,BN,1,0.5,0,CU,10,AWG
9433,KSA3030120105,S0034-0018-0011,3030120105,BN,1,0.5,0,CU,10,AWG
9434,KSA3030120110,S0034-0018-0015,3030120110,BN,1,0.5,0,CU,10,AWG
9435,KSA3030120115,S0034-0018-0018,3030120115,BN,1,0.5,0,CU,10,AWG
9436,KSA3030120120,S0034-0018-0015,3030120120,BN,1,0.5,0,CU,10,AWG
9437,KSA3030120125,S0034-0018-0009,3030120125,BN,1,0.5,0,CU,10,AWG
9438,KSA3030120130,S0034-0018-0015,3030120130,BN,1,0.5,0,CU,10,AWG
9439,KSA3030120135,S0034-0018-0013,3030120135,BN,1,0.5,0,CU,10,AWG
9440,KSA3030120145,S0034-0018-0009,3030120145,BN,1,0.5,0,CU,10,AWG
9441,KSA3030120155,S0034-0018-0009,3030120155,BN,1,110.0,0,ACSR,2,AWG
9442,KSA3030120165,S0034-0018-0016,3030120165,BN,1,0.5,0,CU,10,AWG
9443,KSA3030120175,S0034-0018-0013,3030120175,BN,1,0.5,0,CU,10,AWG
9444,KSA3030120180,S0034-0018-0013,3030120180,BN,1,0.5,0,CU,10,AWG
9445,KSA3030120185,S0034-0018-0001,3030120185,BN,1,0.5,0,CU,10,AWG
9446,KSA3030120190,S0034-0018-0013,3030120190,BN,1,0.5,0,CU,10,AWG
9447,KSA3030120195,S0034-0018-0016,3030120195,BN,1,0.5,0,CU,10,AWG
9448,KSA3030120200,S0034-0018-0012,3030120200,BN,1,0.5,0,CU,10,AWG
9449,KSA3030120205,S0034-0018-0009,3030120205,BN,1,0.5,0,CU,10,AWG
9450,KSA3030120210,S0034-0018-010C,3030120210,BN,1,0.5,0,CU,10,AWG
9451,KSA3030120215,S0034-0018-0011,3030120215,BN,1,0.5,0,CU,10,AWG
9452,KSA3030120220,S0034-0018-0010,3030120220,BN,1,0.5,0,CU,10,AWG
9453,KSA3030120225,S0034-0018-0009,3030120225,BN,1,0.5,0,CU,10,AWG
9454,KSA3030120240,S0034-0018-0010,3030120240,BN,1,0.5,0,CU,10,AWG
9455,KSA3030120245,S0034-0018-0001,3030120245,BN,1,0.5,0,CU,10,AWG
9456,KSA3030120255,S0034-0018-0018,3030120255,BN,1,0.5,0,CU,10,AWG
9457,KSA3030120260,S0034-0018-0009,3030120260,BN,1,0.5,0,CU,10,AWG
9458,KSA3030120265,S0034-0018-0016,3030120265,BN,1,0.5,0,CU,10,AWG
9459,KSA3030120270,S0034-0018-0009,3030120270,BN,1,0.5,0,CU,10,AWG
9460,KSA3030120280,S0034-0018-0006,3030120280,BN,1,0.5,0,CU,10,AWG
9461,KSA3030120285,S0034-0018-0017,3030120285,BN,1,0.5,0,CU,10,AWG
9462,KSA3030120290,S0034-0018-0009,3030120290,BN,1,0.5,0,CU,10,AWG
9463,KSA3030120295,S0034-0018-0016,3030120295,BN,1,0.5,0,CU,10,AWG
9464,KSA3030120300,S0034-0018-0008,3030120300,BN,1,0.5,0,CU,10,AWG
9465,KSA3030120305,S0034-0018-0008,3030120305,BN,1,0.5,0,ACSR,2,AWG
9466,KSA3030120310,S0034-0018-0008,3030120310,BN,1,0.5,0,CU,10,AWG
9467,KSA3030120315,S0034-0018-0013,3030120315,BN,1,0.5,0,CU,10,AWG
9468,KSA3030120320,S0034-0018-0005,3030120320,BN,1,0.5,0,CU,10,AWG
9469,KSA3030120325,S0034-0018-0005,3030120325,BN,1,91.0,0,ACSR,2,AWG
9470,KSA3030120330,S0034-0018-0006,3030120330,BN,1,0.5,0,CU,10,AWG
9471,KSA3030120335,S0034-0018-0010,3030120335,BN,1,0.5,0,CU,10,AWG
9472,KSA3030120345,S0034-0018-010A,3030120345,BN,1,0.5,0,CU,10,AWG
9473,KSA3030120355,S0034-0018-0016,3030120355,BN,1,0.5,0,CU,10,AWG
9474,KSA3030120360,S0034-0018-0004,3030120360,BN,1,0.5,0,CU,10,AWG
9475,KSA3030120370,S0034-0018-0004,3030120370,BN,1,0.5,0,CU,10,AWG
9476,KSA3030120380,S0034-0018-0004,3030120380,BN,1,0.5,0,CU,10,AWG
9477,KSA3030120390,S0034-0018-0003,3030120390,BN,1,0.5,0,CU,10,AWG
9478,KSA3030120400,S0034-0018-0002,3030120400,BN,1,0.5,0,CU,10,AWG
9479,KSA3030120410,S0034-0018-0002,3030120410,BN,1,0.5,0,CU,10,AWG
9480,KSA3030120420,S0034-0018-0001,3030120420,BN,1,0.5,0,CU,10,AWG
9481,KSA3030120430,S0034-0018-0001,3030120430,BN,1,0.5,0,CU,10,AWG
9482,KSA3030120460,S0034-0018-0001,3030120460,BN,1,0.5,0,CU,10,AWG
9483,KSA3030120461,S0034-0018-0018,3030120461,BN,1,0.5,0,CU,10,AWG
9484,KSA3030120462,S0034-0018-0013,3030120462,BN,1,0.5,0,CU,10,AWG
9485,KSA3030120463,S0034-0018-010A,3030120463,BN,1,0.5,0,CU,10,AWG
9486,KSA3030120464,S0034-0018-0017,3030120464,BN,1,0.5,0,CU,10,AWG
9487,KSA3030120465,S0034-0018-0017,3030120465,BN,1,87.0,0,ACSR,2,AWG
9488,KSA3030120466,S0034-0018-0011,3030120466,BN,1,0.5,0,CU,10,AWG
9489,KSA3030120468,S0034-0018-0011,3030120468,BN,1,109.0,0,ACSR,2,AWG
9490,KSA3030120469,S0034-0018-0011,3030120469,BN,1,109.0,0,ACSR,2,AWG
9491,KSA3030120471,S0034-0018-0011,3030120471,BN,1,109.0,0,ACSR,2,AWG
9492,KSA3030120472,S0034-0018-0011,3030120472,BN,1,109.0,0,ACSR,2,AWG
9493,KSA3030120473,S0034-0018-0011,3030120473,BN,1,109.0,0,ACSR,2,AWG
9494,KSA3030120474,S0034-0018-0011,3030120474,BN,1,109.0,0,ACSR,2,AWG
9495,KSA3030120475,S0034-0018-0011,3030120475,BN,1,109.0,0,ACSR,2,AWG
9496,KSA3030120476,S0034-0018-0011,3030120476,BN,1,109.0,0,ACSR,2,AWG
9497,KSA3030120477,S0034-0018-0011,3030120477,BN,1,109.0,0,ACSR,2,AWG
9498,KSA3030120479,S0034-0018-0011,3030120479,BN,1,109.0,0,ACSR,2,AWG
9499,KSA3030200490,S130-88-18-0022,3030200490,BN,1,0.5,0,CU,10,AWG
9500,KSA3030200535,S130-88-18-0014,3030200535,BN,1,0.5,0,CU,10,AWG
9501,KSA3030340001,S000025-000006A,3030340001,AN,1,0.5,0,CU,10,AWG
9502,KSA3030340002,S000025-000006A,3030340002,AN,1,0.5,0,CU,10,AWG
9503,KSA3030340003,S000025-000006A,3030340003,AN,1,0.5,0,CU,10,AWG
9504,KSA3030340004,S000025-0000007,3030340004,AN,1,0.5,0,CU,10,AWG
9505,KSA3030340005,S000025-000003A,3030340005,AN,1,0.5,0,CU,10,AWG
9506,KSA3030340006,S000025-0000008,3030340006,AN,1,0.5,0,CU,10,AWG
9507,KSA3030340007,S000025-0000008,3030340007,AN,1,0.5,0,CU,10,AWG
9508,KSA3030340008,S000025-0000008,3030340008,AN,1,0.5,0,CU,10,AWG
9509,KSA3030340009,S000025-0000009,3030340009,AN,1,0.5,0,CU,10,AWG
9510,KSA3030340010,S000025-0000010,3030340010,AN,1,0.5,0,CU,10,AWG
9511,KSA3030340011,S000025-0000009,3030340011,AN,1,0.5,0,CU,10,AWG
9512,KSA3030340012,S000025-0000010,3030340012,AN,1,0.5,0,CU,10,AWG
9513,KSA3030340013,S000025-0000010,3030340013,AN,1,0.5,0,CU,10,AWG
9514,KSA3030340014,S000025-0000010,3030340014,AN,1,0.5,0,CU,10,AWG
9515,KSA3030340015,S000025-0000009,3030340015,AN,1,0.5,0,CU,10,AWG
9516,KSA3030340017,S000025-0000010,3030340017,AN,1,0.5,0,CU,10,AWG
9517,KSA3030340018,S000025-0000010,3030340018,AN,1,0.5,0,CU,10,AWG
9518,KSA3030340019,S000025-0000011,3030340019,AN,1,0.5,0,CU,10,AWG
9519,KSA3030340020,S000025-0000011,3030340020,AN,1,0.5,0,CU,10,AWG
9520,KSA3030340021,S000025-0000011,3030340021,AN,1,0.5,0,CU,10,AWG
9521,KSA3030340022,S000025-0000011,3030340022,AN,1,0.5,0,CU,10,AWG
9522,KSA3030340023,S000025-0000012,3030340023,AN,1,0.5,0,CU,10,AWG
9523,KSA3030340024,S000025-0000012,3030340024,AN,1,0.5,0,CU,10,AWG
9524,KSA3030340025,S000025-0000012,3030340025,AN,1,0.5,0,CU,10,AWG
9525,KSA3030340026,S000025-0000012,3030340026,AN,1,0.5,0,CU,10,AWG
9526,KSA3030340027,S000025-0000012,3030340027,AN,1,0.5,0,CU,10,AWG
9527,KSA3030340028,S000038-0000001,3030340028,AN,1,0.5,0,CU,10,AWG
9528,KSA3030340029,S000038-0000001,3030340029,AN,1,0.5,0,CU,10,AWG
9529,KSA3030340030,S000038-0000002,3030340030,AN,1,0.5,0,CU,10,AWG
9530,KSA3030340031,S000038-0000003,3030340031,AN,1,0.5,0,CU,10,AWG
9531,KSA3030340032,S000038-0000004,3030340032,AN,1,0.5,0,CU,10,AWG
9532,KSA3030340033,S000038-0000004,3030340033,AN,1,0.5,0,CU,10,AWG
9533,KSA3030340034,S000038-0000004,3030340034,AN,1,0.5,0,CU,10,AWG
9534,KSA3030340035,S000038-0000004,3030340035,AN,1,0.5,0,CU,10,AWG
9535,KSA3030340036,S000025-000006A,3030340036,AN,1,0.5,0,CU,10,AWG
9536,KSA3030340037,S000038-0000004,3030340037,AN,1,0.5,0,CU,10,AWG
9537,KSA3030340038,S000038-0000004,3030340038,AN,1,0.5,0,CU,10,AWG
9538,KSA3030340039,S000038-0000004,3030340039,AN,1,0.5,0,CU,10,AWG
9539,KSA3030340041,S000038-0000004,3030340041,AN,1,0.5,0,CU,10,AWG
9540,KSA3030340042,S000038-0000005,3030340042,AN,1,0.5,0,CU,10,AWG
9541,KSA3030340043,S000038-0000005,3030340043,AN,1,0.5,0,CU,10,AWG
9542,KSA3030340044,S000038-0000005,3030340044,AN,1,0.5,0,CU,10,AWG
9543,KSA3030340045,S000038-0000006,3030340045,AN,1,0.5,0,CU,10,AWG
9544,KSA3030340046,S000038-000006a,3030340046,AN,1,0.5,0,CU,10,AWG
9545,KSA3030340047,S000038-0000006,3030340047,AN,1,0.5,0,CU,10,AWG
9546,KSA3030340048,S000038-000006a,3030340048,AN,1,0.5,0,CU,10,AWG
9547,KSA3030340049,S000038-000006a,3030340049,AN,1,0.5,0,CU,10,AWG
9548,KSA3030340050,S000038-000006a,3030340050,AN,1,0.5,0,CU,10,AWG
9549,KSA3030340051,S000038-000006a,3030340051,AN,1,0.5,0,CU,10,AWG
9550,KSA3030340052,S000038-000006a,3030340052,AN,1,0.5,0,CU,10,AWG
9551,KSA3030340053,S000038-000006a,3030340053,AN,1,0.5,0,CU,10,AWG
9552,KSA3030340054,S000038-0000007,3030340054,AN,1,0.5,0,CU,10,AWG
9553,KSA3030340055,S000038-000009a,3030340055,AN,1,0.5,0,CU,10,AWG
9554,KSA3030340056,S000038-000009a,3030340056,AN,1,0.5,0,CU,10,AWG
9555,KSA3030340057,S000038-000009a,3030340057,AN,1,0.5,0,CU,10,AWG
9556,KSA3030340058,S000038-0000001,3030340058,AN,1,0.5,0,CU,10,AWG
9557,KSA3030340059,S000045-000001e,3030340059,AN,1,0.5,0,CU,10,AWG
9558,KSA3030340060,S000038-000001B,3030340060,AN,1,0.5,0,CU,10,AWG
9559,KSA3030340061,S000038-0000001,3030340061,AN,1,0.5,0,CU,10,AWG
9560,KSA3030340062,S000038-000001C,3030340062,AN,1,0.5,0,CU,10,AWG
9561,KSA3030340063,S000038-000001B,3030340063,AN,1,0.5,0,CU,10,AWG
9562,KSA3030340064,S000038-000001B,3030340064,AN,1,0.5,0,CU,10,AWG
9563,KSA3030340065,S000038-000001E,3030340065,AN,1,0.5,0,CU,10,AWG
9564,KSA3030340066,S000038-000001E,3030340066,AN,1,0.5,0,CU,10,AWG
9565,KSA3030340067,S000038-000001E,3030340067,AN,1,0.5,0,CU,10,AWG
9566,KSA3030340068,S000038-000001F,3030340068,AN,1,0.5,0,CU,10,AWG
9567,KSA3030340069,S000038-000001F,3030340069,AN,1,0.5,0,CU,10,AWG
9568,KSA3030340070,S000038-000001F,3030340070,AN,1,0.5,0,CU,10,AWG
9569,KSA3030340071,S0034-007A-0001,3030340071,BN,1,0.5,0,CU,10,AWG
9570,KSA3030340072,S0034-007A-0001,3030340072,BN,1,0.5,0,CU,10,AWG
9571,KSA3030340074,S0034-007A-0001,3030340074,BN,1,0.5,0,CU,10,AWG
9572,KSA3030340075,S0034-007A-0002,3030340075,BN,1,0.5,0,CU,10,AWG
9573,KSA3030340076,S0034-009a-0002,3030340076,BN,1,0.5,0,CU,10,AWG
9574,KSA3030340077,S0034-009a-0002,3030340077,BN,1,1.0,0,ACSR,2,AWG
9575,KSA3030340078,S0034-007A-002B,3030340078,BN,1,0.5,0,CU,10,AWG
9576,KSA3030340079,S0034-007A-002E,3030340079,BN,1,0.5,0,CU,10,AWG
9577,KSA3030340080,S0034-007A-002E,3030340080,BN,1,0.5,0,CU,10,AWG
9578,KSA3030340081,S000038-000001B,3030340081,AN,1,0.5,0,CU,10,AWG
9579,KSA3030340082,S0034-007A-002D,3030340082,BN,1,0.5,0,CU,10,AWG
9580,KSA3030340083,S0034-007A-002D,3030340083,BN,1,0.5,0,CU,10,AWG
9581,KSA3030340084,S0034-007A-002D,3030340084,BN,1,0.5,0,CU,10,AWG
9582,KSA3030340085,S0034-007A-02B2,3030340085,BN,1,0.5,0,CU,10,AWG
9583,KSA3030340087,S0034-007A-02B3,3030340087,BN,1,0.5,0,CU,10,AWG
9584,KSA3030340088,S0034-007A-02B3,3030340088,BN,1,0.5,0,CU,10,AWG
9585,KSA3030340089,S0034-007A-02B3,3030340089,BN,1,0.5,0,CU,10,AWG
9586,KSA3030340090,S0034-007A-02B3,3030340090,BN,1,0.5,0,CU,10,AWG
9587,KSA3030340091,S0034-009a-0001,3030340091,BN,1,0.5,0,CU,10,AWG
9588,KSA3030340092,S0034-009a-0001,3030340092,BN,1,0.5,0,CU,10,AWG
9589,KSA3030340093,S0034-009a-0001,3030340093,BN,1,0.5,0,CU,10,AWG
9590,KSA3030340094,S0034-009a-0001,3030340094,BN,1,0.5,0,CU,10,AWG
9591,KSA3030340095,S0034-009a-0001,3030340095,BN,1,0.5,0,CU,10,AWG
9592,KSA3030340096,S0034-009a-0001,3030340096,BN,1,0.5,0,CU,10,AWG
9593,KSA3030340097,S0034-009a-0001,3030340097,BN,1,0.5,0,CU,10,AWG
9594,KSA3030340098,S0034-007A-001a,3030340098,BN,1,0.5,0,CU,10,AWG
9595,KSA3030340099,S0034-007A-001a,3030340099,BN,1,0.5,0,CU,10,AWG
9596,KSA3030340101,S0034-009a-002d,3030340101,BN,1,0.5,0,CU,10,AWG
9597,KSA3030340102,S0034-009a-002c,3030340102,BN,1,0.5,0,CU,10,AWG
9598,KSA3030340103,S0034-009a-002b,3030340103,BN,1,0.5,0,CU,10,AWG
9599,KSA3030340104,S0034-009a-002b,3030340104,BN,1,0.5,0,CU,10,AWG
9600,KSA3030340105,S0034-009a-002a,3030340105,BN,1,0.5,0,CU,10,AWG
9601,KSA3030340106,S0034-009a-002a,3030340106,BN,1,0.5,0,CU,10,AWG
9602,KSA3030340107,S0034-009a-002a,3030340107,BN,1,0.5,0,CU,10,AWG
9603,KSA3030340108,S0034-009a-002a,3030340108,BN,1,0.5,0,CU,10,AWG
9604,KSA3030340109,S0034-009a-002a,3030340109,BN,1,0.5,0,CU,10,AWG
9605,KSA3030340110,S0034-009a-0002,3030340110,BN,1,0.5,0,CU,10,AWG
9606,KSA3030340111,S0034-009a-0006,3030340111,BN,1,0.5,0,CU,10,AWG
9607,KSA3030340112,S0034-009a-0006,3030340112,BN,1,0.5,0,CU,10,AWG
9608,KSA3030340113,S0034-009a-0006,3030340113,BN,1,28.0,0,ACSR,2,AWG
9609,KSA3030340114,S0034-009a-0007,3030340114,BN,1,0.5,0,CU,10,AWG
9610,KSA3030340115,S0034-009a-0007,3030340115,BN,1,0.5,0,CU,10,AWG
9611,KSA3030340116,S0034-009a-0007,3030340116,BN,1,0.5,0,CU,10,AWG
9612,KSA3030340117,S0034-009a-0007,3030340117,BN,1,0.5,0,CU,10,AWG
9613,KSA3030340118,S0034-009a-0007,3030340118,BN,1,0.5,0,CU,10,AWG
9614,KSA3030340119,S0034-009a-0007,3030340119,BN,1,0.5,0,CU,10,AWG
9615,KSA3030340120,S0034-009a-0005,3030340120,BN,1,0.5,0,CU,10,AWG
9616,KSA3030340121,S0034-009a-0003,3030340121,BN,1,0.5,0,CU,10,AWG
9617,KSA3030340122,S0034-009a-0003,3030340122,BN,1,0.5,0,CU,10,AWG
9618,KSA3030340123,S000038-0000009,3030340123,AN,1,0.5,0,CU,10,AWG
9619,KSA3030340124,S0034-009a-0002,3030340124,BN,1,0.5,0,CU,10,AWG
9620,KSA3030340125,S0034-009a-0002,3030340125,BN,1,0.5,0,CU,10,AWG
9621,KSA3030340126,S0034-009a-0002,3030340126,BN,1,0.5,0,CU,10,AWG
9622,KSA3030340127,S0034-009a-0002,3030340127,BN,1,0.5,0,CU,10,AWG
9623,KSA3030340128,S0034-009a-0002,3030340128,BN,1,1.0,0,ACSR,2,AWG
9624,KSA3030340129,S000038-0000005,3030340129,AN,1,0.5,0,CU,10,AWG
9625,KSA3030340130,S000025-0000001,3030340130,AN,1,0.5,0,CU,10,AWG
9626,KSA3030340131,S000025-0000001,3030340131,AN,1,0.5,0,CU,10,AWG
9627,KSA3030340132,S000025-0000001,3030340132,AN,1,0.5,0,CU,10,AWG
9628,KSA3030340133,S000025-0000002,3030340133,AN,1,0.5,0,CU,10,AWG
9629,KSA3030340134,S000025-0000002,3030340134,AN,1,0.5,0,CU,10,AWG
9630,KSA3030340135,S000025-0000002,3030340135,AN,1,0.5,0,CU,10,AWG
9631,KSA3030340136,S000025-0000002,3030340136,AN,1,0.5,0,CU,10,AWG
9632,KSA3030340137,S000025-0000002,3030340137,AN,1,0.5,0,CU,10,AWG
9633,KSA3030340138,S000025-0000002,3030340138,AN,1,0.5,0,CU,10,AWG
9634,KSA3030340139,S000025-0000002,3030340139,AN,1,0.5,0,CU,10,AWG
9635,KSA3030340140,S000025-0000002,3030340140,AN,1,0.5,0,CU,10,AWG
9636,KSA3030340141,S000025-0000002,3030340141,AN,1,0.5,0,CU,10,AWG
9637,KSA3030340142,S000025-0000003,3030340142,AN,1,0.5,0,CU,10,AWG
9638,KSA3030340143,S000025-0000003,3030340143,AN,1,0.5,0,CU,10,AWG
9639,KSA3030340144,S000025-0000004,3030340144,AN,1,0.5,0,CU,10,AWG
9640,KSA3030340145,S000025-0000004,3030340145,AN,1,64.0,0,ACSR,2,AWG
9641,KSA3030340146,S000025-000003B,3030340146,AN,1,0.5,0,CU,10,AWG
9642,KSA3030340147,S000025-0000004,3030340147,AN,1,0.5,0,CU,10,AWG
9643,KSA3030340148,S000025-0000004,3030340148,AN,1,0.5,0,CU,10,AWG
9644,KSA3030340149,S000025-0000005,3030340149,AN,1,0.5,0,CU,10,AWG
9645,KSA3030340150,S000025-000006A,3030340150,AN,1,0.5,0,CU,10,AWG
9646,KSA3030340151,S000025-0000006,3030340151,AN,1,0.5,0,CU,10,AWG
9647,KSA3030340152,S000025-0000006,3030340152,AN,1,0.5,0,CU,10,AWG
9648,KSA3030340153,S000025-0000006,3030340153,AN,1,0.5,0,CU,10,AWG
9649,KSA3030340154,S000025-0000006,3030340154,AN,1,0.5,0,CU,10,AWG
9650,KSA3030340155,S000025-0000004,3030340155,AN,1,0.5,0,CU,10,AWG
9651,KSA3030340156,S000025-0000006,3030340156,AN,1,0.5,0,CU,10,AWG
9652,KSA3030340157,S000025-0000011,3030340157,AN,1,0.5,0,CU,10,AWG
9653,KSA3030340158,S000038-0000003,3030340158,AN,1,0.5,0,CU,10,AWG
9654,KSA3030340159,S000038-0000006,3030340159,AN,1,0.5,0,CU,10,AWG
9655,KSA3030340160,S000038-000001E,3030340160,AN,1,0.5,0,CU,10,AWG
9656,KSA3030340161,S0034-009a-0003,3030340161,BN,1,0.5,0,CU,10,AWG
9657,KSA3030340162,S0034-009a-0003,3030340162,BN,1,0.5,0,CU,10,AWG
9658,KSA3030340163,S000015-0000008,3030340163,AN,1,0.5,0,CU,10,AWG
9659,KSA3030340164,S000025-0000001,3030340164,AN,1,0.5,0,CU,10,AWG
9660,KSA3030340165,S0034-009a-0007,3030340165,BN,1,0.5,0,CU,10,AWG
9661,KSA3030340166,S0034-009a-0007,3030340166,BN,1,0.5,0,CU,10,AWG
9662,KSA3030340167,S0034-009a-0003,3030340167,BN,1,0.5,0,CU,10,AWG
9663,KSA3030340168,S0034-009a-0003,3030340168,BN,1,0.5,0,CU,10,AWG
9664,KSA3030340169,S0034-007A-02B3,3030340169,BN,1,0.5,0,CU,10,AWG
9665,KSA3030340170,S0034-009a-002d,3030340170,BN,1,0.5,0,CU,10,AWG
9666,KSA3030340171,S0034-009a-002a,3030340171,BN,1,0.5,0,CU,10,AWG
9667,KSA3030340172,S0034-007A-0001,3030340172,BN,1,0.5,0,CU,10,AWG
9668,KSA3030340173,S0034-007A-0002,3030340173,BN,1,0.5,0,CU,10,AWG
9669,KSA3030340174,S0034-007A-002C,3030340174,BN,1,0.5,0,CU,10,AWG
9670,KSA3030340175,S000038-000006a,3030340175,AN,1,0.5,0,CU,10,AWG
9671,KSA3030340176,S000038-0000007,3030340176,AN,1,0.5,0,CU,10,AWG
9672,KSA3030340177,S000038-0000007,3030340177,AN,1,0.5,0,CU,10,AWG
9673,KSA3030340178,S000038-000009a,3030340178,AN,1,0.5,0,CU,10,AWG
9674,KSA3030340179,S000045-000001g,3030340179,AN,1,0.5,0,CU,10,AWG
9675,KSA3030340180,S000038-000001E,3030340180,AN,1,0.5,0,CU,10,AWG
9676,KSA3030340181,S000038-000001E,3030340181,AN,1,0.5,0,CU,10,AWG
9677,KSA3030340182,S000038-000001E,3030340182,AN,1,0.5,0,CU,10,AWG
9678,KSA3030340183,S000038-0000004,3030340183,AN,1,0.5,0,CU,10,AWG
9679,KSA3030340184,S000038-0000004,3030340184,AN,1,103.0,0,ACSR,2,AWG
9680,KSA3030340185,S000025-0000008,3030340185,AN,1,0.5,0,CU,10,AWG
9681,KSA3030340186,S000025-0000008,3030340186,AN,1,0.5,0,CU,10,AWG
9682,KSA3030340187,S000025-0000009,3030340187,AN,1,0.5,0,CU,10,AWG
9683,KSA3030340188,S000025-000003B,3030340188,AN,1,0.5,0,CU,10,AWG
9684,KSA3030340189,S000025-000003B,3030340189,AN,2,69.0,0,ACSR,2,AWG
9685,KSA3030340190,S000025-000003A,3030340190,AN,1,0.5,0,CU,10,AWG
9686,KSA3030340191,S000025-0000005,3030340191,AN,1,0.5,0,CU,10,AWG
9687,KSA3030340192,S0016-0013-0010,3030340192,BN,1,0.5,0,CU,10,AWG
9688,KSA3030340193,S0016-0013-011A,3030340193,BN,1,0.5,0,CU,10,AWG
9689,KSA3030340194,S0016-0013-0010,3030340194,BN,1,0.5,0,CU,10,AWG
9690,KSA3030340195,S0016-0013-0010,3030340195,BN,1,0.5,0,CU,10,AWG
9691,KSA3030340197,S0034-009a-0003,3030340197,BN,1,0.5,0,CU,10,AWG
9692,KSA3030340198,S000025-0000005,3030340198,AN,1,0.5,0,CU,10,AWG
9693,KSA3030340199,S000025-0000012,3030340199,AN,1,0.5,0,CU,10,AWG
9694,KSA3030340200,S000025-000003B,3030340200,AN,1,0.5,0,CU,10,AWG
9695,KSA3030340201,S000025-000003B,3030340201,AN,2,69.0,0,ACSR,2,AWG
9696,KSA3030340202,S000025-000003B,3030340202,AN,2,69.0,0,ACSR,2,AWG
9697,KSA3030340203,S000025-000003B,3030340203,AN,2,69.0,0,ACSR,2,AWG
9698,KSA3030340204,S000025-000003B,3030340204,AN,2,69.0,0,ACSR,2,AWG
9699,KSA3030340205,S000025-000003B,3030340205,AN,2,69.0,0,ACSR,2,AWG
9700,KSA3030340206,S000025-000003B,3030340206,AN,2,69.0,0,ACSR,2,AWG
9701,KSA3030340207,S000025-000003B,3030340207,AN,2,69.0,0,ACSR,2,AWG
9702,KSA3030340208,S000025-000003B,3030340208,AN,2,69.0,0,ACSR,2,AWG
9703,KSA3030340209,S000025-000003B,3030340209,AN,2,69.0,0,ACSR,2,AWG
9704,KSA3030340210,S000025-000003B,3030340210,AN,2,69.0,0,ACSR,2,AWG
9705,KSA3030340211,S000025-000003B,3030340211,AN,2,69.0,0,ACSR,2,AWG
9706,KSA3030340212,S000025-000003B,3030340212,AN,2,69.0,0,ACSR,2,AWG
9707,KSA3030340213,S000025-000003B,3030340213,AN,2,69.0,0,ACSR,2,AWG
9708,KSA3030340214,S000025-000003B,3030340214,AN,2,69.0,0,ACSR,2,AWG
9709,KSA3030730240,S000025-000003B,3030730240,AN,2,69.0,0,ACSR,2,AWG
9710,KSA3030830173,S0034-0018-0008,3030830173,BN,1,0.5,0,ACSR,2,AWG
9711,KSA4040041115,S0100-0085-0009,4040041115,CN,1,0.5,0,CU,10,AWG
9712,KSA5050010010,S0001-0017-0006,5050010010,CN,1,0.5,0,CU,10,AWG
9713,KSA5050010020,S0001-0017-0006,5050010020,CN,1,0.5,0,CU,10,AWG
9714,KSA5050010021,S0001-0017-006A,5050010021,CN,1,0.5,0,CU,10,AWG
9715,KSA5050010026,S0001-0017-006A,5050010026,CN,1,0.5,0,CU,10,AWG
9716,KSA5050010030,S0001-0017-0006,5050010030,CN,1,0.5,0,CU,10,AWG
9717,KSA5050010040,S0001-0017-006A,5050010040,CN,1,0.5,0,CU,10,AWG
9718,KSA5050010060,S0001-0017-006A,5050010060,CN,1,0.5,0,CU,10,AWG
9719,KSA5050010065,S0001-0017-006A,5050010065,CN,1,0.5,0,CU,10,AWG
9720,KSA5050010080,S0001-0017-006A,5050010080,CN,1,0.5,0,CU,10,AWG
9721,KSA5050010081,S0001-0017-006A,5050010081,CN,1,0.5,0,CU,10,AWG
9722,KSA5050010085,S0001-0017-005A,5050010085,CN,1,0.5,0,CU,10,AWG
9723,KSA5050010090,S0001-0017-005A,5050010090,CN,1,0.5,0,CU,10,AWG
9724,KSA5050010100,S0001-0017-0001,5050010100,CN,1,0.5,0,CU,10,AWG
9725,KSA5050010101,S0001-0017-004D,5050010101,CN,1,0.5,0,CU,10,AWG
9726,KSA5050010102,S0001-0017-004D,5050010102,CN,1,0.5,0,CU,10,AWG
9727,KSA5050010105,S0001-0017-002B,5050010105,CN,1,0.5,0,CU,10,AWG
9728,KSA5050010110,S0001-0017-0005,5050010110,CN,1,0.5,0,CU,10,AWG
9729,KSA5050010112,S0001-0017-005A,5050010112,CN,1,0.5,0,CU,10,AWG
9730,KSA5050010115,S0001-0017-0005,5050010115,CN,1,0.5,0,CU,10,AWG
9731,KSA5050010120,S0001-0017-005A,5050010120,CN,1,0.5,0,CU,10,AWG
9732,KSA5050010125,S0001-0017-004H,5050010125,CN,1,0.5,0,CU,10,AWG
9733,KSA5050010130,S0001-0017-005A,5050010130,CN,1,0.5,0,CU,10,AWG
9734,KSA5050010131,S0001-0017-004B,5050010131,CN,1,0.5,0,CU,10,AWG
9735,KSA5050010135,S0001-0017-004B,5050010135,CN,1,147.0,0,ACSR,2,AWG
9736,KSA5050010140,S0001-0017-0005,5050010140,CN,1,0.5,0,CU,10,AWG
9737,KSA5050010145,S0001-0017-004C,5050010145,CN,1,0.5,0,CU,10,AWG
9738,KSA5050010150,S0001-0017-004C,5050010150,CN,1,71.0,0,ACSR,2,AWG
9739,KSA5050010155,S0001-0017-005A,5050010155,CN,1,0.5,0,CU,10,AWG
9740,KSA5050010160,S0001-0017-005A,5050010160,CN,2,65.0,0,ACSR,2,AWG
9741,KSA5050010163,S0001-0017-004E,5050010163,CN,1,0.5,0,CU,10,AWG
9742,KSA5050010164,S0001-0017-004H,5050010164,CN,1,0.5,0,CU,10,AWG
9743,KSA5050010165,S0001-0017-004C,5050010165,CN,1,0.5,0,CU,10,AWG
9744,KSA5050010169,S0001-0017-003f,5050010169,CN,1,0.5,0,CU,10,AWG
9745,KSA5050010170,S0001-0017-003f,5050010170,CN,2,96.0,0,ACSR,2,AWG
9746,KSA5050010171,S0001-0017-004D,5050010171,CN,1,0.5,0,CU,10,AWG
9747,KSA5050010172,S0001-0017-004D,5050010172,CN,1,57.0,0,ACSR,2,AWG
9748,KSA5050010173,S0001-0017-004a,5050010173,CN,1,0.5,0,CU,10,AWG
9749,KSA5050010174,S0001-0017-004D,5050010174,CN,1,0.5,0,CU,10,AWG
9750,KSA5050010175,S0001-0017-0004,5050010175,CN,1,0.5,0,CU,10,AWG
9751,KSA5050010176,S0001-0017-0004,5050010176,CN,1,108.0,0,ACSR,2,AWG
9752,KSA5050010177,S0001-0017-004G,5050010177,CN,1,0.5,0,CU,10,AWG
9753,KSA5050010179,S0001-0017-004D,5050010179,CN,1,0.5,0,CU,10,AWG
9754,KSA5050010180,S0001-0017-004D,5050010180,CN,1,57.0,0,ACSR,2,AWG
9755,KSA5050010182,S0001-0017-004D,5050010182,CN,1,57.0,0,ACSR,2,AWG
9756,KSA5050010183,S0001-0017-004D,5050010183,CN,1,57.0,0,ACSR,2,AWG
9757,KSA5050010184,S0001-0017-004J,5050010184,CN,1,0.5,0,CU,10,AWG
9758,KSA5050010186,S0001-0017-004F,5050010186,CN,1,0.5,0,CU,10,AWG
9759,KSA5050010187,S0001-0017-004H,5050010187,CN,1,0.5,0,CU,10,AWG
9760,KSA5050010188,S0001-0017-004H,5050010188,CN,1,0.5,0,CU,10,AWG
9761,KSA5050010189,S0001-0017-004H,5050010189,CN,1,67.0,0,ACSR,2,AWG
9762,KSA5050010190,S0001-0017-004H,5050010190,CN,1,67.0,0,ACSR,2,AWG
9763,KSA5050010191,S0001-0017-004J,5050010191,CN,1,0.5,0,CU,10,AWG
9764,KSA5050010194,S0001-0017-004H,5050010194,CN,1,0.5,0,CU,10,AWG
9765,KSA5050010195,S0001-0017-004H,5050010195,CN,1,67.0,0,ACSR,2,AWG
9766,KSA5050010199,S0001-0017-004J,5050010199,CN,1,0.5,0,CU,10,AWG
9767,KSA5050010200,S0001-0017-004J,5050010200,CN,1,42.0,0,ACSR,2,AWG
9768,KSA5050010202,S0001-0017-004J,5050010202,CN,1,42.0,0,ACSR,2,AWG
9769,KSA5050010203,S0001-0017-004J,5050010203,CN,1,42.0,0,ACSR,2,AWG
9770,KSA5050010204,S0001-0017-004J,5050010204,CN,1,42.0,0,ACSR,2,AWG
9771,KSA5050010205,S0001-0017-003d,5050010205,CN,1,0.5,0,CU,10,AWG
9772,KSA5050010206,S0001-0017-003e,5050010206,CN,1,0.5,0,CU,10,AWG
9773,KSA5050010207,S0001-0017-003f,5050010207,CN,1,0.5,0,CU,10,AWG
9774,KSA5050010208,S0001-0017-003e,5050010208,CN,1,0.5,0,CU,10,AWG
9775,KSA5050010209,S0001-0017-003f,5050010209,CN,1,0.5,0,CU,10,AWG
9776,KSA5050010210,S0001-0017-003f,5050010210,CN,2,96.0,0,ACSR,2,AWG
9777,KSA5050010211,S0001-0017-003f,5050010211,CN,2,96.0,0,ACSR,2,AWG
9778,KSA5050010215,S0001-0017-004F,5050010215,CN,1,0.5,0,CU,10,AWG
9779,KSA5050010220,S0001-0017-003d,5050010220,CN,1,0.5,0,CU,10,AWG
9780,KSA5050010225,S0001-0017-003d,5050010225,CN,2,69.0,0,ACSR,2,AWG
9781,KSA5050010230,S0001-0017-003d,5050010230,CN,2,69.0,0,ACSR,2,AWG
9782,KSA5050010232,S0001-0017-003d,5050010232,CN,2,69.0,0,ACSR,2,AWG
9783,KSA5050010234,S0001-0017-003d,5050010234,CN,2,69.0,0,ACSR,2,AWG
9784,KSA5050010235,S0001-0017-003d,5050010235,CN,2,69.0,0,ACSR,2,AWG
9785,KSA5050010240,S0001-0017-004c,5050010240,CN,1,0.5,0,CU,10,AWG
9786,KSA5050010245,S0001-0017-004c,5050010245,CN,1,71.0,0,ACSR,2,AWG
9787,KSA5050010250,S0001-0017-004c,5050010250,CN,1,71.0,0,ACSR,2,AWG
9788,KSA5050010252,S0001-0017-002a,5050010252,CN,1,0.5,0,CU,10,AWG
9789,KSA5050010253,S0001-0017-004d,5050010253,CN,1,0.5,0,CU,10,AWG
9790,KSA5050010254,S0001-0017-002a,5050010254,CN,1,0.5,0,CU,10,AWG
9791,KSA5050010255,S0001-0017-0002,5050010255,CN,1,0.5,0,CU,10,AWG
9792,KSA5050010258,S0001-0017-002a,5050010258,CN,1,0.5,0,CU,10,AWG
9793,KSA5050010260,S0001-0017-0002,5050010260,CN,1,0.5,0,CU,10,AWG
9794,KSA5050010264,S0001-0017-0002,5050010264,CN,1,0.5,0,CU,10,AWG
9795,KSA5050010266,S0001-0017-0002,5050010266,CN,1,0.5,0,CU,10,AWG
9796,KSA5050010267,S0001-0017-0002,5050010267,CN,1,0.5,0,CU,10,AWG
9797,KSA5050010275,S0001-0017-0002,5050010275,CN,1,1.0,0,ACSR,2,AWG
9798,KSA5050010284,S0001-0017-002b,5050010284,CN,1,0.5,0,CU,10,AWG
9799,KSA5050010285,S0001-0017-002b,5050010285,CN,1,0.5,0,CU,10,AWG
9800,KSA5050010286,S0001-0017-002b,5050010286,CN,1,0.5,0,CU,10,AWG
9801,KSA5050010291,S0001-0017-002b,5050010291,CN,1,0.5,0,CU,10,AWG
9802,KSA5050010295,S0001-0017-002b,5050010295,CN,2,69.0,0,ACSR,2,AWG
9803,KSA5050010300,S0001-0017-002b,5050010300,CN,1,0.5,0,CU,10,AWG
9804,KSA5050010305,S0001-0017-002b,5050010305,CN,2,69.0,0,ACSR,2,AWG
9805,KSA5050010310,S0001-0017-002b,5050010310,CN,1,0.5,0,CU,10,AWG
9806,KSA5050010320,S0001-0017-002b,5050010320,CN,2,69.0,0,ACSR,2,AWG
9807,KSA5050010325,S0001-0017-004B,5050010325,CN,1,0.5,0,CU,10,AWG
9808,KSA5050010335,S0001-0017-004B,5050010335,CN,1,147.0,0,ACSR,2,AWG
9809,KSA5050010345,S0001-0017-004B,5050010345,CN,1,147.0,0,ACSR,2,AWG
9810,KSA5050010350,S0001-0017-004B,5050010350,CN,1,147.0,0,ACSR,2,AWG
9811,KSA5050010355,S0001-0017-002a,5050010355,CN,1,0.5,0,CU,10,AWG
9812,KSA5050010365,S0001-0017-002a,5050010365,CN,2,65.0,0,ACSR,2,AWG
9813,KSA5050010370,S0001-0017-002a,5050010370,CN,2,65.0,0,ACSR,2,AWG
9814,KSA5050010372,S0001-0017-02d1,5050010372,CN,1,0.5,0,CU,10,AWG
9815,KSA5050010375,S0001-0017-02d1,5050010375,CN,1,58.0,0,ACSR,2,AWG
9816,KSA5050010376,S0001-0017-02d1,5050010376,CN,1,58.0,0,ACSR,2,AWG
9817,KSA5050010378,S0001-0017-02d3,5050010378,CN,1,0.5,0,CU,10,AWG
9818,KSA5050010379,S0001-0017-02d3,5050010379,CN,1,0.5,0,CU,10,AWG
9819,KSA5050010384,S0001-0017-0001,5050010384,CN,1,0.5,0,CU,10,AWG
9820,KSA5050010385,S0001-0017-0002,5050010385,CN,1,0.5,0,CU,10,AWG
9821,KSA5050010386,S0001-0017-0001,5050010386,CN,1,0.5,0,CU,10,AWG
9822,KSA5050010387,S0001-0017-0001,5050010387,CN,1,102.0,0,ACSR,2,AWG
9823,KSA5050010388,S0001-0017-02d2,5050010388,CN,1,0.5,0,CU,10,AWG
9824,KSA5050010390,S0001-0017-002c,5050010390,CN,1,0.5,0,CU,10,AWG
9825,KSA5050010395,S0001-0017-002b,5050010395,CN,1,0.5,0,CU,10,AWG
9826,KSA5050010397,S0001-0017-002c,5050010397,CN,1,0.5,0,CU,10,AWG
9827,KSA5050010400,S0001-0017-002c,5050010400,CN,1,0.5,0,CU,10,AWG
9828,KSA5050010405,S0001-0017-002c,5050010405,CN,1,0.5,0,CU,10,AWG
9829,KSA5050010415,S0001-0017-002c,5050010415,CN,2,70.0,0,ACSR,2,AWG
9830,KSA5050010420,S0001-0017-002c,5050010420,CN,1,0.5,0,CU,10,AWG
9831,KSA5050010425,S0001-0017-002c,5050010425,CN,2,70.0,0,ACSR,2,AWG
9832,KSA5050010435,S0001-0017-002d,5050010435,CN,1,0.5,0,CU,10,AWG
9833,KSA5050010440,S0001-0017-002c,5050010440,CN,1,0.5,0,CU,10,AWG
9834,KSA5050010445,S0001-0017-002c,5050010445,CN,2,70.0,0,ACSR,2,AWG
9835,KSA5050010450,S0001-0017-002d,5050010450,CN,1,0.5,0,CU,10,AWG
9836,KSA5050010455,S0001-0017-004C,5050010455,CN,1,0.5,0,CU,10,AWG
9837,KSA5050010460,S0001-0017-002d,5050010460,CN,1,0.5,0,CU,10,AWG
9838,KSA5050010465,S0001-0017-002d,5050010465,CN,1,0.5,0,CU,10,AWG
9839,KSA5050010470,S0001-0017-002d,5050010470,CN,2,74.0,0,ACSR,2,AWG
9840,KSA5050010475,S0001-0017-002d,5050010475,CN,2,74.0,0,ACSR,2,AWG
9841,KSA5050010480,S0001-0017-002d,5050010480,CN,1,0.5,0,CU,10,AWG
9842,KSA5050010485,S0001-0017-002d,5050010485,CN,2,74.0,0,ACSR,2,AWG
9843,KSA5050010490,S0001-0017-002d,5050010490,CN,1,0.5,0,CU,10,AWG
9844,KSA5050010495,S0001-0017-002d,5050010495,CN,1,0.5,0,CU,10,AWG
9845,KSA5050010505,S0001-0017-002d,5050010505,CN,2,74.0,0,ACSR,2,AWG
9846,KSA5050010507,S0001-0017-002e,5050010507,CN,1,0.5,0,CU,10,AWG
9847,KSA5050010508,S0001-0017-002e,5050010508,CN,1,0.5,0,CU,10,AWG
9848,KSA5050010515,S0001-0017-002B,5050010515,CN,1,0.5,0,CU,10,AWG
9849,KSA5050010522,S0001-0017-002B,5050010522,CN,1,0.5,0,CU,10,AWG
9850,KSA5050010524,S0001-0017-002B,5050010524,CN,1,0.5,0,CU,10,AWG
9851,KSA5050010526,S0001-0017-002B,5050010526,CN,1,0.5,0,CU,10,AWG
9852,KSA5050010530,S0001-0017-002B,5050010530,CN,1,0.5,0,CU,10,AWG
9853,KSA5050010535,S0001-0017-0001,5050010535,CN,1,0.5,0,CU,10,AWG
9854,KSA5050010540,S0001-0017-002B,5050010540,CN,1,0.5,0,CU,10,AWG
9855,KSA5050010545,S0001-0017-002B,5050010545,CN,2,69.0,0,ACSR,2,AWG
9856,KSA5050010550,S0001-0017-002C,5050010550,CN,1,0.5,0,CU,10,AWG
9857,KSA5050010551,S0001-0017-002C,5050010551,CN,1,0.5,0,CU,10,AWG
9858,KSA5050010580,S0001-0017-002d,5050010580,CN,1,0.5,0,CU,10,AWG
9859,KSA5050010585,S0001-0017-002d,5050010585,CN,1,0.5,0,CU,10,AWG
9860,KSA5050010590,S0001-0017-002d,5050010590,CN,1,0.5,0,CU,10,AWG
9861,KSA5050010595,S0001-0017-002d,5050010595,CN,1,0.5,0,CU,10,AWG
9862,KSA5050010600,S0001-0017-002d,5050010600,CN,1,0.5,0,CU,10,AWG
9863,KSA5050010605,S0001-0017-02d1,5050010605,CN,1,0.5,0,CU,10,AWG
9864,KSA5050010610,S0001-0017-002C,5050010610,CN,1,0.5,0,CU,10,AWG
9865,KSA5050010615,S0001-0017-002C,5050010615,CN,2,70.0,0,ACSR,2,AWG
9866,KSA5050010620,S0001-0017-002d,5050010620,CN,1,0.5,0,CU,10,AWG
9867,KSA5050010625,S0001-0017-004E,5050010625,CN,1,0.5,0,CU,10,AWG
9868,KSA5050010635,S0001-0017-002b,5050010635,CN,1,0.5,0,CU,10,AWG
9869,KSA5050010640,S0001-0017-002d,5050010640,CN,1,0.5,0,CU,10,AWG
9870,KSA5050010645,S0001-0017-0006,5050010645,CN,1,0.5,0,CU,10,AWG
9871,KSA5050010665,S0001-0017-004B,5050010665,CN,1,0.5,0,CU,10,AWG
9872,KSA5050010685,S0001-0017-004E,5050010685,CN,1,0.5,0,CU,10,AWG
9873,KSA5050010695,S0001-0017-003f,5050010695,CN,1,0.5,0,CU,10,AWG
9874,KSA5050010725,S0001-0017-002d,5050010725,CN,1,0.5,0,CU,10,AWG
9875,KSA5050010745,S0001-0017-02d3,5050010745,CN,1,0.5,0,CU,10,AWG
9876,KSA5050010785,S0001-0017-002B,5050010785,CN,1,0.5,0,CU,10,AWG
9877,KSA5050010795,S0001-0017-002B,5050010795,CN,2,69.0,0,ACSR,2,AWG
9878,KSA5050010800,S0001-0017-0001,5050010800,CN,1,0.5,0,CU,10,AWG
9879,KSA5050010805,S0001-0017-0001,5050010805,CN,1,102.0,0,ACSR,2,AWG
9880,KSA5050010835,S0001-0017-0002,5050010835,CN,1,0.5,0,CU,10,AWG
9881,KSA5050010925,S0001-0017-003f,5050010925,CN,1,0.5,0,CU,10,AWG
9882,KSA5050010955,S0001-0017-003f,5050010955,CN,2,96.0,0,ACSR,2,AWG
9883,KSA5050011025,S0001-0017-004B,5050011025,CN,1,0.5,0,CU,10,AWG
9884,KSA5050011055,S0001-0017-004B,5050011055,CN,1,147.0,0,ACSR,2,AWG
9885,KSA5050011075,S0001-0017-004D,5050011075,CN,1,0.5,0,CU,10,AWG
9886,KSA5050011085,S0001-0017-003d,5050011085,CN,1,0.5,0,CU,10,AWG
9887,KSA5050011095,S0001-0017-003d,5050011095,CN,2,69.0,0,ACSR,2,AWG
9888,KSA5050011115,S0001-0017-0002,5050011115,CN,1,0.5,0,CU,10,AWG
9889,KSA5050011165,S0001-0017-004d,5050011165,CN,1,0.5,0,CU,10,AWG
9890,KSA5050011175,S0001-0017-004d,5050011175,CN,1,57.0,0,ACSR,2,AWG
9891,KSA5050011195,S0001-0017-002e,5050011195,CN,1,0.5,0,CU,10,AWG
9892,KSA5050011255,S0001-0017-004F,5050011255,CN,1,0.5,0,CU,10,AWG
9893,KSA5050011265,S0001-0017-004F,5050011265,CN,1,58.0,0,ACSR,2,AWG
9894,KSA5050011305,S0001-0017-004H,5050011305,CN,1,0.5,0,CU,10,AWG
9895,KSA5050011315,S0001-0017-006A,5050011315,CN,1,0.5,0,CU,10,AWG
9896,KSA5050011325,S0001-0017-006A,5050011325,CN,1,0.5,0,CU,10,AWG
9897,KSA5050011335,S0001-0017-004G,5050011335,CN,1,0.5,0,CU,10,AWG
9898,KSA5050011345,S0001-0017-003f,5050011345,CN,1,0.5,0,CU,10,AWG
9899,KSA5050011355,S0001-0017-004a,5050011355,CN,1,0.5,0,CU,10,AWG
9900,KSA5050011365,S0001-0017-0004,5050011365,CN,1,0.5,0,CU,10,AWG
9901,KSA5050011375,S0001-0017-02d3,5050011375,CN,1,0.5,0,CU,10,AWG
9902,KSA5050011385,S0001-0017-004E,5050011385,CN,1,0.5,0,CU,10,AWG
9903,KSA5050011395,S0001-0017-004D,5050011395,CN,1,0.5,0,CU,10,AWG
9904,KSA5050011405,S0001-0017-004D,5050011405,CN,1,0.5,0,CU,10,AWG
9905,KSA5050011415,S0001-0017-004D,5050011415,CN,1,0.5,0,CU,10,AWG
9906,KSA5050011425,S0001-0017-004D,5050011425,CN,1,0.5,0,CU,10,AWG
9907,KSA5050011435,S0001-0017-004B,5050011435,CN,1,0.5,0,CU,10,AWG
9908,KSA5050011445,S0001-0017-004B,5050011445,CN,1,0.5,0,CU,10,AWG
9909,KSA5050011505,S0001-0017-003d,5050011505,CN,1,0.5,0,CU,10,AWG
9910,KSA5050011525,S0001-0017-004B,5050011525,CN,1,0.5,0,CU,10,AWG
9911,KSA5050012169,S0001-0017-002d,5050012169,CN,1,0.5,0,CU,10,AWG
9912,KSA5050012171,S0001-0017-0001,5050012171,CN,1,0.5,0,CU,10,AWG
9913,KSA5050012172,S0001-0017-002e,5050012172,CN,1,0.5,0,CU,10,AWG
9914,KSA5050012181,S0001-0017-002d,5050012181,CN,1,0.5,0,CU,10,AWG
9915,KSA5050012183,S0001-0017-0002,5050012183,CN,1,0.5,0,CU,10,AWG
9916,KSA5050012192,S0001-0017-0002,5050012192,CN,1,1.0,0,ACSR,2,AWG
9917,KSA5050012193,S0001-0017-0002,5050012193,CN,1,1.0,0,ACSR,2,AWG
9918,KSA5050012197,S0001-0017-0002,5050012197,CN,1,1.0,0,ACSR,2,AWG
9919,KSA5050012198,S0001-0017-0002,5050012198,CN,1,1.0,0,ACSR,2,AWG
9920,KSA5050012203,S0001-0017-0002,5050012203,CN,1,1.0,0,ACSR,2,AWG
9921,KSA5050012205,S0001-0017-0002,5050012205,CN,1,1.0,0,ACSR,2,AWG
9922,KSA5050012206,S0001-0017-0002,5050012206,CN,1,1.0,0,ACSR,2,AWG
9923,KSA5050012207,S0001-0017-0002,5050012207,CN,1,1.0,0,ACSR,2,AWG
9924,KSA5050012208,S0001-0017-0002,5050012208,CN,1,1.0,0,ACSR,2,AWG
9925,KSA5050012209,S0001-0017-0002,5050012209,CN,1,1.0,0,ACSR,2,AWG
9926,KSA5050012210,S0001-0017-0002,5050012210,CN,1,1.0,0,ACSR,2,AWG
9927,KSA5050012211,S0001-0017-0002,5050012211,CN,1,1.0,0,ACSR,2,AWG
9928,KSA5050012212,S0001-0017-0002,5050012212,CN,1,1.0,0,ACSR,2,AWG
9929,KSA5050012213,S0001-0017-0002,5050012213,CN,1,1.0,0,ACSR,2,AWG
9930,KSA5050012215,S0001-0017-0002,5050012215,CN,1,1.0,0,ACSR,2,AWG
9931,KSA5050012216,S0001-0017-0002,5050012216,CN,1,1.0,0,ACSR,2,AWG
9932,KSA5050012217,S0001-0017-0002,5050012217,CN,1,1.0,0,ACSR,2,AWG
9933,KSA5050012218,S0001-0017-0002,5050012218,CN,1,1.0,0,ACSR,2,AWG
9934,KSA5050012219,S0001-0017-0002,5050012219,CN,1,1.0,0,ACSR,2,AWG
9935,KSA5050012220,S0001-0017-0002,5050012220,CN,1,1.0,0,ACSR,2,AWG
9936,KSA5050012221,S0001-0017-0002,5050012221,CN,1,1.0,0,ACSR,2,AWG
9937,KSA5050012222,S0001-0017-0002,5050012222,CN,1,1.0,0,ACSR,2,AWG
9938,KSA5050012223,S0001-0017-0002,5050012223,CN,1,1.0,0,ACSR,2,AWG
9939,KSA5050012224,S0001-0017-0002,5050012224,CN,1,1.0,0,ACSR,2,AWG
9940,KSA5050012225,S0001-0017-0002,5050012225,CN,1,1.0,0,ACSR,2,AWG
9941,KSA5050012226,S0001-0017-0002,5050012226,CN,1,1.0,0,ACSR,2,AWG
9942,KSA5050012227,S0001-0017-0002,5050012227,CN,1,1.0,0,ACSR,2,AWG
9943,KSA5050012228,S0001-0017-0002,5050012228,CN,1,1.0,0,ACSR,2,AWG
9944,KSA5050012229,S0001-0017-0002,5050012229,CN,1,1.0,0,ACSR,2,AWG
9945,KSA5050012230,S0001-0017-0002,5050012230,CN,1,1.0,0,ACSR,2,AWG
9946,KSA5050012231,S0001-0017-0002,5050012231,CN,1,1.0,0,ACSR,2,AWG
9947,KSA5050012232,S0001-0017-0002,5050012232,CN,1,1.0,0,ACSR,2,AWG
9948,KSA5050012233,S0001-0017-0002,5050012233,CN,1,1.0,0,ACSR,2,AWG
9949,KSA5050012234,S0001-0017-0002,5050012234,CN,1,1.0,0,ACSR,2,AWG
9950,KSA5050012236,S0001-0017-0002,5050012236,CN,1,1.0,0,ACSR,2,AWG
9951,KSA5050012237,S0001-0017-0002,5050012237,CN,1,1.0,0,ACSR,2,AWG
9952,KSA5050012238,S0001-0017-0002,5050012238,CN,1,1.0,0,ACSR,2,AWG
9953,KSA5050012239,S0001-0017-0002,5050012239,CN,1,1.0,0,ACSR,2,AWG
9954,KSA5050012240,S0001-0017-0002,5050012240,CN,1,1.0,0,ACSR,2,AWG
9955,KSA5050012241,S0001-0017-0002,5050012241,CN,1,1.0,0,ACSR,2,AWG
9956,KSA5050012242,S0001-0017-0002,5050012242,CN,1,1.0,0,ACSR,2,AWG
9957,KSA5050020240,S0001-0017-0001,5050020240,CN,1,0.5,0,CU,10,AWG
9958,KSA5050020250,S0001-0017-0001,5050020250,CN,1,0.5,0,CU,10,AWG
9959,KSA5050020270,S0001-0017-0001,5050020270,CN,1,0.5,0,CU,10,AWG
9960,KSA5050021685,S0001-0017-004b,5050021685,CN,1,0.5,0,CU,10,AWG
9961,KSA5050021690,S0001-0017-004b,5050021690,CN,1,0.5,0,CU,10,AWG
9962,KSA5050021695,S0001-0017-004b,5050021695,CN,1,0.5,0,CU,10,AWG
9963,KSA5050021794,S0001-0017-0005,5050021794,CN,1,0.5,0,CU,10,AWG
9964,KSA5050030545,S001-19-10-0003,5050030545,CN,1,0.5,0,CU,10,AWG
9965,KSA5050030565,S001-19-10-0009,5050030565,CN,1,0.5,0,CU,10,AWG
9966,KSA5050030706,S0001-0017-004d,5050030706,CN,1,0.5,0,CU,10,AWG
9967,KSA5050030707,S0001-0017-004d,5050030707,CN,1,0.5,0,CU,10,AWG
9968,KSA5050030708,S0001-0017-004d,5050030708,CN,1,57.0,0,ACSR,2,AWG
9969,KSA5050030709,S0001-0017-004D,5050030709,CN,1,0.5,0,CU,10,AWG
9970,KSA5050030710,S0001-0017-004d,5050030710,CN,1,0.5,0,CU,10,AWG
9971,KSA5050030711,S001-19-10-0001,5050030711,CN,1,0.5,0,CU,10,AWG
9972,KSA5050030713,S001-19-10-0001,5050030713,CN,1,0.5,0,CU,10,AWG
9973,KSA5050030714,S001-19-10-0002,5050030714,CN,1,0.5,0,CU,10,AWG
9974,KSA5050030716,S001-19-10-0003,5050030716,CN,1,0.5,0,CU,10,AWG
9975,KSA5050030717,S001-19-10-0002,5050030717,CN,1,0.5,0,CU,10,AWG
9976,KSA5050030718,S001-19-10-0001,5050030718,CN,1,0.5,0,CU,10,AWG
9977,KSA5050030720,S001-19-10-0003,5050030720,CN,1,0.5,0,CU,10,AWG
9978,KSA5050030722,S001-19-38-0003,5050030722,CN,1,0.5,0,CU,10,AWG
9979,KSA5050030725,S001-19-10-0006,5050030725,CN,1,0.5,0,CU,10,AWG
9980,KSA5050030726,S001-19-10-0006,5050030726,CN,1,80.0,0,ACSR,2,AWG
9981,KSA5050030727,S001-19-10-0006,5050030727,CN,1,80.0,0,ACSR,2,AWG
9982,KSA5050030729,S001-19-10-0003,5050030729,CN,1,0.5,0,CU,10,AWG
9983,KSA5050030730,S001-19-10-0008,5050030730,CN,1,0.5,0,CU,10,AWG
9984,KSA5050030731,S001-19-10-0009,5050030731,CN,1,0.5,0,CU,10,AWG
9985,KSA5050030732,S001-19-38-0003,5050030732,CN,1,0.5,0,CU,10,AWG
9986,KSA5050030733,S001-19-38-0001,5050030733,CN,1,0.5,0,CU,10,AWG
9987,KSA5050030735,S001-19-10-0010,5050030735,CN,1,0.5,0,CU,10,AWG
9988,KSA5050030736,S001-19-10-0010,5050030736,CN,1,0.5,0,CU,10,AWG
9989,KSA5050030737,S001-19-10-0011,5050030737,CN,1,0.5,0,CU,10,AWG
9990,KSA5050030738,S001-19-38-0002,5050030738,CN,1,0.5,0,CU,10,AWG
9991,KSA5050030739,S001-19-38-0002,5050030739,CN,1,0.5,0,CU,10,AWG
9992,KSA5050030740,S001-19-10-0010,5050030740,CN,1,0.5,0,CU,10,AWG
9993,KSA5050030741,S001-19-38-0003,5050030741,CN,1,0.5,0,CU,10,AWG
9994,KSA5050030742,S001-19-38-0002,5050030742,CN,1,0.5,0,CU,10,AWG
9995,KSA5050030743,S001-19-10-0011,5050030743,CN,1,0.5,0,CU,10,AWG
9996,KSA5050030744,S001-19-38-0018,5050030744,CN,1,0.5,0,CU,10,AWG
9997,KSA5050030746,S001-19-38-0023,5050030746,CN,1,0.5,0,CU,10,AWG
9998,KSA5050030747,S001-19-38-0003,5050030747,CN,1,0.5,0,CU,10,AWG
9999,KSA5050030748,S001-19-38-0018,5050030748,CN,1,0.5,0,CU,10,AWG
10000,KSA5050030749,S001-19-38-0018,5050030749,CN,1,0.5,0,CU,10,AWG
10001,KSA5050030750,S001-19-38-0024,5050030750,CN,1,0.5,0,CU,10,AWG
10002,KSA5050030751,S001-19-38-0018,5050030751,CN,1,0.5,0,CU,10,AWG
10003,KSA5050030752,S001-19-38-0020,5050030752,CN,1,0.5,0,CU,10,AWG
10004,KSA5050030753,S001-19-38-0020,5050030753,CN,1,0.5,0,CU,10,AWG
10005,KSA5050030754,S001-19-38-0023,5050030754,CN,1,0.5,0,CU,10,AWG
10006,KSA5050030755,S001-19-38-0025,5050030755,CN,1,0.5,0,CU,10,AWG
10007,KSA5050030756,S001-19-38-0024,5050030756,CN,1,0.5,0,CU,10,AWG
10008,KSA5050030757,S001-19-38-0021,5050030757,CN,1,0.5,0,CU,10,AWG
10009,KSA5050030758,S001-19-38-0019,5050030758,CN,1,0.5,0,CU,10,AWG
10010,KSA5050030759,S001-19-38-0022,5050030759,CN,1,0.5,0,CU,10,AWG
10011,KSA5050030760,S001-19-38-0027,5050030760,CN,1,0.5,0,CU,10,AWG
10012,KSA5050030761,S001-19-38-0026,5050030761,CN,1,0.5,0,CU,10,AWG
10013,KSA5050030762,S001-19-38-0021,5050030762,CN,1,0.5,0,CU,10,AWG
10014,KSA5050030763,S001-19-10-0011,5050030763,CN,1,0.5,0,CU,10,AWG
10015,KSA5050030764,S001-19-10-0002,5050030764,CN,1,0.5,0,CU,10,AWG
10016,KSA5050030765,S001-19-38-0028,5050030765,CN,1,0.5,0,CU,10,AWG
10017,KSA5050030766,S001-19-38-0024,5050030766,CN,1,0.5,0,CU,10,AWG
10018,KSA5050030767,S001-19-10-0003,5050030767,CN,1,0.5,0,CU,10,AWG
10019,KSA5050030768,S001-19-38-0003,5050030768,CN,1,0.5,0,CU,10,AWG
10020,KSA5050030769,S001-19-38-0002,5050030769,CN,1,0.5,0,CU,10,AWG
10021,KSA5050030770,S001-19-38-0027,5050030770,CN,1,0.5,0,CU,10,AWG
10022,KSA5050030771,S001-19-38-0010,5050030771,CN,1,0.5,0,CU,10,AWG
10023,KSA5050030772,S001-19-38-0029,5050030772,CN,1,0.5,0,CU,10,AWG
10024,KSA5050030773,S001-19-38-0028,5050030773,CN,1,0.5,0,CU,10,AWG
10025,KSA5050030774,S001-19-38-0029,5050030774,CN,1,0.5,0,CU,10,AWG
10026,KSA5050030775,S001-19-38-0029,5050030775,CN,1,0.5,0,CU,10,AWG
10027,KSA5050030776,S001-19-38-0029,5050030776,CN,1,0.5,0,CU,10,AWG
10028,KSA5050030777,S001-19-38-0029,5050030777,CN,1,0.5,0,CU,10,AWG
10029,KSA5050030778,S001-19-38-0029,5050030778,CN,1,0.5,0,CU,10,AWG
10030,KSA5050030779,S001-19-38-0002,5050030779,CN,1,0.5,0,CU,10,AWG
10031,KSA5050030780,S001-19-38-0031,5050030780,CN,1,0.5,0,CU,10,AWG
10032,KSA5050030781,S001-19-38-0029,5050030781,CN,1,0.5,0,CU,10,AWG
10033,KSA5050030782,S001-19-10-0001,5050030782,CN,1,0.5,0,CU,10,AWG
10034,KSA5050030783,S001-19-38-0031,5050030783,CN,1,0.5,0,CU,10,AWG
10035,KSA5050030784,S001-19-38-0031,5050030784,CN,1,116.0,0,ACSR,2,AWG
10036,KSA5050030785,S001-19-38-0031,5050030785,CN,1,0.5,0,CU,10,AWG
10037,KSA5050030790,S001-19-38-0032,5050030790,CN,1,0.5,0,CU,10,AWG
10038,KSA5050030791,S001-19-38-0032,5050030791,CN,1,0.5,0,CU,10,AWG
10039,KSA5050030795,S001-19-38-0032,5050030795,CN,1,0.5,0,CU,10,AWG
10040,KSA5050030796,S001-19-38-0032,5050030796,CN,1,0.5,0,ACSR,2,AWG
10041,KSA5050030800,S001-19-38-0032,5050030800,CN,1,0.5,0,CU,10,AWG
10042,KSA5050030801,S001-19-38-0032,5050030801,CN,2,96.0,0,ACSR,2,AWG
10043,KSA5050030802,S001-19-10-0003,5050030802,CN,1,0.5,0,CU,10,AWG
10044,KSA5050030803,S001-19-10-0008,5050030803,CN,1,0.5,0,CU,10,AWG
10045,KSA5050030804,S001-19-38-0028,5050030804,CN,1,0.5,0,CU,10,AWG
10046,KSA5050030805,S001-19-38-0028,5050030805,CN,1,59.0,0,ACSR,2,AWG
10047,KSA5050030810,S001-19-38-0029,5050030810,CN,1,0.5,0,CU,10,AWG
10048,KSA5050030815,S001-19-38-0029,5050030815,CN,1,0.5,0,CU,10,AWG
10049,KSA5050030820,S001-19-38-0033,5050030820,CN,1,0.5,0,CU,10,AWG
10050,KSA5050030835,S001-19-38-0033,5050030835,CN,2,109.0,0,ACSR,2,AWG
10051,KSA5050030840,S001-19-38-0034,5050030840,CN,1,0.5,0,CU,10,AWG
10052,KSA5050030841,S001-19-38-0002,5050030841,CN,1,0.5,0,CU,10,AWG
10053,KSA5050030842,S001-19-38-0018,5050030842,CN,1,0.5,0,CU,10,AWG
10054,KSA5050030844,S001-19-38-0023,5050030844,CN,1,0.5,0,CU,10,AWG
10055,KSA5050030845,S001-19-38-0020,5050030845,CN,1,0.5,0,CU,10,AWG
10056,KSA5050030847,S001-19-38-0005,5050030847,CN,1,0.5,0,CU,10,AWG
10057,KSA5050030848,S001-19-38-0008,5050030848,CN,1,0.5,0,CU,10,AWG
10058,KSA5050030849,S001-19-38-0015,5050030849,CN,1,0.5,0,CU,10,AWG
10059,KSA5050030850,S001-19-38-0005,5050030850,CN,1,0.5,0,CU,10,AWG
10060,KSA5050030851,S001-19-38-0016,5050030851,CN,1,0.5,0,CU,10,AWG
10061,KSA5050030852,S001-19-38-0015,5050030852,CN,1,0.5,0,CU,10,AWG
10062,KSA5050030853,S001-19-38-0023,5050030853,CN,1,0.5,0,CU,10,AWG
10063,KSA5050030854,S001-19-38-0034,5050030854,CN,1,0.5,0,CU,10,AWG
10064,KSA5050030855,S001-19-38-0029,5050030855,CN,1,0.5,0,CU,10,AWG
10065,KSA5050030858,S001-19-38-0019,5050030858,CN,1,0.5,0,CU,10,AWG
10066,KSA5050030859,S001-19-38-0018,5050030859,CN,1,0.5,0,CU,10,AWG
10067,KSA5050030860,S001-19-38-0018,5050030860,CN,1,0.5,0,CU,10,AWG
10068,KSA5050030861,S001-19-38-0015,5050030861,CN,1,0.5,0,CU,10,AWG
10069,KSA5050030862,S001-19-10-0003,5050030862,CN,1,0.5,0,CU,10,AWG
10070,KSA5050030863,S001-19-38-0009,5050030863,CN,1,0.5,0,CU,10,AWG
10071,KSA5050030865,S001-19-38-0015,5050030865,CN,1,0.5,0,CU,10,AWG
10072,KSA5050030880,S001-19-38-0015,5050030880,CN,1,1.0,0,ACSR,2,AWG
10073,KSA5050030895,S001-19-38-0003,5050030895,CN,1,0.5,0,CU,10,AWG
10074,KSA5050030940,S001-19-38-0023,5050030940,CN,1,0.5,0,CU,10,AWG
10075,KSA5050030945,S001-19-38-0022,5050030945,CN,1,0.5,0,CU,10,AWG
10076,KSA5050030980,S001-19-38-0001,5050030980,CN,1,0.5,0,CU,10,AWG
10077,KSA5050030995,S001-19-38-0032,5050030995,CN,1,0.5,0,CU,10,AWG
10078,KSA5050031055,S0001-0017-004D,5050031055,CN,1,0.5,0,CU,10,AWG
10079,KSA5050031095,S001-19-38-0033,5050031095,CN,1,0.5,0,CU,10,AWG
10080,KSA5050031100,S001-19-38-0023,5050031100,CN,1,0.5,0,CU,10,AWG
10081,KSA5050031110,S001-19-38-0025,5050031110,CN,1,0.5,0,CU,10,AWG
10082,KSA5050031120,S001-19-38-0004,5050031120,CN,1,0.5,0,CU,10,AWG
10083,KSA5050031125,S001-19-38-0031,5050031125,CN,1,0.5,0,CU,10,AWG
10084,KSA5050031140,S001-19-38-0033,5050031140,CN,1,0.5,0,CU,10,AWG
10085,KSA5050031150,S001-19-38-0030,5050031150,CN,1,0.5,0,CU,10,AWG
10086,KSA5050031155,S001-19-38-0027,5050031155,CN,1,0.5,0,CU,10,AWG
10087,KSA5050031160,S001-19-10-0009,5050031160,CN,1,0.5,0,CU,10,AWG
10088,KSA5050031175,S001-19-38-0030,5050031175,CN,1,0.5,0,CU,10,AWG
10089,KSA5050031190,S0001-0017-004d,5050031190,CN,1,0.5,0,CU,10,AWG
10090,KSA5050031200,S001-19-38-0025,5050031200,CN,1,0.5,0,CU,10,AWG
10091,KSA5050031205,S001-19-38-0020,5050031205,CN,1,0.5,0,CU,10,AWG
10092,KSA5050031210,S001-19-38-0016,5050031210,CN,1,0.5,0,CU,10,AWG
10093,KSA5050031220,S001-19-38-0024,5050031220,CN,1,0.5,0,CU,10,AWG
10094,KSA5050031230,S001-19-10-0002,5050031230,CN,1,0.5,0,CU,10,AWG
10095,KSA5050031240,S0001-0017-004C,5050031240,CN,1,0.5,0,CU,10,AWG
10096,KSA5050031250,S001-19-38-0030,5050031250,CN,1,0.5,0,CU,10,AWG
10097,KSA5050031255,S001-19-38-0015,5050031255,CN,1,0.5,0,CU,10,AWG
10098,KSA5050031260,S001-19-38-0015,5050031260,CN,1,0.5,0,CU,10,AWG
10099,KSA5050031265,S0001-0017-004d,5050031265,CN,1,0.5,0,CU,10,AWG
10100,KSA5050031280,S001-19-38-0004,5050031280,CN,1,0.5,0,CU,10,AWG
10101,KSA5050031285,S001-19-38-0003,5050031285,CN,1,0.5,0,CU,10,AWG
10102,KSA5050031290,S001-19-38-0018,5050031290,CN,1,0.5,0,CU,10,AWG
10103,KSA5050031295,S001-19-38-0023,5050031295,CN,1,0.5,0,CU,10,AWG
10104,KSA5050031300,S001-19-38-0026,5050031300,CN,1,0.5,0,CU,10,AWG
10105,KSA5050031305,S001-19-38-0027,5050031305,CN,1,0.5,0,CU,10,AWG
10106,KSA5050031320,S001-19-38-0024,5050031320,CN,1,0.5,0,CU,10,AWG
10107,KSA5050031360,S001-19-38-0024,5050031360,CN,1,76.0,0,ACSR,2,AWG
10108,KSA5050031402,S001-19-10-0004,5050031402,CN,1,0.5,0,CU,10,AWG
10109,KSA5050031403,S001-19-38-0002,5050031403,CN,1,0.5,0,CU,10,AWG
10110,KSA5050031406,S001-19-10-0009,5050031406,CN,1,0.5,0,CU,10,AWG
10111,KSA5050031408,S001-19-10-0009,5050031408,CN,1,62.0,0,ACSR,2,AWG
10112,KSA5050031410,S001-19-10-0011,5050031410,CN,1,0.5,0,CU,10,AWG
10113,KSA5050031411,S001-19-38-0005,5050031411,CN,1,0.5,0,CU,10,AWG
10114,KSA5050031413,S001-19-38-0005,5050031413,CN,1,59.0,0,ACSR,2,AWG
10115,KSA5050031427,S001-19-38-0005,5050031427,CN,1,59.0,0,ACSR,2,AWG
10116,KSA5050031429,S001-19-38-0005,5050031429,CN,1,59.0,0,ACSR,2,AWG
10117,KSA5050031430,S001-19-38-0005,5050031430,CN,1,59.0,0,ACSR,2,AWG
10118,KSA5050031436,S001-19-38-0005,5050031436,CN,1,59.0,0,ACSR,2,AWG
10119,KSA5050031439,S001-19-38-0005,5050031439,CN,1,59.0,0,ACSR,2,AWG
10120,KSA5050031444,S001-19-38-0005,5050031444,CN,1,59.0,0,ACSR,2,AWG
10121,KSA5050031445,S001-19-38-0005,5050031445,CN,1,59.0,0,ACSR,2,AWG
10122,KSA5050031446,S001-19-38-0005,5050031446,CN,1,59.0,0,ACSR,2,AWG
10123,KSA5050031447,S001-19-38-0005,5050031447,CN,1,59.0,0,ACSR,2,AWG
10124,KSA5050031448,S001-19-38-0005,5050031448,CN,1,59.0,0,ACSR,2,AWG
10125,KSA5050031449,S001-19-38-0005,5050031449,CN,1,59.0,0,ACSR,2,AWG
10126,KSA5050031450,S001-19-38-0005,5050031450,CN,1,59.0,0,ACSR,2,AWG
10127,KSA5050031451,S001-19-38-0005,5050031451,CN,1,59.0,0,ACSR,2,AWG
10128,KSA5050040001,S001-19-38-0005,5050040001,CN,1,59.0,0,ACSR,2,AWG
10129,KSA5050040002,S001-19-38-0005,5050040002,CN,1,59.0,0,ACSR,2,AWG
10130,KSA5050040003,S001-19-38-0005,5050040003,CN,1,59.0,0,ACSR,2,AWG
10131,KSA5050040005,S001-19-38-0005,5050040005,CN,1,59.0,0,ACSR,2,AWG
10132,KSA5050040006,S001-19-38-0005,5050040006,CN,1,59.0,0,ACSR,2,AWG
10133,KSA5050040010,S001-19-38-0005,5050040010,CN,1,59.0,0,ACSR,2,AWG
10134,KSA5050040015,S001-19-38-0005,5050040015,CN,1,59.0,0,ACSR,2,AWG
10135,KSA5050040019,S001-19-38-0005,5050040019,CN,1,59.0,0,ACSR,2,AWG
10136,KSA5050040020,S001-19-38-0005,5050040020,CN,1,59.0,0,ACSR,2,AWG
10137,KSA5050040021,S001-19-38-0005,5050040021,CN,1,59.0,0,ACSR,2,AWG
10138,KSA5050040022,S000009-0000001,5050040022,AN,1,0.5,0,CU,10,AWG
10139,KSA5050040023,S000009-0000001,5050040023,AN,1,0.5,0,CU,10,AWG
10140,KSA5050040025,S000009-0000001,5050040025,AN,1,0.5,0,CU,10,AWG
10141,KSA5050040027,S000009-0000002,5050040027,AN,1,0.5,0,CU,10,AWG
10142,KSA5050040028,S000009-0000002,5050040028,AN,1,0.5,0,CU,10,AWG
10143,KSA5050040029,S000009-0000003,5050040029,AN,1,0.5,0,CU,10,AWG
10144,KSA5050040030,S000009-0000003,5050040030,AN,1,0.5,0,CU,10,AWG
10145,KSA5050040031,S000009-0000003,5050040031,AN,1,0.5,0,CU,10,AWG
10146,KSA5050040032,S000009-0000003,5050040032,AN,1,0.5,0,CU,10,AWG
10147,KSA5050040033,S000009-0000006,5050040033,AN,1,0.5,0,CU,10,AWG
10148,KSA5050040034,S000009-0000006,5050040034,AN,1,0.5,0,CU,10,AWG
10149,KSA5050040035,S000009-0000005,5050040035,AN,1,0.5,0,CU,10,AWG
10150,KSA5050040040,S000009-0000005,5050040040,AN,1,0.5,0,CU,10,AWG
10151,KSA5050040044,S000009-0000007,5050040044,AN,1,0.5,0,CU,10,AWG
10152,KSA5050040046,S000009-0000006,5050040046,AN,1,0.5,0,CU,10,AWG
10153,KSA5050040050,S000009-0000007,5050040050,AN,1,0.5,0,CU,10,AWG
10154,KSA5050040053,S000009-000007a,5050040053,AN,1,0.5,0,CU,10,AWG
10155,KSA5050040055,S000009-0000006,5050040055,AN,1,0.5,0,CU,10,AWG
10156,KSA5050040056,S000009-000008c,5050040056,AN,1,0.5,0,CU,10,AWG
10157,KSA5050040065,S000009-0000009,5050040065,AN,1,0.5,0,CU,10,AWG
10158,KSA5050040070,S000009-000007a,5050040070,AN,1,0.5,0,CU,10,AWG
10159,KSA5050040080,S000009-000007a,5050040080,AN,1,0.5,0,CU,10,AWG
10160,KSA5050040085,S000009-000007a,5050040085,AN,1,0.5,0,CU,10,AWG
10161,KSA5050040090,S000009-0000007,5050040090,AN,1,0.5,0,CU,10,AWG
10162,KSA5050040105,S000009-0000008,5050040105,AN,1,0.5,0,CU,10,AWG
10163,KSA5050040110,S000009-0000008,5050040110,AN,1,0.5,0,CU,10,AWG
10164,KSA5050040111,S000009-000008a,5050040111,AN,1,0.5,0,CU,10,AWG
10165,KSA5050040112,S000009-000008a,5050040112,AN,1,0.5,0,CU,10,AWG
10166,KSA5050040113,S000009-000008b,5050040113,AN,1,0.5,0,CU,10,AWG
10167,KSA5050040114,S000009-000008b,5050040114,AN,1,0.5,0,CU,10,AWG
10168,KSA5050040115,S000009-0000009,5050040115,AN,1,0.5,0,CU,10,AWG
10169,KSA5050040116,S000009-0000008,5050040116,AN,1,0.5,0,CU,10,AWG
10170,KSA5050040120,S000009-0000008,5050040120,AN,1,0.5,0,CU,10,AWG
10171,KSA5050040125,S000009-000008b,5050040125,AN,1,0.5,0,CU,10,AWG
10172,KSA5050040126,S000009-0000009,5050040126,AN,1,0.5,0,CU,10,AWG
10173,KSA5050040127,S000009-0000009,5050040127,AN,1,0.5,0,CU,10,AWG
10174,KSA5050040128,S000009-0000009,5050040128,AN,1,0.5,0,CU,10,AWG
10175,KSA5050040129,S000009-0000009,5050040129,AN,1,0.5,0,CU,10,AWG
10176,KSA5050040130,S000009-0000009,5050040130,AN,1,0.5,0,CU,10,AWG
10177,KSA5050040135,S000009-0000010,5050040135,AN,1,0.5,0,CU,10,AWG
10178,KSA5050040140,S000009-0000009,5050040140,AN,1,0.5,0,CU,10,AWG
10179,KSA5050040150,S000009-0000009,5050040150,AN,1,0.5,0,CU,10,AWG
10180,KSA5050040155,S000009-0000009,5050040155,AN,1,0.5,0,CU,10,AWG
10181,KSA5050040160,S000009-0000009,5050040160,AN,1,0.5,0,CU,10,AWG
10182,KSA5050040163,S000009-0000010,5050040163,AN,1,0.5,0,CU,10,AWG
10183,KSA5050040164,S000009-00008c1,5050040164,AN,1,0.5,0,CU,10,AWG
10184,KSA5050040165,S000009-00008c1,5050040165,AN,1,0.5,0,CU,10,AWG
10185,KSA5050040166,S000009-000008c,5050040166,AN,1,0.5,0,CU,10,AWG
10186,KSA5050040168,S000009-00008c1,5050040168,AN,1,0.5,0,CU,10,AWG
10187,KSA5050040169,S000009-0000011,5050040169,AN,1,0.5,0,CU,10,AWG
10188,KSA5050040170,S000009-0000010,5050040170,AN,1,0.5,0,CU,10,AWG
10189,KSA5050040175,S000038-0000006,5050040175,AN,1,0.5,0,CU,10,AWG
10190,KSA5050040180,S000009-0000010,5050040180,AN,1,0.5,0,CU,10,AWG
10191,KSA5050040190,S000009-0000011,5050040190,AN,1,0.5,0,CU,10,AWG
10192,KSA5050040200,S000009-0000011,5050040200,AN,1,0.5,0,CU,10,AWG
10193,KSA5050040210,S000009-0000011,5050040210,AN,1,0.5,0,CU,10,AWG
10194,KSA5050040225,S000009-00008c1,5050040225,AN,1,0.5,0,CU,10,AWG
10195,KSA5050040230,S000015-0000002,5050040230,AN,1,0.5,0,CU,10,AWG
10196,KSA5050040231,S000015-0000002,5050040231,AN,1,0.5,0,CU,10,AWG
10197,KSA5050040232,S000009-0000011,5050040232,AN,1,0.5,0,CU,10,AWG
10198,KSA5050040233,S000015-0000002,5050040233,AN,1,0.5,0,CU,10,AWG
10199,KSA5050040235,S000015-0000002,5050040235,AN,1,0.5,0,CU,10,AWG
10200,KSA5050040237,S000015-0000003,5050040237,AN,1,0.5,0,CU,10,AWG
10201,KSA5050040245,S000015-0000003,5050040245,AN,1,0.5,0,CU,10,AWG
10202,KSA5050040260,S000015-0000003,5050040260,AN,1,0.5,0,CU,10,AWG
10203,KSA5050040270,S0016-0013-001A,5050040270,BN,1,0.5,0,CU,10,AWG
10204,KSA5050040280,S000009-0000003,5050040280,AN,1,0.5,0,CU,10,AWG
10205,KSA5050040285,S000009-0000006,5050040285,AN,1,0.5,0,CU,10,AWG
10206,KSA5050040290,S000009-0000006,5050040290,AN,1,0.5,0,CU,10,AWG
10207,KSA5050040305,S000025-0000002,5050040305,AN,1,0.5,0,CU,10,AWG
10208,KSA5050040310,S000015-000004A,5050040310,AN,1,0.5,0,CU,10,AWG
10209,KSA5050040320,S000015-0000004,5050040320,AN,1,0.5,0,CU,10,AWG
10210,KSA5050040330,S000015-0000004,5050040330,AN,1,0.5,0,CU,10,AWG
10211,KSA5050040334,S000015-0000004,5050040334,AN,1,0.5,0,CU,10,AWG
10212,KSA5050040336,S000015-000004A,5050040336,AN,1,0.5,0,CU,10,AWG
10213,KSA5050040337,S000015-000004C,5050040337,AN,1,0.5,0,CU,10,AWG
10214,KSA5050040338,S000015-000004C,5050040338,AN,1,0.5,0,CU,10,AWG
10215,KSA5050040339,S000015-000004B,5050040339,AN,1,0.5,0,CU,10,AWG
10216,KSA5050040340,S000015-000004A,5050040340,AN,1,0.5,0,CU,10,AWG
10217,KSA5050040341,S000015-000004B,5050040341,AN,1,0.5,0,CU,10,AWG
10218,KSA5050040342,S000015-000004B,5050040342,AN,1,0.5,0,CU,10,AWG
10219,KSA5050040360,S000015-0000005,5050040360,AN,1,0.5,0,CU,10,AWG
10220,KSA5050040362,S000015-0000005,5050040362,AN,1,0.5,0,CU,10,AWG
10221,KSA5050040364,S000015-0000005,5050040364,AN,1,0.5,0,CU,10,AWG
10222,KSA5050040365,S000015-0000005,5050040365,AN,1,0.5,0,CU,10,AWG
10223,KSA5050040370,S000015-0000008,5050040370,AN,1,0.5,0,CU,10,AWG
10224,KSA5050040377,S000015-0000008,5050040377,AN,1,0.5,0,CU,10,AWG
10225,KSA5050040380,S0016-0013-0002,5050040380,BN,1,0.5,0,CU,10,AWG
10226,KSA5050040386,S0016-0013-001A,5050040386,BN,1,0.5,0,CU,10,AWG
10227,KSA5050040399,S0016-0013-001A,5050040399,BN,1,0.5,0,CU,10,AWG
10228,KSA5050040400,S0016-0013-0001,5050040400,BN,1,0.5,0,CU,10,AWG
10229,KSA5050040401,S0016-0013-001A,5050040401,BN,1,0.5,0,CU,10,AWG
10230,KSA5050040402,S0016-0013-001A,5050040402,BN,1,0.5,0,CU,10,AWG
10231,KSA5050040403,S0016-0013-0002,5050040403,BN,1,0.5,0,CU,10,AWG
10232,KSA5050040404,S0016-0013-0003,5050040404,BN,1,0.5,0,CU,10,AWG
10233,KSA5050040405,S0016-0013-0002,5050040405,BN,1,0.5,0,CU,10,AWG
10234,KSA5050040406,S0016-0013-0003,5050040406,BN,1,0.5,0,CU,10,AWG
10235,KSA5050040407,S0016-0013-0003,5050040407,BN,1,0.5,0,CU,10,AWG
10236,KSA5050040408,S0016-0013-001A,5050040408,BN,1,0.5,0,CU,10,AWG
10237,KSA5050040410,S0016-0013-0003,5050040410,BN,1,0.5,0,CU,10,AWG
10238,KSA5050040415,S0016-0013-0003,5050040415,BN,1,0.5,0,CU,10,AWG
10239,KSA5050040417,S0016-0013-0003,5050040417,BN,1,0.5,0,CU,10,AWG
10240,KSA5050040418,S0016-0013-0008,5050040418,BN,1,0.5,0,CU,10,AWG
10241,KSA5050040420,S0016-0013-0004,5050040420,BN,1,0.5,0,CU,10,AWG
10242,KSA5050040430,S0016-0013-0003,5050040430,BN,1,0.5,0,CU,10,AWG
10243,KSA5050040440,S000015-0000002,5050040440,AN,1,0.5,0,CU,10,AWG
10244,KSA5050040445,S000015-0000002,5050040445,AN,1,0.5,0,CU,10,AWG
10245,KSA5050040450,S0016-0013-0003,5050040450,BN,1,0.5,0,CU,10,AWG
10246,KSA5050040455,S0016-0013-0003,5050040455,BN,1,0.5,0,CU,10,AWG
10247,KSA5050040515,S0016-0013-0001,5050040515,BN,1,0.5,0,CU,10,AWG
10248,KSA5050040535,S000009-0000005,5050040535,AN,1,0.5,0,CU,10,AWG
10249,KSA5050040555,S000038-0000003,5050040555,AN,1,0.5,0,CU,10,AWG
10250,KSA5050040580,S0016-0013-011A,5050040580,BN,1,0.5,0,CU,10,AWG
10251,KSA5050040585,S0016-0013-011A,5050040585,BN,1,0.5,0,CU,10,AWG
10252,KSA5050040600,S0016-0013-0011,5050040600,BN,1,0.5,0,CU,10,AWG
10253,KSA5050040605,S0016-0013-0012,5050040605,BN,1,0.5,0,CU,10,AWG
10254,KSA5050040635,S0034-009a-002d,5050040635,BN,1,0.5,0,CU,10,AWG
10255,KSA5050040650,S0016-0013-0014,5050040650,BN,1,0.5,0,CU,10,AWG
10256,KSA5050040656,S0016-0013-0014,5050040656,BN,1,0.5,0,CU,10,AWG
10257,KSA5050040676,S0016-0013-020A,5050040676,BN,1,0.5,0,CU,10,AWG
10258,KSA5050040687,S000025-0000002,5050040687,AN,1,0.5,0,CU,10,AWG
10259,KSA5050040710,S000025-0000002,5050040710,AN,1,75.0,0,ACSR,2,AWG
10260,KSA5050040715,S000015-000004C,5050040715,AN,1,0.5,0,CU,10,AWG
10261,KSA5050040720,S000025-0000003,5050040720,AN,1,0.5,0,CU,10,AWG
10262,KSA5050040753,S000025-0000005,5050040753,AN,1,0.5,0,CU,10,AWG
10263,KSA5050040754,S000025-000003B,5050040754,AN,1,0.5,0,CU,10,AWG
10264,KSA5050040760,S000025-0000005,5050040760,AN,1,0.5,0,CU,10,AWG
10265,KSA5050040770,S000025-0000005,5050040770,AN,1,0.5,0,CU,10,AWG
10266,KSA5050040775,S000025-0000006,5050040775,AN,1,0.5,0,CU,10,AWG
10267,KSA5050040785,S000025-0000005,5050040785,AN,1,0.5,0,CU,10,AWG
10268,KSA5050040790,S000025-0000005,5050040790,AN,1,0.5,0,CU,10,AWG
10269,KSA5050040795,S000025-000006A,5050040795,AN,1,0.5,0,CU,10,AWG
10270,KSA5050040806,S0034-007A-001a,5050040806,BN,1,0.5,0,CU,10,AWG
10271,KSA5050040844,S000025-000006A,5050040844,AN,1,0.5,0,CU,10,AWG
10272,KSA5050040855,S000009-0000002,5050040855,AN,1,0.5,0,CU,10,AWG
10273,KSA5050040875,S000009-0000002,5050040875,AN,1,0.5,0,CU,10,AWG
10274,KSA5050040885,S000009-0000002,5050040885,AN,1,0.5,0,CU,10,AWG
10275,KSA5050040895,S000025-0000010,5050040895,AN,1,0.5,0,CU,10,AWG
10276,KSA5050040901,S000025-0000010,5050040901,AN,1,0.5,0,CU,10,AWG
10277,KSA5050040912,S000025-0000011,5050040912,AN,1,0.5,0,CU,10,AWG
10278,KSA5050040929,S0034-009a-0006,5050040929,BN,1,0.5,0,CU,10,AWG
10279,KSA5050040932,S0034-007A-001a,5050040932,BN,1,0.5,0,CU,10,AWG
10280,KSA5050040940,S000038-0000001,5050040940,AN,1,0.5,0,CU,10,AWG
10281,KSA5050040942,S0034-009a-002d,5050040942,BN,1,0.5,0,CU,10,AWG
10282,KSA5050040943,S0034-009a-002d,5050040943,BN,1,0.5,0,CU,10,AWG
10283,KSA5050040959,S000038-0000003,5050040959,AN,1,60.0,0,ACSR,2,AWG
10284,KSA5050040960,S000038-0000003,5050040960,AN,1,0.5,0,CU,10,AWG
10285,KSA5050040964,S000038-0000003,5050040964,AN,1,0.5,0,CU,10,AWG
10286,KSA5050040969,S0034-007A-002E,5050040969,BN,1,0.5,0,CU,10,AWG
10287,KSA5050040990,S000038-000006a,5050040990,AN,1,0.5,0,CU,10,AWG
10288,KSA5050040999,S0034-009a-0003,5050040999,BN,1,0.5,0,CU,10,AWG
10289,KSA5050041007,S0034-007A-002B,5050041007,BN,1,0.5,0,CU,10,AWG
10290,KSA5050041012,S0034-007A-0001,5050041012,BN,1,0.5,0,CU,10,AWG
10291,KSA5050041015,S000015-000005a,5050041015,AN,1,0.5,0,CU,10,AWG
10292,KSA5050041035,S000015-000004B,5050041035,AN,1,0.5,0,CU,10,AWG
10293,KSA5050041055,S0016-0013-020D,5050041055,BN,1,0.5,0,CU,10,AWG
10294,KSA5050041073,S000045-000001f,5050041073,AN,1,0.5,0,CU,10,AWG
10295,KSA5050041077,S000038-000009a,5050041077,AN,1,0.5,0,CU,10,AWG
10296,KSA5050041079,S000045-000001j,5050041079,AN,1,0.5,0,CU,10,AWG
10297,KSA5050041095,S0034-009a-002d,5050041095,BN,1,0.5,0,CU,10,AWG
10298,KSA5050041115,S000015-000004C,5050041115,AN,1,0.5,0,CU,10,AWG
10299,KSA5050041125,S0034-007A-002A,5050041125,BN,1,0.5,0,CU,10,AWG
10300,KSA5050041135,S0034-007A-002A,5050041135,BN,1,0.5,0,CU,10,AWG
10301,KSA5050041145,S0034-007A-002A,5050041145,BN,1,0.5,0,CU,10,AWG
10302,KSA5050041163,S0034-007A-002B,5050041163,BN,1,0.5,0,CU,10,AWG
10303,KSA5050041164,S0034-007A-002B,5050041164,BN,1,0.5,0,CU,10,AWG
10304,KSA5050041170,S0034-007A-002B,5050041170,BN,1,0.5,0,CU,10,AWG
10305,KSA5050041175,S0034-007A-002B,5050041175,BN,1,0.5,0,CU,10,AWG
10306,KSA5050041182,S0034-007A-002C,5050041182,BN,1,0.5,0,CU,10,AWG
10307,KSA5050041185,S0034-007A-0002,5050041185,BN,1,0.5,0,CU,10,AWG
10308,KSA5050041186,S0034-007A-0002,5050041186,BN,1,0.5,0,CU,10,AWG
10309,KSA5050041210,S0034-007A-001a,5050041210,BN,1,0.5,0,CU,10,AWG
10310,KSA5050041211,S000038-000001F,5050041211,AN,1,0.5,0,CU,10,AWG
10311,KSA5050041215,S000015-000005a,5050041215,AN,1,0.5,0,CU,10,AWG
10312,KSA5050041225,S000015-000004C,5050041225,AN,1,0.5,0,CU,10,AWG
10313,KSA5050041230,S000009-000008a,5050041230,AN,1,0.5,0,CU,10,AWG
10314,KSA5050041235,S000015-000005a,5050041235,AN,1,0.5,0,CU,10,AWG
10315,KSA5050041240,S000038-000001B,5050041240,AN,1,0.5,0,CU,10,AWG
10316,KSA5050041250,S000009-0000009,5050041250,AN,1,0.5,0,CU,10,AWG
10317,KSA5050041265,S000015-0000003,5050041265,AN,1,0.5,0,CU,10,AWG
10318,KSA5050041280,S000015-000004C,5050041280,AN,1,0.5,0,CU,10,AWG
10319,KSA5050041285,S000015-000004C,5050041285,AN,2,56.0,0,ACSR,2,AWG
10320,KSA5050041290,S000009-0000006,5050041290,AN,1,0.5,0,CU,10,AWG
10321,KSA5050041305,S000009-00008c1,5050041305,AN,1,0.5,0,CU,10,AWG
10322,KSA5050041310,S0016-0013-0003,5050041310,BN,1,0.5,0,CU,10,AWG
10323,KSA5050041315,S000009-0000011,5050041315,AN,1,0.5,0,CU,10,AWG
10324,KSA5050041320,S000009-0000011,5050041320,AN,1,0.5,0,CU,10,AWG
10325,KSA5050041325,S000015-0000005,5050041325,AN,1,0.5,0,CU,10,AWG
10326,KSA5050041330,S000015-0000005,5050041330,AN,1,0.5,0,CU,10,AWG
10327,KSA5050041335,S000015-0000005,5050041335,AN,1,0.5,0,CU,10,AWG
10328,KSA5050041345,S000009-0000011,5050041345,AN,1,0.5,0,CU,10,AWG
10329,KSA5050041673,S0016-0013-0002,5050041673,BN,1,0.5,0,CU,10,AWG
10330,KSA5050041677,S000038-0000005,5050041677,AN,1,0.5,0,CU,10,AWG
10331,KSA5050041678,S000015-0000008,5050041678,AN,1,0.5,0,CU,10,AWG
10332,KSA5050041688,S000015-0000008,5050041688,AN,1,88.0,0,ACSR,2,AWG
10333,KSA5050041691,S0016-0013-0004,5050041691,BN,1,0.5,0,CU,10,AWG
10334,KSA5050041693,S000009-0000009,5050041693,AN,1,0.5,0,CU,10,AWG
10335,KSA5050041694,S000015-000004C,5050041694,AN,1,0.5,0,CU,10,AWG
10336,KSA5050041696,S000038-0000005,5050041696,AN,1,0.5,0,CU,10,AWG
10337,KSA5050041697,S000038-0000005,5050041697,AN,1,1.0,0,ACSR,2,AWG
10338,KSA5050041698,S000038-0000005,5050041698,AN,1,1.0,0,ACSR,2,AWG
10339,KSA5050041699,S000009-0000006,5050041699,AN,1,0.5,0,CU,10,AWG
10340,KSA5050041700,S000025-000003A,5050041700,AN,1,0.5,0,CU,10,AWG
10341,KSA5050041701,S0016-0013-0017,5050041701,BN,1,0.5,0,CU,10,AWG
10342,KSA5050041702,S0016-0013-0019,5050041702,BN,1,0.5,0,CU,10,AWG
10343,KSA5050041703,S0016-0013-020D,5050041703,BN,1,0.5,0,CU,10,AWG
10344,KSA5050041704,S0016-0013-020D,5050041704,BN,1,0.5,0,CU,10,AWG
10345,KSA5050041705,S0016-0013-020D,5050041705,BN,1,0.5,0,CU,10,AWG
10346,KSA5050041706,S0016-0013-011A,5050041706,BN,1,0.5,0,CU,10,AWG
10347,KSA5050041707,S0016-0013-0010,5050041707,BN,1,0.5,0,CU,10,AWG
10348,KSA5050041708,S000025-0000010,5050041708,AN,1,0.5,0,CU,10,AWG
10349,KSA5050041709,S000025-0000012,5050041709,AN,1,0.5,0,CU,10,AWG
10350,KSA5050041710,S000025-0000009,5050041710,AN,1,0.5,0,CU,10,AWG
10351,KSA5050041711,S000025-0000012,5050041711,AN,1,0.5,0,CU,10,AWG
10352,KSA5050041712,S000015-0000005,5050041712,AN,1,0.5,0,CU,10,AWG
10353,KSA5050041713,S000038-000001F,5050041713,AN,1,0.5,0,CU,10,AWG
10354,KSA5050041714,S0016-0013-011B,5050041714,BN,1,0.5,0,CU,10,AWG
10355,KSA5050041715,S000015-0000002,5050041715,AN,1,0.5,0,CU,10,AWG
10356,KSA5050041716,S000025-000006A,5050041716,AN,1,0.5,0,CU,10,AWG
10357,KSA5050041717,S000025-0000005,5050041717,AN,1,0.5,0,CU,10,AWG
10358,KSA5050041718,S0034-009a-002d,5050041718,BN,1,0.5,0,CU,10,AWG
10359,KSA5050041719,S000038-000001F,5050041719,AN,1,0.5,0,CU,10,AWG
10360,KSA5050041720,S0034-009a-0003,5050041720,BN,1,0.5,0,CU,10,AWG
10361,KSA5050041722,S000025-000003B,5050041722,AN,1,0.5,0,CU,10,AWG
10362,KSA5050041723,S000025-0000005,5050041723,AN,1,0.5,0,CU,10,AWG
10363,KSA5050041724,S0034-009a-002c,5050041724,BN,1,0.5,0,CU,10,AWG
10364,KSA5050041725,S0034-009a-002c,5050041725,BN,2,98.0,0,ACSR,2,AWG
10365,KSA5050041726,S0034-009a-002c,5050041726,BN,2,98.0,0,ACSR,2,AWG
10366,KSA5050041727,S000025-0000012,5050041727,AN,1,0.5,0,CU,10,AWG
10367,KSA5050041728,S000025-0000012,5050041728,AN,1,65.0,0,ACSR,2,AWG
10368,KSA5050041729,S000025-0000012,5050041729,AN,1,65.0,0,ACSR,2,AWG
10369,KSA5050041730,S0016-0013-001A,5050041730,BN,1,0.5,0,CU,10,AWG
10370,KSA5050041731,S0016-0013-001A,5050041731,BN,2,92.0,0,ACSR,2,AWG
10371,KSA5050041732,S0016-0013-001A,5050041732,BN,2,92.0,0,ACSR,2,AWG
10372,KSA5050041733,S0016-0013-001A,5050041733,BN,2,92.0,0,ACSR,2,AWG
10373,KSA5050041734,S0016-0013-001A,5050041734,BN,2,92.0,0,ACSR,2,AWG
10374,KSA5050041735,S0016-0013-001A,5050041735,BN,2,92.0,0,ACSR,2,AWG
10375,KSA5050041736,S0016-0013-001A,5050041736,BN,2,92.0,0,ACSR,2,AWG
10376,KSA5050041737,S0016-0013-001A,5050041737,BN,2,92.0,0,ACSR,2,AWG
10377,KSA5050041738,S0016-0013-001A,5050041738,BN,2,92.0,0,ACSR,2,AWG
10378,KSA5050041739,S0016-0013-001A,5050041739,BN,2,92.0,0,ACSR,2,AWG
10379,KSA5050041740,S0016-0013-001A,5050041740,BN,2,92.0,0,ACSR,2,AWG
10380,KSA5050041741,S0016-0013-001A,5050041741,BN,2,92.0,0,ACSR,2,AWG
10381,KSA5050041742,S0016-0013-001A,5050041742,BN,2,92.0,0,ACSR,2,AWG
10382,KSA5050041743,S0016-0013-001A,5050041743,BN,2,92.0,0,ACSR,2,AWG
10383,KSA5050041744,S0016-0013-001A,5050041744,BN,2,92.0,0,ACSR,2,AWG
10384,KSA5050041745,S0016-0013-001A,5050041745,BN,2,92.0,0,ACSR,2,AWG
10385,KSA5050041746,S0016-0013-001A,5050041746,BN,2,92.0,0,ACSR,2,AWG
10386,KSA5050041747,S0016-0013-001A,5050041747,BN,2,92.0,0,ACSR,2,AWG
10387,KSA5050041748,S0016-0013-001A,5050041748,BN,2,92.0,0,ACSR,2,AWG
10388,KSA5050060105,S0016-0013-0024,5050060105,BN,1,0.5,0,CU,10,AWG
10389,KSA5050060110,S0016-0013-0024,5050060110,BN,1,0.5,0,CU,10,AWG
10390,KSA5050060115,S0016-0013-0024,5050060115,BN,1,0.5,0,CU,10,AWG
10391,KSA5050060120,S0016-0013-0024,5050060120,BN,1,0.5,0,CU,10,AWG
10392,KSA5050060125,S0016-0013-0024,5050060125,BN,1,0.5,0,CU,10,AWG
10393,KSA5050060130,S0016-0013-0026,5050060130,BN,1,0.5,0,CU,10,AWG
10394,KSA5050060135,S0016-0013-0026,5050060135,BN,1,0.5,0,CU,10,AWG
10395,KSA5050060140,S0016-0013-0026,5050060140,BN,1,0.5,0,CU,10,AWG
10396,KSA5050060145,S0016-0013-0027,5050060145,BN,1,0.5,0,CU,10,AWG
10397,KSA5050060150,S0016-0013-0027,5050060150,BN,1,0.5,0,CU,10,AWG
10398,KSA5050060155,S0016-0013-0027,5050060155,BN,1,0.5,0,CU,10,AWG
10399,KSA5050060160,S0016-0013-0028,5050060160,BN,1,0.5,0,CU,10,AWG
10400,KSA5050060165,S0016-0013-0028,5050060165,BN,1,0.5,0,CU,10,AWG
10401,KSA5050060170,S0016-0013-0028,5050060170,BN,1,0.5,0,CU,10,AWG
10402,KSA5050060175,S0016-0013-0029,5050060175,BN,1,0.5,0,CU,10,AWG
10403,KSA5050060180,S0016-0013-0029,5050060180,BN,1,0.5,0,CU,10,AWG
10404,KSA5050060185,S0016-0013-0029,5050060185,BN,1,0.5,0,CU,10,AWG
10405,KSA5050060190,S0016-0013-0029,5050060190,BN,1,0.5,0,CU,10,AWG
10406,KSA5050060195,S0016-0013-0030,5050060195,BN,1,0.5,0,CU,10,AWG
10407,KSA5050060200,S0016-0013-0030,5050060200,BN,1,0.5,0,CU,10,AWG
10408,KSA5050060205,S0016-0013-0030,5050060205,BN,1,0.5,0,CU,10,AWG
10409,KSA5050060210,S0016-0013-0030,5050060210,BN,1,0.5,0,CU,10,AWG
10410,KSA5050060215,S0016-0013-0030,5050060215,BN,1,0.5,0,CU,10,AWG
10411,KSA5050060220,S0016-0013-0030,5050060220,BN,1,0.5,0,CU,10,AWG
10412,KSA5050060225,S0016-0013-020D,5050060225,BN,1,0.5,0,CU,10,AWG
10413,KSA5050060230,S0016-0013-0025,5050060230,BN,1,0.5,0,CU,10,AWG
10414,KSA5050060235,S0016-0013-020D,5050060235,BN,1,0.5,0,CU,10,AWG
10415,KSA5050060255,S0016-0013-020D,5050060255,BN,1,0.5,0,CU,10,AWG
10416,KSA5050060260,S0016-0013-020D,5050060260,BN,1,0.5,0,CU,10,AWG
10417,KSA5050060265,S0016-0013-020D,5050060265,BN,1,0.5,0,CU,10,AWG
10418,KSA5050060270,S000009-0000010,5050060270,AN,1,0.5,0,CU,10,AWG
10419,KSA5050060275,S0016-0013-0024,5050060275,BN,1,0.5,0,CU,10,AWG
10420,KSA5050060282,S0016-0013-0024,5050060282,BN,1,0.5,0,CU,10,AWG
10421,KSA5050060283,S0016-0013-0024,5050060283,BN,1,0.5,0,CU,10,AWG
10422,KSA5050060284,S000025-0000009,5050060284,AN,1,0.5,0,CU,10,AWG
10423,KSA5050060285,S000025-0000009,5050060285,AN,1,89.0,0,ACSR,2,AWG
10424,KSA5050060286,S000025-0000009,5050060286,AN,1,89.0,0,ACSR,2,AWG
10425,KSA5050060287,S0016-0013-0026,5050060287,BN,1,0.5,0,CU,10,AWG
10426,KSA5050060288,S0016-0013-0026,5050060288,BN,1,0.5,0,CU,10,AWG
10427,KSA5050060289,S0016-0013-0026,5050060289,BN,1,0.5,0,CU,10,AWG
10428,KSA5050060290,S0016-0013-0026,5050060290,BN,1,64.0,0,ACSR,2,AWG
10429,KSA5050070100,S0016-0013-0026,5050070100,BN,1,64.0,0,ACSR,2,AWG
10430,KSA5050070110,S0016-0013-0026,5050070110,BN,1,64.0,0,ACSR,2,AWG
10431,KSA5050070115,S0016-0013-0026,5050070115,BN,1,64.0,0,ACSR,2,AWG
10432,KSA5050070120,S0016-0013-0026,5050070120,BN,1,64.0,0,ACSR,2,AWG
10433,KSA5050070125,S0016-0013-0026,5050070125,BN,1,64.0,0,ACSR,2,AWG
10434,KSA5050070130,S0016-0013-0026,5050070130,BN,1,64.0,0,ACSR,2,AWG
10435,KSA5050070135,S0016-0013-0026,5050070135,BN,1,64.0,0,ACSR,2,AWG
10436,KSA5050070140,S0016-0013-0026,5050070140,BN,1,64.0,0,ACSR,2,AWG
10437,KSA5050070145,S0016-0013-0026,5050070145,BN,1,64.0,0,ACSR,2,AWG
10438,KSA5050070150,S0016-0013-0026,5050070150,BN,1,64.0,0,ACSR,2,AWG
10439,KSA5050070155,S0016-0013-0026,5050070155,BN,1,64.0,0,ACSR,2,AWG
10440,KSA5050070160,S0016-0013-0026,5050070160,BN,1,64.0,0,ACSR,2,AWG
10441,KSA5050070161,S0016-0013-0026,5050070161,BN,1,64.0,0,ACSR,2,AWG
10442,KSA5050070163,S0016-0013-0026,5050070163,BN,1,64.0,0,ACSR,2,AWG
10443,KSA5050070164,S0016-0013-0026,5050070164,BN,1,64.0,0,ACSR,2,AWG
10444,KSA5050070165,S0016-0013-0026,5050070165,BN,1,64.0,0,ACSR,2,AWG
10445,KSA5050080100,S0016-0013-0026,5050080100,BN,1,64.0,0,ACSR,2,AWG
10446,KSA5050080110,S0016-0013-0026,5050080110,BN,1,64.0,0,ACSR,2,AWG
10447,KSA5050080115,S0016-0013-0026,5050080115,BN,1,64.0,0,ACSR,2,AWG
10448,KSA5050080120,S0016-0013-0026,5050080120,BN,1,64.0,0,ACSR,2,AWG
10449,KSA5050080125,S0016-0013-0026,5050080125,BN,1,64.0,0,ACSR,2,AWG
10450,KSA5050080130,S0016-0013-0026,5050080130,BN,1,64.0,0,ACSR,2,AWG
10451,KSA5050080135,S0016-0013-0026,5050080135,BN,1,64.0,0,ACSR,2,AWG
10452,KSA5050080140,S0016-0013-0026,5050080140,BN,1,64.0,0,ACSR,2,AWG
10453,KSA5050080145,S0016-0013-0026,5050080145,BN,1,64.0,0,ACSR,2,AWG
10454,KSA5050080155,S0016-0013-0026,5050080155,BN,1,64.0,0,ACSR,2,AWG
10455,KSA5050080160,S0016-0013-0026,5050080160,BN,1,64.0,0,ACSR,2,AWG
10456,KSA5050080170,S0016-0013-0026,5050080170,BN,1,64.0,0,ACSR,2,AWG
10457,KSA5050080171,S0016-0013-0026,5050080171,BN,1,64.0,0,ACSR,2,AWG
10458,KSA5050720030,S0001-0009-0001,5050720030,CN,1,6.0,0,AL,2,AWG
10459,KSA5050720055,S000013-0000001,5050720055,CN,1,6.0,0,AL,2,AWG
10460,KSA5050720230,S0001-007A-0001,5050720230,CN,1,6.0,0,AL,2,AWG
10461,KSA5050720314,S0001-0007-0001,5050720314,AN,1,6.0,0,ACSR,2,AWG
10462,KSA5050900070,S0044-0029-0020,5050900070,AN,1,1.0,0,ACSR,2,AWG
10463,KSA5050900080,S000015-0000003,5050900080,AN,1,0.5,0,CU,10,AWG
10464,KSA6060110777,S000025-0000005,6060110777,AN,1,0.5,0,CU,10,AWG
10465,KSA20-2084-0054,S100-72Q8c-0002,20-2084-0054,CN,1,0.5,0,CU,10,AWG
10466,KSA20-2084-0055,S100-72Q8c-0002,20-2084-0055,CN,1,0.5,0,CU,10,AWG
10467,KSA20-2084-0056,S100-72Q8c-0003,20-2084-0056,CN,1,0.5,0,CU,10,AWG
10468,KSA20-2084-0057,S100-72Q8c-0003,20-2084-0057,CN,1,0.5,0,CU,10,AWG
10469,KSA20-2084-0058,S100-72Q8c-0003,20-2084-0058,CN,1,0.5,0,CU,10,AWG
10470,KSA20-2084-0059,S100-72Q8c-0003,20-2084-0059,CN,1,0.5,0,CU,10,AWG
10471,KSA20-2084-0062,S100-72Q8c-0006,20-2084-0062,CN,1,0.5,0,CU,10,AWG
10472,KSA20-2084-0063,S100-72Q8c-0006,20-2084-0063,CN,1,0.5,0,CU,10,AWG
10473,KSA20-2084-0064,S100-72Q8c-0006,20-2084-0064,CN,1,0.5,0,CU,10,AWG
10474,KSA20-2084-0065,S100-72Q8c-0006,20-2084-0065,CN,1,0.5,0,CU,10,AWG
10475,KSA20-2084-0067,S100-72Q8c-0008,20-2084-0067,CN,1,0.5,0,CU,10,AWG
10476,KSA20-2084-0068,S100-72Q8c-0008,20-2084-0068,CN,1,0.5,0,CU,10,AWG
10477,KSA20-2084-0069,S100-72Q8c-0008,20-2084-0069,CN,1,0.5,0,CU,10,AWG
10478,KSA20-2084-0070,S100-72Q8c-0008,20-2084-0070,CN,1,0.5,0,CU,10,AWG
10479,KSA20-2084-0071,S100-72Q8c-0008,20-2084-0071,CN,1,0.5,0,CU,10,AWG
10480,KSA20-2084-0072,S100-72Q8c-0008,20-2084-0072,CN,1,0.5,0,CU,10,AWG
10481,KSA20-2084-0073,S100-72Q8c-0009,20-2084-0073,CN,1,0.5,0,CU,10,AWG
10482,KSA20-2084-0074,S100-72Q8c-0010,20-2084-0074,CN,1,0.5,0,CU,10,AWG
10483,KSA20-2084-0075,S100-72Q8c-0010,20-2084-0075,CN,1,0.5,0,CU,10,AWG
10484,KSA20-2084-0076,S100-72Q8c-0010,20-2084-0076,CN,1,0.5,0,CU,10,AWG
10485,KSA20-2084-0077,S100-72Q8c-0010,20-2084-0077,CN,1,0.5,0,CU,10,AWG
10486,KSA20-2084-0078,S100-72Q8c-0010,20-2084-0078,CN,1,0.5,0,CU,10,AWG
10487,KSA20-2084-0080,S100-72Q8c-0012,20-2084-0080,CN,1,0.5,0,CU,10,AWG
10488,KSA20-2084-0084,S100-72Q8c-0015,20-2084-0084,CN,1,0.5,0,CU,10,AWG
10489,KSA20-2084-0085,S100-72Q8c-0015,20-2084-0085,CN,1,0.5,0,CU,10,AWG
10490,KSA20-2084-0086,S100-72Q8c-0015,20-2084-0086,CN,1,0.5,0,CU,10,AWG
10491,KSA20-2084-0087,S100-72Q8c-0015,20-2084-0087,CN,1,0.5,0,CU,10,AWG
10492,KSA20-2085-0035,S130-53-38-0006,20-2085-0035,CN,1,0.5,0,CU,10,AWG
10493,KSA20-2085-0036,S130-53-38-0006,20-2085-0036,CN,1,0.5,0,CU,10,AWG
10494,KSA20-2085-0037,S130-53-38-0006,20-2085-0037,CN,1,0.5,0,CU,10,AWG
10495,KSA20-2085-0038,S130-53-38-0006,20-2085-0038,CN,1,0.5,0,CU,10,AWG
10496,KSA20-2085-0039,S130-53-38-0006,20-2085-0039,CN,1,0.5,0,CU,10,AWG
10497,KSA20-2085-0040,S130-53-38-0006,20-2085-0040,CN,1,0.5,0,CU,10,AWG
10498,KSA20-2085-0041,S130-53-38-0006,20-2085-0041,CN,1,0.5,0,CU,10,AWG
10499,KSA20-2085-0042,S130-53-38-0007,20-2085-0042,CN,1,0.5,0,CU,10,AWG
10500,KSA20-2085-0043,S130-53-38-0007,20-2085-0043,CN,1,0.5,0,CU,10,AWG
10501,KSA20-2085-0044,S130-53-38-0007,20-2085-0044,CN,1,0.5,0,CU,10,AWG
10502,KSA20-2085-0045,S130-53-38-0007,20-2085-0045,CN,1,0.5,0,CU,10,AWG
10503,KSA20-2085-0046,S130-53-38-0008,20-2085-0046,CN,1,0.5,0,CU,10,AWG
10504,KSA20-2085-0047,S130-53-38-0008,20-2085-0047,CN,1,0.5,0,CU,10,AWG
10505,KSA20-2085-0048,S130-53-38-0008,20-2085-0048,CN,1,0.5,0,CU,10,AWG
10506,KSA20-2085-0049,S130-53-38-0008,20-2085-0049,CN,1,0.5,0,CU,10,AWG
10507,KSA20-2085-0051,S130-53-38-0009,20-2085-0051,CN,1,0.5,0,CU,10,AWG
10508,KSA20-2085-0052,S130-53-38-0009,20-2085-0052,CN,1,0.5,0,CU,10,AWG
10509,KSA20-2085-0053,S130-53-38-0009,20-2085-0053,CN,1,0.5,0,CU,10,AWG
10510,KSA20-2085-0054,S130-53-38-0009,20-2085-0054,CN,1,0.5,0,CU,10,AWG
10511,KSA20-2085-0055,S130-53-38-0009,20-2085-0055,CN,1,0.5,0,CU,10,AWG
10512,KSA20-2085-0056,S130-53-38-0009,20-2085-0056,CN,1,0.5,0,CU,10,AWG
10513,KSA20-2085-0057,S130-53-38-0009,20-2085-0057,CN,1,0.5,0,CU,10,AWG
10514,KSA20-2085-0058,S130-53-38-0009,20-2085-0058,CN,1,0.5,0,CU,10,AWG
10515,KSA20-2085-0059,S130-53-38-0010,20-2085-0059,CN,1,0.5,0,CU,10,AWG
10516,KSA20-2085-0060,S130-53-38-0010,20-2085-0060,CN,1,0.5,0,CU,10,AWG
10517,KSA20-2085-0061,S130-53-38-0012,20-2085-0061,CN,1,0.5,0,CU,10,AWG
10518,KSA20-2085-0062,S130-53-38-0012,20-2085-0062,CN,1,0.5,0,CU,10,AWG
10519,KSA20-2085-0063,S130-53-38-0012,20-2085-0063,CN,1,0.5,0,CU,10,AWG
10520,KSA20-2085-0064,S130-53-38-0013,20-2085-0064,CN,1,0.5,0,CU,10,AWG
10521,KSA20-2085-0065,S130-53-38-0014,20-2085-0065,CN,1,0.5,0,CU,10,AWG
10522,KSA20-2085-0066,S130-53-38-0014,20-2085-0066,CN,1,0.5,0,CU,10,AWG
10523,KSA20-2085-0067,S130-53-38-0015,20-2085-0067,CN,1,0.5,0,CU,10,AWG
10524,KSA20-2085-0068,S130-53-38-0016,20-2085-0068,CN,1,0.5,0,CU,10,AWG
10525,KSA20-2085-0069,S130-53-38-0016,20-2085-0069,CN,1,0.5,0,CU,10,AWG
10526,KSA20-2085-0070,S130-53-38-0016,20-2085-0070,CN,1,0.5,0,CU,10,AWG
10527,KSA20-2085-0071,S130-53-38-0016,20-2085-0071,CN,1,0.5,0,CU,10,AWG
10528,KSA20-2085-0072,S130-53-38-0016,20-2085-0072,CN,1,0.5,0,CU,10,AWG
10529,KSA20-2085-0073,S130-53-38-0016,20-2085-0073,CN,1,0.5,0,CU,10,AWG
10530,KSA20-2085-0074,S130-53-38-0016,20-2085-0074,CN,1,0.5,0,CU,10,AWG
10531,KSA20-2085-0075,S130-53-38-0016,20-2085-0075,CN,1,0.5,0,CU,10,AWG
10532,KSA20-2085-0076,S130-53-38-0016,20-2085-0076,CN,1,0.5,0,CU,10,AWG
10533,KSA20-2085-0077,S130-53-38-0017,20-2085-0077,CN,1,0.5,0,CU,10,AWG
10534,KSA20-2085-0078,S130-53-38-0017,20-2085-0078,CN,1,0.5,0,CU,10,AWG
10535,KSA20-2085-0079,S130-53-38-0017,20-2085-0079,CN,1,0.5,0,CU,10,AWG
10536,KSA20-2085-0080,S130-53-38-0017,20-2085-0080,CN,1,0.5,0,CU,10,AWG
10537,KSA20-2085-0081,S130-53-38-0017,20-2085-0081,CN,1,0.5,0,CU,10,AWG
10538,KSA20-2085-0082,S130-53-38-0017,20-2085-0082,CN,1,0.5,0,CU,10,AWG
10539,KSA20-2085-0083,S130-53-38-0017,20-2085-0083,CN,1,0.5,0,CU,10,AWG
10540,KSA20-2085-0084,S130-53-38-0018,20-2085-0084,CN,1,0.5,0,CU,10,AWG
10541,KSA20-2085-0085,S130-53-38-0018,20-2085-0085,CN,1,0.5,0,CU,10,AWG
10542,KSA20-2085-0086,S130-53-38-0018,20-2085-0086,CN,1,0.5,0,CU,10,AWG
10543,KSA20-2085-0087,S130-53-38-0018,20-2085-0087,CN,1,0.5,0,CU,10,AWG
10544,KSA20-2085-0088,S130-53-38-0018,20-2085-0088,CN,1,0.5,0,CU,10,AWG
10545,KSA20-2085-0089,S130-53-38-0018,20-2085-0089,CN,1,0.5,0,CU,10,AWG
10546,KSA20-2085-0090,S130-53-38-0018,20-2085-0090,CN,1,0.5,0,CU,10,AWG
10547,KSA20-2085-0091,S130-53-38-0018,20-2085-0091,CN,1,0.5,0,CU,10,AWG
10548,KSA20-2085-0092,S130-53-38-0018,20-2085-0092,CN,1,0.5,0,CU,10,AWG
10549,KSA20-2085-0093,S130-53-38-0018,20-2085-0093,CN,1,0.5,0,CU,10,AWG
10550,KSA20-2085-0094,S130-53-38-0019,20-2085-0094,CN,1,0.5,0,CU,10,AWG
10551,KSA20-2085-0095,S130-53-38-0019,20-2085-0095,CN,1,0.5,0,CU,10,AWG
10552,KSA20-2085-0096,S130-53-38-0019,20-2085-0096,CN,1,0.5,0,CU,10,AWG
10553,KSA20-2085-0097,S130-53-38-0020,20-2085-0097,CN,1,0.5,0,CU,10,AWG
10554,KSA20-2085-0098,S130-53-38-0020,20-2085-0098,CN,1,0.5,0,CU,10,AWG
10555,KSA20-2085-0099,S130-53-38-0020,20-2085-0099,CN,1,0.5,0,CU,10,AWG
10556,KSA20-2085-0100,S130-53-38-0020,20-2085-0100,CN,1,0.5,0,CU,10,AWG
10557,KSA20-2085-0101,S130-53-38-0020,20-2085-0101,CN,1,0.5,0,CU,10,AWG
10558,KSA20-2085-0102,S130-53-38-0020,20-2085-0102,CN,1,0.5,0,CU,10,AWG
10559,KSA20-2085-0103,S130-53-38-0020,20-2085-0103,CN,1,0.5,0,CU,10,AWG
10560,KSA20-2085-0104,S130-53-38-0020,20-2085-0104,CN,1,0.5,0,CU,10,AWG
10561,KSA20-2085-0105,S130-53-38-0020,20-2085-0105,CN,1,0.5,0,CU,10,AWG
10562,KSA20-2085-0106,S130-53-38-0020,20-2085-0106,CN,1,0.5,0,CU,10,AWG
10563,KSA20-2085-0107,S130-53-38-0020,20-2085-0107,CN,1,0.5,0,CU,10,AWG
10564,KSA20-2085-0108,S130-53-38-0020,20-2085-0108,CN,1,0.5,0,CU,10,AWG
10565,KSA20-2085-0109,S130-53-38-0022,20-2085-0109,CN,1,0.5,0,CU,10,AWG
10566,KSA20-2085-0110,S130-53-38-0022,20-2085-0110,CN,1,0.5,0,CU,10,AWG
10567,KSA20-2085-0111,S130-53-38-0022,20-2085-0111,CN,1,0.5,0,CU,10,AWG
10568,KSA20-2085-0112,S130-53-38-0022,20-2085-0112,CN,1,0.5,0,CU,10,AWG
10569,KSA20-2085-0113,S130-53-38-0022,20-2085-0113,CN,1,0.5,0,CU,10,AWG
10570,KSA20-2085-0114,S130-53-38-0022,20-2085-0114,CN,1,0.5,0,CU,10,AWG
10571,KSA20-2085-0115,S130-53-38-0022,20-2085-0115,CN,1,0.5,0,CU,10,AWG
10572,KSA20-2086-0101,S130-53-44-0004,20-2086-0101,CN,1,0.5,0,CU,10,AWG
10573,KSA20-2086-0102,S130-53-44-0004,20-2086-0102,CN,1,0.5,0,CU,10,AWG
10574,KSA20-2086-0103,S130-53-44-0004,20-2086-0103,CN,1,0.5,0,CU,10,AWG
10575,KSA20-2086-0104,S130-53-44-0005,20-2086-0104,CN,1,0.5,0,CU,10,AWG
10576,KSA20-2086-0105,S130-53-44-0006,20-2086-0105,CN,1,0.5,0,CU,10,AWG
10577,KSA20-2086-0106,S130-53-44-0006,20-2086-0106,CN,1,0.5,0,CU,10,AWG
10578,KSA20-2086-0107,S130-53-44-0006,20-2086-0107,CN,1,0.5,0,CU,10,AWG
10579,KSA20-2086-0108,S130-53-44-0006,20-2086-0108,CN,1,0.5,0,CU,10,AWG
10580,KSA20-2086-0109,S130-53-44-0006,20-2086-0109,CN,1,0.5,0,CU,10,AWG
10581,KSA20-2086-0110,S130-53-44-0006,20-2086-0110,CN,1,0.5,0,CU,10,AWG
10582,KSA20-2086-0111,S130-53-44-0007,20-2086-0111,CN,1,0.5,0,CU,10,AWG
10583,KSA20-2086-0112,S130-53-44-0007,20-2086-0112,CN,1,0.5,0,CU,10,AWG
10584,KSA20-2086-0113,S130-53-44-0007,20-2086-0113,CN,1,0.5,0,CU,10,AWG
10585,KSA20-2086-0114,S130-53-44-0007,20-2086-0114,CN,1,0.5,0,CU,10,AWG
10586,KSA20-2086-0115,S130-53-44-0007,20-2086-0115,CN,1,0.5,0,CU,10,AWG
10587,KSA20-2086-0116,S130-53-44-0007,20-2086-0116,CN,1,0.5,0,CU,10,AWG
10588,KSA20-2086-0117,S130-53-44-0008,20-2086-0117,CN,1,0.5,0,CU,10,AWG
10589,KSA20-2086-0118,S130-53-44-0008,20-2086-0118,CN,1,0.5,0,CU,10,AWG
10590,KSA20-2086-0119,S130-53-44-0008,20-2086-0119,CN,1,0.5,0,CU,10,AWG
10591,KSA20-2086-0120,S130-53-44-008b,20-2086-0120,CN,1,0.5,0,CU,10,AWG
10592,KSA20-2086-0121,S130-53-44-008b,20-2086-0121,CN,1,0.5,0,CU,10,AWG
10593,KSA20-2086-0122,S130-53-44-0009,20-2086-0122,CN,1,0.5,0,CU,10,AWG
10594,KSA20-2086-0123,S130-53-44-0009,20-2086-0123,CN,1,0.5,0,CU,10,AWG
10595,KSA20-2086-0124,S130-53-44-0009,20-2086-0124,CN,1,0.5,0,CU,10,AWG
10596,KSA20-2086-0125,S130-53-44-0009,20-2086-0125,CN,1,0.5,0,CU,10,AWG
10597,KSA20-2086-0126,S130-53-44-0010,20-2086-0126,CN,1,0.5,0,CU,10,AWG
10598,KSA20-2086-0127,S130-53-44-0010,20-2086-0127,CN,1,0.5,0,CU,10,AWG
10599,KSA20-2086-0128,S130-53-44-0010,20-2086-0128,CN,1,0.5,0,CU,10,AWG
10600,KSA20-2086-0129,S130-53-44-0011,20-2086-0129,CN,1,0.5,0,CU,10,AWG
10601,KSA20-2086-0130,S130-53-44-0011,20-2086-0130,CN,1,0.5,0,CU,10,AWG
10602,KSA20-2086-0131,S130-53-44-0012,20-2086-0131,CN,1,0.5,0,CU,10,AWG
10603,KSA20-2086-0132,S130-53-44-0012,20-2086-0132,CN,1,0.5,0,CU,10,AWG
10604,KSA20-2086-0133,S130-53-44-0012,20-2086-0133,CN,1,0.5,0,CU,10,AWG
10605,KSA20-2086-0134,S130-53-44-0012,20-2086-0134,CN,1,0.5,0,CU,10,AWG
10606,KSA20-2087-0001,S0130-0117-0002,20-2087-0001,BN,1,0.5,0,CU,10,AWG
10607,KSA20-2087-0002,S0130-0117-0003,20-2087-0002,BN,1,0.5,0,CU,10,AWG
10608,KSA20-2087-0003,S0130-0117-0003,20-2087-0003,BN,1,0.5,0,CU,10,AWG
10609,KSA20-2087-0004,S0130-0117-0003,20-2087-0004,BN,1,0.5,0,CU,10,AWG
10610,KSA20-2087-0005,S0130-0117-0004,20-2087-0005,BN,1,0.5,0,CU,10,AWG
10611,KSA20-2087-0006,S0130-0117-0004,20-2087-0006,BN,1,0.5,0,CU,10,AWG
10612,KSA20-2087-0007,S0130-0117-0004,20-2087-0007,BN,1,0.5,0,CU,10,AWG
10613,KSA20-2087-0008,S0130-0117-0004,20-2087-0008,BN,1,0.5,0,CU,10,AWG
10614,KSA20-2087-0009,S0130-0117-0004,20-2087-0009,BN,1,0.5,0,CU,10,AWG
10615,KSA20-2087-0010,S0130-0117-0005,20-2087-0010,BN,1,0.5,0,CU,10,AWG
10616,KSA20-2087-0011,S0130-0117-0005,20-2087-0011,BN,1,0.5,0,CU,10,AWG
10617,KSA20-2087-0012,S0130-0117-0006,20-2087-0012,BN,1,0.5,0,CU,10,AWG
10618,KSA20-2087-0013,S0130-0117-0006,20-2087-0013,BN,1,0.5,0,CU,10,AWG
10619,KSA20-2087-0014,S0130-0117-0008,20-2087-0014,BN,1,0.5,0,CU,10,AWG
10620,KSA20-2087-0015,S0130-0117-0009,20-2087-0015,BN,1,0.5,0,CU,10,AWG
10621,KSA20-2087-0016,S0130-0117-0009,20-2087-0016,BN,1,0.5,0,CU,10,AWG
10622,KSA20-2087-0017,S0130-0117-0009,20-2087-0017,BN,1,0.5,0,CU,10,AWG
10623,KSA20-2087-0018,S0130-0117-0009,20-2087-0018,BN,1,0.5,0,CU,10,AWG
10624,KSA20-2087-0019,S0130-0117-0009,20-2087-0019,BN,1,0.5,0,CU,10,AWG
10625,KSA20-2087-0020,S0130-0117-0009,20-2087-0020,BN,1,0.5,0,CU,10,AWG
10626,KSA20-2087-0021,S0130-0117-0009,20-2087-0021,BN,1,0.5,0,CU,10,AWG
10627,KSA20-2087-0022,S0130-0117-0009,20-2087-0022,BN,1,0.5,0,CU,10,AWG
10628,KSA20-2087-0023,S0130-0117-0010,20-2087-0023,BN,1,0.5,0,CU,10,AWG
10629,KSA20-2087-0024,S0130-0117-0010,20-2087-0024,BN,1,0.5,0,CU,10,AWG
10630,KSA20-2087-0025,S0130-0117-0010,20-2087-0025,BN,1,0.5,0,CU,10,AWG
10631,KSA20-2087-0026,S0130-0117-0010,20-2087-0026,BN,1,0.5,0,CU,10,AWG
10632,KSA20-2087-0027,S0130-0117-0011,20-2087-0027,BN,1,0.5,0,CU,10,AWG
10633,KSA20-2087-0028,S0130-0117-0011,20-2087-0028,BN,1,0.5,0,CU,10,AWG
10634,KSA20-2087-0029,S0130-0117-011A,20-2087-0029,BN,1,0.5,0,CU,10,AWG
10635,KSA20-2087-0030,S0130-0117-011A,20-2087-0030,BN,1,0.5,0,CU,10,AWG
10636,KSA20-2087-0031,S0130-0117-011B,20-2087-0031,BN,1,0.5,0,CU,10,AWG
10637,KSA20-2087-0032,S0130-0117-011B,20-2087-0032,BN,1,0.5,0,CU,10,AWG
10638,KSA20-2087-0033,S0130-0117-011C,20-2087-0033,BN,1,0.5,0,CU,10,AWG
10639,KSA20-2087-0034,S0130-0117-011C,20-2087-0034,BN,1,0.5,0,CU,10,AWG
10640,KSA20-2087-0035,S0130-0117-011C,20-2087-0035,BN,1,0.5,0,CU,10,AWG
10641,KSA20-2087-0036,S0130-0117-011C,20-2087-0036,BN,1,0.5,0,CU,10,AWG
10642,KSA20-2087-0037,S0130-0117-011C,20-2087-0037,BN,1,0.5,0,CU,10,AWG
10643,KSA20-2087-0038,S0130-0117-011C,20-2087-0038,BN,1,0.5,0,CU,10,AWG
10644,KSA20-2087-0039,S0130-0117-011C,20-2087-0039,BN,1,0.5,0,CU,10,AWG
10645,KSA20-2087-0040,S0130-0117-011C,20-2087-0040,BN,1,0.5,0,CU,10,AWG
10646,KSA20-2087-0041,S0130-0117-011D,20-2087-0041,BN,1,0.5,0,CU,10,AWG
10647,KSA20-2087-0042,S0130-0117-011D,20-2087-0042,BN,1,0.5,0,CU,10,AWG
10648,KSA20-2087-0043,S0130-0117-011D,20-2087-0043,BN,1,0.5,0,CU,10,AWG
10649,KSA20-2087-0044,S0130-0117-011D,20-2087-0044,BN,1,0.5,0,CU,10,AWG
10650,KSA20-2087-0045,S0130-0117-011D,20-2087-0045,BN,1,0.5,0,CU,10,AWG
10651,KSA20-2087-0046,S0130-0117-011D,20-2087-0046,BN,1,0.5,0,CU,10,AWG
10652,KSA20-2087-0047,S0130-0117-011D,20-2087-0047,BN,1,0.5,0,CU,10,AWG
10653,KSA20-2087-0048,S0130-0117-011E,20-2087-0048,BN,1,0.5,0,CU,10,AWG
10654,KSA20-2087-0049,S0130-0117-011E,20-2087-0049,BN,1,0.5,0,CU,10,AWG
10655,KSA20-2087-0050,S0130-0117-011G,20-2087-0050,BN,1,0.5,0,CU,10,AWG
10656,KSA20-2087-0051,S0130-0117-0012,20-2087-0051,BN,1,0.5,0,CU,10,AWG
10657,KSA20-2087-0052,S0130-0117-0012,20-2087-0052,BN,1,0.5,0,CU,10,AWG
10658,KSA20-2087-0053,S0130-0117-0012,20-2087-0053,BN,1,0.5,0,CU,10,AWG
10659,KSA20-2087-0054,S0130-0117-0012,20-2087-0054,BN,1,0.5,0,CU,10,AWG
10660,KSA20-2087-0055,S0130-0117-0012,20-2087-0055,BN,1,0.5,0,CU,10,AWG
10661,KSA20-2087-0056,S0130-0117-0012,20-2087-0056,BN,1,0.5,0,CU,10,AWG
10662,KSA20-2087-0057,S0130-0117-0013,20-2087-0057,BN,1,0.5,0,CU,10,AWG
10663,KSA20-2087-0058,S0130-0117-0013,20-2087-0058,BN,1,0.5,0,CU,10,AWG
10664,KSA20-2087-0059,S0130-0117-0013,20-2087-0059,BN,1,0.5,0,CU,10,AWG
10665,KSA20-2087-0060,S0130-0117-0014,20-2087-0060,BN,1,0.5,0,CU,10,AWG
10666,KSA20-2087-0061,S0130-0117-0014,20-2087-0061,BN,1,0.5,0,CU,10,AWG
10667,KSA20-2087-0062,S0130-0117-0014,20-2087-0062,BN,1,0.5,0,CU,10,AWG
10668,KSA20-2087-0063,S0130-0117-0014,20-2087-0063,BN,1,0.5,0,CU,10,AWG
10669,KSA20-2087-0064,S0130-0117-0014,20-2087-0064,BN,1,0.5,0,CU,10,AWG
10670,KSA20-2087-0065,S0130-0117-0014,20-2087-0065,BN,1,0.5,0,CU,10,AWG
10671,KSA20-2087-0066,S0130-0117-0014,20-2087-0066,BN,1,0.5,0,CU,10,AWG
10672,KSA20-2087-0067,S0130-0117-0014,20-2087-0067,BN,1,0.5,0,CU,10,AWG
10673,KSA20-2087-0068,S0130-0117-0014,20-2087-0068,BN,1,0.5,0,CU,10,AWG
10674,KSA20-2087-0069,S0130-0117-0015,20-2087-0069,BN,1,0.5,0,CU,10,AWG
10675,KSA20-2087-0070,S0130-0117-0015,20-2087-0070,BN,1,0.5,0,CU,10,AWG
10676,KSA20-2087-0071,S0130-0117-0015,20-2087-0071,BN,1,0.5,0,CU,10,AWG
10677,KSA20-2087-0072,S0130-0117-0015,20-2087-0072,BN,1,0.5,0,CU,10,AWG
10678,KSA20-2087-0073,S0130-0117-0015,20-2087-0073,BN,1,0.5,0,CU,10,AWG
10679,KSA20-2087-0074,S0130-0117-0015,20-2087-0074,BN,1,0.5,0,CU,10,AWG
10680,KSA20-2087-0075,S0130-0117-0015,20-2087-0075,BN,1,0.5,0,CU,10,AWG
10681,KSA20-2087-0076,S0130-0117-0015,20-2087-0076,BN,1,0.5,0,CU,10,AWG
10682,KSA20-2087-0077,S0130-0117-0015,20-2087-0077,BN,1,0.5,0,CU,10,AWG
10683,KSA20-2087-0078,S0130-0117-0016,20-2087-0078,BN,1,0.5,0,CU,10,AWG
10684,KSA20-2087-0079,S0130-0117-0016,20-2087-0079,BN,1,0.5,0,CU,10,AWG
10685,KSA20-2087-0080,S0130-0117-0016,20-2087-0080,BN,1,0.5,0,CU,10,AWG
10686,KSA20-2087-0081,S0130-0117-0016,20-2087-0081,BN,1,0.5,0,CU,10,AWG
10687,KSA20-2087-0082,S0130-0117-0016,20-2087-0082,BN,1,0.5,0,CU,10,AWG
10688,KSA20-2087-0083,S0130-0117-0016,20-2087-0083,BN,1,0.5,0,CU,10,AWG
10689,KSA20-2087-0084,S0130-0117-0016,20-2087-0084,BN,1,0.5,0,CU,10,AWG
10690,KSA20-2087-0085,S0130-0117-0016,20-2087-0085,BN,1,0.5,0,CU,10,AWG
10691,KSA20-2087-0086,S0130-0117-0016,20-2087-0086,BN,1,0.5,0,CU,10,AWG
10692,KSA20-2087-0087,S0130-0117-0016,20-2087-0087,BN,1,0.5,0,CU,10,AWG
10693,KSA20-2087-0088,S0130-0117-016A,20-2087-0088,BN,1,0.5,0,CU,10,AWG
10694,KSA20-2087-0089,S0130-0117-016A,20-2087-0089,BN,1,0.5,0,CU,10,AWG
10695,KSA20-2087-0090,S0130-0117-016A,20-2087-0090,BN,1,0.5,0,CU,10,AWG
10696,KSA20-2087-0091,S0130-0117-016A,20-2087-0091,BN,1,0.5,0,CU,10,AWG
10697,KSA20-2087-0092,S0130-0117-016A,20-2087-0092,BN,1,0.5,0,CU,10,AWG
10698,KSA20-2087-0093,S0130-0117-016A,20-2087-0093,BN,1,0.5,0,CU,10,AWG
10699,KSA20-2087-0094,S0130-0117-016A,20-2087-0094,BN,1,0.5,0,CU,10,AWG
10700,KSA20-2087-0095,S0130-0117-016A,20-2087-0095,BN,1,0.5,0,CU,10,AWG
10701,KSA20-2087-0096,S0130-0117-016A,20-2087-0096,BN,1,0.5,0,CU,10,AWG
10702,KSA20-2087-0097,S0130-0117-016A,20-2087-0097,BN,1,0.5,0,CU,10,AWG
10703,KSA20-2087-0098,S0130-0117-016B,20-2087-0098,BN,1,0.5,0,CU,10,AWG
10704,KSA20-2087-0099,S0130-0117-016B,20-2087-0099,BN,1,0.5,0,CU,10,AWG
10705,KSA20-2087-0100,S0130-0117-016B,20-2087-0100,BN,1,0.5,0,CU,10,AWG
10706,KSA20-2087-0101,S0130-0117-016B,20-2087-0101,BN,1,0.5,0,CU,10,AWG
10707,KSA20-2087-0102,S0130-0117-016B,20-2087-0102,BN,1,0.5,0,CU,10,AWG
10708,KSA20-2087-0103,S0130-0117-016B,20-2087-0103,BN,1,0.5,0,CU,10,AWG
10709,KSA20-2087-0104,S0130-0117-016B,20-2087-0104,BN,1,0.5,0,CU,10,AWG
10710,KSA20-2087-0105,S0130-0117-016B,20-2087-0105,BN,1,0.5,0,CU,10,AWG
10711,KSA20-2087-0106,S0130-0117-016B,20-2087-0106,BN,1,0.5,0,CU,10,AWG
10712,KSA20-2087-0107,S0130-0117-0017,20-2087-0107,BN,1,0.5,0,CU,10,AWG
10713,KSA20-2087-0108,S0130-0117-0017,20-2087-0108,BN,1,0.5,0,CU,10,AWG
10714,KSA20-2087-0109,S0130-0117-0017,20-2087-0109,BN,1,0.5,0,CU,10,AWG
10715,KSA20-2087-0110,S0130-0117-0017,20-2087-0110,BN,1,0.5,0,CU,10,AWG
10716,KSA20-2087-0111,S0130-0117-0017,20-2087-0111,BN,1,0.5,0,CU,10,AWG
10717,KSA20-2087-0112,S0130-0117-0017,20-2087-0112,BN,1,0.5,0,CU,10,AWG
10718,KSA20-2087-0113,S0130-0117-0017,20-2087-0113,BN,1,0.5,0,CU,10,AWG
10719,KSA20-2087-0114,S0130-0117-0017,20-2087-0114,BN,1,0.5,0,CU,10,AWG
10720,KSA20-2087-0115,S0130-0117-0017,20-2087-0115,BN,1,0.5,0,CU,10,AWG
10721,KSA20-2087-0116,S0130-0117-0017,20-2087-0116,BN,1,0.5,0,CU,10,AWG
10722,KSA20-2087-0117,S0130-0117-0009,20-2087-0117,BN,1,0.5,0,CU,10,AWG
10723,KSA20-2088-0066,S100-13ax15-014,20-2088-0066,CN,1,0.5,0,CU,10,AWG
10724,KSA20-2088-0067,S100-13ax15-014,20-2088-0067,CN,1,0.5,0,CU,10,AWG
10725,KSA20-2088-0068,S100-13ax15-014,20-2088-0068,CN,1,0.5,0,CU,10,AWG
10726,KSA20-2088-0069,S100-13ax15-014,20-2088-0069,CN,1,0.5,0,CU,10,AWG
10727,KSA20-2088-0070,S100-13ax15-013,20-2088-0070,CN,1,0.5,0,CU,10,AWG
10728,KSA20-2088-0071,S100-13ax15-013,20-2088-0071,CN,1,0.5,0,CU,10,AWG
10729,KSA20-2088-0072,S100-13ax15-013,20-2088-0072,CN,1,0.5,0,CU,10,AWG
10730,KSA20-2088-0073,S100-13ax15-012,20-2088-0073,CN,1,0.5,0,CU,10,AWG
10731,KSA20-2088-0074,S100-13ax15-012,20-2088-0074,CN,1,0.5,0,CU,10,AWG
10732,KSA20-2088-0075,S100-13ax15-012,20-2088-0075,CN,1,0.5,0,CU,10,AWG
10733,KSA20-2088-0076,S100-13ax15-011,20-2088-0076,CN,1,0.5,0,CU,10,AWG
10734,KSA20-2088-0077,S100-13ax15-011,20-2088-0077,CN,1,0.5,0,CU,10,AWG
10735,KSA20-2088-0078,S100-13ax15-011,20-2088-0078,CN,1,0.5,0,CU,10,AWG
10736,KSA20-2088-0079,S100-13ax15-011,20-2088-0079,CN,1,0.5,0,CU,10,AWG
10737,KSA20-2088-0080,S100-13ax15-011,20-2088-0080,CN,1,0.5,0,CU,10,AWG
10738,KSA20-2088-0081,S100-13ax15-011,20-2088-0081,CN,1,0.5,0,CU,10,AWG
10739,KSA20-2088-0082,S100-13ax15-011,20-2088-0082,CN,1,0.5,0,CU,10,AWG
10740,KSA20-2088-0083,S100-13ax15-011,20-2088-0083,CN,1,0.5,0,CU,10,AWG
10741,KSA20-2088-0084,S100-13ax15-011,20-2088-0084,CN,1,0.5,0,CU,10,AWG
10742,KSA20-2088-0085,S100-13ax15-010,20-2088-0085,CN,1,0.5,0,CU,10,AWG
10743,KSA20-2088-0086,S100-13ax15-010,20-2088-0086,CN,1,0.5,0,CU,10,AWG
10744,KSA20-2088-0087,S100-13ax15-010,20-2088-0087,CN,1,0.5,0,CU,10,AWG
10745,KSA20-2088-0088,S100-13ax15-010,20-2088-0088,CN,1,0.5,0,CU,10,AWG
10746,KSA20-2088-0089,S100-13ax15-009,20-2088-0089,CN,1,0.5,0,CU,10,AWG
10747,KSA20-2088-0090,S100-13ax15-009,20-2088-0090,CN,1,0.5,0,CU,10,AWG
10748,KSA20-2088-0091,S100-13ax15-009,20-2088-0091,CN,1,0.5,0,CU,10,AWG
10749,KSA20-2088-0092,S100-13ax15-009,20-2088-0092,CN,1,0.5,0,CU,10,AWG
10750,KSA20-2088-0093,S100-13ax15-009,20-2088-0093,CN,1,0.5,0,CU,10,AWG
10751,KSA20-2088-0094,S100-13ax15-008,20-2088-0094,CN,1,0.5,0,CU,10,AWG
10752,KSA20-2088-0095,S100-13ax15-008,20-2088-0095,CN,1,0.5,0,CU,10,AWG
10753,KSA20-2088-0096,S100-13ax15-008,20-2088-0096,CN,1,0.5,0,CU,10,AWG
10754,KSA20-2088-0097,S100-13ax15-008,20-2088-0097,CN,1,0.5,0,CU,10,AWG
10755,KSA20-2088-0098,S100-13ax15-007,20-2088-0098,CN,1,0.5,0,CU,10,AWG
10756,KSA20-2088-0099,S100-13ax15-007,20-2088-0099,CN,1,0.5,0,CU,10,AWG
10757,KSA20-2088-0100,S100-13ax15-007,20-2088-0100,CN,1,0.5,0,CU,10,AWG
10758,KSA20-2088-0101,S100-13ax15-006,20-2088-0101,CN,1,0.5,0,CU,10,AWG
10759,KSA20-2088-0102,S100-13ax15-006,20-2088-0102,CN,1,0.5,0,CU,10,AWG
10760,KSA20-2088-0103,S100-13ax15-006,20-2088-0103,CN,1,0.5,0,CU,10,AWG
10761,KSA20-2088-0104,S100-13ax15-006,20-2088-0104,CN,1,0.5,0,CU,10,AWG
10762,KSA20-2088-0105,S100-13ax15-006,20-2088-0105,CN,1,0.5,0,CU,10,AWG
10763,KSA20-2088-0106,S100-13ax15-011,20-2088-0106,CN,1,0.5,0,CU,10,AWG
10764,KSA20-2088-0107,S100-13ax15-002,20-2088-0107,CN,1,0.5,0,CU,10,AWG
10765,KSA20-2089-0036,S130-31-09-0001,20-2089-0036,AN,1,0.5,0,CU,10,AWG
10766,KSA20-2089-0037,S130-31-09-0001,20-2089-0037,AN,1,0.5,0,CU,10,AWG
10767,KSA20-2089-0038,S130-31-09-0001,20-2089-0038,AN,1,0.5,0,CU,10,AWG
10768,KSA20-2089-0039,S130-31-09-0001,20-2089-0039,AN,1,0.5,0,CU,10,AWG
10769,KSA20-2089-0040,S130-31-09-0001,20-2089-0040,AN,1,0.5,0,CU,10,AWG
10770,KSA20-2089-0041,S130-31-09-0001,20-2089-0041,AN,1,0.5,0,CU,10,AWG
10771,KSA20-2089-0042,S130-31-09-0001,20-2089-0042,AN,1,0.5,0,CU,10,AWG
10772,KSA20-2089-0043,S130-31-09-001a,20-2089-0043,AN,1,0.5,0,CU,10,AWG
10773,KSA20-2089-0044,S130-31-09-001a,20-2089-0044,AN,1,0.5,0,CU,10,AWG
10774,KSA20-2089-0045,S130-31-09-001a,20-2089-0045,AN,1,0.5,0,CU,10,AWG
10775,KSA20-2089-0046,S130-31-09-001a,20-2089-0046,AN,1,0.5,0,CU,10,AWG
10776,KSA20-2089-0047,S130-31-09-001a,20-2089-0047,AN,1,0.5,0,CU,10,AWG
10777,KSA20-2089-0048,S130-31-09-001a,20-2089-0048,AN,1,0.5,0,CU,10,AWG
10778,KSA20-2089-0049,S130-31-09-001b,20-2089-0049,AN,1,0.5,0,CU,10,AWG
10779,KSA20-2089-0050,S130-31-09-001b,20-2089-0050,AN,1,0.5,0,CU,10,AWG
10780,KSA20-2089-0051,S130-31-09-001b,20-2089-0051,AN,1,0.5,0,CU,10,AWG
10781,KSA20-2089-0052,S130-31-09-001b,20-2089-0052,AN,1,0.5,0,CU,10,AWG
10782,KSA20-2089-0053,S130-31-09-001b,20-2089-0053,AN,1,0.5,0,CU,10,AWG
10783,KSA20-2089-0054,S130-31-09-001b,20-2089-0054,AN,1,0.5,0,CU,10,AWG
10784,KSA20-2089-0055,S130-31-09-001b,20-2089-0055,AN,1,0.5,0,CU,10,AWG
10785,KSA20-2089-0056,S130-31-09-001b,20-2089-0056,AN,1,0.5,0,CU,10,AWG
10786,KSA20-2089-0057,S130-31-09-001b,20-2089-0057,AN,1,0.5,0,CU,10,AWG
10787,KSA20-2089-0058,S130-31-09-001b,20-2089-0058,AN,1,0.5,0,CU,10,AWG
10788,KSA20-2089-0059,S130-31-09-001b,20-2089-0059,AN,1,0.5,0,CU,10,AWG
10789,KSA20-2089-0060,S130-31-09-001c,20-2089-0060,AN,1,0.5,0,CU,10,AWG
10790,KSA20-2089-0061,S130-31-09-001c,20-2089-0061,AN,1,0.5,0,CU,10,AWG
10791,KSA20-2089-0062,S130-31-09-001c,20-2089-0062,AN,1,0.5,0,CU,10,AWG
10792,KSA20-2089-0063,S130-31-09-001c,20-2089-0063,AN,1,0.5,0,CU,10,AWG
10793,KSA20-2089-0064,S130-31-09-001c,20-2089-0064,AN,1,0.5,0,CU,10,AWG
10794,KSA20-2089-0065,S130-31-09-001d,20-2089-0065,AN,1,0.5,0,CU,10,AWG
10795,KSA20-2089-0066,S130-31-09-001d,20-2089-0066,AN,1,0.5,0,CU,10,AWG
10796,KSA20-2089-0067,S130-31-09-001d,20-2089-0067,AN,1,0.5,0,CU,10,AWG
10797,KSA20-2089-0068,S130-31-09-001d,20-2089-0068,AN,1,0.5,0,CU,10,AWG
10798,KSA20-2089-0069,S130-31-09-001d,20-2089-0069,AN,1,0.5,0,CU,10,AWG
10799,KSA20-2089-0070,S130-31-09-001d,20-2089-0070,AN,1,0.5,0,CU,10,AWG
10800,KSA20-2089-0071,S130-31-09-001d,20-2089-0071,AN,1,0.5,0,CU,10,AWG
10801,KSA20-2089-0072,S130-31-09-001d,20-2089-0072,AN,1,0.5,0,CU,10,AWG
10802,KSA20-2089-0073,S130-31-09-001d,20-2089-0073,AN,1,0.5,0,CU,10,AWG
10803,KSA20-2091-0042,S130-56-04-0001,20-2091-0042,BN,1,0.5,0,CU,10,AWG
10804,KSA20-2091-0043,S130-56-04-0001,20-2091-0043,BN,1,0.5,0,CU,10,AWG
10805,KSA20-2091-0044,S130-56-04-0001,20-2091-0044,BN,1,0.5,0,CU,10,AWG
10806,KSA20-2091-0046,S130-56-04-0002,20-2091-0046,BN,1,0.5,0,CU,10,AWG
10807,KSA20-2091-0047,S130-56-04-0002,20-2091-0047,BN,1,0.5,0,CU,10,AWG
10808,KSA20-2091-0048,S130-56-04-0002,20-2091-0048,BN,1,0.5,0,CU,10,AWG
10809,KSA20-2091-0049,S130-56-04-0002,20-2091-0049,BN,1,0.5,0,CU,10,AWG
10810,KSA20-2091-0050,S130-56-04-0003,20-2091-0050,BN,1,0.5,0,CU,10,AWG
10811,KSA20-2091-0051,S130-56-04-0003,20-2091-0051,BN,1,0.5,0,CU,10,AWG
10812,KSA20-2091-0052,S130-56-04-0003,20-2091-0052,BN,1,0.5,0,CU,10,AWG
10813,KSA20-2091-0053,S130-56-04-0003,20-2091-0053,BN,1,0.5,0,CU,10,AWG
10814,KSA20-2091-0054,S130-56-04-0003,20-2091-0054,BN,1,0.5,0,CU,10,AWG
10815,KSA20-2091-0055,S130-56-04-0003,20-2091-0055,BN,1,0.5,0,CU,10,AWG
10816,KSA20-2091-0056,S130-56-04-0003,20-2091-0056,BN,1,0.5,0,CU,10,AWG
10817,KSA20-2091-0057,S130-56-04-0003,20-2091-0057,BN,1,0.5,0,CU,10,AWG
10818,KSA20-2091-0059,S130-56-04-0004,20-2091-0059,BN,1,0.5,0,CU,10,AWG
10819,KSA20-2091-0060,S130-56-04-0004,20-2091-0060,BN,1,0.5,0,CU,10,AWG
10820,KSA20-2091-0061,S130-56-04-0004,20-2091-0061,BN,1,0.5,0,CU,10,AWG
10821,KSA20-2091-0062,S130-56-04-004a,20-2091-0062,BN,1,0.5,0,CU,10,AWG
10822,KSA20-2091-0063,S130-56-04-004a,20-2091-0063,BN,1,0.5,0,CU,10,AWG
10823,KSA20-2091-0064,S130-56-04-0005,20-2091-0064,BN,1,0.5,0,CU,10,AWG
10824,KSA20-2091-0065,S130-56-04-0005,20-2091-0065,BN,1,0.5,0,CU,10,AWG
10825,KSA20-2091-0066,S130-56-04-0005,20-2091-0066,BN,1,0.5,0,CU,10,AWG
10826,KSA20-2091-0067,S130-56-04-0006,20-2091-0067,BN,1,0.5,0,CU,10,AWG
10827,KSA20-2091-0068,S130-56-04-0006,20-2091-0068,BN,1,0.5,0,CU,10,AWG
10828,KSA20-2091-0069,S130-56-04-0006,20-2091-0069,BN,1,0.5,0,CU,10,AWG
10829,KSA20-2091-0070,S130-56-04-0007,20-2091-0070,BN,1,0.5,0,CU,10,AWG
10830,KSA20-2091-0071,S130-56-04-0007,20-2091-0071,BN,1,0.5,0,CU,10,AWG
10831,KSA20-2091-0072,S130-56-04-0007,20-2091-0072,BN,1,0.5,0,CU,10,AWG
10832,KSA20-2091-0073,S130-56-04-0007,20-2091-0073,BN,1,0.5,0,CU,10,AWG
10833,KSA20-2091-0074,S130-56-04-0007,20-2091-0074,BN,1,0.5,0,CU,10,AWG
10834,KSA20-2091-0075,S130-56-04-0007,20-2091-0075,BN,1,0.5,0,CU,10,AWG
10835,KSA30-3083-0168,S0034-0029-0001,30-3083-0168,BN,1,0.5,0,CU,10,AWG
10836,KSA30-3083-0169,S0034-0029-0001,30-3083-0169,BN,1,0.5,0,CU,10,AWG
10837,KSA30-3083-0170,S0034-0029-0004,30-3083-0170,BN,1,0.5,0,CU,10,AWG
10838,KSA30-3083-0171,S0034-0029-0004,30-3083-0171,BN,1,0.5,0,CU,10,AWG
10839,KSA30-3083-0172,S0034-0029-0004,30-3083-0172,BN,1,0.5,0,CU,10,AWG
10840,KSA30-3083-0173,S0034-0029-0004,30-3083-0173,BN,1,0.5,0,CU,10,AWG
10841,KSA30-3083-0175,S0034-0029-0005,30-3083-0175,BN,1,0.5,0,CU,10,AWG
10842,KSA30-3083-0176,S0034-0029-0005,30-3083-0176,BN,1,0.5,0,CU,10,AWG
10843,KSA30-3083-0177,S0034-0029-005A,30-3083-0177,BN,1,0.5,0,CU,10,AWG
10844,KSA30-3083-0178,S0034-0029-005A,30-3083-0178,BN,1,0.5,0,CU,10,AWG
10845,KSA30-3083-0179,S0034-0029-005A,30-3083-0179,BN,1,0.5,0,CU,10,AWG
10846,KSA30-3083-0180,S0034-0029-005A,30-3083-0180,BN,1,0.5,0,CU,10,AWG
10847,KSA30-3083-0181,S0034-0029-005A,30-3083-0181,BN,1,0.5,0,CU,10,AWG
10848,KSA30-3083-0182,S0034-0029-005B,30-3083-0182,BN,1,0.5,0,CU,10,AWG
10849,KSA30-3083-0183,S0034-0029-0006,30-3083-0183,BN,1,0.5,0,CU,10,AWG
10850,KSA30-3083-0184,S0034-0029-0007,30-3083-0184,BN,1,0.5,0,CU,10,AWG
10851,KSA30-3083-0185,S0034-0029-0007,30-3083-0185,BN,1,0.5,0,CU,10,AWG
10852,KSA30-3083-0186,S0034-0029-0007,30-3083-0186,BN,1,0.5,0,CU,10,AWG
10853,KSA30-3084-0080,S0046-0022-0001,30-3084-0080,AN,1,0.5,0,CU,10,AWG
10854,KSA30-3084-0081,S0046-0022-0001,30-3084-0081,AN,1,0.5,0,CU,10,AWG
10855,KSA30-3084-0082,S0046-0022-0001,30-3084-0082,AN,1,0.5,0,CU,10,AWG
10856,KSA30-3084-0083,S0046-0022-0005,30-3084-0083,AN,1,0.5,0,CU,10,AWG
10857,KSA30-3084-0084,S0046-0022-0005,30-3084-0084,AN,1,0.5,0,CU,10,AWG
10858,KSA30-3084-0085,S0046-0022-0005,30-3084-0085,AN,1,0.5,0,CU,10,AWG
10859,KSA30-3084-0086,S0046-0022-0005,30-3084-0086,AN,1,0.5,0,CU,10,AWG
10860,KSA30-3084-0087,S0046-0022-0005,30-3084-0087,AN,1,0.5,0,CU,10,AWG
10861,KSA30-3084-0088,S0046-0022-0005,30-3084-0088,AN,1,0.5,0,CU,10,AWG
10862,KSA30-3084-0089,S0046-0022-0006,30-3084-0089,AN,1,0.5,0,CU,10,AWG
10863,KSA30-3084-0090,S0046-0022-0007,30-3084-0090,AN,1,0.5,0,CU,10,AWG
10864,KSA30-3084-0091,S0046-0022-0008,30-3084-0091,AN,1,0.5,0,CU,10,AWG
10865,KSA30-3084-0092,S0046-0022-0008,30-3084-0092,AN,1,0.5,0,CU,10,AWG
10866,KSA30-3084-0093,S0046-0022-009c,30-3084-0093,AN,1,0.5,0,CU,10,AWG
10867,KSA30-3084-0094,S0046-0022-009c,30-3084-0094,AN,1,0.5,0,CU,10,AWG
10868,KSA30-3084-0095,S0046-0022-009c,30-3084-0095,AN,1,0.5,0,CU,10,AWG
10869,KSA30-3084-0096,S0046-0022-009b,30-3084-0096,AN,1,0.5,0,CU,10,AWG
10870,KSA30-3084-0097,S0046-0022-009b,30-3084-0097,AN,1,0.5,0,CU,10,AWG
10871,KSA30-3084-0098,S0046-0022-09a1,30-3084-0098,AN,1,0.5,0,CU,10,AWG
10872,KSA30-3084-0099,S0046-0022-09a1,30-3084-0099,AN,1,0.5,0,CU,10,AWG
10873,KSA30-3084-0100,S0046-0022-09a1,30-3084-0100,AN,1,0.5,0,CU,10,AWG
10874,KSA30-3084-0101,S0046-0022-009a,30-3084-0101,AN,1,0.5,0,CU,10,AWG
10875,KSA30-3084-0102,S0046-0022-009a,30-3084-0102,AN,1,0.5,0,CU,10,AWG
10876,KSA30-3084-0103,S0046-0022-0010,30-3084-0103,AN,1,0.5,0,CU,10,AWG
10877,KSA30-3084-0104,S0046-0022-0010,30-3084-0104,AN,1,0.5,0,CU,10,AWG
10878,KSA30-3084-0105,S0046-0022-0010,30-3084-0105,AN,1,0.5,0,CU,10,AWG
10879,KSA30-3084-0106,S0046-0022-0010,30-3084-0106,AN,1,0.5,0,CU,10,AWG
10880,KSA30-3084-0107,S0046-0022-0011,30-3084-0107,AN,1,0.5,0,CU,10,AWG
10881,KSA30-3084-0108,S0046-0022-0011,30-3084-0108,AN,1,0.5,0,CU,10,AWG
10882,KSA30-3084-0109,S0046-0022-0011,30-3084-0109,AN,1,0.5,0,CU,10,AWG
10883,KSA30-3084-0111,S0046-0022-0012,30-3084-0111,AN,1,0.5,0,CU,10,AWG
10884,KSA30-3084-0112,S0046-0022-0012,30-3084-0112,AN,1,0.5,0,CU,10,AWG
10885,KSA30-3084-0113,S0046-0022-0012,30-3084-0113,AN,1,0.5,0,CU,10,AWG
10886,KSA30-3084-0114,S0046-0022-0012,30-3084-0114,AN,1,0.5,0,CU,10,AWG
10887,KSA30-3084-0115,S0046-0022-0012,30-3084-0115,AN,1,0.5,0,CU,10,AWG
10888,KSA30-3084-0116,S0046-0022-0012,30-3084-0116,AN,1,0.5,0,CU,10,AWG
10889,KSA30-3084-0117,S0046-0022-0012,30-3084-0117,AN,1,0.5,0,CU,10,AWG
10890,KSA30-3084-0118,S0046-0022-0013,30-3084-0118,AN,1,0.5,0,CU,10,AWG
10891,KSA30-3084-0119,S0046-0022-0015,30-3084-0119,AN,1,0.5,0,CU,10,AWG
10892,KSA30-3084-0120,S0046-0022-0015,30-3084-0120,AN,1,0.5,0,CU,10,AWG
10893,KSA30-3084-0121,S0046-0022-0015,30-3084-0121,AN,1,0.5,0,CU,10,AWG
10894,KSA30-3084-0122,S0046-0022-0016,30-3084-0122,AN,1,0.5,0,CU,10,AWG
10895,KSA30-3084-0123,S0046-0022-0016,30-3084-0123,AN,1,0.5,0,CU,10,AWG
10896,KSA30-3084-0124,S0046-0022-0016,30-3084-0124,AN,1,0.5,0,CU,10,AWG
10897,KSA30-3084-0125,S0046-0022-0016,30-3084-0125,AN,1,0.5,0,CU,10,AWG
10898,KSA30-3084-0126,S0046-0022-0017,30-3084-0126,AN,1,0.5,0,CU,10,AWG
10899,KSA30-3084-0127,S0046-0022-0017,30-3084-0127,AN,1,0.5,0,CU,10,AWG
10900,KSA30-3084-0128,S0046-0022-0017,30-3084-0128,AN,1,0.5,0,CU,10,AWG
10901,KSA30-3084-0129,S0046-0022-0018,30-3084-0129,AN,1,0.5,0,CU,10,AWG
10902,KSA30-3084-0130,S0046-0022-0019,30-3084-0130,AN,1,0.5,0,CU,10,AWG
10903,KSA30-3084-0131,S0046-0022-0019,30-3084-0131,AN,1,0.5,0,CU,10,AWG
10904,KSA30-3084-0132,S0046-0022-0019,30-3084-0132,AN,1,0.5,0,CU,10,AWG
10905,KSA30-3084-0133,S0046-0022-0019,30-3084-0133,AN,1,0.5,0,CU,10,AWG
10906,KSA30-3084-0134,S0046-0022-0021,30-3084-0134,AN,1,0.5,0,CU,10,AWG
10907,KSA30-3084-0135,S0046-0022-0021,30-3084-0135,AN,1,0.5,0,CU,10,AWG
10908,KSA30-3084-0136,S0046-0022-0021,30-3084-0136,AN,1,0.5,0,CU,10,AWG
10909,KSA30-3084-0137,S0046-0022-0021,30-3084-0137,AN,1,0.5,0,CU,10,AWG
10910,KSA30-3084-0138,S0046-0022-0021,30-3084-0138,AN,1,0.5,0,CU,10,AWG
10911,KSA30-3084-0139,S0046-0022-0021,30-3084-0139,AN,1,0.5,0,CU,10,AWG
10912,KSA30-3084-0140,S0046-0022-0021,30-3084-0140,AN,1,0.5,0,CU,10,AWG
10913,KSA30-3084-0141,S0046-0022-0021,30-3084-0141,AN,1,0.5,0,CU,10,AWG
10914,KSA30-3084-0142,S0046-0022-0021,30-3084-0142,AN,1,0.5,0,CU,10,AWG
10915,KSA30-3084-0143,S0046-0022-0021,30-3084-0143,AN,1,0.5,0,CU,10,AWG
10916,KSA50-5083-0031,S000009-000008c,50-5083-0031,AN,1,0.5,0,CU,10,AWG
10917,KSA50-5083-0032,S000009-000008e,50-5083-0032,AN,1,0.5,0,CU,10,AWG
10918,KSA50-5083-0033,S000009-000008e,50-5083-0033,AN,1,0.5,0,CU,10,AWG
10919,KSA50-5083-0034,S000009-000008e,50-5083-0034,AN,1,0.5,0,CU,10,AWG
10920,KSA50-5083-0035,S000009-000008g,50-5083-0035,AN,1,0.5,0,CU,10,AWG
10921,KSA50-5083-0036,S000009-000008g,50-5083-0036,AN,1,0.5,0,CU,10,AWG
10922,KSA50-5083-0037,S000009-000008g,50-5083-0037,AN,1,0.5,0,CU,10,AWG
10923,KSA50-5083-0038,S000009-000008g,50-5083-0038,AN,1,0.5,0,CU,10,AWG
10924,KSA50-5083-0039,S000009-000008g,50-5083-0039,AN,1,0.5,0,CU,10,AWG
10925,KSA50-5084-0021,S000015-000004C,50-5084-0021,AN,1,0.5,0,CU,10,AWG
10926,KSA50-5084-0025,S000015-000004G,50-5084-0025,AN,1,0.5,0,CU,10,AWG
10927,KSA50-5084-0026,S000015-000004G,50-5084-0026,AN,1,0.5,0,CU,10,AWG
10928,KSA50-5084-0027,S000015-000004G,50-5084-0027,AN,1,0.5,0,CU,10,AWG
10929,KSA50-5084-0028,S000015-000004G,50-5084-0028,AN,1,0.5,0,CU,10,AWG
10930,KSA50-5084-0029,S000015-000004G,50-5084-0029,AN,1,0.5,0,CU,10,AWG
10931,KSA50-5084-0030,S000015-000004G,50-5084-0030,AN,1,0.5,0,CU,10,AWG
10932,KSA50-5084-0031,S000015-000004G,50-5084-0031,AN,1,0.5,0,CU,10,AWG
10933,KSA50-5084-0032,S000015-000004H,50-5084-0032,AN,1,0.5,0,CU,10,AWG
10934,KSA50-5084-0033,S000015-000004H,50-5084-0033,AN,1,0.5,0,CU,10,AWG
10935,KSA50-5084-0034,S000015-000004H,50-5084-0034,AN,1,0.5,0,CU,10,AWG
10936,KSA2020012363,S0108-004b-002c,2020012363,AN,1,0.5,0,CU,10,AWG
10937,KSA2020012364,S000106-0000006,2020012364,AN,1,0.5,0,CU,10,AWG
10938,KSA2020012283,S0108-004b-002d,2020012283,AN,1,0.5,0,CU,10,AWG
10939,KSA2020021687,S0106-0002-0002,2020021687,BN,1,0.5,0,CU,10,AWG
10940,KSA2020021168,S000110-00003BA,2020021168,BN,1,0.5,0,CU,10,AWG
10941,KSA2020021688,S0106-0002-0002,2020021688,BN,1,0.5,0,CU,10,AWG
10942,KSA2020021689,S000106-0000001,2020021689,AN,1,0.5,0,CU,10,AWG
10943,KSA2020030110,S0122-0004-0003,2020030110,BN,1,0.5,0,CU,10,AWG
10944,KSA2020041672,S000119-000004A,2020041672,AN,1,0.5,0,CU,10,AWG
10945,KSA2020051976,S0126-0002-0004,2020051976,BN,1,0.5,0,CU,10,AWG
10946,KSA2020060930,S0126-0010-0001,2020060930,AN,1,0.5,0,CU,10,AWG
10947,KSA2020062100,S0126-0006-0003,2020062100,AN,1,0.5,0,CU,10,AWG
10948,KSA2020062101,S0126-0010-0001,2020062101,AN,1,0.5,0,CU,10,AWG
10949,KSA2020071509,S0132-0005-004C,2020071509,CN,1,0.5,0,CU,10,AWG
10950,KSA2020081407,S0134-0002-0002,2020081407,AN,1,0.5,0,CU,10,AWG
10951,KSA2020081406,S0132-0005-004b,2020081406,CN,1,0.5,0,CU,10,AWG
10952,KSA2020091612,S0132-0009-0001,2020091612,CN,1,0.5,0,CU,10,AWG
10953,KSA2020091613,S0132-0009-0001,2020091613,CN,1,0.5,0,CU,10,AWG
10954,KSA2020100295,S0108-012b-003e,2020100295,AN,1,0.5,0,CU,10,AWG
10955,KSA2020100470,S0108-012b-003e,2020100470,AN,1,0.5,0,CU,10,AWG
10956,KSA2020111156,S0108-012b-003A,2020111156,AN,1,0.5,0,CU,10,AWG
10957,KSA2020111157,S0108-012b-003a,2020111157,AN,1,0.5,0,CU,10,AWG
10958,KSA2020120555,S0108-020C-0004,2020120555,BN,1,0.5,0,CU,10,AWG
10959,KSA2020121725,S0108-020C-0004,2020121725,BN,1,0.5,0,CU,10,AWG
10960,KSA2020121740,S0092-0007-0012,2020121740,BN,1,0.5,0,CU,10,AWG
10961,KSA2020121722,S0108-020C-0004,2020121722,BN,1,0.5,0,CU,10,AWG
10962,KSA2020121600,S0108-020O-0017,2020121600,BN,1,0.5,0,CU,10,AWG
10963,KSA2020121724,S0108-020C-0004,2020121724,BN,1,0.5,0,CU,10,AWG
10964,KSA2020121712,S0108-020C-0004,2020121712,BN,1,0.5,0,CU,10,AWG
10965,KSA2020121739,S0092-0007-011A,2020121739,BN,1,0.5,0,CU,10,AWG
10966,KSA2020121737,S0108-020C-0005,2020121737,BN,1,0.5,0,CU,10,AWG
10967,KSA2020141962,S000073-0000004,2020141962,BN,1,0.5,0,CU,10,AWG
10968,KSA2020141961,S000073-0000004,2020141961,BN,1,0.5,0,CU,10,AWG
10969,KSA2020141385,S0092-0007-0005,2020141385,BN,1,0.5,0,CU,10,AWG
10970,KSA2020151228,S0100-0006-0002,2020151228,CN,1,0.5,0,CU,10,AWG
10971,KSA2020150111,S0100-0006-0005,2020150111,CN,1,0.5,0,CU,10,AWG
10972,KSA2020151229,S0100-0006-0002,2020151229,CN,1,0.5,0,CU,10,AWG
10973,KSA2020161594,S0100-0079-0007,2020161594,CN,1,0.5,0,CU,10,AWG
10974,KSA2020161577,S0100-0079-0007,2020161577,CN,1,0.5,0,CU,10,AWG
10975,KSA2020161593,S0100-0079-0007,2020161593,CN,1,0.5,0,CU,10,AWG
10976,KSA2020161582,S0100-0079-0007,2020161582,CN,1,0.5,0,CU,10,AWG
10977,KSA2020161591,S0100-0079-0007,2020161591,CN,1,0.5,0,CU,10,AWG
10978,KSA2020161586,S0100-0079-0007,2020161586,CN,1,0.5,0,CU,10,AWG
10979,KSA2020161589,S0100-0079-0007,2020161589,CN,1,0.5,0,CU,10,AWG
10980,KSA2020161590,S0100-0079-0007,2020161590,CN,1,0.5,0,CU,10,AWG
10981,KSA2020161592,S0100-0079-0007,2020161592,CN,1,0.5,0,CU,10,AWG
10982,KSA2020161578,S0100-0079-0007,2020161578,CN,1,0.5,0,CU,10,AWG
10983,KSA2020161585,S0100-0079-0007,2020161585,CN,1,0.5,0,CU,10,AWG
10984,KSA2020161587,S0100-0079-0007,2020161587,CN,1,0.5,0,CU,10,AWG
10985,KSA2020161581,S0100-0079-0007,2020161581,CN,1,0.5,0,CU,10,AWG
10986,KSA2020161579,S0100-0079-0007,2020161579,CN,1,0.5,0,CU,10,AWG
10987,KSA2020161584,S0100-0079-0007,2020161584,CN,1,0.5,0,CU,10,AWG
10988,KSA2020161580,S0100-0079-0007,2020161580,CN,1,0.5,0,CU,10,AWG
10989,KSA2020161588,S0100-0079-0007,2020161588,CN,1,0.5,0,CU,10,AWG
10990,KSA2020161583,S0100-0079-0007,2020161583,CN,1,0.5,0,CU,10,AWG
10991,KSA2020171592,S0130-0031-0004,2020171592,BN,1,0.5,0,CU,10,AWG
10992,KSA2020171590,S0130-0031-0004,2020171590,BN,1,0.5,0,CU,10,AWG
10993,KSA2020171591,S0130-0031-0004,2020171591,BN,1,0.5,0,CU,10,AWG
10994,KSA2020171593,S0130-0031-0004,2020171593,BN,1,0.5,0,CU,10,AWG
10995,KSA2020171594,S0130-0031-0004,2020171594,BN,1,0.5,0,CU,10,AWG
10996,KSA2020180716,S0130-0063-0009,2020180716,BN,1,0.5,0,CU,10,AWG
10997,KSA2020180717,S0130-0063-0009,2020180717,BN,1,0.5,0,CU,10,AWG
10998,KSA2020190575,S0100-072Y-0004,2020190575,CN,1,0.5,0,CU,10,AWG
10999,KSA2020191119,S0100-072Y-0001,2020191119,CN,1,0.5,0,CU,10,AWG
11000,KSA2020190170,S0100-072Y-0027,2020190170,CN,1,0.5,0,CU,10,AWG
11001,KSA2020191109,S0100-072Y-0001,2020191109,CN,1,0.5,0,CU,10,AWG
11002,KSA2020191113,S0100-072Y-0001,2020191113,CN,1,0.5,0,CU,10,AWG
11003,KSA2020191114,S0100-072Y-0001,2020191114,CN,1,0.5,0,CU,10,AWG
11004,KSA2020191120,S0100-072Y-0001,2020191120,CN,1,0.5,0,CU,10,AWG
11005,KSA2020191110,S0100-072Y-0001,2020191110,CN,1,0.5,0,CU,10,AWG
11006,KSA2020191112,S0100-072Y-0001,2020191112,CN,1,0.5,0,CU,10,AWG
11007,KSA2020191115,S0100-072Y-0001,2020191115,CN,1,0.5,0,CU,10,AWG
11008,KSA2020191118,S0100-072Y-0001,2020191118,CN,1,0.5,0,CU,10,AWG
11009,KSA2020191111,S0100-072Y-0001,2020191111,CN,1,0.5,0,CU,10,AWG
11010,KSA2020191117,S0100-072Y-0001,2020191117,CN,1,0.5,0,CU,10,AWG
11011,KSA2020191116,S0100-072Y-0001,2020191116,CN,1,0.5,0,CU,10,AWG
11012,KSA2020201175,S0130-0088-004n,2020201175,BN,1,0.5,0,CU,10,AWG
11013,KSA2020201173,S0130-0088-004n,2020201173,BN,1,0.5,0,CU,10,AWG
11014,KSA2020200782,S0130-0088-004n,2020200782,BN,1,0.5,0,CU,10,AWG
11015,KSA2020201174,S0130-0088-004n,2020201174,BN,1,0.5,0,CU,10,AWG
11016,KSA2020241678,S0130-0088-0007,2020241678,BN,1,0.5,0,CU,10,AWG
11017,KSA2020241679,S0130-0088-0007,2020241679,BN,1,0.5,0,CU,10,AWG
11018,KSA2020240400,S0130-0088-0002,2020240400,BN,1,0.5,0,CU,10,AWG
11019,KSA2020241680,S0130-0088-0007,2020241680,BN,1,0.5,0,CU,10,AWG
11020,KSA2020250370,S0054-0020-012A,2020250370,BN,1,0.5,0,CU,10,AWG
11021,KSA2020270474,S0130-0098-0017,2020270474,BN,1,0.5,0,CU,10,AWG
11022,KSA2020350163,S0100-0042-008D,2020350163,CN,1,0.5,0,CU,10,AWG
11023,KSA2020400572,S130-53-20F-004,2020400572,CN,1,0.5,0,CU,10,AWG
11024,KSA2020480394,S0100-13bj-0003,2020480394,CN,1,0.5,0,CU,10,AWG
11025,KSA2020480240,S0100-13bj-006a,2020480240,CN,1,0.5,0,CU,10,AWG
11026,KSA2020550586,S0130-0088-0001,2020550586,BN,1,0.5,0,CU,10,AWG
11027,KSA2020550593,S0130-0088-0001,2020550593,BN,1,0.5,0,CU,10,AWG
11028,KSA2020550839,S0130-0088-0001,2020550839,BN,1,0.5,0,CU,10,AWG
11029,KSA2020550840,S0130-0088-0001,2020550840,BN,1,0.5,0,CU,10,AWG
11030,KSA2020550062,S0016-0013-0007,2020550062,BN,1,0.5,0,CU,10,AWG
11031,KSA2020550609,S0130-0088-0001,2020550609,BN,1,0.5,0,CU,10,AWG
11032,KSA2020550616,S0130-0088-0001,2020550616,BN,1,0.5,0,CU,10,AWG
11033,KSA2020550624,S0130-0088-0001,2020550624,BN,1,0.5,0,CU,10,AWG
11034,KSA2020550630,S0130-0088-0001,2020550630,BN,1,0.5,0,CU,10,AWG
11035,KSA2020550644,S0130-0088-0001,2020550644,BN,1,0.5,0,CU,10,AWG
11036,KSA2020550665,S0130-0088-0001,2020550665,BN,1,0.5,0,CU,10,AWG
11037,KSA2020550667,S0130-0088-0001,2020550667,BN,1,0.5,0,CU,10,AWG
11038,KSA2020550673,S0130-0088-0001,2020550673,BN,1,0.5,0,CU,10,AWG
11039,KSA2020550682,S0130-0088-0001,2020550682,BN,1,0.5,0,CU,10,AWG
11040,KSA2020550696,S0130-0088-0001,2020550696,BN,1,0.5,0,CU,10,AWG
11041,KSA2020550707,S0130-0088-0001,2020550707,BN,1,0.5,0,CU,10,AWG
11042,KSA2020550793,S0130-0088-0001,2020550793,BN,1,0.5,0,CU,10,AWG
11043,KSA2020550796,S0130-0088-0001,2020550796,BN,1,0.5,0,CU,10,AWG
11044,KSA2020550827,S0130-0088-0001,2020550827,BN,1,0.5,0,CU,10,AWG
11045,KSA2020550594,S0130-0088-0001,2020550594,BN,1,0.5,0,CU,10,AWG
11046,KSA2020550849,S0130-0088-0001,2020550849,BN,1,0.5,0,CU,10,AWG
11047,KSA2020550350,S0130-0088-002D,2020550350,BN,1,0.5,0,CU,10,AWG
11048,KSA2020550640,S0130-0088-0001,2020550640,BN,1,0.5,0,CU,10,AWG
11049,KSA2020550654,S0130-0088-0001,2020550654,BN,1,0.5,0,CU,10,AWG
11050,KSA2020550662,S0130-0088-0001,2020550662,BN,1,0.5,0,CU,10,AWG
11051,KSA2020550683,S0130-0088-0001,2020550683,BN,1,0.5,0,CU,10,AWG
11052,KSA2020550691,S0130-0088-0001,2020550691,BN,1,0.5,0,CU,10,AWG
11053,KSA2020550709,S0130-0088-0001,2020550709,BN,1,0.5,0,CU,10,AWG
11054,KSA2020550713,S0130-0088-0001,2020550713,BN,1,0.5,0,CU,10,AWG
11055,KSA2020550716,S0130-0088-0001,2020550716,BN,1,0.5,0,CU,10,AWG
11056,KSA2020550790,S0130-0088-0001,2020550790,BN,1,0.5,0,CU,10,AWG
11057,KSA2020550792,S0130-0088-0001,2020550792,BN,1,0.5,0,CU,10,AWG
11058,KSA2020550801,S0130-0088-0001,2020550801,BN,1,0.5,0,CU,10,AWG
11059,KSA2020550818,S0130-0088-0001,2020550818,BN,1,0.5,0,CU,10,AWG
11060,KSA2020550829,S0130-0088-0001,2020550829,BN,1,0.5,0,CU,10,AWG
11061,KSA2020550834,S0130-0088-0001,2020550834,BN,1,0.5,0,CU,10,AWG
11062,KSA2020550570,S0130-0088-0001,2020550570,BN,1,0.5,0,CU,10,AWG
11063,KSA2020550572,S0130-0088-0001,2020550572,BN,1,0.5,0,CU,10,AWG
11064,KSA2020550576,S0130-0088-0001,2020550576,BN,1,0.5,0,CU,10,AWG
11065,KSA2020550580,S0130-0088-0001,2020550580,BN,1,0.5,0,CU,10,AWG
11066,KSA2020550582,S0130-0088-0001,2020550582,BN,1,0.5,0,CU,10,AWG
11067,KSA2020550601,S0130-0088-0001,2020550601,BN,1,0.5,0,CU,10,AWG
11068,KSA2020550847,S0130-0088-0001,2020550847,BN,1,0.5,0,CU,10,AWG
11069,KSA2020550618,S0130-0088-0001,2020550618,BN,1,0.5,0,CU,10,AWG
11070,KSA2020550634,S0130-0088-0001,2020550634,BN,1,0.5,0,CU,10,AWG
11071,KSA2020550672,S0130-0088-0001,2020550672,BN,1,0.5,0,CU,10,AWG
11072,KSA2020550675,S0130-0088-0001,2020550675,BN,1,0.5,0,CU,10,AWG
11073,KSA2020550685,S0130-0088-0001,2020550685,BN,1,0.5,0,CU,10,AWG
11074,KSA2020550687,S0130-0088-0001,2020550687,BN,1,0.5,0,CU,10,AWG
11075,KSA2020550700,S0130-0088-0001,2020550700,BN,1,0.5,0,CU,10,AWG
11076,KSA2020550702,S0130-0088-0001,2020550702,BN,1,0.5,0,CU,10,AWG
11077,KSA2020550715,S0130-0088-0001,2020550715,BN,1,0.5,0,CU,10,AWG
11078,KSA2020550724,S0130-0088-0001,2020550724,BN,1,0.5,0,CU,10,AWG
11079,KSA2020550751,S0130-0088-0001,2020550751,BN,1,0.5,0,CU,10,AWG
11080,KSA2020550754,S0130-0088-0001,2020550754,BN,1,0.5,0,CU,10,AWG
11081,KSA2020550758,S0130-0088-0001,2020550758,BN,1,0.5,0,CU,10,AWG
11082,KSA2020550769,S0130-0088-0001,2020550769,BN,1,0.5,0,CU,10,AWG
11083,KSA2020550823,S0130-0088-0001,2020550823,BN,1,0.5,0,CU,10,AWG
11084,KSA2020550830,S0130-0088-0001,2020550830,BN,1,0.5,0,CU,10,AWG
11085,KSA2020550669,S0130-0088-0001,2020550669,BN,1,0.5,0,CU,10,AWG
11086,KSA2020550677,S0130-0088-0001,2020550677,BN,1,0.5,0,CU,10,AWG
11087,KSA2020550837,S0130-0088-0001,2020550837,BN,1,0.5,0,CU,10,AWG
11088,KSA2020550843,S0130-0088-0001,2020550843,BN,1,0.5,0,CU,10,AWG
11089,KSA2020550569,S0130-0088-0001,2020550569,BN,1,0.5,0,CU,10,AWG
11090,KSA2020550698,S0130-0088-0001,2020550698,BN,1,0.5,0,CU,10,AWG
11091,KSA2020550703,S0130-0088-0001,2020550703,BN,1,0.5,0,CU,10,AWG
11092,KSA2020550706,S0130-0088-0001,2020550706,BN,1,0.5,0,CU,10,AWG
11093,KSA2020550721,S0130-0088-0001,2020550721,BN,1,0.5,0,CU,10,AWG
11094,KSA2020550728,S0130-0088-0001,2020550728,BN,1,0.5,0,CU,10,AWG
11095,KSA2020550741,S0130-0088-0001,2020550741,BN,1,0.5,0,CU,10,AWG
11096,KSA2020550744,S0130-0088-0001,2020550744,BN,1,0.5,0,CU,10,AWG
11097,KSA2020550748,S0130-0088-0001,2020550748,BN,1,0.5,0,CU,10,AWG
11098,KSA2020550767,S0130-0088-0001,2020550767,BN,1,0.5,0,CU,10,AWG
11099,KSA2020550779,S0130-0088-0001,2020550779,BN,1,0.5,0,CU,10,AWG
11100,KSA2020550789,S0130-0088-0001,2020550789,BN,1,0.5,0,CU,10,AWG
11101,KSA2020550795,S0130-0088-0001,2020550795,BN,1,0.5,0,CU,10,AWG
11102,KSA2020550808,S0130-0088-0001,2020550808,BN,1,0.5,0,CU,10,AWG
11103,KSA2020550812,S0130-0088-0001,2020550812,BN,1,0.5,0,CU,10,AWG
11104,KSA2020550814,S0130-0088-0001,2020550814,BN,1,0.5,0,CU,10,AWG
11105,KSA2020550826,S0130-0088-0001,2020550826,BN,1,0.5,0,CU,10,AWG
11106,KSA2020550602,S0130-0088-0001,2020550602,BN,1,0.5,0,CU,10,AWG
11107,KSA2020550842,S0130-0088-0001,2020550842,BN,1,0.5,0,CU,10,AWG
11108,KSA2020550619,S0130-0088-0001,2020550619,BN,1,0.5,0,CU,10,AWG
11109,KSA2020550638,S0130-0088-0001,2020550638,BN,1,0.5,0,CU,10,AWG
11110,KSA2020550717,S0130-0088-0001,2020550717,BN,1,0.5,0,CU,10,AWG
11111,KSA2020550735,S0130-0088-0001,2020550735,BN,1,0.5,0,CU,10,AWG
11112,KSA2020550774,S0130-0088-0001,2020550774,BN,1,0.5,0,CU,10,AWG
11113,KSA2020550781,S0130-0088-0001,2020550781,BN,1,0.5,0,CU,10,AWG
11114,KSA2020550784,S0130-0088-0001,2020550784,BN,1,0.5,0,CU,10,AWG
11115,KSA2020550788,S0130-0088-0001,2020550788,BN,1,0.5,0,CU,10,AWG
11116,KSA2020550822,S0130-0088-0001,2020550822,BN,1,0.5,0,CU,10,AWG
11117,KSA2020550824,S0130-0088-0001,2020550824,BN,1,0.5,0,CU,10,AWG
11118,KSA2020550030,S0016-0013-0007,2020550030,BN,1,0.5,0,CU,10,AWG
11119,KSA2020550844,S0130-0088-0001,2020550844,BN,1,0.5,0,CU,10,AWG
11120,KSA2020550611,S0130-0088-0001,2020550611,BN,1,0.5,0,CU,10,AWG
11121,KSA2020550620,S0130-0088-0001,2020550620,BN,1,0.5,0,CU,10,AWG
11122,KSA2020550650,S0130-0088-0001,2020550650,BN,1,0.5,0,CU,10,AWG
11123,KSA2020550663,S0130-0088-0001,2020550663,BN,1,0.5,0,CU,10,AWG
11124,KSA2020550699,S0130-0088-0001,2020550699,BN,1,0.5,0,CU,10,AWG
11125,KSA2020550710,S0130-0088-0001,2020550710,BN,1,0.5,0,CU,10,AWG
11126,KSA2020550712,S0130-0088-0001,2020550712,BN,1,0.5,0,CU,10,AWG
11127,KSA2020550771,S0130-0088-0001,2020550771,BN,1,0.5,0,CU,10,AWG
11128,KSA2020550778,S0130-0088-0001,2020550778,BN,1,0.5,0,CU,10,AWG
11129,KSA2020550797,S0130-0088-0001,2020550797,BN,1,0.5,0,CU,10,AWG
11130,KSA2020550832,S0130-0088-0001,2020550832,BN,1,0.5,0,CU,10,AWG
11131,KSA2020550599,S0130-0088-0001,2020550599,BN,1,0.5,0,CU,10,AWG
11132,KSA2020550605,S0130-0088-0001,2020550605,BN,1,0.5,0,CU,10,AWG
11133,KSA2020550607,S0130-0088-0001,2020550607,BN,1,0.5,0,CU,10,AWG
11134,KSA2020550615,S0130-0088-0001,2020550615,BN,1,0.5,0,CU,10,AWG
11135,KSA2020550617,S0130-0088-0001,2020550617,BN,1,0.5,0,CU,10,AWG
11136,KSA2020550628,S0130-0088-0001,2020550628,BN,1,0.5,0,CU,10,AWG
11137,KSA2020550646,S0130-0088-0001,2020550646,BN,1,0.5,0,CU,10,AWG
11138,KSA2020550658,S0130-0088-0001,2020550658,BN,1,0.5,0,CU,10,AWG
11139,KSA2020550684,S0130-0088-0001,2020550684,BN,1,0.5,0,CU,10,AWG
11140,KSA2020550692,S0130-0088-0001,2020550692,BN,1,0.5,0,CU,10,AWG
11141,KSA2020550695,S0130-0088-0001,2020550695,BN,1,0.5,0,CU,10,AWG
11142,KSA2020550736,S0130-0088-0001,2020550736,BN,1,0.5,0,CU,10,AWG
11143,KSA2020550743,S0130-0088-0001,2020550743,BN,1,0.5,0,CU,10,AWG
11144,KSA2020550755,S0130-0088-0001,2020550755,BN,1,0.5,0,CU,10,AWG
11145,KSA2020550805,S0130-0088-0001,2020550805,BN,1,0.5,0,CU,10,AWG
11146,KSA2020550806,S0130-0088-0001,2020550806,BN,1,0.5,0,CU,10,AWG
11147,KSA2020550575,S0130-0088-0001,2020550575,BN,1,0.5,0,CU,10,AWG
11148,KSA2020550578,S0130-0088-0001,2020550578,BN,1,0.5,0,CU,10,AWG
11149,KSA2020550587,S0130-0088-0001,2020550587,BN,1,0.5,0,CU,10,AWG
11150,KSA2020550590,S0130-0088-0001,2020550590,BN,1,0.5,0,CU,10,AWG
11151,KSA2020550592,S0130-0088-0001,2020550592,BN,1,0.5,0,CU,10,AWG
11152,KSA2020550596,S0130-0088-0001,2020550596,BN,1,0.5,0,CU,10,AWG
11153,KSA2020550838,S0130-0088-0001,2020550838,BN,1,0.5,0,CU,10,AWG
11154,KSA2020550240,S0016-0013-0007,2020550240,BN,1,0.5,0,CU,10,AWG
11155,KSA2020550577,S0130-0088-0001,2020550577,BN,1,0.5,0,CU,10,AWG
11156,KSA2020550603,S0130-0088-0001,2020550603,BN,1,0.5,0,CU,10,AWG
11157,KSA2020550697,S0130-0088-0001,2020550697,BN,1,0.5,0,CU,10,AWG
11158,KSA2020550719,S0130-0088-0001,2020550719,BN,1,0.5,0,CU,10,AWG
11159,KSA2020550725,S0130-0088-0001,2020550725,BN,1,0.5,0,CU,10,AWG
11160,KSA2020550733,S0130-0088-0001,2020550733,BN,1,0.5,0,CU,10,AWG
11161,KSA2020550745,S0130-0088-0001,2020550745,BN,1,0.5,0,CU,10,AWG
11162,KSA2020550761,S0130-0088-0001,2020550761,BN,1,0.5,0,CU,10,AWG
11163,KSA2020550764,S0130-0088-0001,2020550764,BN,1,0.5,0,CU,10,AWG
11164,KSA2020550768,S0130-0088-0001,2020550768,BN,1,0.5,0,CU,10,AWG
11165,KSA2020550799,S0130-0088-0001,2020550799,BN,1,0.5,0,CU,10,AWG
11166,KSA2020550811,S0130-0088-0001,2020550811,BN,1,0.5,0,CU,10,AWG
11167,KSA2020550636,S0130-0088-0001,2020550636,BN,1,0.5,0,CU,10,AWG
11168,KSA2020550648,S0130-0088-0001,2020550648,BN,1,0.5,0,CU,10,AWG
11169,KSA2020550674,S0130-0088-0001,2020550674,BN,1,0.5,0,CU,10,AWG
11170,KSA2020550841,S0130-0088-0001,2020550841,BN,1,0.5,0,CU,10,AWG
11171,KSA2020550714,S0130-0088-0001,2020550714,BN,1,0.5,0,CU,10,AWG
11172,KSA2020550718,S0130-0088-0001,2020550718,BN,1,0.5,0,CU,10,AWG
11173,KSA2020550749,S0130-0088-0001,2020550749,BN,1,0.5,0,CU,10,AWG
11174,KSA2020550757,S0130-0088-0001,2020550757,BN,1,0.5,0,CU,10,AWG
11175,KSA2020550785,S0130-0088-0001,2020550785,BN,1,0.5,0,CU,10,AWG
11176,KSA2020550794,S0130-0088-0001,2020550794,BN,1,0.5,0,CU,10,AWG
11177,KSA2020550809,S0130-0088-0001,2020550809,BN,1,0.5,0,CU,10,AWG
11178,KSA2020550821,S0130-0088-0001,2020550821,BN,1,0.5,0,CU,10,AWG
11179,KSA2020550629,S0130-0088-0001,2020550629,BN,1,0.5,0,CU,10,AWG
11180,KSA2020550635,S0130-0088-0001,2020550635,BN,1,0.5,0,CU,10,AWG
11181,KSA2020550659,S0130-0088-0001,2020550659,BN,1,0.5,0,CU,10,AWG
11182,KSA2020550688,S0130-0088-0001,2020550688,BN,1,0.5,0,CU,10,AWG
11183,KSA2020550711,S0130-0088-0001,2020550711,BN,1,0.5,0,CU,10,AWG
11184,KSA2020550600,S0130-0088-0001,2020550600,BN,1,0.5,0,CU,10,AWG
11185,KSA2020550581,S0130-0088-0001,2020550581,BN,1,0.5,0,CU,10,AWG
11186,KSA2020550604,S0130-0088-0001,2020550604,BN,1,0.5,0,CU,10,AWG
11187,KSA2020550637,S0130-0088-0001,2020550637,BN,1,0.5,0,CU,10,AWG
11188,KSA2020550649,S0130-0088-0001,2020550649,BN,1,0.5,0,CU,10,AWG
11189,KSA2020550651,S0130-0088-0001,2020550651,BN,1,0.5,0,CU,10,AWG
11190,KSA2020550678,S0130-0088-0001,2020550678,BN,1,0.5,0,CU,10,AWG
11191,KSA2020550727,S0130-0088-0001,2020550727,BN,1,0.5,0,CU,10,AWG
11192,KSA2020550739,S0130-0088-0001,2020550739,BN,1,0.5,0,CU,10,AWG
11193,KSA2020550747,S0130-0088-0001,2020550747,BN,1,0.5,0,CU,10,AWG
11194,KSA2020550750,S0130-0088-0001,2020550750,BN,1,0.5,0,CU,10,AWG
11195,KSA2020550752,S0130-0088-0001,2020550752,BN,1,0.5,0,CU,10,AWG
11196,KSA2020550775,S0130-0088-0001,2020550775,BN,1,0.5,0,CU,10,AWG
11197,KSA2020550791,S0130-0088-0001,2020550791,BN,1,0.5,0,CU,10,AWG
11198,KSA2020550798,S0130-0088-0001,2020550798,BN,1,0.5,0,CU,10,AWG
11199,KSA2020550800,S0130-0088-0001,2020550800,BN,1,0.5,0,CU,10,AWG
11200,KSA2020550815,S0130-0088-0001,2020550815,BN,1,0.5,0,CU,10,AWG
11201,KSA2020550816,S0130-0088-0001,2020550816,BN,1,0.5,0,CU,10,AWG
11202,KSA2020550585,S0130-0088-0001,2020550585,BN,1,0.5,0,CU,10,AWG
11203,KSA2020550588,S0130-0088-0001,2020550588,BN,1,0.5,0,CU,10,AWG
11204,KSA2020550732,S0130-0088-0001,2020550732,BN,1,0.5,0,CU,10,AWG
11205,KSA2020550746,S0130-0088-0001,2020550746,BN,1,0.5,0,CU,10,AWG
11206,KSA2020550612,S0130-0088-0001,2020550612,BN,1,0.5,0,CU,10,AWG
11207,KSA2020550626,S0130-0088-0001,2020550626,BN,1,0.5,0,CU,10,AWG
11208,KSA2020550631,S0130-0088-0001,2020550631,BN,1,0.5,0,CU,10,AWG
11209,KSA2020550656,S0130-0088-0001,2020550656,BN,1,0.5,0,CU,10,AWG
11210,KSA2020550664,S0130-0088-0001,2020550664,BN,1,0.5,0,CU,10,AWG
11211,KSA2020550670,S0130-0088-0001,2020550670,BN,1,0.5,0,CU,10,AWG
11212,KSA2020550680,S0130-0088-0001,2020550680,BN,1,0.5,0,CU,10,AWG
11213,KSA2020550693,S0130-0088-0001,2020550693,BN,1,0.5,0,CU,10,AWG
11214,KSA2020550701,S0130-0088-0001,2020550701,BN,1,0.5,0,CU,10,AWG
11215,KSA2020550704,S0130-0088-0001,2020550704,BN,1,0.5,0,CU,10,AWG
11216,KSA2020550708,S0130-0088-0001,2020550708,BN,1,0.5,0,CU,10,AWG
11217,KSA2020550723,S0130-0088-0001,2020550723,BN,1,0.5,0,CU,10,AWG
11218,KSA2020550726,S0130-0088-0001,2020550726,BN,1,0.5,0,CU,10,AWG
11219,KSA2020550730,S0130-0088-0001,2020550730,BN,1,0.5,0,CU,10,AWG
11220,KSA2020550848,S0130-0088-0001,2020550848,BN,1,0.5,0,CU,10,AWG
11221,KSA2020550613,S0130-0088-0001,2020550613,BN,1,0.5,0,CU,10,AWG
11222,KSA2020550621,S0130-0088-0001,2020550621,BN,1,0.5,0,CU,10,AWG
11223,KSA2020550639,S0130-0088-0001,2020550639,BN,1,0.5,0,CU,10,AWG
11224,KSA2020550641,S0130-0088-0001,2020550641,BN,1,0.5,0,CU,10,AWG
11225,KSA2020550660,S0130-0088-0001,2020550660,BN,1,0.5,0,CU,10,AWG
11226,KSA2020550720,S0130-0088-0001,2020550720,BN,1,0.5,0,CU,10,AWG
11227,KSA2020550722,S0130-0088-0001,2020550722,BN,1,0.5,0,CU,10,AWG
11228,KSA2020550737,S0130-0088-0001,2020550737,BN,1,0.5,0,CU,10,AWG
11229,KSA2020550740,S0130-0088-0001,2020550740,BN,1,0.5,0,CU,10,AWG
11230,KSA2020550742,S0130-0088-0001,2020550742,BN,1,0.5,0,CU,10,AWG
11231,KSA2020550753,S0130-0088-0001,2020550753,BN,1,0.5,0,CU,10,AWG
11232,KSA2020550756,S0130-0088-0001,2020550756,BN,1,0.5,0,CU,10,AWG
11233,KSA2020550803,S0130-0088-0001,2020550803,BN,1,0.5,0,CU,10,AWG
11234,KSA2020550807,S0130-0088-0001,2020550807,BN,1,0.5,0,CU,10,AWG
11235,KSA2020550828,S0130-0088-0001,2020550828,BN,1,0.5,0,CU,10,AWG
11236,KSA2020550831,S0130-0088-0001,2020550831,BN,1,0.5,0,CU,10,AWG
11237,KSA2020550571,S0130-0088-0001,2020550571,BN,1,0.5,0,CU,10,AWG
11238,KSA2020550075,S0016-0013-0007,2020550075,BN,1,0.5,0,CU,10,AWG
11239,KSA2020550627,S0130-0088-0001,2020550627,BN,1,0.5,0,CU,10,AWG
11240,KSA2020550632,S0130-0088-0001,2020550632,BN,1,0.5,0,CU,10,AWG
11241,KSA2020550645,S0130-0088-0001,2020550645,BN,1,0.5,0,CU,10,AWG
11242,KSA2020550647,S0130-0088-0001,2020550647,BN,1,0.5,0,CU,10,AWG
11243,KSA2020550668,S0130-0088-0001,2020550668,BN,1,0.5,0,CU,10,AWG
11244,KSA2020550676,S0130-0088-0001,2020550676,BN,1,0.5,0,CU,10,AWG
11245,KSA2020550686,S0130-0088-0001,2020550686,BN,1,0.5,0,CU,10,AWG
11246,KSA2020550694,S0130-0088-0001,2020550694,BN,1,0.5,0,CU,10,AWG
11247,KSA2020550729,S0130-0088-0001,2020550729,BN,1,0.5,0,CU,10,AWG
11248,KSA2020550765,S0130-0088-0001,2020550765,BN,1,0.5,0,CU,10,AWG
11249,KSA2020550773,S0130-0088-0001,2020550773,BN,1,0.5,0,CU,10,AWG
11250,KSA2020550776,S0130-0088-0001,2020550776,BN,1,0.5,0,CU,10,AWG
11251,KSA2020550783,S0130-0088-0001,2020550783,BN,1,0.5,0,CU,10,AWG
11252,KSA2020550804,S0130-0088-0001,2020550804,BN,1,0.5,0,CU,10,AWG
11253,KSA2020550813,S0130-0088-0001,2020550813,BN,1,0.5,0,CU,10,AWG
11254,KSA2020550817,S0130-0088-0001,2020550817,BN,1,0.5,0,CU,10,AWG
11255,KSA2020550573,S0130-0088-0001,2020550573,BN,1,0.5,0,CU,10,AWG
11256,KSA2020550597,S0130-0088-0001,2020550597,BN,1,0.5,0,CU,10,AWG
11257,KSA2020550249,S0016-0013-0007,2020550249,BN,1,0.5,0,CU,10,AWG
11258,KSA2020550666,S0130-0088-0001,2020550666,BN,1,0.5,0,CU,10,AWG
11259,KSA2020550671,S0130-0088-0001,2020550671,BN,1,0.5,0,CU,10,AWG
11260,KSA2020550759,S0130-0088-0001,2020550759,BN,1,0.5,0,CU,10,AWG
11261,KSA2020550770,S0130-0088-0001,2020550770,BN,1,0.5,0,CU,10,AWG
11262,KSA2020550772,S0130-0088-0001,2020550772,BN,1,0.5,0,CU,10,AWG
11263,KSA2020550786,S0130-0088-0001,2020550786,BN,1,0.5,0,CU,10,AWG
11264,KSA2020550802,S0130-0088-0001,2020550802,BN,1,0.5,0,CU,10,AWG
11265,KSA2020550810,S0130-0088-0001,2020550810,BN,1,0.5,0,CU,10,AWG
11266,KSA2020550574,S0130-0088-0001,2020550574,BN,1,0.5,0,CU,10,AWG
11267,KSA2020550583,S0130-0088-0001,2020550583,BN,1,0.5,0,CU,10,AWG
11268,KSA2020550584,S0130-0088-0001,2020550584,BN,1,0.5,0,CU,10,AWG
11269,KSA2020550595,S0130-0088-0001,2020550595,BN,1,0.5,0,CU,10,AWG
11270,KSA2020550598,S0130-0088-0001,2020550598,BN,1,0.5,0,CU,10,AWG
11271,KSA2020550614,S0130-0088-0001,2020550614,BN,1,0.5,0,CU,10,AWG
11272,KSA2020550622,S0130-0088-0001,2020550622,BN,1,0.5,0,CU,10,AWG
11273,KSA2020550625,S0130-0088-0001,2020550625,BN,1,0.5,0,CU,10,AWG
11274,KSA2020550633,S0130-0088-0001,2020550633,BN,1,0.5,0,CU,10,AWG
11275,KSA2020550642,S0130-0088-0001,2020550642,BN,1,0.5,0,CU,10,AWG
11276,KSA2020550655,S0130-0088-0001,2020550655,BN,1,0.5,0,CU,10,AWG
11277,KSA2020550657,S0130-0088-0001,2020550657,BN,1,0.5,0,CU,10,AWG
11278,KSA2020550653,S0130-0088-0001,2020550653,BN,1,0.5,0,CU,10,AWG
11279,KSA2020550661,S0130-0088-0001,2020550661,BN,1,0.5,0,CU,10,AWG
11280,KSA2020550689,S0130-0088-0001,2020550689,BN,1,0.5,0,CU,10,AWG
11281,KSA2020550731,S0130-0088-0001,2020550731,BN,1,0.5,0,CU,10,AWG
11282,KSA2020550734,S0130-0088-0001,2020550734,BN,1,0.5,0,CU,10,AWG
11283,KSA2020550760,S0130-0088-0001,2020550760,BN,1,0.5,0,CU,10,AWG
11284,KSA2020550762,S0130-0088-0001,2020550762,BN,1,0.5,0,CU,10,AWG
11285,KSA2020550787,S0130-0088-0001,2020550787,BN,1,0.5,0,CU,10,AWG
11286,KSA2020550579,S0130-0088-0001,2020550579,BN,1,0.5,0,CU,10,AWG
11287,KSA2020550589,S0130-0088-0001,2020550589,BN,1,0.5,0,CU,10,AWG
11288,KSA2020550591,S0130-0088-0001,2020550591,BN,1,0.5,0,CU,10,AWG
11289,KSA2020550606,S0130-0088-0001,2020550606,BN,1,0.5,0,CU,10,AWG
11290,KSA2020550845,S0130-0088-0001,2020550845,BN,1,0.5,0,CU,10,AWG
11291,KSA2020550846,S0130-0088-0001,2020550846,BN,1,0.5,0,CU,10,AWG
11292,KSA2020550825,S0130-0088-0001,2020550825,BN,1,0.5,0,CU,10,AWG
11293,KSA2020550833,S0130-0088-0001,2020550833,BN,1,0.5,0,CU,10,AWG
11294,KSA2020550608,S0130-0088-0001,2020550608,BN,1,0.5,0,CU,10,AWG
11295,KSA2020550610,S0130-0088-0001,2020550610,BN,1,0.5,0,CU,10,AWG
11296,KSA2020550623,S0130-0088-0001,2020550623,BN,1,0.5,0,CU,10,AWG
11297,KSA2020550643,S0130-0088-0001,2020550643,BN,1,0.5,0,CU,10,AWG
11298,KSA2020550652,S0130-0088-0001,2020550652,BN,1,0.5,0,CU,10,AWG
11299,KSA2020550679,S0130-0088-0001,2020550679,BN,1,0.5,0,CU,10,AWG
11300,KSA2020550681,S0130-0088-0001,2020550681,BN,1,0.5,0,CU,10,AWG
11301,KSA2020550690,S0130-0088-0001,2020550690,BN,1,0.5,0,CU,10,AWG
11302,KSA2020550705,S0130-0088-0001,2020550705,BN,1,0.5,0,CU,10,AWG
11303,KSA2020550836,S0130-0088-0001,2020550836,BN,1,0.5,0,CU,10,AWG
11304,KSA2020550738,S0130-0088-0001,2020550738,BN,1,0.5,0,CU,10,AWG
11305,KSA2020550763,S0130-0088-0001,2020550763,BN,1,0.5,0,CU,10,AWG
11306,KSA2020550766,S0130-0088-0001,2020550766,BN,1,0.5,0,CU,10,AWG
11307,KSA2020550777,S0130-0088-0001,2020550777,BN,1,0.5,0,CU,10,AWG
11308,KSA2020550780,S0130-0088-0001,2020550780,BN,1,0.5,0,CU,10,AWG
11309,KSA2020550782,S0130-0088-0001,2020550782,BN,1,0.5,0,CU,10,AWG
11310,KSA2020550819,S0130-0088-0001,2020550819,BN,1,0.5,0,CU,10,AWG
11311,KSA2020550835,S0130-0088-0001,2020550835,BN,1,0.5,0,CU,10,AWG
11312,KSA2020560130,S0130-0088-0001,2020560130,BN,1,0.5,0,CU,10,AWG
11313,KSA2020560133,S0130-0088-0001,2020560133,BN,1,0.5,0,CU,10,AWG
11314,KSA2020560132,S0130-0088-0001,2020560132,BN,1,0.5,0,CU,10,AWG
11315,KSA2020560129,S0130-0088-0001,2020560129,BN,1,0.5,0,CU,10,AWG
11316,KSA2020570106,S0130-0088-0001,2020570106,BN,1,0.5,0,CU,10,AWG
11317,KSA2020570133,S0130-0088-0001,2020570133,BN,1,0.5,0,CU,10,AWG
11318,KSA2020570155,S0130-0088-0001,2020570155,BN,1,0.5,0,CU,10,AWG
11319,KSA2020570001,S0130-0088-0001,2020570001,BN,1,0.5,0,CU,10,AWG
11320,KSA2020570085,S0130-0088-0001,2020570085,BN,1,0.5,0,CU,10,AWG
11321,KSA2020570123,S0130-0088-0001,2020570123,BN,1,0.5,0,CU,10,AWG
11322,KSA2020570124,S0130-0088-0001,2020570124,BN,1,0.5,0,CU,10,AWG
11323,KSA2020570130,S0130-0088-0001,2020570130,BN,1,0.5,0,CU,10,AWG
11324,KSA2020570143,S0130-0088-0001,2020570143,BN,1,0.5,0,CU,10,AWG
11325,KSA2020570154,S0130-0088-0001,2020570154,BN,1,0.5,0,CU,10,AWG
11326,KSA2020570016,S0130-0088-0001,2020570016,BN,1,0.5,0,CU,10,AWG
11327,KSA2020570069,S0130-0088-0001,2020570069,BN,1,0.5,0,CU,10,AWG
11328,KSA2020570134,S0130-0088-0001,2020570134,BN,1,0.5,0,CU,10,AWG
11329,KSA2020570145,S0130-0088-0001,2020570145,BN,1,0.5,0,CU,10,AWG
11330,KSA2020570161,S0130-0088-0001,2020570161,BN,1,0.5,0,CU,10,AWG
11331,KSA2020570162,S0130-0088-0001,2020570162,BN,1,0.5,0,CU,10,AWG
11332,KSA2020570168,S0130-0088-0001,2020570168,BN,1,0.5,0,CU,10,AWG
11333,KSA2020570047,S0130-0088-0001,2020570047,BN,1,0.5,0,CU,10,AWG
11334,KSA2020570053,S0130-0088-0001,2020570053,BN,1,0.5,0,CU,10,AWG
11335,KSA2020570070,S0130-0088-0001,2020570070,BN,1,0.5,0,CU,10,AWG
11336,KSA2020570081,S0130-0088-0001,2020570081,BN,1,0.5,0,CU,10,AWG
11337,KSA2020570096,S0130-0088-0001,2020570096,BN,1,0.5,0,CU,10,AWG
11338,KSA2020570135,S0130-0088-0001,2020570135,BN,1,0.5,0,CU,10,AWG
11339,KSA2020570166,S0130-0088-0001,2020570166,BN,1,0.5,0,CU,10,AWG
11340,KSA2020570169,S0130-0088-0001,2020570169,BN,1,0.5,0,CU,10,AWG
11341,KSA2020570171,S0130-0088-0001,2020570171,BN,1,0.5,0,CU,10,AWG
11342,KSA2020570150,S0130-0088-0001,2020570150,BN,1,0.5,0,CU,10,AWG
11343,KSA2020570077,S0130-0088-0001,2020570077,BN,1,0.5,0,CU,10,AWG
11344,KSA2020570107,S0130-0088-0001,2020570107,BN,1,0.5,0,CU,10,AWG
11345,KSA2020570140,S0130-0088-0001,2020570140,BN,1,0.5,0,CU,10,AWG
11346,KSA2020570153,S0130-0088-0001,2020570153,BN,1,0.5,0,CU,10,AWG
11347,KSA2020570056,S0130-0088-0001,2020570056,BN,1,0.5,0,CU,10,AWG
11348,KSA2020570117,S0130-0088-0001,2020570117,BN,1,0.5,0,CU,10,AWG
11349,KSA2020570165,S0130-0088-0001,2020570165,BN,1,0.5,0,CU,10,AWG
11350,KSA2020570173,S0130-0088-0001,2020570173,BN,1,0.5,0,CU,10,AWG
11351,KSA2020570174,S0130-0088-0001,2020570174,BN,1,0.5,0,CU,10,AWG
11352,KSA2020570090,S0130-0088-0001,2020570090,BN,1,0.5,0,CU,10,AWG
11353,KSA2020570175,S0130-0088-0001,2020570175,BN,1,0.5,0,CU,10,AWG
11354,KSA2020570086,S0130-0088-0001,2020570086,BN,1,0.5,0,CU,10,AWG
11355,KSA2020570128,S0130-0088-0001,2020570128,BN,1,0.5,0,CU,10,AWG
11356,KSA2020570129,S0130-0088-0001,2020570129,BN,1,0.5,0,CU,10,AWG
11357,KSA2020570137,S0130-0088-0001,2020570137,BN,1,0.5,0,CU,10,AWG
11358,KSA2020570141,S0130-0088-0001,2020570141,BN,1,0.5,0,CU,10,AWG
11359,KSA2020570148,S0130-0088-0001,2020570148,BN,1,0.5,0,CU,10,AWG
11360,KSA2020570156,S0130-0088-0001,2020570156,BN,1,0.5,0,CU,10,AWG
11361,KSA2020570159,S0130-0088-0001,2020570159,BN,1,0.5,0,CU,10,AWG
11362,KSA2020570097,S0130-0088-0001,2020570097,BN,1,0.5,0,CU,10,AWG
11363,KSA2020570131,S0130-0088-0001,2020570131,BN,1,0.5,0,CU,10,AWG
11364,KSA2020570138,S0130-0088-0001,2020570138,BN,1,0.5,0,CU,10,AWG
11365,KSA2020570142,S0130-0088-0001,2020570142,BN,1,0.5,0,CU,10,AWG
11366,KSA2020570146,S0130-0088-0001,2020570146,BN,1,0.5,0,CU,10,AWG
11367,KSA2020570149,S0130-0088-0001,2020570149,BN,1,0.5,0,CU,10,AWG
11368,KSA2020570160,S0130-0088-0001,2020570160,BN,1,0.5,0,CU,10,AWG
11369,KSA2020570054,S0130-0088-0001,2020570054,BN,1,0.5,0,CU,10,AWG
11370,KSA2020570164,S0130-0088-0001,2020570164,BN,1,0.5,0,CU,10,AWG
11371,KSA2020570170,S0130-0088-0001,2020570170,BN,1,0.5,0,CU,10,AWG
11372,KSA2020570015,S0130-0088-0001,2020570015,BN,1,0.5,0,CU,10,AWG
11373,KSA2020570038,S0130-0088-0001,2020570038,BN,1,0.5,0,CU,10,AWG
11374,KSA2020570105,S0130-0088-0001,2020570105,BN,1,0.5,0,CU,10,AWG
11375,KSA2020570132,S0130-0088-0001,2020570132,BN,1,0.5,0,CU,10,AWG
11376,KSA2020570136,S0130-0088-0001,2020570136,BN,1,0.5,0,CU,10,AWG
11377,KSA2020570139,S0130-0088-0001,2020570139,BN,1,0.5,0,CU,10,AWG
11378,KSA2020570066,S0130-0088-0001,2020570066,BN,1,0.5,0,CU,10,AWG
11379,KSA2020570115,S0130-0088-0001,2020570115,BN,1,0.5,0,CU,10,AWG
11380,KSA2020570127,S0130-0088-0001,2020570127,BN,1,0.5,0,CU,10,AWG
11381,KSA2020570147,S0130-0088-0001,2020570147,BN,1,0.5,0,CU,10,AWG
11382,KSA2020570151,S0130-0088-0001,2020570151,BN,1,0.5,0,CU,10,AWG
11383,KSA2020570152,S0130-0088-0001,2020570152,BN,1,0.5,0,CU,10,AWG
11384,KSA2020570158,S0130-0088-0001,2020570158,BN,1,0.5,0,CU,10,AWG
11385,KSA2020570050,S0130-0088-0001,2020570050,BN,1,0.5,0,CU,10,AWG
11386,KSA2020570114,S0130-0088-0001,2020570114,BN,1,0.5,0,CU,10,AWG
11387,KSA2020570157,S0130-0088-0001,2020570157,BN,1,0.5,0,CU,10,AWG
11388,KSA2020570037,S0130-0088-0001,2020570037,BN,1,0.5,0,CU,10,AWG
11389,KSA2020570078,S0130-0088-0001,2020570078,BN,1,0.5,0,CU,10,AWG
11390,KSA2020570178,S0130-0088-0001,2020570178,BN,1,0.5,0,CU,10,AWG
11391,KSA2020570179,S0130-0088-0001,2020570179,BN,1,0.5,0,CU,10,AWG
11392,KSA2020570176,S0130-0088-0001,2020570176,BN,1,0.5,0,CU,10,AWG
11393,KSA2020720645,S108-24-01-0001,2020720645,BN,1,0.5,0,CU,10,AWG
11394,KSA3030120483,S0034-0018-0011,3030120483,BN,1,0.5,0,CU,10,AWG
11395,KSA3030120440,S0034-0018-0001,3030120440,BN,1,0.5,0,CU,10,AWG
11396,KSA3030120482,S0034-0018-0011,3030120482,BN,1,0.5,0,CU,10,AWG
11397,KSA3030340217,S000025-000003B,3030340217,AN,1,0.5,0,CU,10,AWG
11398,KSA3030340215,S000025-000003B,3030340215,AN,1,0.5,0,CU,10,AWG
11399,KSA3030340216,S000025-000003B,3030340216,AN,1,0.5,0,CU,10,AWG
11400,KSA3030340218,S000025-000003B,3030340218,AN,1,0.5,0,CU,10,AWG
11401,KSA5050012251,S0001-0017-0002,5050012251,CN,1,0.5,0,CU,10,AWG
11402,KSA5050012250,S0001-0017-0002,5050012250,CN,1,0.5,0,CU,10,AWG
11403,KSA5050012244,S0001-0017-0002,5050012244,CN,1,0.5,0,CU,10,AWG
11404,KSA5050012247,S0001-0017-0002,5050012247,CN,1,0.5,0,CU,10,AWG
11405,KSA5050012245,S0001-0017-0002,5050012245,CN,1,0.5,0,CU,10,AWG
11406,KSA5050031457,S001-19-38-0005,5050031457,CN,1,0.5,0,CU,10,AWG
11407,KSA5050031460,S001-19-38-0005,5050031460,CN,1,0.5,0,CU,10,AWG
11408,KSA5050031454,S001-19-38-0005,5050031454,CN,1,0.5,0,CU,10,AWG
11409,KSA5050031455,S001-19-38-0005,5050031455,CN,1,0.5,0,CU,10,AWG
11410,KSA5050031459,S001-19-38-0005,5050031459,CN,1,0.5,0,CU,10,AWG
11411,KSA5050031458,S001-19-38-0005,5050031458,CN,1,0.5,0,CU,10,AWG
11412,KSA5050041752,S0016-0013-001A,5050041752,BN,1,0.5,0,CU,10,AWG
11413,KSA5050040167,S000009-000008c,5050040167,AN,1,0.5,0,CU,10,AWG
11414,KSA5050041751,S0016-0013-001A,5050041751,BN,1,0.5,0,CU,10,AWG
11415,KSA5050040991,S000038-000006a,5050040991,AN,1,0.5,0,CU,10,AWG
11416,KSA5050060100,S0016-0013-001A,5050060100,BN,1,0.5,0,CU,10,AWG
11417,KSA5050060291,S0016-0013-0026,5050060291,BN,1,0.5,0,CU,10,AWG
11418,KSA5050070105,S0016-0013-0026,5050070105,BN,1,0.5,0,CU,10,AWG
11419,KSA5050080174,S0016-0013-0026,5050080174,BN,1,0.5,0,CU,10,AWG
11420,KSA5050080173,S0016-0013-0026,5050080173,BN,1,0.5,0,CU,10,AWG
11421,KSA5050080172,S0016-0013-0026,5050080172,BN,1,0.5,0,CU,10,AWG
11422,KSA2020012368,S0108-004b-0002,2020012368,AN,1,0.5,0,CU,10,AWG
11423,KSA2020012348,S0108-0004-0003,2020012348,CN,1,0.5,0,CU,10,AWG
11424,KSA2020012366,S0108-004b-0002,2020012366,AN,1,0.5,0,CU,10,AWG
11425,KSA2020012367,S0108-004b-0002,2020012367,AN,1,0.5,0,CU,10,AWG
11426,KSA2020012365,S0108-004b-0002,2020012365,AN,1,0.5,0,CU,10,AWG
11427,KSA2020010855,S0108-0004-0004,2020010855,CN,1,0.5,0,CU,10,AWG
11428,KSA2020010225,S000100-0000006,2020010225,AN,1,0.5,0,CU,10,AWG
11429,KSA2020020885,S0106-0002-003B,2020020885,BN,1,0.5,0,CU,10,AWG
11430,KSA2020021692,S0106-0002-0002,2020021692,BN,1,0.5,0,CU,10,AWG
11431,KSA2020021691,S0106-0002-0002,2020021691,BN,1,0.5,0,CU,10,AWG
11432,KSA2020032022,S0122-0004-003A,2020032022,BN,1,0.5,0,CU,10,AWG
11433,KSA2020032021,S0122-0004-003A,2020032021,BN,1,0.5,0,CU,10,AWG
11434,KSA2020030360,S0122-0004-0003,2020030360,BN,1,0.5,0,CU,10,AWG
11435,KSA2020041674,S000119-0000002,2020041674,AN,1,0.5,0,CU,10,AWG
11436,KSA2020041676,S000119-0000002,2020041676,AN,1,0.5,0,CU,10,AWG
11437,KSA2020041677,S000119-0000002,2020041677,AN,1,0.5,0,CU,10,AWG
11438,KSA2020050487,S000115-0000005,2020050487,CN,1,0.5,0,CU,10,AWG
11439,KSA2020050940,S0126-0006-001A,2020050940,AN,1,0.5,0,CU,10,AWG
11440,KSA2020050355,S0126-0006-003C,2020050355,AN,1,0.5,0,CU,10,AWG
11441,KSA2020051979,S0126-0006-003B,2020051979,AN,1,0.5,0,CU,10,AWG
11442,KSA2020051978,S0126-0006-003B,2020051978,AN,1,0.5,0,CU,10,AWG
11443,KSA2020051977,S0126-0006-003B,2020051977,AN,1,0.5,0,CU,10,AWG
11444,KSA2020062102,S0126-0010-0002,2020062102,AN,1,0.5,0,CU,10,AWG
11445,KSA2020071519,S0132-003H-0001,2020071519,CN,1,0.5,0,CU,10,AWG
11446,KSA2020071511,S0132-003H-0001,2020071511,CN,1,0.5,0,CU,10,AWG
11447,KSA2020071512,S0132-003H-0001,2020071512,CN,1,0.5,0,CU,10,AWG
11448,KSA2020071518,S0132-003H-0001,2020071518,CN,1,0.5,0,CU,10,AWG
11449,KSA2020071517,S0132-003H-0001,2020071517,CN,1,0.5,0,CU,10,AWG
11450,KSA2020071516,S0132-003H-0001,2020071516,CN,1,0.5,0,CU,10,AWG
11451,KSA2020071510,S0132-003H-0001,2020071510,CN,1,0.5,0,CU,10,AWG
11452,KSA2020071513,S0132-003H-0001,2020071513,CN,1,0.5,0,CU,10,AWG
11453,KSA2020071515,S0132-003H-0001,2020071515,CN,1,0.5,0,CU,10,AWG
11454,KSA2020071514,S0132-003H-0001,2020071514,CN,1,0.5,0,CU,10,AWG
11455,KSA2020081408,S0132-0014-0005,2020081408,CN,1,0.5,0,CU,10,AWG
11456,KSA2020091618,S0132-0009-007a,2020091618,CN,1,0.5,0,CU,10,AWG
11457,KSA2020091345,S0132-0014-002a,2020091345,CN,1,0.5,0,CU,10,AWG
11458,KSA2020091614,S0132-0009-007a,2020091614,CN,1,0.5,0,CU,10,AWG
11459,KSA2020091152,S0132-0014-0005,2020091152,CN,1,0.5,0,CU,10,AWG
11460,KSA2020091615,S0132-0009-007a,2020091615,CN,1,0.5,0,CU,10,AWG
11461,KSA2020091616,S0132-0009-007a,2020091616,CN,1,0.5,0,CU,10,AWG
11462,KSA2020101092,S0108-012b-003d,2020101092,AN,1,0.5,0,CU,10,AWG
11463,KSA2020110500,S0108-0010-0006,2020110500,CN,1,0.5,0,CU,10,AWG
11464,KSA2020111158,S0108-012f-003C,2020111158,AN,1,0.5,0,CU,10,AWG
11465,KSA2020121742,S0108-020C-0005,2020121742,BN,1,0.5,0,CU,10,AWG
11466,KSA2020121749,S0108-020C-0005,2020121749,BN,1,0.5,0,CU,10,AWG
11467,KSA2020121753,S0108-020C-0005,2020121753,BN,1,0.5,0,CU,10,AWG
11468,KSA2020121743,S0108-020C-0005,2020121743,BN,1,0.5,0,CU,10,AWG
11469,KSA2020121754,S0108-020C-0005,2020121754,BN,1,0.5,0,CU,10,AWG
11470,KSA2020120041,S0108-012f-0006,2020120041,AN,1,0.5,0,CU,10,AWG
11471,KSA2020121624,S0108-0020-0007,2020121624,BN,1,0.5,0,CU,10,AWG
11472,KSA2020121744,S0108-020C-0005,2020121744,BN,1,0.5,0,CU,10,AWG
11473,KSA2020120101,S0108-012f-0010,2020120101,AN,1,0.5,0,CU,10,AWG
11474,KSA2020121751,S0108-020C-0005,2020121751,BN,1,0.5,0,CU,10,AWG
11475,KSA2020121741,S0108-020C-0005,2020121741,BN,1,0.5,0,CU,10,AWG
11476,KSA2020121748,S0108-020C-0005,2020121748,BN,1,0.5,0,CU,10,AWG
11477,KSA2020121750,S0108-020C-0005,2020121750,BN,1,0.5,0,CU,10,AWG
11478,KSA2020121756,S0108-020C-0005,2020121756,BN,1,0.5,0,CU,10,AWG
11479,KSA2020121746,S0108-020C-0005,2020121746,BN,1,0.5,0,CU,10,AWG
11480,KSA2020121745,S0108-020C-0005,2020121745,BN,1,0.5,0,CU,10,AWG
11481,KSA2020121747,S0108-020C-0005,2020121747,BN,1,0.5,0,CU,10,AWG
11482,KSA2020140425,S000090-0000001,2020140425,BN,1,0.5,0,CU,10,AWG
11483,KSA2020141963,S000073-0000004,2020141963,BN,1,0.5,0,CU,10,AWG
11484,KSA2020140046,S000090-0000010,2020140046,BN,1,0.5,0,CU,10,AWG
11485,KSA2020141964,S000073-0000004,2020141964,BN,1,0.5,0,CU,10,AWG
11486,KSA2020140295,S000090-0000007,2020140295,BN,1,0.5,0,CU,10,AWG
11487,KSA2020140340,S000090-0000006,2020140340,BN,1,0.5,0,CU,10,AWG
11488,KSA2020141572,S000045-0000002,2020141572,AN,1,0.5,0,CU,10,AWG
11489,KSA2020140280,S000090-0000008,2020140280,BN,1,0.5,0,CU,10,AWG
11490,KSA2020151231,S0100-0006-0002,2020151231,CN,1,0.5,0,CU,10,AWG
11491,KSA2020151234,S0100-0006-0002,2020151234,CN,1,0.5,0,CU,10,AWG
11492,KSA2020150841,S0100-0028-0011,2020150841,CN,1,0.5,0,CU,10,AWG
11493,KSA2020151230,S0100-0006-0002,2020151230,CN,1,0.5,0,CU,10,AWG
11494,KSA2020151232,S0100-0006-0002,2020151232,CN,1,0.5,0,CU,10,AWG
11495,KSA2020151235,S0100-0006-0002,2020151235,CN,1,0.5,0,CU,10,AWG
11496,KSA2020151233,S0100-0006-0002,2020151233,CN,1,0.5,0,CU,10,AWG
11497,KSA2020161596,S0100-0079-0007,2020161596,CN,1,0.5,0,CU,10,AWG
11498,KSA2020161599,S0100-0079-0007,2020161599,CN,1,0.5,0,CU,10,AWG
11499,KSA2020161595,S0100-0079-0007,2020161595,CN,1,0.5,0,CU,10,AWG
11500,KSA2020161604,S0100-0079-0007,2020161604,CN,1,0.5,0,CU,10,AWG
11501,KSA2020161597,S0100-0079-0007,2020161597,CN,1,0.5,0,CU,10,AWG
11502,KSA2020161602,S0100-0079-0007,2020161602,CN,1,0.5,0,CU,10,AWG
11503,KSA2020161601,S0100-0079-0007,2020161601,CN,1,0.5,0,CU,10,AWG
11504,KSA2020161598,S0100-0079-0007,2020161598,CN,1,0.5,0,CU,10,AWG
11505,KSA2020161600,S0100-0079-0007,2020161600,CN,1,0.5,0,CU,10,AWG
11506,KSA2020170416,S0130-0031-0008,2020170416,BN,1,0.5,0,CU,10,AWG
11507,KSA2020171595,S0130-0031-0004,2020171595,BN,1,0.5,0,CU,10,AWG
11508,KSA2020171600,S0130-0031-0004,2020171600,BN,1,0.5,0,CU,10,AWG
11509,KSA2020171598,S0130-0031-0004,2020171598,BN,1,0.5,0,CU,10,AWG
11510,KSA2020171596,S0130-0031-0004,2020171596,BN,1,0.5,0,CU,10,AWG
11511,KSA2020170257,S0130-0016-0019,2020170257,AN,1,0.5,0,CU,10,AWG
11512,KSA2020171597,S0130-0031-0004,2020171597,BN,1,0.5,0,CU,10,AWG
11513,KSA2020171599,S0130-0031-0004,2020171599,BN,1,0.5,0,CU,10,AWG
11514,KSA2020170473,S0130-0031-0010,2020170473,BN,1,0.5,0,CU,10,AWG
11515,KSA2020180719,S0130-0063-0009,2020180719,BN,1,0.5,0,CU,10,AWG
11516,KSA2020180718,S0130-0063-0009,2020180718,BN,1,0.5,0,CU,10,AWG
11517,KSA2020191121,S0100-072Y-0001,2020191121,CN,1,0.5,0,CU,10,AWG
11518,KSA2020190870,S0100-072Y-0015,2020190870,CN,1,0.5,0,CU,10,AWG
11519,KSA2020200555,S000054-000005k,2020200555,AN,1,0.5,0,CU,10,AWG
11520,KSA2020201177,S0130-0088-004n,2020201177,BN,1,0.5,0,CU,10,AWG
11521,KSA2020201184,S0130-0088-004n,2020201184,BN,1,0.5,0,CU,10,AWG
11522,KSA2020201182,S0130-0088-004n,2020201182,BN,1,0.5,0,CU,10,AWG
11523,KSA2020201183,S0130-0088-004n,2020201183,BN,1,0.5,0,CU,10,AWG
11524,KSA2020201179,S0130-0088-004n,2020201179,BN,1,0.5,0,CU,10,AWG
11525,KSA2020201176,S0130-0088-004n,2020201176,BN,1,0.5,0,CU,10,AWG
11526,KSA2020201000,S0130-0088-004n,2020201000,BN,1,0.5,0,CU,10,AWG
11527,KSA2020200220,S000054-000005e,2020200220,AN,1,0.5,0,CU,10,AWG
11528,KSA2020201178,S0130-0088-004n,2020201178,BN,1,0.5,0,CU,10,AWG
11529,KSA2020201181,S0130-0088-004n,2020201181,BN,1,0.5,0,CU,10,AWG
11530,KSA2020210170,S0130-0088-004n,2020210170,BN,1,0.5,0,CU,10,AWG
11531,KSA2020210357,S0130-0088-004n,2020210357,BN,1,0.5,0,CU,10,AWG
11532,KSA2020210364,S0130-0088-004n,2020210364,BN,1,0.5,0,CU,10,AWG
11533,KSA2020241681,S0130-0088-0007,2020241681,BN,1,0.5,0,CU,10,AWG
11534,KSA2020240840,S0130-0088-0005,2020240840,BN,1,0.5,0,CU,10,AWG
11535,KSA2020250371,S0054-0020-012A,2020250371,BN,1,0.5,0,CU,10,AWG
11536,KSA2020250372,S0054-0020-012A,2020250372,BN,1,0.5,0,CU,10,AWG
11537,KSA2020270476,S0130-0098-0017,2020270476,BN,1,0.5,0,CU,10,AWG
11538,KSA2020270475,S0130-0098-0017,2020270475,BN,1,0.5,0,CU,10,AWG
11539,KSA2020270477,S0130-0098-0017,2020270477,BN,1,0.5,0,CU,10,AWG
11540,KSA2020270478,S0130-0098-0017,2020270478,BN,1,0.5,0,CU,10,AWG
11541,KSA2020290135,S0130-0098-0017,2020290135,BN,1,0.5,0,CU,10,AWG
11542,KSA2020300259,S100-71-03-0002,2020300259,CN,1,0.5,0,CU,10,AWG
11543,KSA2020310574,S130-31-04-004b,2020310574,AN,1,0.5,0,CU,10,AWG
11544,KSA2020310575,S130-31-04-004b,2020310575,AN,1,0.5,0,CU,10,AWG
11545,KSA2020340730,S0044-0029-0015,2020340730,AN,1,0.5,0,CU,10,AWG
11546,KSA2020340728,S0044-0029-0015,2020340728,AN,1,0.5,0,CU,10,AWG
11547,KSA2020340733,S0044-0029-0015,2020340733,AN,1,0.5,0,CU,10,AWG
11548,KSA2020340732,S0044-0029-0015,2020340732,AN,1,0.5,0,CU,10,AWG
11549,KSA2020340731,S0044-0029-0015,2020340731,AN,1,0.5,0,CU,10,AWG
11550,KSA2020390260,S130-88-18-0022,2020390260,BN,1,0.5,0,CU,10,AWG
11551,KSA2020400573,S130-53-20F-004,2020400573,CN,1,0.5,0,CU,10,AWG
11552,KSA2020410699,S100-13ag6-0016,2020410699,CN,1,0.5,0,CU,10,AWG
11553,KSA2020410697,S100-13ag6-0016,2020410697,CN,1,0.5,0,CU,10,AWG
11554,KSA2020410700,S100-13ag6-0016,2020410700,CN,1,0.5,0,CU,10,AWG
11555,KSA2020410698,S100-13ag6-0016,2020410698,CN,1,0.5,0,CU,10,AWG
11556,KSA2020430160,S0100-072M-0010,2020430160,CN,1,0.5,0,CU,10,AWG
11557,KSA2020450436,S0100-0085-006D,2020450436,CN,1,0.5,0,CU,10,AWG
11558,KSA2020450435,S0100-0085-006D,2020450435,CN,1,0.5,0,CU,10,AWG
11559,KSA2020450434,S0100-0085-006D,2020450434,CN,1,0.5,0,CU,10,AWG
11560,KSA2020460653,S0100-013m-016c,2020460653,CN,1,0.5,0,CU,10,AWG
11561,KSA2020470232,S0100-013m-016c,2020470232,CN,1,0.5,0,CU,10,AWG
11562,KSA2020470231,S0100-013m-016c,2020470231,CN,1,0.5,0,CU,10,AWG
11563,KSA2020480397,S0100-13bj-0003,2020480397,CN,1,0.5,0,CU,10,AWG
11564,KSA2020480396,S0100-13bj-0003,2020480396,CN,1,0.5,0,CU,10,AWG
11565,KSA2020480398,S0100-13bj-0003,2020480398,CN,1,0.5,0,CU,10,AWG
11566,KSA2020480395,S0100-13bj-0003,2020480395,CN,1,0.5,0,CU,10,AWG
11567,KSA2020510018,S0049-0003-0012,2020510018,BN,1,0.5,0,CU,10,AWG
11568,KSA2020510020,S0049-0003-0012,2020510020,BN,1,0.5,0,CU,10,AWG
11569,KSA2020510022,S0049-0003-0012,2020510022,BN,1,0.5,0,CU,10,AWG
11570,KSA2020510019,S0049-0003-0012,2020510019,BN,1,0.5,0,CU,10,AWG
11571,KSA2020510021,S0049-0003-0012,2020510021,BN,1,0.5,0,CU,10,AWG
11572,KSA2020510023,S0049-0003-0012,2020510023,BN,1,0.5,0,CU,10,AWG
11573,KSA2020550967,S0130-0088-0001,2020550967,BN,1,0.5,0,CU,10,AWG
11574,KSA2020550973,S0130-0088-0001,2020550973,BN,1,0.5,0,CU,10,AWG
11575,KSA2020550983,S0130-0088-0001,2020550983,BN,1,0.5,0,CU,10,AWG
11576,KSA2020550996,S0130-0088-0001,2020550996,BN,1,0.5,0,CU,10,AWG
11577,KSA2020551024,S0130-0088-0001,2020551024,BN,1,0.5,0,CU,10,AWG
11578,KSA2020551026,S0130-0088-0001,2020551026,BN,1,0.5,0,CU,10,AWG
11579,KSA2020551051,S0130-0088-0001,2020551051,BN,1,0.5,0,CU,10,AWG
11580,KSA2020551061,S0130-0088-0001,2020551061,BN,1,0.5,0,CU,10,AWG
11581,KSA2020551094,S0130-0088-0001,2020551094,BN,1,0.5,0,CU,10,AWG
11582,KSA2020550862,S0130-0088-0001,2020550862,BN,1,0.5,0,CU,10,AWG
11583,KSA2020550864,S0130-0088-0001,2020550864,BN,1,0.5,0,CU,10,AWG
11584,KSA2020550893,S0130-0088-0001,2020550893,BN,1,0.5,0,CU,10,AWG
11585,KSA2020550916,S0130-0088-0001,2020550916,BN,1,0.5,0,CU,10,AWG
11586,KSA2020550960,S0130-0088-0001,2020550960,BN,1,0.5,0,CU,10,AWG
11587,KSA2020550977,S0130-0088-0001,2020550977,BN,1,0.5,0,CU,10,AWG
11588,KSA2020550987,S0130-0088-0001,2020550987,BN,1,0.5,0,CU,10,AWG
11589,KSA2020551025,S0130-0088-0001,2020551025,BN,1,0.5,0,CU,10,AWG
11590,KSA2020551031,S0130-0088-0001,2020551031,BN,1,0.5,0,CU,10,AWG
11591,KSA2020551042,S0130-0088-0001,2020551042,BN,1,0.5,0,CU,10,AWG
11592,KSA2020550858,S0130-0088-0001,2020550858,BN,1,0.5,0,CU,10,AWG
11593,KSA2020550882,S0130-0088-0001,2020550882,BN,1,0.5,0,CU,10,AWG
11594,KSA2020550896,S0130-0088-0001,2020550896,BN,1,0.5,0,CU,10,AWG
11595,KSA2020550904,S0130-0088-0001,2020550904,BN,1,0.5,0,CU,10,AWG
11596,KSA2020551049,S0130-0088-0001,2020551049,BN,1,0.5,0,CU,10,AWG
11597,KSA2020551050,S0130-0088-0001,2020551050,BN,1,0.5,0,CU,10,AWG
11598,KSA2020551073,S0130-0088-0001,2020551073,BN,1,0.5,0,CU,10,AWG
11599,KSA2020550869,S0130-0088-0001,2020550869,BN,1,0.5,0,CU,10,AWG
11600,KSA2020550872,S0130-0088-0001,2020550872,BN,1,0.5,0,CU,10,AWG
11601,KSA2020550874,S0130-0088-0001,2020550874,BN,1,0.5,0,CU,10,AWG
11602,KSA2020550884,S0130-0088-0001,2020550884,BN,1,0.5,0,CU,10,AWG
11603,KSA2020550895,S0130-0088-0001,2020550895,BN,1,0.5,0,CU,10,AWG
11604,KSA2020550912,S0130-0088-0001,2020550912,BN,1,0.5,0,CU,10,AWG
11605,KSA2020550921,S0130-0088-0001,2020550921,BN,1,0.5,0,CU,10,AWG
11606,KSA2020551019,S0130-0088-0001,2020551019,BN,1,0.5,0,CU,10,AWG
11607,KSA2020551030,S0130-0088-0001,2020551030,BN,1,0.5,0,CU,10,AWG
11608,KSA2020551044,S0130-0088-0001,2020551044,BN,1,0.5,0,CU,10,AWG
11609,KSA2020551046,S0130-0088-0001,2020551046,BN,1,0.5,0,CU,10,AWG
11610,KSA2020551057,S0130-0088-0001,2020551057,BN,1,0.5,0,CU,10,AWG
11611,KSA2020551067,S0130-0088-0001,2020551067,BN,1,0.5,0,CU,10,AWG
11612,KSA2020551089,S0130-0088-0001,2020551089,BN,1,0.5,0,CU,10,AWG
11613,KSA2020550951,S0130-0088-0001,2020550951,BN,1,0.5,0,CU,10,AWG
11614,KSA2020550955,S0130-0088-0001,2020550955,BN,1,0.5,0,CU,10,AWG
11615,KSA2020550958,S0130-0088-0001,2020550958,BN,1,0.5,0,CU,10,AWG
11616,KSA2020550970,S0130-0088-0001,2020550970,BN,1,0.5,0,CU,10,AWG
11617,KSA2020550980,S0130-0088-0001,2020550980,BN,1,0.5,0,CU,10,AWG
11618,KSA2020551002,S0130-0088-0001,2020551002,BN,1,0.5,0,CU,10,AWG
11619,KSA2020551006,S0130-0088-0001,2020551006,BN,1,0.5,0,CU,10,AWG
11620,KSA2020551012,S0130-0088-0001,2020551012,BN,1,0.5,0,CU,10,AWG
11621,KSA2020551016,S0130-0088-0001,2020551016,BN,1,0.5,0,CU,10,AWG
11622,KSA2020551037,S0130-0088-0001,2020551037,BN,1,0.5,0,CU,10,AWG
11623,KSA2020551045,S0130-0088-0001,2020551045,BN,1,0.5,0,CU,10,AWG
11624,KSA2020551068,S0130-0088-0001,2020551068,BN,1,0.5,0,CU,10,AWG
11625,KSA2020550860,S0130-0088-0001,2020550860,BN,1,0.5,0,CU,10,AWG
11626,KSA2020550889,S0130-0088-0001,2020550889,BN,1,0.5,0,CU,10,AWG
11627,KSA2020550906,S0130-0088-0001,2020550906,BN,1,0.5,0,CU,10,AWG
11628,KSA2020550925,S0130-0088-0001,2020550925,BN,1,0.5,0,CU,10,AWG
11629,KSA2020550928,S0130-0088-0001,2020550928,BN,1,0.5,0,CU,10,AWG
11630,KSA2020550929,S0130-0088-0001,2020550929,BN,1,0.5,0,CU,10,AWG
11631,KSA2020550941,S0130-0088-0001,2020550941,BN,1,0.5,0,CU,10,AWG
11632,KSA2020550945,S0130-0088-0001,2020550945,BN,1,0.5,0,CU,10,AWG
11633,KSA2020550948,S0130-0088-0001,2020550948,BN,1,0.5,0,CU,10,AWG
11634,KSA2020550959,S0130-0088-0001,2020550959,BN,1,0.5,0,CU,10,AWG
11635,KSA2020550964,S0130-0088-0001,2020550964,BN,1,0.5,0,CU,10,AWG
11636,KSA2020550992,S0130-0088-0001,2020550992,BN,1,0.5,0,CU,10,AWG
11637,KSA2020551004,S0130-0088-0001,2020551004,BN,1,0.5,0,CU,10,AWG
11638,KSA2020551014,S0130-0088-0001,2020551014,BN,1,0.5,0,CU,10,AWG
11639,KSA2020550963,S0130-0088-0001,2020550963,BN,1,0.5,0,CU,10,AWG
11640,KSA2020550975,S0130-0088-0001,2020550975,BN,1,0.5,0,CU,10,AWG
11641,KSA2020550978,S0130-0088-0001,2020550978,BN,1,0.5,0,CU,10,AWG
11642,KSA2020550979,S0130-0088-0001,2020550979,BN,1,0.5,0,CU,10,AWG
11643,KSA2020550989,S0130-0088-0001,2020550989,BN,1,0.5,0,CU,10,AWG
11644,KSA2020551022,S0130-0088-0001,2020551022,BN,1,0.5,0,CU,10,AWG
11645,KSA2020551078,S0130-0088-0001,2020551078,BN,1,0.5,0,CU,10,AWG
11646,KSA2020550851,S0130-0088-0001,2020550851,BN,1,0.5,0,CU,10,AWG
11647,KSA2020550890,S0130-0088-0001,2020550890,BN,1,0.5,0,CU,10,AWG
11648,KSA2020550897,S0130-0088-0001,2020550897,BN,1,0.5,0,CU,10,AWG
11649,KSA2020550900,S0130-0088-0001,2020550900,BN,1,0.5,0,CU,10,AWG
11650,KSA2020550969,S0130-0088-0001,2020550969,BN,1,0.5,0,CU,10,AWG
11651,KSA2020550971,S0130-0088-0001,2020550971,BN,1,0.5,0,CU,10,AWG
11652,KSA2020550981,S0130-0088-0001,2020550981,BN,1,0.5,0,CU,10,AWG
11653,KSA2020550985,S0130-0088-0001,2020550985,BN,1,0.5,0,CU,10,AWG
11654,KSA2020550988,S0130-0088-0001,2020550988,BN,1,0.5,0,CU,10,AWG
11655,KSA2020550994,S0130-0088-0001,2020550994,BN,1,0.5,0,CU,10,AWG
11656,KSA2020551029,S0130-0088-0001,2020551029,BN,1,0.5,0,CU,10,AWG
11657,KSA2020551077,S0130-0088-0001,2020551077,BN,1,0.5,0,CU,10,AWG
11658,KSA2020550878,S0130-0088-0001,2020550878,BN,1,0.5,0,CU,10,AWG
11659,KSA2020550888,S0130-0088-0001,2020550888,BN,1,0.5,0,CU,10,AWG
11660,KSA2020550899,S0130-0088-0001,2020550899,BN,1,0.5,0,CU,10,AWG
11661,KSA2020550907,S0130-0088-0001,2020550907,BN,1,0.5,0,CU,10,AWG
11662,KSA2020550914,S0130-0088-0001,2020550914,BN,1,0.5,0,CU,10,AWG
11663,KSA2020550932,S0130-0088-0001,2020550932,BN,1,0.5,0,CU,10,AWG
11664,KSA2020550952,S0130-0088-0001,2020550952,BN,1,0.5,0,CU,10,AWG
11665,KSA2020550990,S0130-0088-0001,2020550990,BN,1,0.5,0,CU,10,AWG
11666,KSA2020551003,S0130-0088-0001,2020551003,BN,1,0.5,0,CU,10,AWG
11667,KSA2020551013,S0130-0088-0001,2020551013,BN,1,0.5,0,CU,10,AWG
11668,KSA2020551034,S0130-0088-0001,2020551034,BN,1,0.5,0,CU,10,AWG
11669,KSA2020551036,S0130-0088-0001,2020551036,BN,1,0.5,0,CU,10,AWG
11670,KSA2020550871,S0130-0088-0001,2020550871,BN,1,0.5,0,CU,10,AWG
11671,KSA2020550881,S0130-0088-0001,2020550881,BN,1,0.5,0,CU,10,AWG
11672,KSA2020550892,S0130-0088-0001,2020550892,BN,1,0.5,0,CU,10,AWG
11673,KSA2020550894,S0130-0088-0001,2020550894,BN,1,0.5,0,CU,10,AWG
11674,KSA2020550909,S0130-0088-0001,2020550909,BN,1,0.5,0,CU,10,AWG
11675,KSA2020550910,S0130-0088-0001,2020550910,BN,1,0.5,0,CU,10,AWG
11676,KSA2020550936,S0130-0088-0001,2020550936,BN,1,0.5,0,CU,10,AWG
11677,KSA2020551054,S0130-0088-0001,2020551054,BN,1,0.5,0,CU,10,AWG
11678,KSA2020551056,S0130-0088-0001,2020551056,BN,1,0.5,0,CU,10,AWG
11679,KSA2020551065,S0130-0088-0001,2020551065,BN,1,0.5,0,CU,10,AWG
11680,KSA2020551071,S0130-0088-0001,2020551071,BN,1,0.5,0,CU,10,AWG
11681,KSA2020551083,S0130-0088-0001,2020551083,BN,1,0.5,0,CU,10,AWG
11682,KSA2020550868,S0130-0088-0001,2020550868,BN,1,0.5,0,CU,10,AWG
11683,KSA2020550903,S0130-0088-0001,2020550903,BN,1,0.5,0,CU,10,AWG
11684,KSA2020550922,S0130-0088-0001,2020550922,BN,1,0.5,0,CU,10,AWG
11685,KSA2020550961,S0130-0088-0001,2020550961,BN,1,0.5,0,CU,10,AWG
11686,KSA2020550965,S0130-0088-0001,2020550965,BN,1,0.5,0,CU,10,AWG
11687,KSA2020550968,S0130-0088-0001,2020550968,BN,1,0.5,0,CU,10,AWG
11688,KSA2020551035,S0130-0088-0001,2020551035,BN,1,0.5,0,CU,10,AWG
11689,KSA2020551055,S0130-0088-0001,2020551055,BN,1,0.5,0,CU,10,AWG
11690,KSA2020551070,S0130-0088-0001,2020551070,BN,1,0.5,0,CU,10,AWG
11691,KSA2020550944,S0130-0088-0001,2020550944,BN,1,0.5,0,CU,10,AWG
11692,KSA2020550972,S0130-0088-0001,2020550972,BN,1,0.5,0,CU,10,AWG
11693,KSA2020550995,S0130-0088-0001,2020550995,BN,1,0.5,0,CU,10,AWG
11694,KSA2020550998,S0130-0088-0001,2020550998,BN,1,0.5,0,CU,10,AWG
11695,KSA2020550999,S0130-0088-0001,2020550999,BN,1,0.5,0,CU,10,AWG
11696,KSA2020551007,S0130-0088-0001,2020551007,BN,1,0.5,0,CU,10,AWG
11697,KSA2020551048,S0130-0088-0001,2020551048,BN,1,0.5,0,CU,10,AWG
11698,KSA2020551075,S0130-0088-0001,2020551075,BN,1,0.5,0,CU,10,AWG
11699,KSA2020551087,S0130-0088-0001,2020551087,BN,1,0.5,0,CU,10,AWG
11700,KSA2020551093,S0130-0088-0001,2020551093,BN,1,0.5,0,CU,10,AWG
11701,KSA2020550853,S0130-0088-0001,2020550853,BN,1,0.5,0,CU,10,AWG
11702,KSA2020550857,S0130-0088-0001,2020550857,BN,1,0.5,0,CU,10,AWG
11703,KSA2020550919,S0130-0088-0001,2020550919,BN,1,0.5,0,CU,10,AWG
11704,KSA2020550954,S0130-0088-0001,2020550954,BN,1,0.5,0,CU,10,AWG
11705,KSA2020550982,S0130-0088-0001,2020550982,BN,1,0.5,0,CU,10,AWG
11706,KSA2020550991,S0130-0088-0001,2020550991,BN,1,0.5,0,CU,10,AWG
11707,KSA2020551000,S0130-0088-0001,2020551000,BN,1,0.5,0,CU,10,AWG
11708,KSA2020551010,S0130-0088-0001,2020551010,BN,1,0.5,0,CU,10,AWG
11709,KSA2020551011,S0130-0088-0001,2020551011,BN,1,0.5,0,CU,10,AWG
11710,KSA2020551047,S0130-0088-0001,2020551047,BN,1,0.5,0,CU,10,AWG
11711,KSA2020551074,S0130-0088-0001,2020551074,BN,1,0.5,0,CU,10,AWG
11712,KSA2020551076,S0130-0088-0001,2020551076,BN,1,0.5,0,CU,10,AWG
11713,KSA2020551080,S0130-0088-0001,2020551080,BN,1,0.5,0,CU,10,AWG
11714,KSA2020551081,S0130-0088-0001,2020551081,BN,1,0.5,0,CU,10,AWG
11715,KSA2020550850,S0130-0088-0001,2020550850,BN,1,0.5,0,CU,10,AWG
11716,KSA2020550875,S0130-0088-0001,2020550875,BN,1,0.5,0,CU,10,AWG
11717,KSA2020550898,S0130-0088-0001,2020550898,BN,1,0.5,0,CU,10,AWG
11718,KSA2020550911,S0130-0088-0001,2020550911,BN,1,0.5,0,CU,10,AWG
11719,KSA2020550915,S0130-0088-0001,2020550915,BN,1,0.5,0,CU,10,AWG
11720,KSA2020550918,S0130-0088-0001,2020550918,BN,1,0.5,0,CU,10,AWG
11721,KSA2020550924,S0130-0088-0001,2020550924,BN,1,0.5,0,CU,10,AWG
11722,KSA2020550930,S0130-0088-0001,2020550930,BN,1,0.5,0,CU,10,AWG
11723,KSA2020550956,S0130-0088-0001,2020550956,BN,1,0.5,0,CU,10,AWG
11724,KSA2020550993,S0130-0088-0001,2020550993,BN,1,0.5,0,CU,10,AWG
11725,KSA2020551008,S0130-0088-0001,2020551008,BN,1,0.5,0,CU,10,AWG
11726,KSA2020551017,S0130-0088-0001,2020551017,BN,1,0.5,0,CU,10,AWG
11727,KSA2020551018,S0130-0088-0001,2020551018,BN,1,0.5,0,CU,10,AWG
11728,KSA2020551062,S0130-0088-0001,2020551062,BN,1,0.5,0,CU,10,AWG
11729,KSA2020551069,S0130-0088-0001,2020551069,BN,1,0.5,0,CU,10,AWG
11730,KSA2020551088,S0130-0088-0001,2020551088,BN,1,0.5,0,CU,10,AWG
11731,KSA2020550861,S0130-0088-0001,2020550861,BN,1,0.5,0,CU,10,AWG
11732,KSA2020550913,S0130-0088-0001,2020550913,BN,1,0.5,0,CU,10,AWG
11733,KSA2020550926,S0130-0088-0001,2020550926,BN,1,0.5,0,CU,10,AWG
11734,KSA2020550934,S0130-0088-0001,2020550934,BN,1,0.5,0,CU,10,AWG
11735,KSA2020550855,S0130-0088-0001,2020550855,BN,1,0.5,0,CU,10,AWG
11736,KSA2020550856,S0130-0088-0001,2020550856,BN,1,0.5,0,CU,10,AWG
11737,KSA2020550901,S0130-0088-0001,2020550901,BN,1,0.5,0,CU,10,AWG
11738,KSA2020550905,S0130-0088-0001,2020550905,BN,1,0.5,0,CU,10,AWG
11739,KSA2020550908,S0130-0088-0001,2020550908,BN,1,0.5,0,CU,10,AWG
11740,KSA2020550917,S0130-0088-0001,2020550917,BN,1,0.5,0,CU,10,AWG
11741,KSA2020551066,S0130-0088-0001,2020551066,BN,1,0.5,0,CU,10,AWG
11742,KSA2020550478,S0130-0088-0001,2020550478,BN,1,0.5,0,CU,10,AWG
11743,KSA2020550946,S0130-0088-0001,2020550946,BN,1,0.5,0,CU,10,AWG
11744,KSA2020550997,S0130-0088-0001,2020550997,BN,1,0.5,0,CU,10,AWG
11745,KSA2020551032,S0130-0088-0001,2020551032,BN,1,0.5,0,CU,10,AWG
11746,KSA2020551039,S0130-0088-0001,2020551039,BN,1,0.5,0,CU,10,AWG
11747,KSA2020551043,S0130-0088-0001,2020551043,BN,1,0.5,0,CU,10,AWG
11748,KSA2020551052,S0130-0088-0001,2020551052,BN,1,0.5,0,CU,10,AWG
11749,KSA2020551064,S0130-0088-0001,2020551064,BN,1,0.5,0,CU,10,AWG
11750,KSA2020550947,S0130-0088-0001,2020550947,BN,1,0.5,0,CU,10,AWG
11751,KSA2020550950,S0130-0088-0001,2020550950,BN,1,0.5,0,CU,10,AWG
11752,KSA2020550976,S0130-0088-0001,2020550976,BN,1,0.5,0,CU,10,AWG
11753,KSA2020550986,S0130-0088-0001,2020550986,BN,1,0.5,0,CU,10,AWG
11754,KSA2020551079,S0130-0088-0001,2020551079,BN,1,0.5,0,CU,10,AWG
11755,KSA2020550865,S0130-0088-0001,2020550865,BN,1,0.5,0,CU,10,AWG
11756,KSA2020550866,S0130-0088-0001,2020550866,BN,1,0.5,0,CU,10,AWG
11757,KSA2020550873,S0130-0088-0001,2020550873,BN,1,0.5,0,CU,10,AWG
11758,KSA2020550883,S0130-0088-0001,2020550883,BN,1,0.5,0,CU,10,AWG
11759,KSA2020550891,S0130-0088-0001,2020550891,BN,1,0.5,0,CU,10,AWG
11760,KSA2020550920,S0130-0088-0001,2020550920,BN,1,0.5,0,CU,10,AWG
11761,KSA2020550933,S0130-0088-0001,2020550933,BN,1,0.5,0,CU,10,AWG
11762,KSA2020550962,S0130-0088-0001,2020550962,BN,1,0.5,0,CU,10,AWG
11763,KSA2020551001,S0130-0088-0001,2020551001,BN,1,0.5,0,CU,10,AWG
11764,KSA2020551028,S0130-0088-0001,2020551028,BN,1,0.5,0,CU,10,AWG
11765,KSA2020551040,S0130-0088-0001,2020551040,BN,1,0.5,0,CU,10,AWG
11766,KSA2020551041,S0130-0088-0001,2020551041,BN,1,0.5,0,CU,10,AWG
11767,KSA2020551072,S0130-0088-0001,2020551072,BN,1,0.5,0,CU,10,AWG
11768,KSA2020551098,S0130-0088-0001,2020551098,BN,1,0.5,0,CU,10,AWG
11769,KSA2020550859,S0130-0088-0001,2020550859,BN,1,0.5,0,CU,10,AWG
11770,KSA2020550876,S0130-0088-0001,2020550876,BN,1,0.5,0,CU,10,AWG
11771,KSA2020550885,S0130-0088-0001,2020550885,BN,1,0.5,0,CU,10,AWG
11772,KSA2020550886,S0130-0088-0001,2020550886,BN,1,0.5,0,CU,10,AWG
11773,KSA2020550937,S0130-0088-0001,2020550937,BN,1,0.5,0,CU,10,AWG
11774,KSA2020550940,S0130-0088-0001,2020550940,BN,1,0.5,0,CU,10,AWG
11775,KSA2020550966,S0130-0088-0001,2020550966,BN,1,0.5,0,CU,10,AWG
11776,KSA2020551020,S0130-0088-0001,2020551020,BN,1,0.5,0,CU,10,AWG
11777,KSA2020551033,S0130-0088-0001,2020551033,BN,1,0.5,0,CU,10,AWG
11778,KSA2020551053,S0130-0088-0001,2020551053,BN,1,0.5,0,CU,10,AWG
11779,KSA2020551090,S0130-0088-0001,2020551090,BN,1,0.5,0,CU,10,AWG
11780,KSA2020550852,S0130-0088-0001,2020550852,BN,1,0.5,0,CU,10,AWG
11781,KSA2020550854,S0130-0088-0001,2020550854,BN,1,0.5,0,CU,10,AWG
11782,KSA2020550870,S0130-0088-0001,2020550870,BN,1,0.5,0,CU,10,AWG
11783,KSA2020550877,S0130-0088-0001,2020550877,BN,1,0.5,0,CU,10,AWG
11784,KSA2020550887,S0130-0088-0001,2020550887,BN,1,0.5,0,CU,10,AWG
11785,KSA2020550902,S0130-0088-0001,2020550902,BN,1,0.5,0,CU,10,AWG
11786,KSA2020550927,S0130-0088-0001,2020550927,BN,1,0.5,0,CU,10,AWG
11787,KSA2020550939,S0130-0088-0001,2020550939,BN,1,0.5,0,CU,10,AWG
11788,KSA2020550943,S0130-0088-0001,2020550943,BN,1,0.5,0,CU,10,AWG
11789,KSA2020550949,S0130-0088-0001,2020550949,BN,1,0.5,0,CU,10,AWG
11790,KSA2020550953,S0130-0088-0001,2020550953,BN,1,0.5,0,CU,10,AWG
11791,KSA2020550957,S0130-0088-0001,2020550957,BN,1,0.5,0,CU,10,AWG
11792,KSA2020550974,S0130-0088-0001,2020550974,BN,1,0.5,0,CU,10,AWG
11793,KSA2020550984,S0130-0088-0001,2020550984,BN,1,0.5,0,CU,10,AWG
11794,KSA2020551005,S0130-0088-0001,2020551005,BN,1,0.5,0,CU,10,AWG
11795,KSA2020551015,S0130-0088-0001,2020551015,BN,1,0.5,0,CU,10,AWG
11796,KSA2020551021,S0130-0088-0001,2020551021,BN,1,0.5,0,CU,10,AWG
11797,KSA2020551038,S0130-0088-0001,2020551038,BN,1,0.5,0,CU,10,AWG
11798,KSA2020551063,S0130-0088-0001,2020551063,BN,1,0.5,0,CU,10,AWG
11799,KSA2020551085,S0130-0088-0001,2020551085,BN,1,0.5,0,CU,10,AWG
11800,KSA2020551091,S0130-0088-0001,2020551091,BN,1,0.5,0,CU,10,AWG
11801,KSA2020550863,S0130-0088-0001,2020550863,BN,1,0.5,0,CU,10,AWG
11802,KSA2020550867,S0130-0088-0001,2020550867,BN,1,0.5,0,CU,10,AWG
11803,KSA2020550879,S0130-0088-0001,2020550879,BN,1,0.5,0,CU,10,AWG
11804,KSA2020550880,S0130-0088-0001,2020550880,BN,1,0.5,0,CU,10,AWG
11805,KSA2020550923,S0130-0088-0001,2020550923,BN,1,0.5,0,CU,10,AWG
11806,KSA2020550931,S0130-0088-0001,2020550931,BN,1,0.5,0,CU,10,AWG
11807,KSA2020550935,S0130-0088-0001,2020550935,BN,1,0.5,0,CU,10,AWG
11808,KSA2020550938,S0130-0088-0001,2020550938,BN,1,0.5,0,CU,10,AWG
11809,KSA2020560136,S0130-0088-0001,2020560136,BN,1,0.5,0,CU,10,AWG
11810,KSA2020560139,S0130-0088-0001,2020560139,BN,1,0.5,0,CU,10,AWG
11811,KSA2020560091,S0130-0088-0001,2020560091,BN,1,0.5,0,CU,10,AWG
11812,KSA2020560092,S0130-0088-0001,2020560092,BN,1,0.5,0,CU,10,AWG
11813,KSA2020560137,S0130-0088-0001,2020560137,BN,1,0.5,0,CU,10,AWG
11814,KSA2020560069,S0130-0088-0001,2020560069,BN,1,0.5,0,CU,10,AWG
11815,KSA2020560138,S0130-0088-0001,2020560138,BN,1,0.5,0,CU,10,AWG
11816,KSA2020560134,S0130-0088-0001,2020560134,BN,1,0.5,0,CU,10,AWG
11817,KSA2020560135,S0130-0088-0001,2020560135,BN,1,0.5,0,CU,10,AWG
11818,KSA2020560062,S0130-0088-0001,2020560062,BN,1,0.5,0,CU,10,AWG
11819,KSA2020560070,S0130-0088-0001,2020560070,BN,1,0.5,0,CU,10,AWG
11820,KSA2020570126,S0130-0088-0001,2020570126,BN,1,0.5,0,CU,10,AWG
11821,KSA2020570163,S0130-0088-0001,2020570163,BN,1,0.5,0,CU,10,AWG
11822,KSA2020570180,S0130-0088-0001,2020570180,BN,1,0.5,0,CU,10,AWG
11823,KSA2020570183,S0130-0088-0001,2020570183,BN,1,0.5,0,CU,10,AWG
11824,KSA2020570195,S0130-0088-0001,2020570195,BN,1,0.5,0,CU,10,AWG
11825,KSA2020570193,S0130-0088-0001,2020570193,BN,1,0.5,0,CU,10,AWG
11826,KSA2020570194,S0130-0088-0001,2020570194,BN,1,0.5,0,CU,10,AWG
11827,KSA2020570182,S0130-0088-0001,2020570182,BN,1,0.5,0,CU,10,AWG
11828,KSA2020570186,S0130-0088-0001,2020570186,BN,1,0.5,0,CU,10,AWG
11829,KSA2020570189,S0130-0088-0001,2020570189,BN,1,0.5,0,CU,10,AWG
11830,KSA2020570190,S0130-0088-0001,2020570190,BN,1,0.5,0,CU,10,AWG
11831,KSA2020570075,S0130-0088-0001,2020570075,BN,1,0.5,0,CU,10,AWG
11832,KSA2020570109,S0130-0088-0001,2020570109,BN,1,0.5,0,CU,10,AWG
11833,KSA2020570167,S0130-0088-0001,2020570167,BN,1,0.5,0,CU,10,AWG
11834,KSA2020570094,S0130-0088-0001,2020570094,BN,1,0.5,0,CU,10,AWG
11835,KSA2020570187,S0130-0088-0001,2020570187,BN,1,0.5,0,CU,10,AWG
11836,KSA2020570080,S0130-0088-0001,2020570080,BN,1,0.5,0,CU,10,AWG
11837,KSA2020570177,S0130-0088-0001,2020570177,BN,1,0.5,0,CU,10,AWG
11838,KSA2020570181,S0130-0088-0001,2020570181,BN,1,0.5,0,CU,10,AWG
11839,KSA2020570188,S0130-0088-0001,2020570188,BN,1,0.5,0,CU,10,AWG
11840,KSA2020570192,S0130-0088-0001,2020570192,BN,1,0.5,0,CU,10,AWG
11841,KSA2020570191,S0130-0088-0001,2020570191,BN,1,0.5,0,CU,10,AWG
11842,KSA2020570184,S0130-0088-0001,2020570184,BN,1,0.5,0,CU,10,AWG
11843,KSA2020720646,S108-24-01-0001,2020720646,BN,1,0.5,0,CU,10,AWG
11844,KSA2020720648,S108-24-01-0001,2020720648,BN,1,0.5,0,CU,10,AWG
11845,KSA3030160195,S0034-0018-0011,3030160195,BN,1,0.5,0,CU,10,AWG
11846,KSA3030340219,S000025-000003B,3030340219,AN,1,0.5,0,CU,10,AWG
11847,KSA5050011155,S0001-0017-0002,5050011155,CN,1,0.5,0,CU,10,AWG
11848,KSA5050031396,S001-19-38-0024,5050031396,CN,1,0.5,0,CU,10,AWG
11849,KSA5050030825,S001-19-38-0033,5050030825,CN,1,0.5,0,CU,10,AWG
11850,KSA5050031461,S001-19-38-0005,5050031461,CN,1,0.5,0,CU,10,AWG
11851,KSA5050031435,S001-19-38-0005,5050031435,CN,1,0.5,0,CU,10,AWG
11852,KSA5050031468,S001-19-38-0005,5050031468,CN,1,0.5,0,CU,10,AWG
11853,KSA5050031464,S001-19-38-0005,5050031464,CN,1,0.5,0,CU,10,AWG
11854,KSA5050031465,S001-19-38-0005,5050031465,CN,1,0.5,0,CU,10,AWG
11855,KSA5050041759,S0016-0013-001A,5050041759,BN,1,0.5,0,CU,10,AWG
11856,KSA5050040145,S000009-0000009,5050040145,AN,1,0.5,0,CU,10,AWG
11857,KSA5050041753,S0016-0013-001A,5050041753,BN,1,0.5,0,CU,10,AWG
11858,KSA5050041757,S0016-0013-001A,5050041757,BN,1,0.5,0,CU,10,AWG
11859,KSA5050041100,S0034-009a-002d,5050041100,BN,1,0.5,0,CU,10,AWG
11860,KSA5050041721,S0034-009a-0003,5050041721,BN,1,0.5,0,CU,10,AWG
11861,KSA5050041754,S0016-0013-001A,5050041754,BN,1,0.5,0,CU,10,AWG
11862,KSA5050041758,S0016-0013-001A,5050041758,BN,1,0.5,0,CU,10,AWG
11863,KSA5050060292,S0016-0013-0026,5050060292,BN,1,0.5,0,CU,10,AWG
11864,KSA5050060294,S0016-0013-0026,5050060294,BN,1,0.5,0,CU,10,AWG
11865,KSA5050060293,S0016-0013-0026,5050060293,BN,1,0.5,0,CU,10,AWG
11866,KSA5050070166,S0016-0013-0026,5050070166,BN,1,0.5,0,CU,10,AWG
11867,KSA3030120484,S0034-0018-0011,3030120484,BN,1,0.5,0,CU,10,AWG
11868,KSA2020551131,S0130-0088-0001,2020551131,BN,1,0.5,0,CU,10,AWG
11869,KSA2020551132,S0130-0088-0001,2020551132,BN,1,0.5,0,CU,10,AWG
11870,KSA2020551133,S0130-0088-0001,2020551133,BN,1,0.5,0,CU,10,AWG
11871,KSA2020551134,S0130-0088-0001,2020551134,BN,1,0.5,0,CU,10,AWG
11872,KSA2020551135,S0130-0088-0001,2020551135,BN,1,0.5,0,CU,10,AWG
11873,KSA2020551136,S0130-0088-0001,2020551136,BN,1,0.5,0,CU,10,AWG
11874,KSA2020551137,S0130-0088-0001,2020551137,BN,1,0.5,0,CU,10,AWG
11875,KSA2020551138,S0130-0088-0001,2020551138,BN,1,0.5,0,CU,10,AWG
11876,KSA2020551142,S0130-0088-0001,2020551142,BN,1,0.5,0,CU,10,AWG
11877,KSA2020551143,S0130-0088-0001,2020551143,BN,1,0.5,0,CU,10,AWG
11878,KSA2020551186,S0130-0088-0001,2020551186,BN,1,0.5,0,CU,10,AWG
11879,KSA2020551154,S0130-0088-0001,2020551154,BN,1,0.5,0,CU,10,AWG
11880,KSA2020551155,S0130-0088-0001,2020551155,BN,1,0.5,0,CU,10,AWG
11881,KSA2020551156,S0130-0088-0001,2020551156,BN,1,0.5,0,CU,10,AWG
11882,KSA2020551157,S0130-0088-0001,2020551157,BN,1,0.5,0,CU,10,AWG
11883,KSA2020551158,S0130-0088-0001,2020551158,BN,1,0.5,0,CU,10,AWG
11884,KSA2020551159,S0130-0088-0001,2020551159,BN,1,0.5,0,CU,10,AWG
11885,KSA2020551160,S0130-0088-0001,2020551160,BN,1,0.5,0,CU,10,AWG
11886,KSA2020551161,S0130-0088-0001,2020551161,BN,1,0.5,0,CU,10,AWG
11887,KSA2020551162,S0130-0088-0001,2020551162,BN,1,0.5,0,CU,10,AWG
11888,KSA2020480399,S0100-13bj-006a,2020480399,CN,1,0.5,0,CU,10,AWG
11889,KSA2020161606,S0100-0079-0007,2020161606,CN,1,0.5,0,CU,10,AWG
11890,KSA2020032025,S0122-0004-005B,2020032025,BN,1,0.5,0,CU,10,AWG
11891,KSA2020551181,S0130-0088-0001,2020551181,BN,1,0.5,0,CU,10,AWG
11892,KSA2020551182,S0130-0088-0001,2020551182,BN,1,0.5,0,CU,10,AWG
11893,KSA2020551183,S0130-0088-0001,2020551183,BN,1,0.5,0,CU,10,AWG
11894,KSA2020551184,S0130-0088-0001,2020551184,BN,1,0.5,0,CU,10,AWG
11895,KSA2020551185,S0130-0088-0001,2020551185,BN,1,0.5,0,CU,10,AWG
11896,KSA2020551166,S0130-0088-0001,2020551166,BN,1,0.5,0,CU,10,AWG
11897,KSA2020551167,S0130-0088-0001,2020551167,BN,1,0.5,0,CU,10,AWG
11898,KSA2020551168,S0130-0088-0001,2020551168,BN,1,0.5,0,CU,10,AWG
11899,KSA2020551175,S0130-0088-0001,2020551175,BN,1,0.5,0,CU,10,AWG
11900,KSA2020551163,S0130-0088-0001,2020551163,BN,1,0.5,0,CU,10,AWG
11901,KSA2020551164,S0130-0088-0001,2020551164,BN,1,0.5,0,CU,10,AWG
11902,KSA2020551165,S0130-0088-0001,2020551165,BN,1,0.5,0,CU,10,AWG
11903,KSA2020180720,S0130-0070-0007,2020180720,BN,1,0.5,0,CU,10,AWG
11904,KSA5050031470,S001-19-10-0002,5050031470,CN,1,0.5,0,CU,10,AWG
11905,KSA5050041761,S000038-0000003,5050041761,AN,1,0.5,0,CU,10,AWG
11906,KSA2020161607,S0100-0042-0015,2020161607,CN,1,0.5,0,CU,10,AWG
11907,KSA2020151236,S0100-030i-007a,2020151236,CN,1,0.5,0,CU,10,AWG
11908,KSA6060051821,S0108-012b-003D,6060051821,AN,1,0.5,0,CU,10,AWG
11909,KSA4040011196,S0130-0088-0001,4040011196,BN,1,0.5,0,CU,10,AWG
11910,KSA2020201186,S0130-0088-004n,2020201186,BN,1,0.5,0,CU,10,AWG
11911,KSA2020071522,S0132-003H-0001,2020071522,CN,1,0.5,0,CU,10,AWG
11912,KSA2020071523,S0132-003H-0001,2020071523,CN,1,0.5,0,CU,10,AWG
11913,KSA5050031472,S001-19-38-0005,5050031472,CN,1,0.5,0,CU,10,AWG
11914,KSA2020570200,S0130-0088-0001,2020570200,BN,1,0.5,0,CU,10,AWG
11915,KSA2020551216,S0130-0088-0001,2020551216,BN,1,0.5,0,CU,10,AWG
11916,KSA2020551215,S0130-0088-0001,2020551215,BN,1,0.5,0,CU,10,AWG
11917,KSA2020551214,S0130-0088-0001,2020551214,BN,1,0.5,0,CU,10,AWG
11918,KSA2020551213,S0130-0088-0001,2020551213,BN,1,0.5,0,CU,10,AWG
11919,KSA2020081410,S0132-0005-0001,2020081410,CN,1,0.5,0,CU,10,AWG
11920,KSA2020390344,S130-88-18-005a,2020390344,BN,1,0.5,0,CU,10,AWG
11921,KSA2020180721,S0130-0070-0015,2020180721,BN,1,0.5,0,CU,10,AWG
11922,KSA2020012370,S0100-0006-0001,2020012370,CN,1,0.5,0,CU,10,AWG
11923,KSA2020141966,S000054-0000008,2020141966,AN,1,0.5,0,CU,10,AWG
11924,KSA2020121758,S0092-0007-0012,2020121758,BN,1,0.5,0,CU,10,AWG
11925,KSA2020390345,S0130-0063-0015,2020390345,BN,1,0.5,0,CU,10,AWG
11926,KSA2020570204,S0130-0088-0001,2020570204,BN,1,0.5,0,CU,10,AWG
11927,KSA2020241684,S0130-0088-0007,2020241684,BN,1,0.5,0,CU,10,AWG
11928,KSA2020161608,S0100-0042-0014,2020161608,CN,1,0.5,0,CU,10,AWG
11929,KSA6060150872,S0130-0088-0001,6060150872,BN,1,0.5,0,CU,10,AWG
11930,KSA6060150913,S0130-0088-0001,6060150913,BN,1,0.5,0,CU,10,AWG
11931,KSA8080610048,S0130-0088-0001,8080610048,BN,1,0.5,0,CU,10,AWG
11932,KSA6060560021,S0130-0088-0001,6060560021,BN,1,0.5,0,CU,10,AWG
11933,KSA3030080185,S0108-58AA-0016,3030080185,CN,1,0.5,0,CU,10,AWG
11934,KSA3030080195,S0108-058M-0013,3030080195,CN,1,0.5,0,CU,10,AWG
11935,KSA3030080285,S0108-058M-0012,3030080285,CN,1,0.5,0,CU,10,AWG
11936,KSA3030080305,S0108-58AV-0024,3030080305,CN,1,0.5,0,CU,10,AWG
11937,KSA3030080315,S0108-058M-0010,3030080315,CN,1,0.5,0,CU,10,AWG
11938,KSA3030080325,S0108-58AV-0024,3030080325,CN,1,0.5,0,CU,10,AWG
11939,KSA3030080346,S0108-58AV-0017,3030080346,CN,1,0.5,0,CU,10,AWG
11940,KSA3030080388,S0108-58AV-0024,3030080388,CN,1,0.5,0,CU,10,AWG
11941,KSA3030080389,S0108-58AV-0023,3030080389,CN,1,0.5,0,CU,10,AWG
11942,KSA3030080390,S0108-58AV-0020,3030080390,CN,1,0.5,0,CU,10,AWG
11943,KSA3030080391,S0108-58AV-0024,3030080391,CN,1,0.5,0,CU,10,AWG
11944,KSA3030080392,S0108-58AV-0023,3030080392,CN,1,0.5,0,CU,10,AWG
11945,KSA3030080394,S0108-58AV-0005,3030080394,CN,1,0.5,0,CU,10,AWG
11946,KSA3030080395,S0108-58AV-0005,3030080395,CN,1,0.5,0,CU,10,AWG
11947,KSA3030080396,S0108-58AV-0005,3030080396,CN,1,0.5,0,CU,10,AWG
11948,KSA3030080397,S0108-58AV-0005,3030080397,CN,1,0.5,0,CU,10,AWG
11949,KSA3030080398,S0108-58AV-0006,3030080398,CN,1,0.5,0,CU,10,AWG
11950,KSA3030080399,S0108-58AV-0006,3030080399,CN,1,0.5,0,CU,10,AWG
11951,KSA3030080400,S0108-58AV-0005,3030080400,CN,1,0.5,0,CU,10,AWG
11952,KSA3030080405,S0108-58AV-0004,3030080405,CN,1,0.5,0,CU,10,AWG
11953,KSA3030080406,S0108-58AV-0004,3030080406,CN,1,0.5,0,CU,10,AWG
11954,KSA3030080420,S0108-58AV-0005,3030080420,CN,1,0.5,0,CU,10,AWG
11955,KSA3030080430,S0108-58AV-0005,3030080430,CN,1,0.5,0,CU,10,AWG
11956,KSA3030080435,S0108-58AV-0016,3030080435,CN,1,0.5,0,CU,10,AWG
11957,KSA3030080439,S0108-58AV-0008,3030080439,CN,1,0.5,0,CU,10,AWG
11958,KSA3030080440,S0108-58AV-0005,3030080440,CN,1,0.5,0,CU,10,AWG
11959,KSA3030080441,S0108-58AV-0008,3030080441,CN,1,0.5,0,CU,10,AWG
11960,KSA3030080442,S0108-58AV-0008,3030080442,CN,1,0.5,0,CU,10,AWG
11961,KSA3030080444,S0108-58AV-0008,3030080444,CN,1,0.5,0,CU,10,AWG
11962,KSA3030080445,S0108-58AV-0008,3030080445,CN,1,0.5,0,CU,10,AWG
11963,KSA3030080446,S0108-58AV-0006,3030080446,CN,1,0.5,0,CU,10,AWG
11964,KSA3030080447,S0108-58AV-0009,3030080447,CN,1,0.5,0,CU,10,AWG
11965,KSA3030080448,S0108-58AV-0010,3030080448,CN,1,0.5,0,CU,10,AWG
11966,KSA3030080449,S0108-58AV-0010,3030080449,CN,1,0.5,0,CU,10,AWG
11967,KSA3030080450,S0108-58AV-0018,3030080450,CN,1,0.5,0,CU,10,AWG
11968,KSA3030080455,S0108-58AV-0009,3030080455,CN,1,0.5,0,CU,10,AWG
11969,KSA3030080456,S0108-58AV-0009,3030080456,CN,1,0.5,0,CU,10,AWG
11970,KSA3030080457,S0108-58AV-0008,3030080457,CN,1,0.5,0,CU,10,AWG
11971,KSA3030080460,S0108-58AV-0011,3030080460,CN,1,0.5,0,CU,10,AWG
11972,KSA3030080461,S0108-58AV-0019,3030080461,CN,1,0.5,0,CU,10,AWG
11973,KSA3030080462,S0108-58AV-0008,3030080462,CN,1,0.5,0,CU,10,AWG
11974,KSA3030080463,S0108-58AV-0009,3030080463,CN,1,0.5,0,CU,10,AWG
11975,KSA3030080464,S0108-58AV-0012,3030080464,CN,1,0.5,0,CU,10,AWG
11976,KSA3030080466,S0108-58AV-0012,3030080466,CN,1,0.5,0,CU,10,AWG
11977,KSA3030080467,S0108-58AV-0013,3030080467,CN,1,0.5,0,CU,10,AWG
11978,KSA3030080468,S0108-58AV-0014,3030080468,CN,1,0.5,0,CU,10,AWG
11979,KSA3030080470,S0108-58AV-0014,3030080470,CN,1,0.5,0,CU,10,AWG
11980,KSA3030080475,S0108-58AV-0014,3030080475,CN,1,0.5,0,CU,10,AWG
11981,KSA3030080480,S0108-58AV-0014,3030080480,CN,1,0.5,0,CU,10,AWG
11982,KSA3030080485,S0108-58AV-0015,3030080485,CN,1,0.5,0,CU,10,AWG
11983,KSA3030080486,S0108-58AV-0015,3030080486,CN,1,0.5,0,CU,10,AWG
11984,KSA3030080487,S0108-58AV-0015,3030080487,CN,1,0.5,0,CU,10,AWG
11985,KSA3030080488,S0108-58AV-0015,3030080488,CN,1,0.5,0,CU,10,AWG
11986,KSA3030080489,S0108-58AV-0015,3030080489,CN,1,0.5,0,CU,10,AWG
11987,KSA3030080490,S0108-58AV-0014,3030080490,CN,1,0.5,0,CU,10,AWG
11988,KSA3030080491,S0108-58AV-0014,3030080491,CN,1,0.5,0,CU,10,AWG
11989,KSA3030080495,S0108-58AV-0015,3030080495,CN,1,0.5,0,CU,10,AWG
11990,KSA3030080496,S0108-58AV-0015,3030080496,CN,1,0.5,0,CU,10,AWG
11991,KSA3030080497,S0108-58AV-0015,3030080497,CN,1,0.5,0,CU,10,AWG
11992,KSA3030080498,S0108-58AV-0015,3030080498,CN,1,0.5,0,CU,10,AWG
11993,KSA3030080499,S0108-58AV-0015,3030080499,CN,1,0.5,0,CU,10,AWG
11994,KSA3030080500,S0108-58AV-0015,3030080500,CN,1,0.5,0,CU,10,AWG
11995,KSA3030080502,S0108-58AV-0015,3030080502,CN,1,0.5,0,CU,10,AWG
11996,KSA3030080503,S0108-58AV-0015,3030080503,CN,1,0.5,0,CU,10,AWG
11997,KSA3030080505,S0108-58AV-0015,3030080505,CN,1,0.5,0,CU,10,AWG
11998,KSA3030080506,S0108-58AV-0015,3030080506,CN,1,0.5,0,CU,10,AWG
11999,KSA3030080507,S0108-58AV-0015,3030080507,CN,1,0.5,0,CU,10,AWG
12000,KSA3030080508,S0108-58AV-0016,3030080508,CN,1,0.5,0,CU,10,AWG
12001,KSA3030080510,S0108-58AV-0016,3030080510,CN,1,0.5,0,CU,10,AWG
12002,KSA3030080515,S0108-58AA-0012,3030080515,CN,1,0.5,0,CU,10,AWG
12003,KSA3030080520,S0108-58AV-0016,3030080520,CN,1,0.5,0,CU,10,AWG
12004,KSA3030080525,S0108-58AV-0017,3030080525,CN,1,0.5,0,CU,10,AWG
12005,KSA3030080530,S0108-58AV-0017,3030080530,CN,1,0.5,0,CU,10,AWG
12006,KSA3030080535,S0108-58AV-0017,3030080535,CN,1,0.5,0,CU,10,AWG
12007,KSA3030080537,S0108-58AV-0018,3030080537,CN,1,0.5,0,CU,10,AWG
12008,KSA3030080538,S0108-58AV-0016,3030080538,CN,1,0.5,0,CU,10,AWG
12009,KSA3030080539,S0108-58AV-0015,3030080539,CN,1,0.5,0,CU,10,AWG
12010,KSA3030080540,S0108-58AV-0017,3030080540,CN,1,0.5,0,CU,10,AWG
12011,KSA3030080545,S0108-058M-0010,3030080545,CN,1,0.5,0,CU,10,AWG
12012,KSA3030080550,S0108-58AV-0017,3030080550,CN,1,0.5,0,CU,10,AWG
12013,KSA3030080551,S0108-58AV-0018,3030080551,CN,1,0.5,0,CU,10,AWG
12014,KSA3030080552,S0108-58AV-0017,3030080552,CN,1,0.5,0,CU,10,AWG
12015,KSA3030080555,S0108-58AV-0018,3030080555,CN,1,0.5,0,CU,10,AWG
12016,KSA3030080556,S0108-58AV-0019,3030080556,CN,1,0.5,0,CU,10,AWG
12017,KSA3030080557,S0108-58AV-0020,3030080557,CN,1,0.5,0,CU,10,AWG
12018,KSA3030080558,S0108-58AV-0019,3030080558,CN,1,0.5,0,CU,10,AWG
12019,KSA3030080559,S0108-58AV-0019,3030080559,CN,1,0.5,0,CU,10,AWG
12020,KSA3030080560,S0108-58AV-0020,3030080560,CN,1,0.5,0,CU,10,AWG
12021,KSA3030080561,S0108-58AV-0019,3030080561,CN,1,0.5,0,CU,10,AWG
12022,KSA3030080562,S0108-58AV-0019,3030080562,CN,1,0.5,0,CU,10,AWG
12023,KSA3030080563,S0108-58AV-0017,3030080563,CN,1,0.5,0,CU,10,AWG
12024,KSA3030080564,S0108-58AV-0017,3030080564,CN,1,0.5,0,CU,10,AWG
12025,KSA3030080565,S0108-58AA-0016,3030080565,CN,1,0.5,0,CU,10,AWG
12026,KSA3030080566,S0108-58AA-0017,3030080566,CN,1,0.5,0,CU,10,AWG
12027,KSA3030080567,S0108-58AA-0017,3030080567,CN,1,0.5,0,CU,10,AWG
12028,KSA3030080569,S0108-58AA-0014,3030080569,CN,1,0.5,0,CU,10,AWG
12029,KSA3030080570,S0108-58AA-0016,3030080570,CN,1,0.5,0,CU,10,AWG
12030,KSA3030080571,S0108-58AA-0014,3030080571,CN,1,0.5,0,CU,10,AWG
12031,KSA3030080572,S0108-58AA-0015,3030080572,CN,1,0.5,0,CU,10,AWG
12032,KSA3030080573,S0108-58AA-0014,3030080573,CN,1,0.5,0,CU,10,AWG
12033,KSA3030080574,S0108-58AA-0013,3030080574,CN,1,0.5,0,CU,10,AWG
12034,KSA3030080575,S0108-58AV-0017,3030080575,CN,1,0.5,0,CU,10,AWG
12035,KSA3030080576,S0108-58AV-0019,3030080576,CN,1,0.5,0,CU,10,AWG
12036,KSA3030080577,S0108-58AV-0017,3030080577,CN,1,0.5,0,CU,10,AWG
12037,KSA3030080579,S0108-58AA-0016,3030080579,CN,1,0.5,0,CU,10,AWG
12038,KSA3030080580,S0108-58AA-0013,3030080580,CN,1,0.5,0,CU,10,AWG
12039,KSA3030080581,S0108-58AA-0012,3030080581,CN,1,0.5,0,CU,10,AWG
12040,KSA3030080582,S0108-58AA-0012,3030080582,CN,1,0.5,0,CU,10,AWG
12041,KSA3030080585,S0108-58AA-0012,3030080585,CN,1,0.5,0,CU,10,AWG
12042,KSA3030080590,S0108-58AA-0013,3030080590,CN,1,0.5,0,CU,10,AWG
12043,KSA3030080600,S0108-58AA-0010,3030080600,CN,1,0.5,0,CU,10,AWG
12044,KSA3030080605,S0108-58AA-0008,3030080605,CN,1,0.5,0,CU,10,AWG
12045,KSA3030080608,S0108-58AA-0009,3030080608,CN,1,0.5,0,CU,10,AWG
12046,KSA3030080615,S0108-58AA-0009,3030080615,CN,1,0.5,0,CU,10,AWG
12047,KSA3030080620,S0108-58AA-0009,3030080620,CN,1,0.5,0,CU,10,AWG
12048,KSA3030080625,S0108-58AA-0008,3030080625,CN,1,0.5,0,CU,10,AWG
12049,KSA3030080630,S0108-58AA-0008,3030080630,CN,1,0.5,0,CU,10,AWG
12050,KSA3030080640,S0108-58AA-0007,3030080640,CN,1,0.5,0,CU,10,AWG
12051,KSA3030080645,S0108-58AA-0006,3030080645,CN,1,0.5,0,CU,10,AWG
12052,KSA3030080650,S0108-58AA-0008,3030080650,CN,1,0.5,0,CU,10,AWG
12053,KSA3030080651,S0108-58AA-0007,3030080651,CN,1,0.5,0,CU,10,AWG
12054,KSA3030080653,S0108-58AA-0006,3030080653,CN,1,0.5,0,CU,10,AWG
12055,KSA3030080656,S0108-58AA-0006,3030080656,CN,1,0.5,0,CU,10,AWG
12056,KSA3030080658,S0108-58AA-0006,3030080658,CN,1,0.5,0,CU,10,AWG
12057,KSA3030080660,S0108-58AA-0005,3030080660,CN,1,0.5,0,CU,10,AWG
12058,KSA3030080670,S0108-58AA-0005,3030080670,CN,1,0.5,0,CU,10,AWG
12059,KSA3030080675,S0108-058M-0006,3030080675,CN,1,0.5,0,CU,10,AWG
12060,KSA3030080680,S0108-58AA-0004,3030080680,CN,1,0.5,0,CU,10,AWG
12061,KSA3030080685,S0108-58AA-0004,3030080685,CN,1,0.5,0,CU,10,AWG
12062,KSA3030080690,S0108-58AA-0004,3030080690,CN,1,0.5,0,CU,10,AWG
12063,KSA3030080695,S0108-58AA-0012,3030080695,CN,1,0.5,0,CU,10,AWG
12064,KSA3030080700,S0108-58AA-0018,3030080700,CN,1,0.5,0,CU,10,AWG
12065,KSA3030080705,S0108-58AA-0017,3030080705,CN,1,0.5,0,CU,10,AWG
12066,KSA3030080710,S0108-58AA-0018,3030080710,CN,1,0.5,0,CU,10,AWG
12067,KSA3030080715,S0108-58AA-0002,3030080715,CN,1,0.5,0,CU,10,AWG
12068,KSA3030080716,S0108-58AA-0002,3030080716,CN,1,0.5,0,CU,10,AWG
12069,KSA3030080720,S0108-058M-0013,3030080720,CN,1,0.5,0,CU,10,AWG
12070,KSA3030080725,S0108-058M-0013,3030080725,CN,1,0.5,0,CU,10,AWG
12071,KSA3030080728,S0108-058M-0013,3030080728,CN,1,0.5,0,CU,10,AWG
12072,KSA3030080729,S0108-058M-0013,3030080729,CN,1,0.5,0,CU,10,AWG
12073,KSA3030080730,S0108-58AA-0018,3030080730,CN,1,0.5,0,CU,10,AWG
12074,KSA3030080735,S0108-58AA-0010,3030080735,CN,1,0.5,0,CU,10,AWG
12075,KSA3030080740,S0108-58AA-0017,3030080740,CN,1,0.5,0,CU,10,AWG
12076,KSA3030080745,S0108-58AA-0002,3030080745,CN,1,0.5,0,CU,10,AWG
12077,KSA3030080750,S0108-58AA-0017,3030080750,CN,1,0.5,0,CU,10,AWG
12078,KSA3030080751,S0108-58AA-0017,3030080751,CN,1,0.5,0,CU,10,AWG
12079,KSA3030080752,S0108-58AA-0017,3030080752,CN,1,0.5,0,CU,10,AWG
12080,KSA3030080755,S0108-58AA-0016,3030080755,CN,1,0.5,0,CU,10,AWG
12081,KSA3030080758,S0108-58AA-0016,3030080758,CN,1,0.5,0,CU,10,AWG
12082,KSA3030080759,S0108-58AA-0016,3030080759,CN,1,0.5,0,CU,10,AWG
12083,KSA3030080760,S0108-58AA-0016,3030080760,CN,1,0.5,0,CU,10,AWG
12084,KSA3030080761,S0108-58AA-0016,3030080761,CN,1,0.5,0,CU,10,AWG
12085,KSA3030080765,S0108-058M-0015,3030080765,CN,1,0.5,0,CU,10,AWG
12086,KSA3030080768,S0108-058M-0015,3030080768,CN,1,0.5,0,CU,10,AWG
12087,KSA3030080770,S0108-058M-0016,3030080770,CN,1,0.5,0,CU,10,AWG
12088,KSA3030080775,S0108-058M-0014,3030080775,CN,1,0.5,0,CU,10,AWG
12089,KSA3030080780,S0108-058M-0014,3030080780,CN,1,0.5,0,CU,10,AWG
12090,KSA3030080785,S0108-058M-0014,3030080785,CN,1,0.5,0,CU,10,AWG
12091,KSA3030080790,S0108-058M-0014,3030080790,CN,1,0.5,0,CU,10,AWG
12092,KSA3030080793,S0108-058M-0014,3030080793,CN,1,0.5,0,CU,10,AWG
12093,KSA3030080795,S0108-58AA-0002,3030080795,CN,1,0.5,0,CU,10,AWG
12094,KSA3030080798,S0108-058M-0013,3030080798,CN,1,0.5,0,CU,10,AWG
12095,KSA3030080799,S0108-058M-0014,3030080799,CN,1,0.5,0,CU,10,AWG
12096,KSA3030080800,S0108-058M-0014,3030080800,CN,1,0.5,0,CU,10,AWG
12097,KSA3030080805,S0108-058M-0014,3030080805,CN,1,0.5,0,CU,10,AWG
12098,KSA3030080810,S0108-058M-0014,3030080810,CN,1,0.5,0,CU,10,AWG
12099,KSA3030080815,S0108-058M-0013,3030080815,CN,1,0.5,0,CU,10,AWG
12100,KSA3030080820,S0108-058M-0013,3030080820,CN,1,0.5,0,CU,10,AWG
12101,KSA3030080825,S0108-58AA-0018,3030080825,CN,1,0.5,0,CU,10,AWG
12102,KSA3030080830,S0108-058M-0013,3030080830,CN,1,0.5,0,CU,10,AWG
12103,KSA3030080835,S0108-58AA-0017,3030080835,CN,1,0.5,0,CU,10,AWG
12104,KSA3030080850,S0108-058M-0012,3030080850,CN,1,0.5,0,CU,10,AWG
12105,KSA3030080854,S0108-058M-0012,3030080854,CN,1,0.5,0,CU,10,AWG
12106,KSA3030080855,S0108-058M-0012,3030080855,CN,1,0.5,0,CU,10,AWG
12107,KSA3030080860,S0108-058M-0012,3030080860,CN,1,0.5,0,CU,10,AWG
12108,KSA3030080861,S0108-058M-0012,3030080861,CN,1,0.5,0,CU,10,AWG
12109,KSA3030080863,S0108-058M-0011,3030080863,CN,1,0.5,0,CU,10,AWG
12110,KSA3030080864,S0108-058M-0011,3030080864,CN,1,0.5,0,CU,10,AWG
12111,KSA3030080865,S0108-058M-0011,3030080865,CN,1,0.5,0,CU,10,AWG
12112,KSA3030080868,S0108-058M-0011,3030080868,CN,1,0.5,0,CU,10,AWG
12113,KSA3030080870,S0108-058M-0010,3030080870,CN,1,0.5,0,CU,10,AWG
12114,KSA3030080890,S0108-058M-0010,3030080890,CN,1,0.5,0,CU,10,AWG
12115,KSA3030080895,S0108-058M-0009,3030080895,CN,1,0.5,0,CU,10,AWG
12116,KSA3030080900,S0108-058M-0008,3030080900,CN,1,0.5,0,CU,10,AWG
12117,KSA3030080901,S0108-058M-0009,3030080901,CN,1,0.5,0,CU,10,AWG
12118,KSA3030080903,S0108-058M-0010,3030080903,CN,1,0.5,0,CU,10,AWG
12119,KSA3030080905,S0108-058M-0009,3030080905,CN,1,0.5,0,CU,10,AWG
12120,KSA3030080908,S0108-058M-0009,3030080908,CN,1,0.5,0,CU,10,AWG
12121,KSA3030080910,S0108-058M-0009,3030080910,CN,1,0.5,0,CU,10,AWG
12122,KSA3030080912,S0108-058M-0010,3030080912,CN,1,0.5,0,CU,10,AWG
12123,KSA3030080915,S0108-058M-0010,3030080915,CN,1,0.5,0,CU,10,AWG
12124,KSA3030080920,S0108-058M-0010,3030080920,CN,1,0.5,0,CU,10,AWG
12125,KSA3030080925,S0108-58AV-0017,3030080925,CN,1,0.5,0,CU,10,AWG
12126,KSA3030080930,S0108-058M-0007,3030080930,CN,1,0.5,0,CU,10,AWG
12127,KSA3030080935,S0108-058M-0006,3030080935,CN,1,0.5,0,CU,10,AWG
12128,KSA3030080943,S0108-058M-0006,3030080943,CN,1,0.5,0,CU,10,AWG
12129,KSA3030080945,S0108-058M-0003,3030080945,CN,1,0.5,0,CU,10,AWG
12130,KSA3030080946,S0108-058M-0003,3030080946,CN,1,0.5,0,CU,10,AWG
12131,KSA3030080955,S0108-058M-0002,3030080955,CN,1,0.5,0,CU,10,AWG
12132,KSA3030080960,S0108-058M-0002,3030080960,CN,1,0.5,0,CU,10,AWG
12133,KSA3030080965,S0108-58AV-0018,3030080965,CN,1,0.5,0,CU,10,AWG
12134,KSA3030080970,S0108-058M-0002,3030080970,CN,1,0.5,0,CU,10,AWG
12135,KSA3030080975,S0108-58AV-0015,3030080975,CN,1,0.5,0,CU,10,AWG
12136,KSA3030080980,S0108-058M-0002,3030080980,CN,1,0.5,0,CU,10,AWG
12137,KSA3030080985,S0108-58AV-0009,3030080985,CN,1,0.5,0,CU,10,AWG
12138,KSA3030081010,S0108-58AV-0013,3030081010,CN,1,0.5,0,CU,10,AWG
12139,KSA3030081015,S0108-58AV-0017,3030081015,CN,1,0.5,0,CU,10,AWG
12140,KSA3030081020,S0108-58AV-0018,3030081020,CN,1,0.5,0,CU,10,AWG
12141,KSA3030081030,S0108-058M-0013,3030081030,CN,1,0.5,0,CU,10,AWG
12142,KSA3030081035,S0108-58AA-0016,3030081035,CN,1,0.5,0,CU,10,AWG
12143,KSA3030081040,S0108-58AA-0007,3030081040,CN,1,0.5,0,CU,10,AWG
12144,KSA3030081045,S0108-58AA-0008,3030081045,CN,1,0.5,0,CU,10,AWG
12145,KSA3030081050,S0108-58AA-0008,3030081050,CN,1,0.5,0,CU,10,AWG
12146,KSA3030081060,S0108-58AV-0021,3030081060,CN,1,0.5,0,CU,10,AWG
12147,KSA3030081065,S0108-58AA-0002,3030081065,CN,1,0.5,0,CU,10,AWG
12148,KSA3030081080,S0108-058M-0002,3030081080,CN,1,0.5,0,CU,10,AWG
12149,KSA3030081085,S0108-58AV-0006,3030081085,CN,1,0.5,0,CU,10,AWG
12150,KSA3030081100,S0108-058M-0002,3030081100,CN,1,0.5,0,CU,10,AWG
12151,KSA3030081105,S0108-058M-0006,3030081105,CN,1,0.5,0,CU,10,AWG
12152,KSA3030081110,S0108-58AV-0009,3030081110,CN,1,0.5,0,CU,10,AWG
12153,KSA3030081115,S0108-58AV-0024,3030081115,CN,1,0.5,0,CU,10,AWG
12154,KSA3030081120,S0108-58AA-0018,3030081120,CN,1,0.5,0,CU,10,AWG
12155,KSA3030081125,S0108-58AA-0011,3030081125,CN,1,0.5,0,CU,10,AWG
12156,KSA3030081130,S0108-58AV-0015,3030081130,CN,1,0.5,0,CU,10,AWG
12157,KSA3030081135,S0108-58AV-0024,3030081135,CN,1,0.5,0,CU,10,AWG
12158,KSA3030081145,S0108-058M-0009,3030081145,CN,1,0.5,0,CU,10,AWG
12159,KSA3030081150,S0108-58AA-0007,3030081150,CN,1,0.5,0,CU,10,AWG
12160,KSA3030081165,S0108-58AA-0014,3030081165,CN,1,0.5,0,CU,10,AWG
12161,KSA3030081180,S0108-58AA-0009,3030081180,CN,1,0.5,0,CU,10,AWG
12162,KSA3030081185,S0108-058M-0014,3030081185,CN,1,0.5,0,CU,10,AWG
12163,KSA3030081190,S0108-58AV-0005,3030081190,CN,1,0.5,0,CU,10,AWG
12164,KSA3030081210,S0108-58AV-0005,3030081210,CN,1,0.5,0,CU,10,AWG
12165,KSA3030081215,S0108-58AV-0021,3030081215,CN,1,0.5,0,CU,10,AWG
12166,KSA3030081220,S0108-58AV-0024,3030081220,CN,1,0.5,0,CU,10,AWG
12167,KSA3030081225,S0108-58AV-0024,3030081225,CN,1,0.5,0,CU,10,AWG
12168,KSA3030081230,S0108-058M-0006,3030081230,CN,1,0.5,0,CU,10,AWG
12169,KSA3030081235,S0108-58AA-0008,3030081235,CN,1,0.5,0,CU,10,AWG
12170,KSA3030081236,S0108-058M-0009,3030081236,CN,1,0.5,0,CU,10,AWG
12171,KSA3030081237,S0108-058M-0009,3030081237,CN,1,0.5,0,CU,10,AWG
12172,KSA3030081239,S0108-58AV-0008,3030081239,CN,1,0.5,0,CU,10,AWG
12173,KSA3030081240,S0108-58AA-0004,3030081240,CN,1,0.5,0,CU,10,AWG
12174,KSA3030081241,S0108-58AA-0012,3030081241,CN,1,0.5,0,CU,10,AWG
12175,KSA3030081243,S0108-058M-0013,3030081243,CN,1,0.5,0,CU,10,AWG
12176,KSA3030081244,S0108-058M-0012,3030081244,CN,1,0.5,0,CU,10,AWG
12177,KSA3030081245,S0108-58AA-0006,3030081245,CN,1,0.5,0,CU,10,AWG
12178,KSA3030081247,S0108-058M-0013,3030081247,CN,1,0.5,0,CU,10,AWG
12179,KSA3030081249,S0108-58AV-0020,3030081249,CN,1,0.5,0,CU,10,AWG
12180,KSA3030081250,S0108-58AV-017A,3030081250,CN,1,0.5,0,CU,10,AWG
12181,KSA3030081253,S0108-058M-0006,3030081253,CN,1,0.5,0,CU,10,AWG
12182,KSA3030081255,S0108-58AV-0015,3030081255,CN,1,0.5,0,CU,10,AWG
12183,KSA3030081260,S0108-58AV-0015,3030081260,CN,1,0.5,0,CU,10,AWG
12184,KSA3030081261,S0108-58AV-0015,3030081261,CN,1,0.5,0,CU,10,AWG
12185,KSA3030081264,S0108-58AV-0015,3030081264,CN,1,0.5,0,CU,10,AWG
12186,KSA3030081265,S0108-58AV-0015,3030081265,CN,1,0.5,0,CU,10,AWG
12187,KSA3030081266,S0108-58AV-0015,3030081266,CN,1,0.5,0,CU,10,AWG
12188,KSA3030081267,S0108-58AV-0015,3030081267,CN,1,0.5,0,CU,10,AWG
12189,KSA3030081268,S0108-58AV-0015,3030081268,CN,1,0.5,0,CU,10,AWG
12190,KSA3030081270,S0108-58AV-0015,3030081270,CN,1,0.5,0,CU,10,AWG
12191,KSA3030081271,S0108-58AV-0015,3030081271,CN,1,0.5,0,CU,10,AWG
12192,KSA3030081272,S0108-58AV-0015,3030081272,CN,1,0.5,0,CU,10,AWG
12193,KSA3030081273,S0108-58AV-0015,3030081273,CN,1,0.5,0,CU,10,AWG
12194,KSA3030081274,S0108-58AV-0015,3030081274,CN,1,0.5,0,CU,10,AWG
12195,KSA3030081277,S0108-58AV-0015,3030081277,CN,1,0.5,0,CU,10,AWG
12196,KSA3030081278,S0108-58AV-0015,3030081278,CN,1,0.5,0,CU,10,AWG
12197,KSA3030081280,S0108-58AV-0015,3030081280,CN,1,0.5,0,CU,10,AWG
12198,KSA3030081281,S0108-58AV-0015,3030081281,CN,1,0.5,0,CU,10,AWG
12199,KSA3030081282,S0108-58AV-0015,3030081282,CN,1,0.5,0,CU,10,AWG
12200,KSA3030081283,S0108-0033-0010,3030081283,CN,1,0.5,0,CU,10,AWG
12201,KSA3030081286,S0108-0033-0010,3030081286,CN,1,0.5,0,CU,10,AWG
12202,KSA3030081288,S0108-0033-0010,3030081288,CN,1,0.5,0,CU,10,AWG
12203,KSA3030081290,S0108-0033-0010,3030081290,CN,1,0.5,0,CU,10,AWG
12204,KSA3030081292,S0108-0033-0010,3030081292,CN,1,0.5,0,CU,10,AWG
12205,KSA3030081293,S0108-0033-0010,3030081293,CN,1,0.5,0,CU,10,AWG
12206,KSA3030081296,S0108-0033-0010,3030081296,CN,1,0.5,0,CU,10,AWG
12207,KSA3030081299,S0108-0033-0010,3030081299,CN,1,0.5,0,CU,10,AWG
12208,KSA3030081300,S0108-0033-0010,3030081300,CN,1,0.5,0,CU,10,AWG
12209,KSA3030081301,S0108-0033-0010,3030081301,CN,1,0.5,0,CU,10,AWG
12210,KSA3030081302,S0108-0033-0010,3030081302,CN,1,0.5,0,CU,10,AWG
12211,KSA3030081303,S0108-0033-0010,3030081303,CN,1,0.5,0,CU,10,AWG
12212,KSA3030081304,S0108-0033-0010,3030081304,CN,1,0.5,0,CU,10,AWG
12213,KSA3030081305,S0108-0033-0010,3030081305,CN,1,0.5,0,CU,10,AWG
12214,KSA3030081306,S0108-0033-0010,3030081306,CN,1,0.5,0,CU,10,AWG
12215,KSA3030081307,S0108-0033-0010,3030081307,CN,1,0.5,0,CU,10,AWG
12216,KSA3030081308,S0108-0033-0010,3030081308,CN,1,0.5,0,CU,10,AWG
12217,KSA3030081309,S0108-0033-0010,3030081309,CN,1,0.5,0,CU,10,AWG
12218,KSA3030081310,S0108-0033-0010,3030081310,CN,1,0.5,0,CU,10,AWG
12219,KSA3030081311,S0108-0033-0010,3030081311,CN,1,0.5,0,CU,10,AWG
12220,KSA3030081312,S0108-0033-0010,3030081312,CN,1,0.5,0,CU,10,AWG
12221,KSA3030081313,S0108-0033-0010,3030081313,CN,1,0.5,0,CU,10,AWG
12222,KSA3030081314,S0108-0033-0010,3030081314,CN,1,0.5,0,CU,10,AWG
12223,KSA3030081315,S0108-0033-0010,3030081315,CN,1,0.5,0,CU,10,AWG
12224,KSA3030090010,S0108-0033-0010,3030090010,CN,1,0.5,0,CU,10,AWG
12225,KSA3030090020,S0108-0033-0010,3030090020,CN,1,0.5,0,CU,10,AWG
12226,KSA3030090030,S0108-0033-0009,3030090030,CN,1,0.5,0,CU,10,AWG
12227,KSA3030090035,S0108-0033-0009,3030090035,CN,1,0.5,0,CU,10,AWG
12228,KSA3030090036,S0108-0033-0006,3030090036,CN,1,0.5,0,CU,10,AWG
12229,KSA3030090037,S0108-0033-0009,3030090037,CN,1,0.5,0,CU,10,AWG
12230,KSA3030090040,S0108-0033-009a,3030090040,CN,1,0.5,0,CU,10,AWG
12231,KSA3030090043,S0108-0033-009a,3030090043,CN,1,0.5,0,CU,10,AWG
12232,KSA3030090045,S0108-0033-0009,3030090045,CN,1,0.5,0,CU,10,AWG
12233,KSA3030090046,S0108-0033-009a,3030090046,CN,1,0.5,0,CU,10,AWG
12234,KSA3030090047,S0108-0033-009a,3030090047,CN,1,0.5,0,CU,10,AWG
12235,KSA3030090050,S0108-0033-009a,3030090050,CN,1,0.5,0,CU,10,AWG
12236,KSA3030090052,S0108-0033-009a,3030090052,CN,1,0.5,0,CU,10,AWG
12237,KSA3030090053,S0108-0033-0008,3030090053,CN,1,0.5,0,CU,10,AWG
12238,KSA3030090055,S0108-0033-009a,3030090055,CN,1,0.5,0,CU,10,AWG
12239,KSA3030090060,S0108-0033-009b,3030090060,CN,1,0.5,0,CU,10,AWG
12240,KSA3030090070,S0108-0033-009b,3030090070,CN,1,0.5,0,CU,10,AWG
12241,KSA3030090075,S0108-0033-009b,3030090075,CN,1,0.5,0,CU,10,AWG
12242,KSA3030090076,S0108-0033-009c,3030090076,CN,1,0.5,0,CU,10,AWG
12243,KSA3030090077,S0108-0033-009c,3030090077,CN,1,0.5,0,CU,10,AWG
12244,KSA3030090079,S0108-0033-009c,3030090079,CN,1,0.5,0,CU,10,AWG
12245,KSA3030090080,S0108-0033-009c,3030090080,CN,1,0.5,0,CU,10,AWG
12246,KSA3030090081,S0108-0033-009c,3030090081,CN,1,0.5,0,CU,10,AWG
12247,KSA3030090082,S0108-0033-009c,3030090082,CN,1,0.5,0,CU,10,AWG
12248,KSA3030090083,S0108-0033-009c,3030090083,CN,1,0.5,0,CU,10,AWG
12249,KSA3030090084,S0108-0033-009c,3030090084,CN,1,0.5,0,CU,10,AWG
12250,KSA3030090085,S0108-0033-009c,3030090085,CN,1,0.5,0,CU,10,AWG
12251,KSA3030090086,S0108-0033-009c,3030090086,CN,1,0.5,0,CU,10,AWG
12252,KSA3030090087,S0108-0033-009c,3030090087,CN,1,0.5,0,CU,10,AWG
12253,KSA3030090090,S0108-0033-009c,3030090090,CN,1,0.5,0,CU,10,AWG
12254,KSA3030090100,S0108-0033-009c,3030090100,CN,1,0.5,0,CU,10,AWG
12255,KSA3030090105,S0108-0033-0006,3030090105,CN,1,0.5,0,CU,10,AWG
12256,KSA3030090110,S0108-0033-009e,3030090110,CN,1,0.5,0,CU,10,AWG
12257,KSA3030090115,S0108-0033-009d,3030090115,CN,1,0.5,0,CU,10,AWG
12258,KSA3030090120,S0108-0033-009d,3030090120,CN,1,0.5,0,CU,10,AWG
12259,KSA3030090125,S0108-059j-002a,3030090125,AN,1,0.5,0,CU,10,AWG
12260,KSA3030090130,S0108-0033-009d,3030090130,CN,1,0.5,0,CU,10,AWG
12261,KSA3030090135,S0108-0060-0012,3030090135,CN,1,0.5,0,CU,10,AWG
12262,KSA3030090140,S0108-0033-009e,3030090140,CN,1,0.5,0,CU,10,AWG
12263,KSA3030090145,S0108-0033-009e,3030090145,CN,1,0.5,0,CU,10,AWG
12264,KSA3030090150,S0108-0033-009e,3030090150,CN,1,0.5,0,CU,10,AWG
12265,KSA3030090151,S0108-0033-009e,3030090151,CN,1,0.5,0,CU,10,AWG
12266,KSA3030090152,S0108-0033-009d,3030090152,CN,1,0.5,0,CU,10,AWG
12267,KSA3030090155,S0108-0033-0009,3030090155,CN,1,0.5,0,CU,10,AWG
12268,KSA3030090156,S0108-0033-0009,3030090156,CN,1,0.5,0,CU,10,AWG
12269,KSA3030090158,S0108-0033-0009,3030090158,CN,1,0.5,0,CU,10,AWG
12270,KSA3030090159,S0108-0033-009a,3030090159,CN,1,0.5,0,CU,10,AWG
12271,KSA3030090160,S0108-0033-0003,3030090160,CN,1,0.5,0,CU,10,AWG
12272,KSA3030090165,S0108-0045-0003,3030090165,CN,1,0.5,0,CU,10,AWG
12273,KSA3030090175,S0108-059f-0006,3030090175,AN,1,0.5,0,CU,10,AWG
12274,KSA3030090180,S0108-0033-009a,3030090180,CN,1,0.5,0,CU,10,AWG
12275,KSA3030090185,S0108-0033-0006,3030090185,CN,1,0.5,0,CU,10,AWG
12276,KSA3030090190,S0108-0033-0008,3030090190,CN,1,0.5,0,CU,10,AWG
12277,KSA3030090195,S0108-0045-0004,3030090195,CN,1,0.5,0,CU,10,AWG
12278,KSA3030090200,S0108-0033-0008,3030090200,CN,1,0.5,0,CU,10,AWG
12279,KSA3030090205,S0108-0033-0005,3030090205,CN,1,0.5,0,CU,10,AWG
12280,KSA3030090206,S0108-0033-0006,3030090206,CN,1,0.5,0,CU,10,AWG
12281,KSA3030090207,S0108-0033-0006,3030090207,CN,1,0.5,0,CU,10,AWG
12282,KSA3030090210,S0108-0033-0008,3030090210,CN,1,0.5,0,CU,10,AWG
12283,KSA3030090211,S0108-0033-0006,3030090211,CN,1,0.5,0,CU,10,AWG
12284,KSA3030090215,S0108-0033-0008,3030090215,CN,1,0.5,0,CU,10,AWG
12285,KSA3030090216,S0108-0033-0007,3030090216,CN,1,0.5,0,CU,10,AWG
12286,KSA3030090225,S0108-0045-0004,3030090225,CN,1,0.5,0,CU,10,AWG
12287,KSA3030090235,S0108-0060-0008,3030090235,CN,1,0.5,0,CU,10,AWG
12288,KSA3030090240,S0108-0033-0007,3030090240,CN,1,0.5,0,CU,10,AWG
12289,KSA3030090245,S0108-0033-0007,3030090245,CN,1,0.5,0,CU,10,AWG
12290,KSA3030090250,S0108-0033-0007,3030090250,CN,1,0.5,0,CU,10,AWG
12291,KSA3030090255,S0108-0033-0004,3030090255,CN,1,0.5,0,CU,10,AWG
12292,KSA3030090256,S0108-0033-0005,3030090256,CN,1,0.5,0,CU,10,AWG
12293,KSA3030090258,S0108-0033-0008,3030090258,CN,1,0.5,0,CU,10,AWG
12294,KSA3030090260,S0108-0033-0007,3030090260,CN,1,0.5,0,CU,10,AWG
12295,KSA3030090261,S0108-0033-0006,3030090261,CN,1,0.5,0,CU,10,AWG
12296,KSA3030090262,S0108-0033-0006,3030090262,CN,1,0.5,0,CU,10,AWG
12297,KSA3030090263,S0108-0033-0006,3030090263,CN,1,0.5,0,CU,10,AWG
12298,KSA3030090264,S0108-0033-0006,3030090264,CN,1,0.5,0,CU,10,AWG
12299,KSA3030090265,S0108-0033-0005,3030090265,CN,1,0.5,0,CU,10,AWG
12300,KSA3030090266,S0108-0033-0006,3030090266,CN,1,0.5,0,CU,10,AWG
12301,KSA3030090267,S0108-0033-0006,3030090267,CN,1,0.5,0,CU,10,AWG
12302,KSA3030090268,S0108-0033-005a,3030090268,CN,1,0.5,0,CU,10,AWG
12303,KSA3030090269,S0108-0033-0006,3030090269,CN,1,0.5,0,CU,10,AWG
12304,KSA3030090271,S0108-0033-0005,3030090271,CN,1,0.5,0,CU,10,AWG
12305,KSA3030090272,S0108-0033-0006,3030090272,CN,1,0.5,0,CU,10,AWG
12306,KSA3030090273,S0108-0033-0005,3030090273,CN,1,0.5,0,CU,10,AWG
12307,KSA3030090276,S0108-0033-0006,3030090276,CN,1,0.5,0,CU,10,AWG
12308,KSA3030090277,S0108-0033-0006,3030090277,CN,1,0.5,0,CU,10,AWG
12309,KSA3030090278,S0108-0033-0001,3030090278,CN,1,0.5,0,CU,10,AWG
12310,KSA3030090279,S0108-0033-0006,3030090279,CN,1,0.5,0,CU,10,AWG
12311,KSA3030090280,S0108-0033-0001,3030090280,CN,1,0.5,0,CU,10,AWG
12312,KSA3030090283,S0108-0045-0010,3030090283,CN,1,0.5,0,CU,10,AWG
12313,KSA3030090285,S0108-0045-0009,3030090285,CN,1,0.5,0,CU,10,AWG
12314,KSA3030090286,S0108-0045-0007,3030090286,CN,1,0.5,0,CU,10,AWG
12315,KSA3030090290,S0108-0045-007a,3030090290,CN,1,0.5,0,CU,10,AWG
12316,KSA3030090295,S0108-059f-002A,3030090295,AN,1,0.5,0,CU,10,AWG
12317,KSA3030090300,S0108-0045-007a,3030090300,CN,1,0.5,0,CU,10,AWG
12318,KSA3030090305,S0108-059j-004b,3030090305,AN,1,0.5,0,CU,10,AWG
12319,KSA3030090310,S0108-0045-007b,3030090310,CN,1,0.5,0,CU,10,AWG
12320,KSA3030090315,S0108-0045-007b,3030090315,CN,1,0.5,0,CU,10,AWG
12321,KSA3030090316,S0108-0045-007b,3030090316,CN,1,0.5,0,CU,10,AWG
12322,KSA3030090320,S0108-0045-007b,3030090320,CN,1,0.5,0,CU,10,AWG
12323,KSA3030090321,S0108-0045-0007,3030090321,CN,1,0.5,0,CU,10,AWG
12324,KSA3030090322,S0108-0045-0007,3030090322,CN,1,0.5,0,CU,10,AWG
12325,KSA3030090323,S0108-0045-0007,3030090323,CN,1,0.5,0,CU,10,AWG
12326,KSA3030090328,S0108-0045-0007,3030090328,CN,1,0.5,0,CU,10,AWG
12327,KSA3030090330,S0108-0045-0007,3030090330,CN,1,0.5,0,CU,10,AWG
12328,KSA3030090335,S0108-0045-0005,3030090335,CN,1,0.5,0,CU,10,AWG
12329,KSA3030090340,S0108-0045-0007,3030090340,CN,1,0.5,0,CU,10,AWG
12330,KSA3030090345,S0108-0045-0006,3030090345,CN,1,0.5,0,CU,10,AWG
12331,KSA3030090350,S0108-0045-0006,3030090350,CN,1,0.5,0,CU,10,AWG
12332,KSA3030090355,S0108-0045-0006,3030090355,CN,1,0.5,0,CU,10,AWG
12333,KSA3030090356,S0108-0045-0006,3030090356,CN,1,0.5,0,CU,10,AWG
12334,KSA3030090358,S0108-0045-0006,3030090358,CN,1,0.5,0,CU,10,AWG
12335,KSA3030090360,S0108-0045-0006,3030090360,CN,1,0.5,0,CU,10,AWG
12336,KSA3030090365,S0108-0045-0006,3030090365,CN,1,0.5,0,CU,10,AWG
12337,KSA3030090371,S0108-0045-0006,3030090371,CN,1,0.5,0,CU,10,AWG
12338,KSA3030090375,S0108-0033-005a,3030090375,CN,1,0.5,0,CU,10,AWG
12339,KSA3030090376,S0108-0033-0005,3030090376,CN,1,0.5,0,CU,10,AWG
12340,KSA3030090380,S0108-0045-0006,3030090380,CN,1,0.5,0,CU,10,AWG
12341,KSA3030090385,S0108-0045-0006,3030090385,CN,1,0.5,0,CU,10,AWG
12342,KSA3030090390,S0108-0045-0005,3030090390,CN,1,0.5,0,CU,10,AWG
12343,KSA3030090395,S0108-0033-0007,3030090395,CN,1,0.5,0,CU,10,AWG
12344,KSA3030090400,S0108-0045-007d,3030090400,CN,1,0.5,0,CU,10,AWG
12345,KSA3030090405,S0108-0045-0005,3030090405,CN,1,0.5,0,CU,10,AWG
12346,KSA3030090410,S0108-0045-0005,3030090410,CN,1,0.5,0,CU,10,AWG
12347,KSA3030090415,S0108-0033-0006,3030090415,CN,1,0.5,0,CU,10,AWG
12348,KSA3030090423,S0108-0045-0005,3030090423,CN,1,0.5,0,CU,10,AWG
12349,KSA3030090425,S0108-0045-0005,3030090425,CN,1,0.5,0,CU,10,AWG
12350,KSA3030090429,S0108-0045-0005,3030090429,CN,1,0.5,0,CU,10,AWG
12351,KSA3030090430,S0108-0045-0005,3030090430,CN,1,0.5,0,CU,10,AWG
12352,KSA3030090431,S0108-0045-0005,3030090431,CN,1,0.5,0,CU,10,AWG
12353,KSA3030090433,S0108-0045-0005,3030090433,CN,1,0.5,0,CU,10,AWG
12354,KSA3030090434,S0108-0045-0005,3030090434,CN,1,0.5,0,CU,10,AWG
12355,KSA3030090435,S0108-0045-0004,3030090435,CN,1,0.5,0,CU,10,AWG
12356,KSA3030090436,S0108-0045-0005,3030090436,CN,1,0.5,0,CU,10,AWG
12357,KSA3030090437,S0108-0045-0005,3030090437,CN,1,0.5,0,CU,10,AWG
12358,KSA3030090445,S0108-0045-0005,3030090445,CN,1,0.5,0,CU,10,AWG
12359,KSA3030090450,S0108-0045-0004,3030090450,CN,1,0.5,0,CU,10,AWG
12360,KSA3030090451,S0108-0045-0004,3030090451,CN,1,0.5,0,CU,10,AWG
12361,KSA3030090455,S0108-0045-0005,3030090455,CN,1,0.5,0,CU,10,AWG
12362,KSA3030090460,S0108-0045-0004,3030090460,CN,1,0.5,0,CU,10,AWG
12363,KSA3030090462,S0108-0045-0004,3030090462,CN,1,0.5,0,CU,10,AWG
12364,KSA3030090463,S0108-0045-0005,3030090463,CN,1,0.5,0,CU,10,AWG
12365,KSA3030090464,S0108-0045-0004,3030090464,CN,1,0.5,0,CU,10,AWG
12366,KSA3030090465,S0108-0045-0004,3030090465,CN,1,0.5,0,CU,10,AWG
12367,KSA3030090467,S0108-0045-0004,3030090467,CN,1,0.5,0,CU,10,AWG
12368,KSA3030090470,S0108-0045-0003,3030090470,CN,1,0.5,0,CU,10,AWG
12369,KSA3030090475,S0108-0045-0005,3030090475,CN,1,0.5,0,CU,10,AWG
12370,KSA3030090480,S0108-0045-0003,3030090480,CN,1,0.5,0,CU,10,AWG
12371,KSA3030090485,S0108-059j-005A,3030090485,AN,1,0.5,0,CU,10,AWG
12372,KSA3030090492,S0108-0045-0003,3030090492,CN,1,0.5,0,CU,10,AWG
12373,KSA3030090493,S0108-0045-0003,3030090493,CN,1,0.5,0,CU,10,AWG
12374,KSA3030090494,S0108-0045-0003,3030090494,CN,1,0.5,0,CU,10,AWG
12375,KSA3030090495,S0108-0045-0002,3030090495,CN,1,0.5,0,CU,10,AWG
12376,KSA3030090500,S0108-0045-0002,3030090500,CN,1,0.5,0,CU,10,AWG
12377,KSA3030090505,S0108-0060-0001,3030090505,CN,1,0.5,0,CU,10,AWG
12378,KSA3030090510,S0108-0045-007a,3030090510,CN,1,0.5,0,CU,10,AWG
12379,KSA3030090512,S0108-0045-007a,3030090512,CN,1,0.5,0,CU,10,AWG
12380,KSA3030090515,S0108-0045-0002,3030090515,CN,1,0.5,0,CU,10,AWG
12381,KSA3030090520,S0108-0045-0002,3030090520,CN,1,0.5,0,CU,10,AWG
12382,KSA3030090521,S0108-0045-0002,3030090521,CN,1,0.5,0,CU,10,AWG
12383,KSA3030090522,S0108-0045-0002,3030090522,CN,1,0.5,0,CU,10,AWG
12384,KSA3030090524,S0108-0045-0002,3030090524,CN,1,0.5,0,CU,10,AWG
12385,KSA3030090525,S0108-0045-0002,3030090525,CN,1,0.5,0,CU,10,AWG
12386,KSA3030090526,S0108-0045-0002,3030090526,CN,1,0.5,0,CU,10,AWG
12387,KSA3030090527,S0108-0045-0002,3030090527,CN,1,0.5,0,CU,10,AWG
12388,KSA3030090528,S0108-0060-0014,3030090528,CN,1,0.5,0,CU,10,AWG
12389,KSA3030090529,S0108-0045-0002,3030090529,CN,1,0.5,0,CU,10,AWG
12390,KSA3030090530,S0108-0045-0002,3030090530,CN,1,0.5,0,CU,10,AWG
12391,KSA3030090531,S0108-0045-0001,3030090531,CN,1,0.5,0,CU,10,AWG
12392,KSA3030090532,S0108-0060-0013,3030090532,CN,1,0.5,0,CU,10,AWG
12393,KSA3030090534,S0108-0060-0014,3030090534,CN,1,0.5,0,CU,10,AWG
12394,KSA3030090535,S0108-0060-0013,3030090535,CN,1,0.5,0,CU,10,AWG
12395,KSA3030090537,S0108-0060-0014,3030090537,CN,1,0.5,0,CU,10,AWG
12396,KSA3030090538,S0108-0060-0012,3030090538,CN,1,0.5,0,CU,10,AWG
12397,KSA3030090540,S0108-0060-0012,3030090540,CN,1,0.5,0,CU,10,AWG
12398,KSA3030090541,S0108-0060-0014,3030090541,CN,1,0.5,0,CU,10,AWG
12399,KSA3030090545,S0108-0060-0012,3030090545,CN,1,0.5,0,CU,10,AWG
12400,KSA3030090550,S0108-0060-0012,3030090550,CN,1,0.5,0,CU,10,AWG
12401,KSA3030090553,S0108-0060-0010,3030090553,CN,1,0.5,0,CU,10,AWG
12402,KSA3030090554,S0108-0060-0009,3030090554,CN,1,0.5,0,CU,10,AWG
12403,KSA3030090555,S0108-0060-0011,3030090555,CN,1,0.5,0,CU,10,AWG
12404,KSA3030090556,S0108-0060-0011,3030090556,CN,1,0.5,0,CU,10,AWG
12405,KSA3030090558,S0108-0060-0009,3030090558,CN,1,0.5,0,CU,10,AWG
12406,KSA3030090559,S0108-0060-0009,3030090559,CN,1,0.5,0,CU,10,AWG
12407,KSA3030090565,S0108-0060-0009,3030090565,CN,1,0.5,0,CU,10,AWG
12408,KSA3030090570,S0108-0060-0009,3030090570,CN,1,0.5,0,CU,10,AWG
12409,KSA3030090571,S0108-0060-0008,3030090571,CN,1,0.5,0,CU,10,AWG
12410,KSA3030090572,S0108-0060-0008,3030090572,CN,1,0.5,0,CU,10,AWG
12411,KSA3030090575,S0108-0060-0008,3030090575,CN,1,0.5,0,CU,10,AWG
12412,KSA3030090580,S0108-0060-0007,3030090580,CN,1,0.5,0,CU,10,AWG
12413,KSA3030090581,S0108-0060-0007,3030090581,CN,1,0.5,0,CU,10,AWG
12414,KSA3030090585,S0108-0059-0001,3030090585,CN,1,0.5,0,CU,10,AWG
12415,KSA3030090595,S0108-0033-0006,3030090595,CN,1,0.5,0,CU,10,AWG
12416,KSA3030090605,S0108-0033-009c,3030090605,CN,1,0.5,0,CU,10,AWG
12417,KSA3030090610,S0108-059f-001a,3030090610,AN,1,0.5,0,CU,10,AWG
12418,KSA3030090615,S0108-059f-0006,3030090615,AN,1,0.5,0,CU,10,AWG
12419,KSA3030090620,S0108-059f-001a,3030090620,AN,1,0.5,0,CU,10,AWG
12420,KSA3030090625,S0108-059f-001a,3030090625,AN,1,0.5,0,CU,10,AWG
12421,KSA3030090630,S0108-059f-001a,3030090630,AN,1,0.5,0,CU,10,AWG
12422,KSA3030090631,S0108-059f-002A,3030090631,AN,1,0.5,0,CU,10,AWG
12423,KSA3030090632,S0108-059f-002A,3030090632,AN,1,0.5,0,CU,10,AWG
12424,KSA3030090633,S0108-059j-0003,3030090633,AN,1,0.5,0,CU,10,AWG
12425,KSA3030090635,S0108-0033-009e,3030090635,CN,1,0.5,0,CU,10,AWG
12426,KSA3030090640,S0108-059f-001a,3030090640,AN,1,0.5,0,CU,10,AWG
12427,KSA3030090641,S0108-059f-002A,3030090641,AN,1,0.5,0,CU,10,AWG
12428,KSA3030090642,S0108-059f-001a,3030090642,AN,1,0.5,0,CU,10,AWG
12429,KSA3030090643,S0108-059f-002A,3030090643,AN,1,0.5,0,CU,10,AWG
12430,KSA3030090644,S0108-059f-002A,3030090644,AN,1,0.5,0,CU,10,AWG
12431,KSA3030090645,S0108-059f-0002,3030090645,AN,1,0.5,0,CU,10,AWG
12432,KSA3030090646,S0108-059f-002A,3030090646,AN,1,0.5,0,CU,10,AWG
12433,KSA3030090648,S0108-059f-002A,3030090648,AN,1,0.5,0,CU,10,AWG
12434,KSA3030090649,S0108-059f-002A,3030090649,AN,1,0.5,0,CU,10,AWG
12435,KSA3030090650,S0108-059f-0002,3030090650,AN,1,0.5,0,CU,10,AWG
12436,KSA3030090651,S0108-059f-0002,3030090651,AN,1,0.5,0,CU,10,AWG
12437,KSA3030090652,S0108-059f-002A,3030090652,AN,1,0.5,0,CU,10,AWG
12438,KSA3030090653,S0108-059f-001a,3030090653,AN,1,0.5,0,CU,10,AWG
12439,KSA3030090654,S0108-059f-002A,3030090654,AN,1,0.5,0,CU,10,AWG
12440,KSA3030090656,S0108-059j-005A,3030090656,AN,1,0.5,0,CU,10,AWG
12441,KSA3030090658,S0108-059f-0005,3030090658,AN,1,0.5,0,CU,10,AWG
12442,KSA3030090659,S0108-059f-0005,3030090659,AN,1,0.5,0,CU,10,AWG
12443,KSA3030090660,S0108-059f-0005,3030090660,AN,1,0.5,0,CU,10,AWG
12444,KSA3030090661,S0108-059f-0005,3030090661,AN,1,0.5,0,CU,10,AWG
12445,KSA3030090662,S0108-059f-0005,3030090662,AN,1,0.5,0,CU,10,AWG
12446,KSA3030090665,S0108-059f-0006,3030090665,AN,1,0.5,0,CU,10,AWG
12447,KSA3030090670,S0108-059j-0001,3030090670,AN,1,0.5,0,CU,10,AWG
12448,KSA3030090671,S0108-059f-0006,3030090671,AN,1,0.5,0,CU,10,AWG
12449,KSA3030090672,S0108-059f-0006,3030090672,AN,1,0.5,0,CU,10,AWG
12450,KSA3030090673,S0108-059f-0006,3030090673,AN,1,0.5,0,CU,10,AWG
12451,KSA3030090674,S0108-059f-002A,3030090674,AN,1,0.5,0,CU,10,AWG
12452,KSA3030090675,S0108-059f-0006,3030090675,AN,1,0.5,0,CU,10,AWG
12453,KSA3030090680,S0108-059f-0006,3030090680,AN,1,0.5,0,CU,10,AWG
12454,KSA3030090683,S0108-059f-0006,3030090683,AN,1,0.5,0,CU,10,AWG
12455,KSA3030090685,S0108-059j-002a,3030090685,AN,1,0.5,0,CU,10,AWG
12456,KSA3030090690,S0108-059j-002a,3030090690,AN,1,0.5,0,CU,10,AWG
12457,KSA3030090693,S0108-0045-0003,3030090693,CN,1,0.5,0,CU,10,AWG
12458,KSA3030090694,S0108-059j-002a,3030090694,AN,1,0.5,0,CU,10,AWG
12459,KSA3030090695,S0108-059j-002a,3030090695,AN,1,0.5,0,CU,10,AWG
12460,KSA3030090700,S0108-059j-002a,3030090700,AN,1,0.5,0,CU,10,AWG
12461,KSA3030090705,S0108-0033-0006,3030090705,CN,1,0.5,0,CU,10,AWG
12462,KSA3030090715,S0108-059f-0005,3030090715,AN,1,0.5,0,CU,10,AWG
12463,KSA3030090720,S0108-059j-0003,3030090720,AN,1,0.5,0,CU,10,AWG
12464,KSA3030090724,S0108-059f-001a,3030090724,AN,1,0.5,0,CU,10,AWG
12465,KSA3030090725,S0108-059j-0003,3030090725,AN,1,0.5,0,CU,10,AWG
12466,KSA3030090726,S0108-059j-0003,3030090726,AN,1,0.5,0,CU,10,AWG
12467,KSA3030090730,S0108-059j-0003,3030090730,AN,1,0.5,0,CU,10,AWG
12468,KSA3030090735,S0108-059j-0005,3030090735,AN,1,0.5,0,CU,10,AWG
12469,KSA3030090740,S0108-059j-0003,3030090740,AN,1,0.5,0,CU,10,AWG
12470,KSA3030090745,S0108-059j-0003,3030090745,AN,1,0.5,0,CU,10,AWG
12471,KSA3030090750,S0108-059j-0004,3030090750,AN,1,0.5,0,CU,10,AWG
12472,KSA3030090755,S0108-059j-0004,3030090755,AN,1,0.5,0,CU,10,AWG
12473,KSA3030090760,S0108-059j-0004,3030090760,AN,1,0.5,0,CU,10,AWG
12474,KSA3030090763,S0108-059j-005A,3030090763,AN,1,0.5,0,CU,10,AWG
12475,KSA3030090764,S0108-059j-0005,3030090764,AN,1,0.5,0,CU,10,AWG
12476,KSA3030090765,S0108-059j-0005,3030090765,AN,1,0.5,0,CU,10,AWG
12477,KSA3030090766,S0108-059j-0005,3030090766,AN,1,0.5,0,CU,10,AWG
12478,KSA3030090767,S0108-059j-005A,3030090767,AN,1,0.5,0,CU,10,AWG
12479,KSA3030090768,S0108-059j-0004,3030090768,AN,1,0.5,0,CU,10,AWG
12480,KSA3030090770,S0108-059j-0004,3030090770,AN,1,0.5,0,CU,10,AWG
12481,KSA3030090771,S0108-059j-0005,3030090771,AN,1,0.5,0,CU,10,AWG
12482,KSA3030090772,S0108-059j-0005,3030090772,AN,1,0.5,0,CU,10,AWG
12483,KSA3030090775,S0108-059j-004a,3030090775,AN,1,0.5,0,CU,10,AWG
12484,KSA3030090780,S0108-059j-002a,3030090780,AN,1,0.5,0,CU,10,AWG
12485,KSA3030090785,S0108-059j-004a,3030090785,AN,1,0.5,0,CU,10,AWG
12486,KSA3030090790,S0108-059j-004a,3030090790,AN,1,0.5,0,CU,10,AWG
12487,KSA3030090793,S0108-0060-0012,3030090793,CN,1,0.5,0,CU,10,AWG
12488,KSA3030090795,S0108-059j-002a,3030090795,AN,1,0.5,0,CU,10,AWG
12489,KSA3030090800,S0108-059j-004a,3030090800,AN,1,0.5,0,CU,10,AWG
12490,KSA3030090804,S0108-059j-002a,3030090804,AN,1,0.5,0,CU,10,AWG
12491,KSA3030090805,S0108-059j-004b,3030090805,AN,1,0.5,0,CU,10,AWG
12492,KSA3030090806,S0108-059j-004b,3030090806,AN,1,0.5,0,CU,10,AWG
12493,KSA3030090810,S0108-059j-004b,3030090810,AN,1,0.5,0,CU,10,AWG
12494,KSA3030090815,S0108-059f-0006,3030090815,AN,1,0.5,0,CU,10,AWG
12495,KSA3030090820,S0108-059j-004c,3030090820,AN,1,0.5,0,CU,10,AWG
12496,KSA3030090825,S0108-059j-004c,3030090825,AN,1,0.5,0,CU,10,AWG
12497,KSA3030090830,S0108-059j-004c,3030090830,AN,1,0.5,0,CU,10,AWG
12498,KSA3030090835,S0108-059j-004b,3030090835,AN,1,0.5,0,CU,10,AWG
12499,KSA3030090840,S0108-059j-004c,3030090840,AN,1,0.5,0,CU,10,AWG
12500,KSA3030090841,S0108-059j-004c,3030090841,AN,1,0.5,0,CU,10,AWG
12501,KSA3030090845,S0108-059j-004c,3030090845,AN,1,0.5,0,CU,10,AWG
12502,KSA3030090850,S0108-059j-004c,3030090850,AN,1,0.5,0,CU,10,AWG
12503,KSA3030090855,S0108-0045-0005,3030090855,CN,1,0.5,0,CU,10,AWG
12504,KSA3030090860,S0108-059j-004c,3030090860,AN,1,0.5,0,CU,10,AWG
12505,KSA3030090865,S0108-059j-004c,3030090865,AN,1,0.5,0,CU,10,AWG
12506,KSA3030090866,S0108-059j-004c,3030090866,AN,1,0.5,0,CU,10,AWG
12507,KSA3030090870,S0108-059j-004c,3030090870,AN,1,0.5,0,CU,10,AWG
12508,KSA3030090873,S0108-059j-004c,3030090873,AN,1,0.5,0,CU,10,AWG
12509,KSA3030090874,S0108-059j-004c,3030090874,AN,1,0.5,0,CU,10,AWG
12510,KSA3030090875,S0108-059j-004c,3030090875,AN,1,0.5,0,CU,10,AWG
12511,KSA3030090880,S0108-0060-0005,3030090880,CN,1,0.5,0,CU,10,AWG
12512,KSA3030090885,S0108-0033-0004,3030090885,CN,1,0.5,0,CU,10,AWG
12513,KSA3030090890,S0108-0060-0005,3030090890,CN,1,0.5,0,CU,10,AWG
12514,KSA3030090895,S0108-059f-001a,3030090895,AN,1,0.5,0,CU,10,AWG
12515,KSA3030090900,S0108-0060-0004,3030090900,CN,1,0.5,0,CU,10,AWG
12516,KSA3030090905,S0108-0060-0004,3030090905,CN,1,0.5,0,CU,10,AWG
12517,KSA3030090910,S0108-0060-0005,3030090910,CN,1,0.5,0,CU,10,AWG
12518,KSA3030090915,S0108-0060-0004,3030090915,CN,1,0.5,0,CU,10,AWG
12519,KSA3030090920,S0108-0060-0004,3030090920,CN,1,0.5,0,CU,10,AWG
12520,KSA3030090925,S0108-059f-002A,3030090925,AN,1,0.5,0,CU,10,AWG
12521,KSA3030090930,S0108-0060-0004,3030090930,CN,1,0.5,0,CU,10,AWG
12522,KSA3030090935,S0108-0060-0003,3030090935,CN,1,0.5,0,CU,10,AWG
12523,KSA3030090940,S0108-0060-0003,3030090940,CN,1,0.5,0,CU,10,AWG
12524,KSA3030090945,S0108-059j-004c,3030090945,AN,1,0.5,0,CU,10,AWG
12525,KSA3030090950,S0108-0060-0003,3030090950,CN,1,0.5,0,CU,10,AWG
12526,KSA3030090955,S0108-059f-001a,3030090955,AN,1,0.5,0,CU,10,AWG
12527,KSA3030090960,S0108-0060-0001,3030090960,CN,1,0.5,0,CU,10,AWG
12528,KSA3030090965,S0108-0045-0004,3030090965,CN,1,0.5,0,CU,10,AWG
12529,KSA3030090970,S0108-0060-0001,3030090970,CN,1,0.5,0,CU,10,AWG
12530,KSA3030090975,S0108-059j-0003,3030090975,AN,1,0.5,0,CU,10,AWG
12531,KSA3030090983,S0108-0060-0001,3030090983,CN,1,0.5,0,CU,10,AWG
12532,KSA3030090986,S0108-0060-0001,3030090986,CN,1,0.5,0,CU,10,AWG
12533,KSA3030090990,S0108-0060-0001,3030090990,CN,1,0.5,0,CU,10,AWG
12534,KSA3030090995,S0108-0045-0007,3030090995,CN,1,0.5,0,CU,10,AWG
12535,KSA3030091000,S0108-0060-0001,3030091000,CN,1,0.5,0,CU,10,AWG
12536,KSA3030091005,S0108-0060-0001,3030091005,CN,1,0.5,0,CU,10,AWG
12537,KSA3030091015,S0108-0060-0011,3030091015,CN,1,0.5,0,CU,10,AWG
12538,KSA3030091020,S0108-0060-0001,3030091020,CN,1,0.5,0,CU,10,AWG
12539,KSA3030091025,S0108-0060-0001,3030091025,CN,1,0.5,0,CU,10,AWG
12540,KSA3030091030,S0108-0060-0001,3030091030,CN,1,0.5,0,CU,10,AWG
12541,KSA3030091035,S0108-0060-0001,3030091035,CN,1,0.5,0,CU,10,AWG
12542,KSA3030091045,S0108-0033-009e,3030091045,CN,1,0.5,0,CU,10,AWG
12543,KSA3030091050,S0108-0060-0001,3030091050,CN,1,0.5,0,CU,10,AWG
12544,KSA3030091055,S0108-0060-0002,3030091055,CN,1,0.5,0,CU,10,AWG
12545,KSA3030091060,S0108-0060-0001,3030091060,CN,1,0.5,0,CU,10,AWG
12546,KSA3030091065,S0108-059f-002A,3030091065,AN,1,0.5,0,CU,10,AWG
12547,KSA3030091070,S0108-0045-0004,3030091070,CN,1,0.5,0,CU,10,AWG
12548,KSA3030091075,S0108-0045-0007,3030091075,CN,1,0.5,0,CU,10,AWG
12549,KSA3030091080,S0108-0033-0004,3030091080,CN,1,0.5,0,CU,10,AWG
12550,KSA3030091085,S0108-0033-0009,3030091085,CN,1,0.5,0,CU,10,AWG
12551,KSA3030091090,S0108-0033-0006,3030091090,CN,1,0.5,0,CU,10,AWG
12552,KSA3030091095,S0108-0060-0010,3030091095,CN,1,0.5,0,CU,10,AWG
12553,KSA3030091105,S0108-0045-0006,3030091105,CN,1,0.5,0,CU,10,AWG
12554,KSA3030091110,S0108-0045-0006,3030091110,CN,1,0.5,0,CU,10,AWG
12555,KSA3030091115,S0108-0033-0006,3030091115,CN,1,0.5,0,CU,10,AWG
12556,KSA3030091120,S0108-059j-0002,3030091120,AN,1,0.5,0,CU,10,AWG
12557,KSA3030091125,S0108-0060-0004,3030091125,CN,1,0.5,0,CU,10,AWG
12558,KSA3030091130,S0108-0045-0004,3030091130,CN,1,0.5,0,CU,10,AWG
12559,KSA3030091135,S0108-0033-0006,3030091135,CN,1,0.5,0,CU,10,AWG
12560,KSA3030091140,S0108-0045-0010,3030091140,CN,1,0.5,0,CU,10,AWG
12561,KSA3030091150,S0108-0045-0006,3030091150,CN,1,0.5,0,CU,10,AWG
12562,KSA3030091155,S0108-059f-001a,3030091155,AN,1,0.5,0,CU,10,AWG
12563,KSA3030091160,S0108-0033-009e,3030091160,CN,1,0.5,0,CU,10,AWG
12564,KSA3030091165,S0108-0060-0012,3030091165,CN,1,0.5,0,CU,10,AWG
12565,KSA3030091170,S0108-0060-0009,3030091170,CN,1,0.5,0,CU,10,AWG
12566,KSA3030091175,S0108-0033-009a,3030091175,CN,1,0.5,0,CU,10,AWG
12567,KSA3030091180,S0108-0045-0006,3030091180,CN,1,0.5,0,CU,10,AWG
12568,KSA3030091185,S0108-0060-0013,3030091185,CN,1,0.5,0,CU,10,AWG
12569,KSA3030091190,S0108-0060-0014,3030091190,CN,1,0.5,0,CU,10,AWG
12570,KSA3030091195,S0108-0033-009a,3030091195,CN,1,0.5,0,CU,10,AWG
12571,KSA3030091200,S0108-0033-009c,3030091200,CN,1,0.5,0,CU,10,AWG
12572,KSA3030091205,S0108-059f-002A,3030091205,AN,1,0.5,0,CU,10,AWG
12573,KSA3030091210,S0108-0060-0011,3030091210,CN,1,0.5,0,CU,10,AWG
12574,KSA3030091215,S0108-0060-0009,3030091215,CN,1,0.5,0,CU,10,AWG
12575,KSA3030091220,S0108-0060-0011,3030091220,CN,1,0.5,0,CU,10,AWG
12576,KSA3030091225,S0108-059f-0006,3030091225,AN,1,0.5,0,CU,10,AWG
12577,KSA3030091230,S0108-059f-001a,3030091230,AN,1,0.5,0,CU,10,AWG
12578,KSA3030091235,S0108-0045-0004,3030091235,CN,1,0.5,0,CU,10,AWG
12579,KSA3030091240,S0108-0045-0004,3030091240,CN,1,0.5,0,CU,10,AWG
12580,KSA3030091245,S0108-0045-0004,3030091245,CN,1,0.5,0,CU,10,AWG
12581,KSA3030091250,S0108-0045-0004,3030091250,CN,1,0.5,0,CU,10,AWG
12582,KSA3030091255,S0108-0045-0005,3030091255,CN,1,0.5,0,CU,10,AWG
12583,KSA3030091256,S0108-0045-0002,3030091256,CN,1,0.5,0,CU,10,AWG
12584,KSA3030091259,S0108-0045-0002,3030091259,CN,1,0.5,0,CU,10,AWG
12585,KSA3030091262,S0108-0045-0006,3030091262,CN,1,0.5,0,CU,10,AWG
12586,KSA3030091264,S0108-0033-0008,3030091264,CN,1,0.5,0,CU,10,AWG
12587,KSA3030091266,S0108-0060-0001,3030091266,CN,1,0.5,0,CU,10,AWG
12588,KSA3030091267,S0108-0033-009e,3030091267,CN,1,0.5,0,CU,10,AWG
12589,KSA3030091268,S0108-0060-0001,3030091268,CN,1,0.5,0,CU,10,AWG
12590,KSA3030091269,S0108-059j-0004,3030091269,AN,1,0.5,0,CU,10,AWG
12591,KSA3030091270,S0108-0060-0007,3030091270,CN,1,0.5,0,CU,10,AWG
12592,KSA3030091271,S0108-059j-0003,3030091271,AN,1,0.5,0,CU,10,AWG
12593,KSA3030091272,S0108-059j-0002,3030091272,AN,1,0.5,0,CU,10,AWG
12594,KSA3030091273,S0108-0060-0001,3030091273,CN,1,0.5,0,CU,10,AWG
12595,KSA3030091274,S0108-0045-007b,3030091274,CN,1,0.5,0,CU,10,AWG
12596,KSA3030091275,S0108-059f-002A,3030091275,AN,1,0.5,0,CU,10,AWG
12597,KSA3030091276,S0108-0045-0006,3030091276,CN,1,0.5,0,CU,10,AWG
12598,KSA3030091277,S0108-0045-0006,3030091277,CN,1,0.5,0,CU,10,AWG
12599,KSA3030091278,S0108-0045-0005,3030091278,CN,1,0.5,0,CU,10,AWG
12600,KSA3030091279,S0108-059j-0002,3030091279,AN,1,0.5,0,CU,10,AWG
12601,KSA3030091280,S0108-059f-002A,3030091280,AN,1,0.5,0,CU,10,AWG
12602,KSA3030091281,S0108-059f-002A,3030091281,AN,1,0.5,0,CU,10,AWG
12603,KSA3030091282,S0108-059f-002A,3030091282,AN,1,0.5,0,CU,10,AWG
12604,KSA3030091283,S0108-059f-002A,3030091283,AN,1,0.5,0,CU,10,AWG
12605,KSA3030091284,S0108-059f-002A,3030091284,AN,1,0.5,0,CU,10,AWG
12606,KSA3030091285,S0108-059f-002A,3030091285,AN,1,0.5,0,CU,10,AWG
12607,KSA3030091286,S0108-059f-002A,3030091286,AN,1,0.5,0,CU,10,AWG
12608,KSA3030091287,S0108-059f-002A,3030091287,AN,1,0.5,0,CU,10,AWG
12609,KSA3030091288,S0108-059f-002A,3030091288,AN,1,0.5,0,CU,10,AWG
12610,KSA3030091289,S0108-059f-002A,3030091289,AN,1,0.5,0,CU,10,AWG
12611,KSA3030091290,S0108-059f-002A,3030091290,AN,1,0.5,0,CU,10,AWG
12612,KSA3030091291,S0108-059f-002A,3030091291,AN,1,0.5,0,CU,10,AWG
12613,KSA3030091292,S0108-059f-002A,3030091292,AN,1,0.5,0,CU,10,AWG
12614,KSA3030091293,S0108-059f-002A,3030091293,AN,1,0.5,0,CU,10,AWG
12615,KSA3030091294,S0108-059f-002A,3030091294,AN,1,0.5,0,CU,10,AWG
12616,KSA3030091295,S0108-059f-002A,3030091295,AN,1,0.5,0,CU,10,AWG
12617,KSA3030091296,S0108-059f-002A,3030091296,AN,1,0.5,0,CU,10,AWG
12618,KSA3030091297,S0108-0045-007d,3030091297,CN,1,0.5,0,CU,10,AWG
12619,KSA3030091298,S0108-0045-007d,3030091298,CN,1,0.5,0,CU,10,AWG
12620,KSA3030091299,S0108-0045-007d,3030091299,CN,1,0.5,0,CU,10,AWG
12621,KSA3030091300,S0108-0045-007d,3030091300,CN,1,0.5,0,CU,10,AWG
12622,KSA3030091301,S0108-0045-007d,3030091301,CN,1,0.5,0,CU,10,AWG
12623,KSA3030091302,S0108-0045-007d,3030091302,CN,1,0.5,0,CU,10,AWG
12624,KSA3030091303,S0108-0045-007d,3030091303,CN,1,0.5,0,CU,10,AWG
12625,KSA3030091304,S0108-0045-007d,3030091304,CN,1,0.5,0,CU,10,AWG
12626,KSA3030091305,S0108-0045-007d,3030091305,CN,1,0.5,0,CU,10,AWG
12627,KSA3030091306,S0108-0045-007d,3030091306,CN,1,0.5,0,CU,10,AWG
12628,KSA3030091307,S0108-0045-007d,3030091307,CN,1,0.5,0,CU,10,AWG
12629,KSA3030091308,S0108-0045-007d,3030091308,CN,1,0.5,0,CU,10,AWG
12630,KSA3030091309,S0108-0045-007d,3030091309,CN,1,0.5,0,CU,10,AWG
12631,KSA3030091310,S0108-0045-007d,3030091310,CN,1,0.5,0,CU,10,AWG
12632,KSA3030091311,S0108-0045-007d,3030091311,CN,1,0.5,0,CU,10,AWG
12633,KSA3030091312,S0108-0045-007d,3030091312,CN,1,0.5,0,CU,10,AWG
12634,KSA3030091313,S0108-0045-007d,3030091313,CN,1,0.5,0,CU,10,AWG
12635,KSA3030091314,S0108-0045-007d,3030091314,CN,1,0.5,0,CU,10,AWG
12636,KSA3030091315,S0108-0045-007d,3030091315,CN,1,0.5,0,CU,10,AWG
12637,KSA3030091316,S0108-0045-007d,3030091316,CN,1,0.5,0,CU,10,AWG
12638,KSA3030091317,S0108-0045-007d,3030091317,CN,1,0.5,0,CU,10,AWG
12639,KSA3030091318,S0108-0045-007d,3030091318,CN,1,0.5,0,CU,10,AWG
12640,KSA3030091319,S0108-0045-007d,3030091319,CN,1,0.5,0,CU,10,AWG
12641,KSA3030091320,S0108-0045-007d,3030091320,CN,1,0.5,0,CU,10,AWG
12642,KSA3030091321,S0108-0045-007d,3030091321,CN,1,0.5,0,CU,10,AWG
12643,KSA3030091322,S0108-0045-007d,3030091322,CN,1,0.5,0,CU,10,AWG
12644,KSA3030091323,S0108-0045-007d,3030091323,CN,1,0.5,0,CU,10,AWG
12645,KSA3030091324,S0108-0045-007d,3030091324,CN,1,0.5,0,CU,10,AWG
12646,KSA3030091325,S0108-0045-007d,3030091325,CN,1,0.5,0,CU,10,AWG
12647,KSA3030091326,S0108-0045-007d,3030091326,CN,1,0.5,0,CU,10,AWG
12648,KSA3030091327,S0108-0045-007d,3030091327,CN,1,0.5,0,CU,10,AWG
12649,KSA3030091328,S0108-0045-007d,3030091328,CN,1,0.5,0,CU,10,AWG
12650,KSA3030091329,S0108-0045-007d,3030091329,CN,1,0.5,0,CU,10,AWG
12651,KSA3030091330,S0108-0045-007d,3030091330,CN,1,0.5,0,CU,10,AWG
12652,KSA3030091331,S0108-0045-007d,3030091331,CN,1,0.5,0,CU,10,AWG
12653,KSA3030091332,S0108-0045-007d,3030091332,CN,1,0.5,0,CU,10,AWG
12654,KSA3030091333,S0108-0045-007d,3030091333,CN,1,0.5,0,CU,10,AWG
12655,KSA3030091334,S0108-0045-007d,3030091334,CN,1,0.5,0,CU,10,AWG
12656,KSA3030091335,S0108-0045-007d,3030091335,CN,1,0.5,0,CU,10,AWG
12657,KSA3030091336,S0108-0045-007d,3030091336,CN,1,0.5,0,CU,10,AWG
12658,KSA3030091337,S0108-0045-007d,3030091337,CN,1,0.5,0,CU,10,AWG
12659,KSA3030100010,S0108-0045-007d,3030100010,CN,1,0.5,0,CU,10,AWG
12660,KSA3030100020,S0108-0045-007d,3030100020,CN,1,0.5,0,CU,10,AWG
12661,KSA3030100025,S0108-0045-007e,3030100025,CN,1,0.5,0,CU,10,AWG
12662,KSA3030100030,S0108-0045-007f,3030100030,CN,1,0.5,0,CU,10,AWG
12663,KSA3030100040,S0108-0045-007d,3030100040,CN,1,0.5,0,CU,10,AWG
12664,KSA3030100050,S0108-0045-007e,3030100050,CN,1,0.5,0,CU,10,AWG
12665,KSA3030100060,S0108-0045-007d,3030100060,CN,1,0.5,0,CU,10,AWG
12666,KSA3030100070,S0108-0045-007d,3030100070,CN,1,0.5,0,CU,10,AWG
12667,KSA3030100080,S0108-0045-007e,3030100080,CN,1,0.5,0,CU,10,AWG
12668,KSA3030100090,S0108-0045-007d,3030100090,CN,1,0.5,0,CU,10,AWG
12669,KSA3030100100,S0108-0045-007f,3030100100,CN,1,0.5,0,CU,10,AWG
12670,KSA3030100105,S0108-0045-007f,3030100105,CN,1,0.5,0,CU,10,AWG
12671,KSA3030100110,S0108-0045-007f,3030100110,CN,1,0.5,0,CU,10,AWG
12672,KSA3030100115,S0108-0045-007f,3030100115,CN,1,0.5,0,CU,10,AWG
12673,KSA3030100120,S0108-0045-007f,3030100120,CN,1,0.5,0,CU,10,AWG
12674,KSA3030100125,S0108-0045-007d,3030100125,CN,1,0.5,0,CU,10,AWG
12675,KSA3030100130,S0108-0045-007f,3030100130,CN,1,0.5,0,CU,10,AWG
12676,KSA3030100135,S0108-0045-007d,3030100135,CN,1,0.5,0,CU,10,AWG
12677,KSA3030100140,S0108-0045-007e,3030100140,CN,1,0.5,0,CU,10,AWG
12678,KSA3030100145,S0108-0045-007g,3030100145,CN,1,0.5,0,CU,10,AWG
12679,KSA3030100150,S0108-0045-007f,3030100150,CN,1,0.5,0,CU,10,AWG
12680,KSA3030100160,S0108-0045-007f,3030100160,CN,1,0.5,0,CU,10,AWG
12681,KSA3030100170,S0108-0045-007f,3030100170,CN,1,0.5,0,CU,10,AWG
12682,KSA3030100175,S0108-0045-007g,3030100175,CN,1,0.5,0,CU,10,AWG
12683,KSA3030100180,S0108-0045-007f,3030100180,CN,1,0.5,0,CU,10,AWG
12684,KSA3030100200,S0108-0045-007f,3030100200,CN,1,0.5,0,CU,10,AWG
12685,KSA3030100205,S0108-0045-007f,3030100205,CN,1,0.5,0,CU,10,AWG
12686,KSA3030100210,S0108-0045-007e,3030100210,CN,1,0.5,0,CU,10,AWG
12687,KSA3030100220,S0108-0045-007e,3030100220,CN,1,0.5,0,CU,10,AWG
12688,KSA3030100230,S0108-0045-007d,3030100230,CN,1,0.5,0,CU,10,AWG
12689,KSA3030100240,S0108-0045-007d,3030100240,CN,1,0.5,0,CU,10,AWG
12690,KSA3030100250,S0108-0045-007h,3030100250,CN,1,0.5,0,CU,10,AWG
12691,KSA3030100260,S0108-0045-007d,3030100260,CN,1,0.5,0,CU,10,AWG
12692,KSA3030100270,S0108-0045-007e,3030100270,CN,1,0.5,0,CU,10,AWG
12693,KSA3030100290,S0108-0045-007f,3030100290,CN,1,0.5,0,CU,10,AWG
12694,KSA3030100300,S0108-0045-007d,3030100300,CN,1,0.5,0,CU,10,AWG
12695,KSA3030100310,S0108-0045-007h,3030100310,CN,1,0.5,0,CU,10,AWG
12696,KSA3030100320,S0108-0045-007h,3030100320,CN,1,0.5,0,CU,10,AWG
12697,KSA3030100330,S0108-0045-007h,3030100330,CN,1,0.5,0,CU,10,AWG
12698,KSA3030100340,S0108-0045-007d,3030100340,CN,1,0.5,0,CU,10,AWG
12699,KSA3030100341,S0108-0045-007d,3030100341,CN,1,0.5,0,CU,10,AWG
12700,KSA3030100343,S0108-0045-007d,3030100343,CN,1,0.5,0,CU,10,AWG
12701,KSA3030200100,S108-58R11-0003,3030200100,CN,1,0.5,0,CU,10,AWG
12702,KSA3030200105,S108-58R11-0003,3030200105,CN,1,0.5,0,CU,10,AWG
12703,KSA3030200110,S108-58R11-005d,3030200110,CN,1,0.5,0,CU,10,AWG
12704,KSA3030200115,S108-58R11-005d,3030200115,CN,1,0.5,0,CU,10,AWG
12705,KSA3030200120,S108-58R11-005d,3030200120,CN,1,0.5,0,CU,10,AWG
12706,KSA3030200125,S108-58R11-005d,3030200125,CN,1,0.5,0,CU,10,AWG
12707,KSA3030200130,S108-58R11-005d,3030200130,CN,1,0.5,0,CU,10,AWG
12708,KSA3030200135,S108-58R11-0006,3030200135,CN,1,0.5,0,CU,10,AWG
12709,KSA3030200140,S108-58R11-0007,3030200140,CN,1,0.5,0,CU,10,AWG
12710,KSA3030200145,S108-58R11-0007,3030200145,CN,1,0.5,0,CU,10,AWG
12711,KSA3030200150,S108-58R11-005d,3030200150,CN,1,0.5,0,CU,10,AWG
12712,KSA3030200155,S108-58R11-0009,3030200155,CN,1,0.5,0,CU,10,AWG
12713,KSA3030200160,S108-58R11-0009,3030200160,CN,1,0.5,0,CU,10,AWG
12714,KSA3030200165,S108-58R11-0009,3030200165,CN,1,0.5,0,CU,10,AWG
12715,KSA3030200170,S108-58R11-0010,3030200170,CN,1,0.5,0,CU,10,AWG
12716,KSA3030200175,S108-58R11-0010,3030200175,CN,1,0.5,0,CU,10,AWG
12717,KSA3030200180,S108-58R11-0010,3030200180,CN,1,0.5,0,CU,10,AWG
12718,KSA3030200185,S108-58R11-0011,3030200185,CN,1,0.5,0,CU,10,AWG
12719,KSA3030200190,S108-58R11-0011,3030200190,CN,1,0.5,0,CU,10,AWG
12720,KSA3030200195,S108-58R11-0011,3030200195,CN,1,0.5,0,CU,10,AWG
12721,KSA3030200200,S108-58R11-0011,3030200200,CN,1,0.5,0,CU,10,AWG
12722,KSA3030200205,S108-58R11-0011,3030200205,CN,1,0.5,0,CU,10,AWG
12723,KSA3030200210,S108-58R11-0011,3030200210,CN,1,0.5,0,CU,10,AWG
12724,KSA3030200215,S108-58R11-0011,3030200215,CN,1,0.5,0,CU,10,AWG
12725,KSA3030200220,S108-58R11-0011,3030200220,CN,1,0.5,0,CU,10,AWG
12726,KSA3030200225,S108-58R11-0011,3030200225,CN,1,0.5,0,CU,10,AWG
12727,KSA3030200230,S108-58R11-0011,3030200230,CN,1,0.5,0,CU,10,AWG
12728,KSA3030200235,S108-58R11-0011,3030200235,CN,1,0.5,0,CU,10,AWG
12729,KSA3030200240,S108-58R11-0011,3030200240,CN,1,0.5,0,CU,10,AWG
12730,KSA3030200245,S108-58R11-0012,3030200245,CN,1,0.5,0,CU,10,AWG
12731,KSA3030200250,S108-58R11-0012,3030200250,CN,1,0.5,0,CU,10,AWG
12732,KSA3030200255,S108-58R11-0012,3030200255,CN,1,0.5,0,CU,10,AWG
12733,KSA3030200260,S108-58R11-0012,3030200260,CN,1,0.5,0,CU,10,AWG
12734,KSA3030200265,S108-58R11-0012,3030200265,CN,1,0.5,0,CU,10,AWG
12735,KSA3030200270,S108-58R11-0012,3030200270,CN,1,0.5,0,CU,10,AWG
12736,KSA3030200275,S108-58R11-0012,3030200275,CN,1,0.5,0,CU,10,AWG
12737,KSA3030200280,S108-58R11-0012,3030200280,CN,1,0.5,0,CU,10,AWG
12738,KSA3030200285,S108-58R11-0012,3030200285,CN,1,0.5,0,CU,10,AWG
12739,KSA3030200295,S108-58R11-0012,3030200295,CN,1,0.5,0,CU,10,AWG
12740,KSA3030200300,S108-58R11-0012,3030200300,CN,1,0.5,0,CU,10,AWG
12741,KSA3030200305,S108-58R11-0012,3030200305,CN,1,0.5,0,CU,10,AWG
12742,KSA3030200310,S108-58R11-0013,3030200310,CN,1,0.5,0,CU,10,AWG
12743,KSA3030200315,S108-58R11-0013,3030200315,CN,1,0.5,0,CU,10,AWG
12744,KSA3030200320,S108-58R11-0013,3030200320,CN,1,0.5,0,CU,10,AWG
12745,KSA3030200325,S108-58R11-0013,3030200325,CN,1,0.5,0,CU,10,AWG
12746,KSA3030200330,S108-58R11-0014,3030200330,CN,1,0.5,0,CU,10,AWG
12747,KSA3030200335,S108-58R11-0014,3030200335,CN,1,0.5,0,CU,10,AWG
12748,KSA3030200340,S108-58R11-0014,3030200340,CN,1,0.5,0,CU,10,AWG
12749,KSA3030200345,S108-58R11-0014,3030200345,CN,1,0.5,0,CU,10,AWG
12750,KSA3030200350,S108-58R11-0014,3030200350,CN,1,0.5,0,CU,10,AWG
12751,KSA3030200355,S108-58R11-0014,3030200355,CN,1,0.5,0,CU,10,AWG
12752,KSA3030200365,S108-58R11-015A,3030200365,CN,1,0.5,0,CU,10,AWG
12753,KSA3030200370,S108-58R11-015A,3030200370,CN,1,0.5,0,CU,10,AWG
12754,KSA3030200375,S108-58R11-015A,3030200375,CN,1,0.5,0,CU,10,AWG
12755,KSA3030200380,S108-58R11-015A,3030200380,CN,1,0.5,0,CU,10,AWG
12756,KSA3030200385,S108-58R11-015A,3030200385,CN,1,0.5,0,CU,10,AWG
12757,KSA3030200390,S108-58R11-0015,3030200390,CN,1,0.5,0,CU,10,AWG
12758,KSA3030200395,S108-58R11-0018,3030200395,CN,1,0.5,0,CU,10,AWG
12759,KSA3030200400,S108-58R11-0018,3030200400,CN,1,0.5,0,CU,10,AWG
12760,KSA3030200405,S108-58R11-0018,3030200405,CN,1,0.5,0,CU,10,AWG
12761,KSA3030200410,S108-58R11-0018,3030200410,CN,1,0.5,0,CU,10,AWG
12762,KSA3030200415,S108-58R11-0018,3030200415,CN,1,0.5,0,CU,10,AWG
12763,KSA3030200420,S108-58R11-0018,3030200420,CN,1,0.5,0,CU,10,AWG
12764,KSA3030200425,S108-58R11-0019,3030200425,CN,1,0.5,0,CU,10,AWG
12765,KSA3030200430,S108-58R11-0019,3030200430,CN,1,0.5,0,CU,10,AWG
12766,KSA3030200435,S108-58R11-0019,3030200435,CN,1,0.5,0,CU,10,AWG
12767,KSA3030200440,S108-58R11-0019,3030200440,CN,1,0.5,0,CU,10,AWG
12768,KSA3030200445,S108-58R11-0019,3030200445,CN,1,0.5,0,CU,10,AWG
12769,KSA3030200450,S108-58R11-0012,3030200450,CN,1,0.5,0,CU,10,AWG
12770,KSA3030200455,S108-58R11-0011,3030200455,CN,1,0.5,0,CU,10,AWG
12771,KSA3030200460,S108-58R11-0012,3030200460,CN,1,0.5,0,CU,10,AWG
12772,KSA3030200465,S108-58R11-0013,3030200465,CN,1,0.5,0,CU,10,AWG
12773,KSA3030200470,S108-58R11-0018,3030200470,CN,1,0.5,0,CU,10,AWG
12774,KSA3030200475,S108-58R11-0018,3030200475,CN,1,0.5,0,CU,10,AWG
12775,KSA3030200480,S108-58R11-0018,3030200480,CN,1,0.5,0,CU,10,AWG
12776,KSA3030200485,S108-58R11-0018,3030200485,CN,1,0.5,0,CU,10,AWG
12777,KSA3030200495,S108-58R11-0019,3030200495,CN,1,0.5,0,CU,10,AWG
12778,KSA3030200500,S108-58R11-0016,3030200500,CN,1,0.5,0,CU,10,AWG
12779,KSA3030200505,S108-58R11-0011,3030200505,CN,1,0.5,0,CU,10,AWG
12780,KSA3030200510,S108-58R11-0011,3030200510,CN,1,0.5,0,CU,10,AWG
12781,KSA3030200515,S108-58R11-0019,3030200515,CN,1,0.5,0,CU,10,AWG
12782,KSA3030200520,S108-58R11-015A,3030200520,CN,1,0.5,0,CU,10,AWG
12783,KSA3030200525,S108-58R11-0011,3030200525,CN,1,0.5,0,CU,10,AWG
12784,KSA3030200530,S108-58R11-0019,3030200530,CN,1,0.5,0,CU,10,AWG
12785,KSA3030200540,S108-58R11-0019,3030200540,CN,1,0.5,0,CU,10,AWG
12786,KSA3030200545,S108-58R11-0019,3030200545,CN,1,0.5,0,CU,10,AWG
12787,KSA3030200550,S108-58R11-0012,3030200550,CN,1,0.5,0,CU,10,AWG
12788,KSA3030200552,S108-58R11-0011,3030200552,CN,1,0.5,0,CU,10,AWG
12789,KSA3030200555,S108-58R11-0019,3030200555,CN,1,0.5,0,CU,10,AWG
12790,KSA3030200556,S108-58R11-0010,3030200556,CN,1,0.5,0,CU,10,AWG
12791,KSA3030200557,S108-58R11-0018,3030200557,CN,1,0.5,0,CU,10,AWG
12792,KSA3030200558,S108-58R11-0010,3030200558,CN,1,0.5,0,CU,10,AWG
12793,KSA3030200559,S108-58R11-0019,3030200559,CN,1,0.5,0,CU,10,AWG
12794,KSA3030200560,S108-58R11-0019,3030200560,CN,1,0.5,0,CU,10,AWG
12795,KSA3030200561,S108-58R11-0011,3030200561,CN,1,0.5,0,CU,10,AWG
12796,KSA3030200562,S108-58R11-0018,3030200562,CN,1,0.5,0,CU,10,AWG
12797,KSA3030200563,S108-58R11-005d,3030200563,CN,1,0.5,0,CU,10,AWG
12798,KSA3030200564,S108-58R11-005d,3030200564,CN,1,0.5,0,CU,10,AWG
12799,KSA3030200565,S108-58R11-005d,3030200565,CN,1,0.5,0,CU,10,AWG
12800,KSA3030200566,S108-58R11-005d,3030200566,CN,1,0.5,0,CU,10,AWG
12801,KSA3030200567,S108-58R11-005d,3030200567,CN,1,0.5,0,CU,10,AWG
12802,KSA3030200568,S108-58R11-005d,3030200568,CN,1,0.5,0,CU,10,AWG
12803,KSA3030200569,S108-58R11-005d,3030200569,CN,1,0.5,0,CU,10,AWG
12804,KSA3030200570,S108-58R11-005d,3030200570,CN,1,0.5,0,CU,10,AWG
12805,KSA3030200571,S108-58R11-005d,3030200571,CN,1,0.5,0,CU,10,AWG
12806,KSA3030250188,S108-58R11-005d,3030250188,CN,1,0.5,0,CU,10,AWG
12807,KSA3030260100,S0108-045H-0010,3030260100,CN,1,0.5,0,CU,10,AWG
12808,KSA3030260105,S0108-045H-0010,3030260105,CN,1,0.5,0,CU,10,AWG
12809,KSA3030260110,S0108-045H-0010,3030260110,CN,1,0.5,0,CU,10,AWG
12810,KSA3030260115,S0108-045H-0007,3030260115,CN,1,0.5,0,CU,10,AWG
12811,KSA3030260120,S0108-045H-0006,3030260120,CN,1,0.5,0,CU,10,AWG
12812,KSA3030260125,S0108-045H-0005,3030260125,CN,1,0.5,0,CU,10,AWG
12813,KSA3030260130,S0108-045H-0003,3030260130,CN,1,0.5,0,CU,10,AWG
12814,KSA3030260135,S0108-045H-0003,3030260135,CN,1,0.5,0,CU,10,AWG
12815,KSA3030260145,S0108-045H-0001,3030260145,CN,1,0.5,0,CU,10,AWG
12816,KSA3030260150,S0108-045H-0001,3030260150,CN,1,0.5,0,CU,10,AWG
12817,KSA3030260155,S0108-045H-003D,3030260155,CN,1,0.5,0,CU,10,AWG
12818,KSA3030260160,S0108-045H-003D,3030260160,CN,1,0.5,0,CU,10,AWG
12819,KSA3030260165,S0108-045H-003D,3030260165,CN,1,0.5,0,CU,10,AWG
12820,KSA3030260170,S0108-045H-003D,3030260170,CN,1,0.5,0,CU,10,AWG
12821,KSA3030260175,S0108-045H-003D,3030260175,CN,1,0.5,0,CU,10,AWG
12822,KSA3030260185,S0108-045H-003F,3030260185,CN,1,0.5,0,CU,10,AWG
12823,KSA3030260190,S0108-045H-003F,3030260190,CN,1,0.5,0,CU,10,AWG
12824,KSA3030260195,S0108-045H-003F,3030260195,CN,1,0.5,0,CU,10,AWG
12825,KSA3030260201,S0108-045H-0009,3030260201,CN,1,0.5,0,CU,10,AWG
12826,KSA3030260202,S0108-045H-0009,3030260202,CN,1,0.5,0,CU,10,AWG
12827,KSA3030260203,S0108-045H-0009,3030260203,CN,1,0.5,0,CU,10,AWG
12828,KSA3030260204,S0108-045H-0009,3030260204,CN,1,0.5,0,CU,10,AWG
12829,KSA3030260205,S0108-045H-0009,3030260205,CN,1,0.5,0,CU,10,AWG
12830,KSA3030260206,S0108-045H-0009,3030260206,CN,1,0.5,0,CU,10,AWG
12831,KSA3030320001,S0108-059j-0004,3030320001,AN,1,0.5,0,CU,10,AWG
12832,KSA3030320002,S0108-059j-0005,3030320002,AN,1,0.5,0,CU,10,AWG
12833,KSA3030320003,S0108-059j-0005,3030320003,AN,1,0.5,0,CU,10,AWG
12834,KSA3030320004,S0108-059j-0006,3030320004,AN,1,0.5,0,CU,10,AWG
12835,KSA3030320005,S0108-059j-0006,3030320005,AN,1,0.5,0,CU,10,AWG
12836,KSA3030320006,S0108-059j-0006,3030320006,AN,1,0.5,0,CU,10,AWG
12837,KSA3030320007,S0108-059j-0007,3030320007,AN,1,0.5,0,CU,10,AWG
12838,KSA3030320008,S0108-059j-0007,3030320008,AN,1,0.5,0,CU,10,AWG
12839,KSA3030320009,S0108-059j-0007,3030320009,AN,1,0.5,0,CU,10,AWG
12840,KSA3030320010,S0108-059j-0008,3030320010,AN,1,0.5,0,CU,10,AWG
12841,KSA3030320011,S0108-059j-0008,3030320011,AN,1,0.5,0,CU,10,AWG
12842,KSA3030320012,S0108-059j-0008,3030320012,AN,1,0.5,0,CU,10,AWG
12843,KSA3030320013,S0108-059j-0008,3030320013,AN,1,0.5,0,CU,10,AWG
12844,KSA3030320014,S0108-059j-0008,3030320014,AN,1,0.5,0,CU,10,AWG
12845,KSA3030320015,S0108-059j-0008,3030320015,AN,1,0.5,0,CU,10,AWG
12846,KSA3030320016,S0108-059j-0008,3030320016,AN,1,0.5,0,CU,10,AWG
12847,KSA3030330156,S0108-059j-0008,3030330156,AN,1,0.5,0,CU,10,AWG
12848,KSA3030730245,S0108-058M-0002,3030730245,CN,1,0.5,0,CU,10,AWG
12849,KSA30-3094-0161,S108-58AN9-0001,30-3094-0161,CN,1,0.5,0,CU,10,AWG
12850,KSA30-3094-0162,S108-58AN9-0003,30-3094-0162,CN,1,0.5,0,CU,10,AWG
12851,KSA30-3094-0163,S108-58AN9-0004,30-3094-0163,CN,1,0.5,0,CU,10,AWG
12852,KSA30-3094-0164,S108-58AN9-0004,30-3094-0164,CN,1,0.5,0,CU,10,AWG
12853,KSA30-3094-0165,S108-58AN9-0006,30-3094-0165,CN,1,0.5,0,CU,10,AWG
12854,KSA30-3094-0166,S108-58AN9-0006,30-3094-0166,CN,1,0.5,0,CU,10,AWG
12855,KSA30-3094-0167,S108-58AN9-0006,30-3094-0167,CN,1,0.5,0,CU,10,AWG
12856,KSA30-3094-0168,S108-58AN9-0006,30-3094-0168,CN,1,0.5,0,CU,10,AWG
12857,KSA30-3094-0169,S108-58AN9-0006,30-3094-0169,CN,1,0.5,0,CU,10,AWG
12858,KSA30-3094-0170,S108-58AN9-0006,30-3094-0170,CN,1,0.5,0,CU,10,AWG
12859,KSA30-3094-0171,S108-58AN9-0007,30-3094-0171,CN,1,0.5,0,CU,10,AWG
12860,KSA30-3094-0172,S108-58AN9-0008,30-3094-0172,CN,1,0.5,0,CU,10,AWG
12861,KSA30-3094-0173,S108-58AN9-0008,30-3094-0173,CN,1,0.5,0,CU,10,AWG
12862,KSA30-3094-0174,S108-58AN9-0008,30-3094-0174,CN,1,0.5,0,CU,10,AWG
12863,KSA30-3094-0175,S108-58AN9-0009,30-3094-0175,CN,1,0.5,0,CU,10,AWG
12864,KSA30-3094-0177,S108-58AN9-0011,30-3094-0177,CN,1,0.5,0,CU,10,AWG
12865,KSA30-3094-0178,S108-58AN9-0011,30-3094-0178,CN,1,0.5,0,CU,10,AWG
12866,KSA30-3094-0179,S108-58AN9-0011,30-3094-0179,CN,1,0.5,0,CU,10,AWG
12867,KSA30-3094-0180,S108-58AN9-0013,30-3094-0180,CN,1,0.5,0,CU,10,AWG
12868,KSA30-3094-0181,S108-58AN9-0013,30-3094-0181,CN,1,0.5,0,CU,10,AWG
12869,KSA30-3094-0182,S108-58AN9-0013,30-3094-0182,CN,1,0.5,0,CU,10,AWG
12870,KSA30-3094-0183,S108-58AN9-0016,30-3094-0183,CN,1,0.5,0,CU,10,AWG
12871,KSA30-3096-0172,S108-58AO4-0002,30-3096-0172,CN,1,0.5,0,CU,10,AWG
12872,KSA30-3096-0174,S108-58AO4-0004,30-3096-0174,CN,1,0.5,0,CU,10,AWG
12873,KSA30-3096-0175,S108-58AO4-0005,30-3096-0175,CN,1,0.5,0,CU,10,AWG
12874,KSA30-3096-0176,S108-58AO4-005A,30-3096-0176,CN,1,0.5,0,CU,10,AWG
12875,KSA30-3096-0177,S108-58AO4-005A,30-3096-0177,CN,1,0.5,0,CU,10,AWG
12876,KSA30-3096-0178,S108-58AO4-005A,30-3096-0178,CN,1,0.5,0,CU,10,AWG
12877,KSA30-3096-0179,S108-58AO4-0006,30-3096-0179,CN,1,0.5,0,CU,10,AWG
12878,KSA30-3096-0180,S108-58AO4-0006,30-3096-0180,CN,1,0.5,0,CU,10,AWG
12879,KSA30-3096-0181,S108-58AO4-0009,30-3096-0181,CN,1,0.5,0,CU,10,AWG
12880,KSA30-3096-0182,S108-58AO4-0009,30-3096-0182,CN,1,0.5,0,CU,10,AWG
12881,KSA30-3096-0183,S108-58AO4-0010,30-3096-0183,CN,1,0.5,0,CU,10,AWG
12882,KSA30-3096-0184,S108-58AO4-0010,30-3096-0184,CN,1,0.5,0,CU,10,AWG
12883,KSA30-3096-0185,S108-58AO4-0011,30-3096-0185,CN,1,0.5,0,CU,10,AWG
12884,KSA3030081317,S0108-0033-0010,3030081317,CN,1,0.5,0,CU,10,AWG
12885,KSA3030091338,S0108-0045-007d,3030091338,CN,1,0.5,0,CU,10,AWG
12886,KSA3030091340,S0108-0045-007d,3030091340,CN,1,0.5,0,CU,10,AWG
12887,KSA3030091339,S0108-0045-007d,3030091339,CN,1,0.5,0,CU,10,AWG
12888,KSA3030091341,S0108-0045-007d,3030091341,CN,1,0.5,0,CU,10,AWG
12889,KSA3030090655,S0108-059f-002A,3030090655,AN,1,0.5,0,CU,10,AWG
12890,KSA3030200360,S108-58R11-0014,3030200360,CN,1,0.5,0,CU,10,AWG
12891,KSA3030200577,S108-58R11-005d,3030200577,CN,1,0.5,0,CU,10,AWG
12892,KSA3030730309,S0108-058M-0002,3030730309,CN,1,0.5,0,CU,10,AWG
12893,KSA3030091343,S0108-0045-007d,3030091343,CN,1,0.5,0,CU,10,AWG
12894,KSA3030091350,S0108-0045-007d,3030091350,CN,1,0.5,0,CU,10,AWG
12895,KSA3030091349,S0108-0045-007d,3030091349,CN,1,0.5,0,CU,10,AWG
12896,KSA3030091353,S0108-0045-007d,3030091353,CN,1,0.5,0,CU,10,AWG
12897,KSA3030091351,S0108-0045-007d,3030091351,CN,1,0.5,0,CU,10,AWG
12898,KSA3030091342,S0108-0045-007d,3030091342,CN,1,0.5,0,CU,10,AWG
12899,KSA3030091344,S0108-0045-007d,3030091344,CN,1,0.5,0,CU,10,AWG
12900,KSA3030091347,S0108-0045-007d,3030091347,CN,1,0.5,0,CU,10,AWG
12901,KSA3030091345,S0108-0045-007d,3030091345,CN,1,0.5,0,CU,10,AWG
12902,KSA3030091348,S0108-0045-007d,3030091348,CN,1,0.5,0,CU,10,AWG
12903,KSA3030091346,S0108-0045-007d,3030091346,CN,1,0.5,0,CU,10,AWG
12904,KSA3030091352,S0108-0045-007d,3030091352,CN,1,0.5,0,CU,10,AWG
12905,KSA3030200578,S108-58R11-005d,3030200578,CN,1,0.5,0,CU,10,AWG
12906,KSA3030200581,S108-58R11-005d,3030200581,CN,1,0.5,0,CU,10,AWG
12907,KSA3030200579,S108-58R11-005d,3030200579,CN,1,0.5,0,CU,10,AWG
12908,KSA3030200582,S108-58R11-005d,3030200582,CN,1,0.5,0,CU,10,AWG
12909,KSA3030200580,S108-58R11-005d,3030200580,CN,1,0.5,0,CU,10,AWG
12910,KSA3030200290,S108-58R11-0012,3030200290,CN,1,0.5,0,CU,10,AWG
12911,KSA3030260207,S0108-045H-0009,3030260207,CN,1,0.5,0,CU,10,AWG
12912,KSA3030081336,S0108-0033-0010,3030081336,CN,1,0.5,0,CU,10,AWG
12913,KSA3030100344,S0108-0045-007e,3030100344,CN,1,0.5,0,CU,10,AWG
12914,KSA2020720654,S000117-0000001,2020720654,CN,1,0.5,0,CU,10,AWG
12915,KSA2020720655,S000132-0000001,2020720655,BN,1,0.5,0,CU,10,AWG
