Count,Bus ID,Bus Description,Nominal Voltage (kV),feeder,post_id
1,P00000000,5 MVA Power Transformer,13.2,F1,1
2,P00000001,Primary Line-Overhead,13.2,F1,2
3,P00000001-7,Primary Line-Overhead,13.2,F1,3
4,P00000001-7A,Primary Line-Overhead,13.2,F1,4
5,P00000001-9,Primary Line-Overhead,13.2,F1,5
6,P00000001-17,Primary Line-Overhead,13.2,F1,6
7,P00000001-19,Primary Line-Overhead,13.2,F1,7
8,P00000001-19-10,Primary Line-Overhead,13.2,F1,8
9,P00000001-19-38,Primary Line-Overhead,13.2,F1,9
10,P00000001-24,Primary Line-Overhead,13.2,F1,10
11,P0000000009,Primary Line-Overhead,13.2,F1,11
12,P0000000013,Primary Line-Overhead,13.2,F1,12
13,P0000000015,Primary Line-Overhead,13.2,F1,13
14,P0000000016,Primary Line-Overhead,13.2,F1,14
15,P0000000016-13,Primary Line-Overhead,13.2,F1,15
16,P0000000025,Primary Line-Overhead,13.2,F1,16
17,P0000000034,Primary Line-Overhead,13.2,F1,17
18,P000000034A,Primary Line-Overhead,13.2,F1,18
19,P0000000034-7,Primary Line-Overhead,13.2,F1,19
20,P0000000034-7A,Primary Line-Overhead,13.2,F1,20
21,P0000000034-9,Primary Line-Overhead,13.2,F1,21
22,P0000000034-9a,Primary Line-Overhead,13.2,F1,22
23,P0000000034-18,Primary Line-Overhead,13.2,F1,23
24,P0000000034-29,Primary Line-Overhead,13.2,F1,24
25,P0000000038,Primary Line-Overhead,13.2,F1,25
26,P0000000044,Primary Line-Overhead,13.2,F1,26
27,P0000000044-29,Primary Line-Overhead,13.2,F1,27
28,P0000000044-64,Primary Line-Overhead,13.2,F1,28
29,P0000000045,Primary Line-Overhead,13.2,F1,29
30,P0000000046,Primary Line-Overhead,13.2,F1,30
31,P0000000046-22,Primary Line-Overhead,13.2,F1,31
32,P0000000049,Primary Line-Overhead,13.2,F1,32
33,P0000000049A,Primary Line-Overhead,13.2,F1,33
34,P0000000049-3,Primary Line-Overhead,13.2,F1,34
35,P0000000054,Primary Line-Overhead,13.2,F1,35
36,P000000054A,Primary Line-Overhead,13.2,F1,36
37,P0000000054-20,Primary Line-Overhead,13.2,F1,37
38,P0000000065,Primary Line-Overhead,13.2,F1,38
39,P0000000072,Primary Line-Overhead,13.2,F1,39
40,P0000000072-7,Primary Line-Overhead,13.2,F1,40
41,P0000000073,Primary Line-Overhead,13.2,F1,41
42,P0000000076,Primary Line-Overhead,13.2,F1,42
43,P0000000090,Primary Line-Overhead,13.2,F1,43
44,P0000000091,Primary Line-Overhead,13.2,F1,44
45,P000000091A,Primary Line-Overhead,13.2,F1,45
46,P000000091B,Primary Line-Overhead,13.2,F1,46
47,P0000000092,Primary Line-Overhead,13.2,F1,47
48,P000000092A,Primary Line-Overhead,13.2,F1,48
49,P000000092B,Primary Line-Overhead,13.2,F1,49
50,P0000000092-2,Primary Line-Overhead,13.2,F1,50
51,P0000000092-5,Primary Line-Overhead,13.2,F1,51
52,P0000000092-7,Primary Line-Overhead,13.2,F1,52
53,P0000000092-8,Primary Line-Overhead,13.2,F1,53
54,P0000000092-9,Primary Line-Overhead,13.2,F1,54
55,P0000000093,Primary Line-Overhead,13.2,F1,55
56,P0000000094,Primary Line-Overhead,13.2,F1,56
57,P000000094A,Primary Line-Overhead,13.2,F1,57
58,P000000094B,Primary Line-Overhead,13.2,F1,58
59,P000000094C,Primary Line-Overhead,13.2,F1,59
60,P0000000095,Primary Line-Overhead,13.2,F1,60
61,P0000000095-7,Primary Line-Overhead,13.2,F1,61
62,P0000000099,Primary Line-Overhead,13.2,F1,62
63,P0000000100,Primary Line-Overhead,13.2,F1,63
64,P000000100A,Primary Line-Overhead,13.2,F1,64
65,P000000100B,Primary Line-Overhead,13.2,F1,65
66,P0000000100-1,Primary Line-Overhead,13.2,F1,66
67,P0000000100-2,Primary Line-Overhead,13.2,F1,67
68,P0000000100-6,Primary Line-Overhead,13.2,F1,68
69,P0000000100-6A,Primary Line-Overhead,13.2,F1,69
70,P0000000100-7,Primary Line-Overhead,13.2,F1,70
71,P0000000100-13,Primary Line-Overhead,13.2,F1,71
72,P0000000100-13m,Primary Line-Overhead,13.2,F1,72
73,P0000000100-13ag,Primary Line-Overhead,13.2,F1,73
74,P0000000100-13ag6,Primary Line-Overhead,13.2,F1,74
75,P0000000100-13ar,Primary Line-Overhead,13.2,F1,75
76,P0000000100-13ax,Primary Line-Overhead,13.2,F1,76
77,P0000000100-13ax15,Primary Line-Overhead,13.2,F1,77
78,P0000000100-13bj,Primary Line-Overhead,13.2,F1,78
79,P0000000100-16,Primary Line-Overhead,13.2,F1,79
80,P0000000100-20,Primary Line-Overhead,13.2,F1,80
81,P0000000100-28,Primary Line-Overhead,13.2,F1,81
82,P0000000100-30,Primary Line-Overhead,13.2,F1,82
83,P0000000100-30i,Primary Line-Overhead,13.2,F1,83
84,P0000000100-39,Primary Line-Overhead,13.2,F1,84
85,P0000000100-39h,Primary Line-Overhead,13.2,F1,85
86,P0000000100-39X,Primary Line-Overhead,13.2,F1,86
87,P0000000100-42,Primary Line-Overhead,13.2,F1,87
88,P0000000100-43,Primary Line-Overhead,13.2,F1,88
89,P0000000100-50,Primary Line-Overhead,13.2,F1,89
90,P0000000100-55,Primary Line-Overhead,13.2,F1,90
91,P0000000100-55-4,Primary Line-Overhead,13.2,F1,91
92,P0000000100-58,Primary Line-Overhead,13.2,F1,92
93,P0000000100-66,Primary Line-Overhead,13.2,F1,93
94,P0000000100-71,Primary Line-Overhead,13.2,F1,94
95,P0000000100-71-3,Primary Line-Overhead,13.2,F1,95
96,P0000000100-72,Primary Line-Overhead,13.2,F1,96
97,P0000000100-72M,Primary Line-Overhead,13.2,F1,97
98,P0000000100-72Q,Primary Line-Overhead,13.2,F1,98
99,P0000000100-72Q8,Primary Line-Overhead,13.2,F1,99
100,P0000000100-72Q8c,Primary Line-Overhead,13.2,F1,100
101,P0000000100-72Q12,Primary Line-Overhead,13.2,F1,101
102,P0000000100-72Y,Primary Line-Overhead,13.2,F1,102
103,P0000000100-74,Primary Line-Overhead,13.2,F1,103
104,P0000000100-79,Primary Line-Overhead,13.2,F1,104
105,P0000000100-85,Primary Line-Overhead,13.2,F1,105
106,P0000000102,Primary Line-Overhead,13.2,F1,106
107,P0000000106,Primary Line-Overhead,13.2,F1,107
108,P000000106A,Primary Line-Overhead,13.2,F1,108
109,P0000000106-1,Primary Line-Overhead,13.2,F1,109
110,P0000000106-2,Primary Line-Overhead,13.2,F1,110
111,P0000000108,Primary Line-Overhead,13.2,F1,111
112,P0000000108-4,Primary Line-Overhead,13.2,F1,112
113,P0000000108-4A,Primary Line-Overhead,13.2,F1,113
114,P0000000108-4b,Primary Line-Overhead,13.2,F1,114
115,P0000000108-5,Primary Line-Overhead,13.2,F1,115
116,P0000000108-7,Primary Line-Overhead,13.2,F1,116
117,P0000000108-7A,Primary Line-Overhead,13.2,F1,117
118,P0000000108-8,Primary Line-Overhead,13.2,F1,118
119,P0000000108-10,Primary Line-Overhead,13.2,F1,119
120,P0000000108-11,Primary Line-Overhead,13.2,F1,120
121,P0000000108-12,Primary Line-Overhead,13.2,F1,121
122,P0000000108-12b,Primary Line-Overhead,13.2,F1,122
123,P0000000108-12f,Primary Line-Overhead,13.2,F1,123
124,P0000000108-12h,Primary Line-Overhead,13.2,F1,124
125,P0000000108-18,Primary Line-Overhead,13.2,F1,125
126,P0000000108-19,Primary Line-Overhead,13.2,F1,126
127,P0000000108-20,Primary Line-Overhead,13.2,F1,127
128,P0000000108-20C,Primary Line-Overhead,13.2,F1,128
129,P0000000108-20O,Primary Line-Overhead,13.2,F1,129
130,P0000000108-21,Primary Line-Overhead,13.2,F1,130
131,P0000000108-21b,Primary Line-Overhead,13.2,F1,131
132,P0000000108-24,Primary Line-Overhead,13.2,F1,132
133,P0000000108-24A,Primary Line-Overhead,13.2,F1,133
134,P0000000108-24-1,Primary Line-Overhead,13.2,F1,134
135,P0000000108-30,Primary Line-Overhead,13.2,F1,135
136,P0000000108-33,Primary Line-Overhead,13.2,F1,136
137,P0000000108-45,Primary Line-Overhead,13.2,F1,137
138,P0000000108-45H,Primary Line-Overhead,13.2,F1,138
139,P0000000108-45A,Primary Line-Overhead,13.2,F1,139
140,P0000000108-58,Primary Line-Overhead,13.2,F1,140
141,P0000000108-58M,Primary Line-Overhead,13.2,F1,141
142,P0000000108-58R,Primary Line-Overhead,13.2,F1,142
143,P0000000108-58R11,Primary Line-Overhead,13.2,F1,143
144,P0000000108-58AA,Primary Line-Overhead,13.2,F1,144
145,P0000000108-58AN,Primary Line-Overhead,13.2,F1,145
146,P0000000108-58AN9,Primary Line-Overhead,13.2,F1,146
147,P0000000108-58AO,Primary Line-Overhead,13.2,F1,147
148,P0000000108-58AO4,Primary Line-Overhead,13.2,F1,148
149,P0000000108-58AV,Primary Line-Overhead,13.2,F1,149
150,P0000000108-59,Primary Line-Overhead,13.2,F1,150
151,P0000000108-59A,Primary Line-Overhead,13.2,F1,151
152,P0000000108-59f,Primary Line-Overhead,13.2,F1,152
153,P0000000108-59j,Primary Line-Overhead,13.2,F1,153
154,P0000000108-59p,Primary Line-Overhead,13.2,F1,154
155,P0000000108-60,Primary Line-Overhead,13.2,F1,155
156,P0000000108-63,Primary Line-Overhead,13.2,F1,156
157,P0000000110,Primary Line-Overhead,13.2,F1,157
158,P0000000111,Primary Line-Overhead,13.2,F1,158
159,P000000111A,Primary Line-Overhead,13.2,F1,159
160,P0000000112,Primary Line-Overhead,13.2,F1,160
161,P0000000113,Primary Line-Overhead,13.2,F1,161
162,P0000000115,Primary Line-Overhead,13.2,F1,162
163,P000000115A,Primary Line-Overhead,13.2,F1,163
164,P000000115B,Primary Line-Overhead,13.2,F1,164
165,P000000115C,Primary Line-Overhead,13.2,F1,165
166,P0000000115-4,Primary Line-Overhead,13.2,F1,166
167,P0000000116,Primary Line-Overhead,13.2,F1,167
168,P0000000117,Primary Line-Overhead,13.2,F1,168
169,P000000117B,Primary Line-Overhead,13.2,F1,169
170,P0000000119,Primary Line-Overhead,13.2,F1,170
171,P0000000119-3,Primary Line-Overhead,13.2,F1,171
172,P0000000121,Primary Line-Overhead,13.2,F1,172
173,P000000121A,Primary Line-Overhead,13.2,F1,173
174,P0000000122,Primary Line-Overhead,13.2,F1,174
175,P000000122A,Primary Line-Overhead,13.2,F1,175
176,P0000000122-3,Primary Line-Overhead,13.2,F1,176
177,P0000000122-3b,Primary Line-Overhead,13.2,F1,177
178,P0000000122-4,Primary Line-Overhead,13.2,F1,178
179,P0000000125,Primary Line-Overhead,13.2,F1,179
180,P000000125A,Primary Line-Overhead,13.2,F1,180
181,P0000000126,Primary Line-Overhead,13.2,F1,181
182,P0000000126-2,Primary Line-Overhead,13.2,F1,182
183,P0000000126-6,Primary Line-Overhead,13.2,F1,183
184,P0000000126-8,Primary Line-Overhead,13.2,F1,184
185,P0000000126-8A,Primary Line-Overhead,13.2,F1,185
186,P0000000126-8B,Primary Line-Overhead,13.2,F1,186
187,P0000000126-8B1,Primary Line-Overhead,13.2,F1,187
188,P0000000126-8a,Primary Line-Overhead,13.2,F1,188
189,P0000000126-8b,Primary Line-Overhead,13.2,F1,189
190,P0000000126-10,Primary Line-Overhead,13.2,F1,190
191,P0000000126-12,Primary Line-Overhead,13.2,F1,191
192,P0000000128,Primary Line-Overhead,13.2,F1,192
193,P0000000128-4,Primary Line-Overhead,13.2,F1,193
194,P0000000128-4A,Primary Line-Overhead,13.2,F1,194
195,P0000000129,Primary Line-Overhead,13.2,F1,195
196,P0000000130,Primary Line-Overhead,13.2,F1,196
197,P0000000130-16,Primary Line-Overhead,13.2,F1,197
198,P0000000130-20,Primary Line-Overhead,13.2,F1,198
199,P0000000130-25,Primary Line-Overhead,13.2,F1,199
200,P0000000130-31,Primary Line-Overhead,13.2,F1,200
201,P0000000130-31A,Primary Line-Overhead,13.2,F1,201
202,P0000000130-31-4,Primary Line-Overhead,13.2,F1,202
203,P0000000130-31-9,Primary Line-Overhead,13.2,F1,203
204,P0000000130-49,Primary Line-Overhead,13.2,F1,204
205,P0000000130-53,Primary Line-Overhead,13.2,F1,205
206,P0000000130-53-8,Primary Line-Overhead,13.2,F1,206
207,P0000000130-53-20,Primary Line-Overhead,13.2,F1,207
208,P0000000130-53-20F,Primary Line-Overhead,13.2,F1,208
209,P0000000130-53-24,Primary Line-Overhead,13.2,F1,209
210,P0000000130-53-38,Primary Line-Overhead,13.2,F1,210
211,P0000000130-53-44,Primary Line-Overhead,13.2,F1,211
212,P0000000130-56,Primary Line-Overhead,13.2,F1,212
213,P0000000130-56-4,Primary Line-Overhead,13.2,F1,213
214,P0000000130-56-12,Primary Line-Overhead,13.2,F1,214
215,P0000000130-62,Primary Line-Overhead,13.2,F1,215
216,P0000000130-63,Primary Line-Overhead,13.2,F1,216
217,P0000000130-70,Primary Line-Overhead,13.2,F1,217
218,P0000000130-88,Primary Line-Overhead,13.2,F1,218
219,P0000000130-88A,Primary Line-Overhead,13.2,F1,219
220,P0000000130-88A-18,Primary Line-Overhead,13.2,F1,220
221,P0000000130-98,Primary Line-Overhead,13.2,F1,221
222,P0000000130-98A,Primary Line-Overhead,13.2,F1,222
223,P0000000130-117,Primary Line-Overhead,13.2,F1,223
224,P0000000132,Primary Line-Overhead,13.2,F1,224
225,P0000000132-3,Primary Line-Overhead,13.2,F1,225
226,P0000000132-3B,Primary Line-Overhead,13.2,F1,226
227,P0000000132-3D,Primary Line-Overhead,13.2,F1,227
228,P0000000132-3D1,Primary Line-Overhead,13.2,F1,228
229,P0000000132-3E,Primary Line-Overhead,13.2,F1,229
230,P0000000132-3G,Primary Line-Overhead,13.2,F1,230
231,P0000000132-3H,Primary Line-Overhead,13.2,F1,231
232,P0000000132-3H1,Primary Line-Overhead,13.2,F1,232
233,P0000000132-3I,Primary Line-Overhead,13.2,F1,233
234,P0000000132-5,Primary Line-Overhead,13.2,F1,234
235,P0000000132-9,Primary Line-Overhead,13.2,F1,235
236,P0000000132-14,Primary Line-Overhead,13.2,F1,236
237,P0000000134,Primary Line-Overhead,13.2,F1,237
238,P0000000134-2,Primary Line-Overhead,13.2,F1,238
239,P0000000136,Primary Line-Overhead,13.2,F1,239
240,P0000000137,Primary Line-Overhead,13.2,F1,240
241,DT00000001-7,Distribution Transformer,7.62,F1,1
242,DT00000001-7A,Distribution Transformer,7.62,F1,2
243,DT00000001-9,Distribution Transformer,7.62,F1,3
244,DT00000001-17,Distribution Transformer,7.62,F1,4
245,DT00000001-19-10,Distribution Transformer,7.62,F1,5
246,DT00000001-19-38,Distribution Transformer,7.62,F1,6
247,DT0000000009,Distribution Transformer,7.62,F1,7
248,DT0000000013,Distribution Transformer,7.62,F1,8
249,DT0000000015,Distribution Transformer,7.62,F1,9
250,DT0000000016-13,Distribution Transformer,7.62,F1,10
251,DT0000000025,Distribution Transformer,7.62,F1,11
252,DT0000000034,Distribution Transformer,7.62,F1,12
253,DT0000000034-7A,Distribution Transformer,7.62,F1,13
254,DT0000000034-9a,Distribution Transformer,7.62,F1,14
255,DT0000000034-18,Distribution Transformer,7.62,F1,15
256,DT0000000034-29,Distribution Transformer,7.62,F1,16
257,DT0000000038,Distribution Transformer,7.62,F1,17
258,DT0000000044-29,Distribution Transformer,7.62,F1,18
259,DT0000000044-64,Distribution Transformer,7.62,F1,19
260,DT0000000045,Distribution Transformer,7.62,F1,20
261,DT0000000046-22,Distribution Transformer,7.62,F1,21
262,DT0000000049,Distribution Transformer,7.62,F1,22
263,DT0000000049-3,Distribution Transformer,7.62,F1,23
264,DT0000000054,Distribution Transformer,7.62,F1,24
265,DT0000000054-20,Distribution Transformer,7.62,F1,25
266,DT0000000065,Distribution Transformer,7.62,F1,26
267,DT0000000072-7,Distribution Transformer,7.62,F1,27
268,DT0000000073,Distribution Transformer,7.62,F1,28
269,DT0000000090,Distribution Transformer,7.62,F1,29
270,DT0000000091,Distribution Transformer,7.62,F1,30
271,DT000000091A,Distribution Transformer,7.62,F1,31
272,DT0000000092,Distribution Transformer,7.62,F1,32
273,DT0000000092-2,Distribution Transformer,7.62,F1,33
274,DT0000000092-5,Distribution Transformer,7.62,F1,34
275,DT0000000092-7,Distribution Transformer,7.62,F1,35
276,DT0000000092-8,Distribution Transformer,7.62,F1,36
277,DT0000000092-9,Distribution Transformer,7.62,F1,37
278,DT0000000093,Distribution Transformer,7.62,F1,38
279,DT0000000094,Distribution Transformer,7.62,F1,39
280,DT000000094A,Distribution Transformer,7.62,F1,40
281,DT000000094B,Distribution Transformer,7.62,F1,41
282,DT000000094C,Distribution Transformer,7.62,F1,42
283,DT0000000095-7,Distribution Transformer,7.62,F1,43
284,DT0000000099,Distribution Transformer,7.62,F1,44
285,DT0000000100,Distribution Transformer,7.62,F1,45
286,DT000000100A,Distribution Transformer,7.62,F1,46
287,DT0000000100-1,Distribution Transformer,7.62,F1,47
288,DT0000000100-2,Distribution Transformer,7.62,F1,48
289,DT0000000100-6,Distribution Transformer,7.62,F1,49
290,DT0000000100-6A,Distribution Transformer,7.62,F1,50
291,DT0000000100-7,Distribution Transformer,7.62,F1,51
292,DT0000000100-13m,Distribution Transformer,7.62,F1,52
293,DT0000000100-13ag6,Distribution Transformer,7.62,F1,53
294,DT0000000100-13ar,Distribution Transformer,7.62,F1,54
295,DT0000000100-13ax15,Distribution Transformer,7.62,F1,55
296,DT0000000100-13bj,Distribution Transformer,7.62,F1,56
297,DT0000000100-16,Distribution Transformer,7.62,F1,57
298,DT0000000100-20,Distribution Transformer,7.62,F1,58
299,DT0000000100-28,Distribution Transformer,7.62,F1,59
300,DT0000000100-30i,Distribution Transformer,7.62,F1,60
301,DT0000000100-39h,Distribution Transformer,7.62,F1,61
302,DT0000000100-39X,Distribution Transformer,7.62,F1,62
303,DT0000000100-42,Distribution Transformer,7.62,F1,63
304,DT0000000100-43,Distribution Transformer,7.62,F1,64
305,DT0000000100-50,Distribution Transformer,7.62,F1,65
306,DT0000000100-55-4,Distribution Transformer,7.62,F1,66
307,DT0000000100-58,Distribution Transformer,7.62,F1,67
308,DT0000000100-66,Distribution Transformer,7.62,F1,68
309,DT0000000100-71-3,Distribution Transformer,7.62,F1,69
310,DT0000000100-72M,Distribution Transformer,7.62,F1,70
311,DT0000000100-72Q8c,Distribution Transformer,7.62,F1,71
312,DT0000000100-72Q12,Distribution Transformer,7.62,F1,72
313,DT0000000100-72Y,Distribution Transformer,7.62,F1,73
314,DT0000000100-74,Distribution Transformer,7.62,F1,74
315,DT0000000100-79,Distribution Transformer,7.62,F1,75
316,DT0000000100-85,Distribution Transformer,7.62,F1,76
317,DT0000000102,Distribution Transformer,7.62,F1,77
318,DT0000000106,Distribution Transformer,7.62,F1,78
319,DT0000000106-1,Distribution Transformer,7.62,F1,79
320,DT0000000106-2,Distribution Transformer,7.62,F1,80
321,DT0000000108-4,Distribution Transformer,7.62,F1,81
322,DT0000000108-4b,Distribution Transformer,7.62,F1,82
323,DT0000000108-5,Distribution Transformer,7.62,F1,83
324,DT0000000108-7,Distribution Transformer,7.62,F1,84
325,DT0000000108-7A,Distribution Transformer,7.62,F1,85
326,DT0000000108-8,Distribution Transformer,7.62,F1,86
327,DT0000000108-10,Distribution Transformer,7.62,F1,87
328,DT0000000108-11,Distribution Transformer,7.62,F1,88
329,DT0000000108-12b,Distribution Transformer,7.62,F1,89
330,DT0000000108-12f,Distribution Transformer,7.62,F1,90
331,DT0000000108-12h,Distribution Transformer,7.62,F1,91
332,DT0000000108-18,Distribution Transformer,7.62,F1,92
333,DT0000000108-19,Distribution Transformer,7.62,F1,93
334,DT0000000108-20,Distribution Transformer,7.62,F1,94
335,DT0000000108-20C,Distribution Transformer,7.62,F1,95
336,DT0000000108-20O,Distribution Transformer,7.62,F1,96
337,DT0000000108-21b,Distribution Transformer,7.62,F1,97
338,DT0000000108-24,Distribution Transformer,7.62,F1,98
339,DT0000000108-24A,Distribution Transformer,7.62,F1,99
340,DT0000000108-24-1,Distribution Transformer,7.62,F1,100
341,DT0000000108-33,Distribution Transformer,7.62,F1,101
342,DT0000000108-45H,Distribution Transformer,7.62,F1,102
343,DT0000000108-45,Distribution Transformer,7.62,F1,103
344,DT0000000108-58AV,Distribution Transformer,7.62,F1,104
345,DT0000000108-58AO4,Distribution Transformer,7.62,F1,105
346,DT0000000108-58AN9,Distribution Transformer,7.62,F1,106
347,DT0000000108-58AA,Distribution Transformer,7.62,F1,107
348,DT0000000108-58R11,Distribution Transformer,7.62,F1,108
349,DT0000000108-58M,Distribution Transformer,7.62,F1,109
350,DT0000000108-59p,Distribution Transformer,7.62,F1,110
351,DT0000000108-59j,Distribution Transformer,7.62,F1,111
352,DT0000000108-59f,Distribution Transformer,7.62,F1,112
353,DT0000000108-59,Distribution Transformer,7.62,F1,113
354,DT0000000108-60,Distribution Transformer,7.62,F1,114
355,DT0000000110,Distribution Transformer,7.62,F1,115
356,DT0000000111,Distribution Transformer,7.62,F1,116
357,DT000000111A,Distribution Transformer,7.62,F1,117
358,DT0000000112,Distribution Transformer,7.62,F1,118
359,DT0000000115,Distribution Transformer,7.62,F1,119
360,DT000000115A,Distribution Transformer,7.62,F1,120
361,DT000000115B,Distribution Transformer,7.62,F1,121
362,DT000000115C,Distribution Transformer,7.62,F1,122
363,DT000000115-4,Distribution Transformer,7.62,F1,123
364,DT000000116,Distribution Transformer,7.62,F1,124
365,DT000000117B,Distribution Transformer,7.62,F1,125
366,DT0000000117,Distribution Transformer,7.62,F1,126
367,DT0000000119,Distribution Transformer,7.62,F1,127
368,DT0000000121,Distribution Transformer,7.62,F1,128
369,DT000000121A,Distribution Transformer,7.62,F1,129
370,DT0000000122,Distribution Transformer,7.62,F1,130
371,DT0000000122-4,Distribution Transformer,7.62,F1,131
372,DT0000000125,Distribution Transformer,7.62,F1,132
373,DT000000125A,Distribution Transformer,7.62,F1,133
374,DT0000000126-2,Distribution Transformer,7.62,F1,134
375,DT0000000126-6,Distribution Transformer,7.62,F1,135
376,DT0000000126-8A,Distribution Transformer,7.62,F1,136
377,DT0000000126-8B,Distribution Transformer,7.62,F1,137
378,DT0000000126-8B1,Distribution Transformer,7.62,F1,138
379,DT0000000126-8b,Distribution Transformer,7.62,F1,139
380,DT0000000126-10,Distribution Transformer,7.62,F1,140
381,DT0000000126-12,Distribution Transformer,7.62,F1,141
382,DT0000000128-4,Distribution Transformer,7.62,F1,142
383,DT0000000128-4A,Distribution Transformer,7.62,F1,143
384,DT0000000129,Distribution Transformer,7.62,F1,144
385,DT0000000130-16,Distribution Transformer,7.62,F1,145
386,DT0000000130-20,Distribution Transformer,7.62,F1,146
387,DT0000000130-25,Distribution Transformer,7.62,F1,147
388,DT0000000130-31,Distribution Transformer,7.62,F1,148
389,DT0000000130-31-4,Distribution Transformer,7.62,F1,149
390,DT0000000130-31-9,Distribution Transformer,7.62,F1,150
391,DT0000000130-49,Distribution Transformer,7.62,F1,151
392,DT0000000130-53-8,Distribution Transformer,7.62,F1,152
393,DT0000000130-53-20F,Distribution Transformer,7.62,F1,153
394,DT0000000130-53-24,Distribution Transformer,7.62,F1,154
395,DT0000000130-53-38,Distribution Transformer,7.62,F1,155
396,DT0000000130-53-44,Distribution Transformer,7.62,F1,156
397,DT0000000130-56-4,Distribution Transformer,7.62,F1,157
398,DT0000000130-56-12,Distribution Transformer,7.62,F1,158
399,DT0000000130-62,Distribution Transformer,7.62,F1,159
400,DT0000000130-63,Distribution Transformer,7.62,F1,160
401,DT0000000130-70,Distribution Transformer,7.62,F1,161
402,DT0000000130-88A-18,Distribution Transformer,7.62,F1,162
403,DT0000000130-98,Distribution Transformer,7.62,F1,163
404,DT0000000130-117,Distribution Transformer,7.62,F1,164
405,DT0000000132,Distribution Transformer,7.62,F1,165
406,DT0000000132-3B,Distribution Transformer,7.62,F1,166
407,DT0000000132-3D,Distribution Transformer,7.62,F1,167
408,DT0000000132-3D1,Distribution Transformer,7.62,F1,168
409,DT0000000132-3E,Distribution Transformer,7.62,F1,169
410,DT0000000132-3G,Distribution Transformer,7.62,F1,170
411,DT0000000132-3H,Distribution Transformer,7.62,F1,171
412,DT0000000132-3H1,Distribution Transformer,7.62,F1,172
413,DT0000000132-3I,Distribution Transformer,7.62,F1,173
414,DT0000000132-5,Distribution Transformer,7.62,F1,174
415,DT0000000132-9,Distribution Transformer,7.62,F1,175
416,DT0000000132-14,Distribution Transformer,7.62,F1,176
417,DT0000000134-2,Distribution Transformer,7.62,F1,177
418,DT0000000137,Distribution Transformer,7.62,F1,178
419,DT0000000122-3b,Distribution Transformer,7.62,F1,179
420,DT0000000130-88,Distribution Transformer,7.62,F1,180
421,S0001-0007-0001,Secondary Line,0.24,F1,181
422,S0001-007A-0001,Secondary Line,0.24,F1,182
423,S0001-0009-0001,Secondary Line,0.24,F1,183
424,S0001-0017-0002,Secondary Line,0.24,F1,184
425,S0001-0017-002a,Secondary Line,0.24,F1,185
426,S0001-0017-002A,Secondary Line,0.24,F1,186
427,S0001-0017-0003,Secondary Line,0.24,F1,187
428,S0001-0017-0001,Secondary Line,0.24,F1,188
429,S0001-0017-003a,Secondary Line,0.24,F1,189
430,S0001-0017-0004,Secondary Line,0.24,F1,190
431,S0001-0017-004a,Secondary Line,0.24,F1,191
432,S0001-0017-004A,Secondary Line,0.24,F1,192
433,S0001-0017-0005,Secondary Line,0.24,F1,193
434,S0001-0017-005A,Secondary Line,0.24,F1,194
435,S0001-0017-0006,Secondary Line,0.24,F1,195
436,S0001-0017-006A,Secondary Line,0.24,F1,196
437,S0001-0017-002b,Secondary Line,0.24,F1,197
438,S0001-0017-002B,Secondary Line,0.24,F1,198
439,S0001-0017-002c,Secondary Line,0.24,F1,199
440,S0001-0017-002C,Secondary Line,0.24,F1,200
441,S0001-0017-002d,Secondary Line,0.24,F1,201
442,S0001-0017-002D,Secondary Line,0.24,F1,202
443,S0001-0017-02d1,Secondary Line,0.24,F1,203
444,S0001-0017-002e,Secondary Line,0.24,F1,204
445,S0001-0017-002E,Secondary Line,0.24,F1,205
446,S0001-0017-002F,Secondary Line,0.24,F1,206
447,S0001-0017-002G,Secondary Line,0.24,F1,207
448,S0001-0017-002H,Secondary Line,0.24,F1,208
449,S0001-0017-003b,Secondary Line,0.24,F1,209
450,S0001-0017-003c,Secondary Line,0.24,F1,210
451,S0001-0017-003d,Secondary Line,0.24,F1,211
452,S0001-0017-003e,Secondary Line,0.24,F1,212
453,S0001-0017-003f,Secondary Line,0.24,F1,213
454,S0001-0017-004b,Secondary Line,0.24,F1,214
455,S0001-0017-004B,Secondary Line,0.24,F1,215
456,S0001-0017-004c,Secondary Line,0.24,F1,216
457,S0001-0017-004C,Secondary Line,0.24,F1,217
458,S0001-0017-004d,Secondary Line,0.24,F1,218
459,S0001-0017-004D,Secondary Line,0.24,F1,219
460,S0001-0017-004e,Secondary Line,0.24,F1,220
461,S0001-0017-004E,Secondary Line,0.24,F1,221
462,S0001-0017-004F,Secondary Line,0.24,F1,222
463,S0001-0017-004G,Secondary Line,0.24,F1,223
464,S0001-0017-004H,Secondary Line,0.24,F1,224
465,S0001-0017-004I,Secondary Line,0.24,F1,225
466,S0001-0017-004J,Secondary Line,0.24,F1,226
467,S0001-0017-004K,Secondary Line,0.24,F1,227
468,S0001-0017-004L,Secondary Line,0.24,F1,228
469,S0001-0017-004M,Secondary Line,0.24,F1,229
470,S0001-0017-004N,Secondary Line,0.24,F1,230
471,S0001-0017-004O,Secondary Line,0.24,F1,231
472,S0001-0017-004P,Secondary Line,0.24,F1,232
473,S0001-0017-004Q,Secondary Line,0.24,F1,233
474,S0001-0017-004R,Secondary Line,0.24,F1,234
475,S0001-0017-004S,Secondary Line,0.24,F1,235
476,S0001-0017-02d2,Secondary Line,0.24,F1,236
477,S0001-0017-02d3,Secondary Line,0.24,F1,237
478,S001-19-10-0005,Secondary Line,0.24,F1,238
479,S001-19-10-0001,Secondary Line,0.24,F1,239
480,S001-19-10-0002,Secondary Line,0.24,F1,240
481,S001-19-10-0003,Secondary Line,0.24,F1,1
482,S001-19-10-0006,Secondary Line,0.24,F1,2
483,S001-19-10-0004,Secondary Line,0.24,F1,3
484,S001-19-10-0007,Secondary Line,0.24,F1,4
485,S001-19-10-0008,Secondary Line,0.24,F1,5
486,S001-19-10-0009,Secondary Line,0.24,F1,6
487,S001-19-10-0010,Secondary Line,0.24,F1,7
488,S001-19-10-0011,Secondary Line,0.24,F1,8
489,S001-19-10-0012,Secondary Line,0.24,F1,9
490,S001-19-10-0013,Secondary Line,0.24,F1,10
491,S001-19-38-0015,Secondary Line,0.24,F1,11
492,S001-19-38-0001,Secondary Line,0.24,F1,12
493,S001-19-38-0002,Secondary Line,0.24,F1,13
494,S001-19-38-0003,Secondary Line,0.24,F1,14
495,S001-19-38-0004,Secondary Line,0.24,F1,15
496,S001-19-38-0005,Secondary Line,0.24,F1,16
497,S001-19-38-0006,Secondary Line,0.24,F1,17
498,S001-19-38-0007,Secondary Line,0.24,F1,18
499,S001-19-38-0008,Secondary Line,0.24,F1,19
500,S001-19-38-0009,Secondary Line,0.24,F1,20
501,S001-19-38-0010,Secondary Line,0.24,F1,21
502,S001-19-38-0011,Secondary Line,0.24,F1,22
503,S001-19-38-0012,Secondary Line,0.24,F1,23
504,S001-19-38-0013,Secondary Line,0.24,F1,24
505,S001-19-38-0016,Secondary Line,0.24,F1,25
506,S001-19-38-0014,Secondary Line,0.24,F1,26
507,S001-19-38-0017,Secondary Line,0.24,F1,27
508,S001-19-38-0018,Secondary Line,0.24,F1,28
509,S001-19-38-0019,Secondary Line,0.24,F1,29
510,S001-19-38-0020,Secondary Line,0.24,F1,30
511,S001-19-38-0021,Secondary Line,0.24,F1,31
512,S001-19-38-0022,Secondary Line,0.24,F1,32
513,S001-19-38-0023,Secondary Line,0.24,F1,33
514,S001-19-38-0024,Secondary Line,0.24,F1,34
515,S001-19-38-0025,Secondary Line,0.24,F1,35
516,S001-19-38-0026,Secondary Line,0.24,F1,36
517,S001-19-38-0027,Secondary Line,0.24,F1,37
518,S001-19-38-0028,Secondary Line,0.24,F1,38
519,S001-19-38-0029,Secondary Line,0.24,F1,39
520,S001-19-38-0030,Secondary Line,0.24,F1,40
521,S001-19-38-0031,Secondary Line,0.24,F1,41
522,S001-19-38-0032,Secondary Line,0.24,F1,42
523,S001-19-38-0033,Secondary Line,0.24,F1,43
524,S001-19-38-0034,Secondary Line,0.24,F1,44
525,S000009-0000008,Secondary Line,0.24,F1,45
526,S000009-0000001,Secondary Line,0.24,F1,46
527,S000009-0000002,Secondary Line,0.24,F1,47
528,S000009-0000003,Secondary Line,0.24,F1,48
529,S000009-0000004,Secondary Line,0.24,F1,49
530,S000009-0000005,Secondary Line,0.24,F1,50
531,S000009-000007a,Secondary Line,0.24,F1,51
532,S000009-0000006,Secondary Line,0.24,F1,52
533,S000009-000008a,Secondary Line,0.24,F1,53
534,S000009-0000009,Secondary Line,0.24,F1,54
535,S000009-0000010,Secondary Line,0.24,F1,55
536,S000009-0000011,Secondary Line,0.24,F1,56
537,S000009-0000007,Secondary Line,0.24,F1,57
538,S000009-000008b,Secondary Line,0.24,F1,58
539,S000009-000008c,Secondary Line,0.24,F1,59
540,S000009-00008c1,Secondary Line,0.24,F1,60
541,S000009-000008d,Secondary Line,0.24,F1,61
542,S000009-000008e,Secondary Line,0.24,F1,62
543,S000009-000008f,Secondary Line,0.24,F1,63
544,S000009-000008g,Secondary Line,0.24,F1,64
545,S000013-0000001,Secondary Line,0.24,F1,65
546,S000015-0000004,Secondary Line,0.24,F1,66
547,S000015-0000001,Secondary Line,0.24,F1,67
548,S000015-0000002,Secondary Line,0.24,F1,68
549,S000015-000004A,Secondary Line,0.24,F1,69
550,S000015-0000005,Secondary Line,0.24,F1,70
551,S000015-0000003,Secondary Line,0.24,F1,71
552,S000015-000005a,Secondary Line,0.24,F1,72
553,S000015-0000006,Secondary Line,0.24,F1,73
554,S000015-0000007,Secondary Line,0.24,F1,74
555,S000015-0000008,Secondary Line,0.24,F1,75
556,S000015-000004B,Secondary Line,0.24,F1,76
557,S000015-000004C,Secondary Line,0.24,F1,77
558,S000015-000004D,Secondary Line,0.24,F1,78
559,S000015-000004E,Secondary Line,0.24,F1,79
560,S000015-000004F,Secondary Line,0.24,F1,80
561,S000015-000004G,Secondary Line,0.24,F1,81
562,S000015-000004H,Secondary Line,0.24,F1,82
563,S0016-0013-0011,Secondary Line,0.24,F1,83
564,S0016-0013-001A,Secondary Line,0.24,F1,84
565,S0016-0013-0001,Secondary Line,0.24,F1,85
566,S0016-0013-0002,Secondary Line,0.24,F1,86
567,S0016-0013-0003,Secondary Line,0.24,F1,87
568,S0016-0013-0004,Secondary Line,0.24,F1,88
569,S0016-0013-0005,Secondary Line,0.24,F1,89
570,S0016-0013-0006,Secondary Line,0.24,F1,90
571,S0016-0013-0007,Secondary Line,0.24,F1,91
572,S0016-0013-0008,Secondary Line,0.24,F1,92
573,S0016-0013-0009,Secondary Line,0.24,F1,93
574,S0016-0013-011A,Secondary Line,0.24,F1,94
575,S0016-0013-0012,Secondary Line,0.24,F1,95
576,S0016-0013-0010,Secondary Line,0.24,F1,96
577,S0016-0013-0013,Secondary Line,0.24,F1,97
578,S0016-0013-0014,Secondary Line,0.24,F1,98
579,S0016-0013-0015,Secondary Line,0.24,F1,99
580,S0016-0013-0016,Secondary Line,0.24,F1,100
581,S0016-0013-0017,Secondary Line,0.24,F1,101
582,S0016-0013-0018,Secondary Line,0.24,F1,102
583,S0016-0013-0019,Secondary Line,0.24,F1,103
584,S0016-0013-0020,Secondary Line,0.24,F1,104
585,S0016-0013-020A,Secondary Line,0.24,F1,105
586,S0016-0013-0021,Secondary Line,0.24,F1,106
587,S0016-0013-0022,Secondary Line,0.24,F1,107
588,S0016-0013-0023,Secondary Line,0.24,F1,108
589,S0016-0013-0024,Secondary Line,0.24,F1,109
590,S0016-0013-0025,Secondary Line,0.24,F1,110
591,S0016-0013-0026,Secondary Line,0.24,F1,111
592,S0016-0013-0027,Secondary Line,0.24,F1,112
593,S0016-0013-0028,Secondary Line,0.24,F1,113
594,S0016-0013-0029,Secondary Line,0.24,F1,114
595,S0016-0013-0030,Secondary Line,0.24,F1,115
596,S0016-0013-0031,Secondary Line,0.24,F1,116
597,S0016-0013-0032,Secondary Line,0.24,F1,117
598,S0016-0013-0033,Secondary Line,0.24,F1,118
599,S0016-0013-011B,Secondary Line,0.24,F1,119
600,S0016-0013-020B,Secondary Line,0.24,F1,120
601,S0016-0013-020C,Secondary Line,0.24,F1,121
602,S0016-0013-020D,Secondary Line,0.24,F1,122
603,S000025-0000005,Secondary Line,0.24,F1,123
604,S000025-0000001,Secondary Line,0.24,F1,124
605,S000025-000003A,Secondary Line,0.24,F1,125
606,S000025-0000002,Secondary Line,0.24,F1,126
607,S000025-0000003,Secondary Line,0.24,F1,127
608,S000025-0000006,Secondary Line,0.24,F1,128
609,S000025-0000004,Secondary Line,0.24,F1,129
610,S000025-000006A,Secondary Line,0.24,F1,130
611,S000025-0000007,Secondary Line,0.24,F1,131
612,S000025-0000008,Secondary Line,0.24,F1,132
613,S000025-0000009,Secondary Line,0.24,F1,133
614,S000025-0000010,Secondary Line,0.24,F1,134
615,S000025-0000011,Secondary Line,0.24,F1,135
616,S000025-0000012,Secondary Line,0.24,F1,136
617,S000025-000003B,Secondary Line,0.24,F1,137
618,S000034-0000001,Secondary Line,0.24,F1,138
619,S0034-007A-0002,Secondary Line,0.24,F1,139
620,S0034-009a-0002,Secondary Line,0.24,F1,140
621,S0034-0018-0008,Secondary Line,0.24,F1,141
622,S0034-0029-0005,Secondary Line,0.24,F1,142
623,S0034-0018-0001,Secondary Line,0.24,F1,143
624,S0034-0018-0002,Secondary Line,0.24,F1,144
625,S0034-0018-0003,Secondary Line,0.24,F1,145
626,S0034-0018-0004,Secondary Line,0.24,F1,146
627,S0034-0018-0005,Secondary Line,0.24,F1,147
628,S0034-0018-0006,Secondary Line,0.24,F1,148
629,S0034-0018-0009,Secondary Line,0.24,F1,149
630,S0034-0018-0007,Secondary Line,0.24,F1,150
631,S0034-0018-0010,Secondary Line,0.24,F1,151
632,S0034-0018-010A,Secondary Line,0.24,F1,152
633,S0034-0018-0011,Secondary Line,0.24,F1,153
634,S0034-0018-0012,Secondary Line,0.24,F1,154
635,S0034-0018-0013,Secondary Line,0.24,F1,155
636,S0034-0018-0014,Secondary Line,0.24,F1,156
637,S0034-0018-0015,Secondary Line,0.24,F1,157
638,S0034-0018-0016,Secondary Line,0.24,F1,158
639,S0034-0018-0017,Secondary Line,0.24,F1,159
640,S0034-0018-0018,Secondary Line,0.24,F1,160
641,S0034-0018-0019,Secondary Line,0.24,F1,161
642,S0034-0018-010B,Secondary Line,0.24,F1,162
643,S0034-0018-010C,Secondary Line,0.24,F1,163
644,S0034-0029-0001,Secondary Line,0.24,F1,164
645,S0034-0029-0002,Secondary Line,0.24,F1,165
646,S0034-0029-0003,Secondary Line,0.24,F1,166
647,S0034-0029-005A,Secondary Line,0.24,F1,167
648,S0034-0029-0006,Secondary Line,0.24,F1,168
649,S0034-0029-0004,Secondary Line,0.24,F1,169
650,S0034-0029-0007,Secondary Line,0.24,F1,170
651,S0034-0029-005B,Secondary Line,0.24,F1,171
652,S0034-007A-001a,Secondary Line,0.24,F1,172
653,S0034-007A-002A,Secondary Line,0.24,F1,173
654,S0034-007A-0003,Secondary Line,0.24,F1,174
655,S0034-007A-0001,Secondary Line,0.24,F1,175
656,S0034-007A-002B,Secondary Line,0.24,F1,176
657,S0034-007A-02B1,Secondary Line,0.24,F1,177
658,S0034-007A-002C,Secondary Line,0.24,F1,178
659,S0034-007A-002D,Secondary Line,0.24,F1,179
660,S0034-007A-002E,Secondary Line,0.24,F1,180
661,S0034-007A-02B2,Secondary Line,0.24,F1,181
662,S0034-007A-02B3,Secondary Line,0.24,F1,182
663,S0034-009a-002a,Secondary Line,0.24,F1,183
664,S0034-009a-0003,Secondary Line,0.24,F1,184
665,S0034-009a-0001,Secondary Line,0.24,F1,185
666,S0034-009a-0004,Secondary Line,0.24,F1,186
667,S0034-009a-0005,Secondary Line,0.24,F1,187
668,S0034-009a-0006,Secondary Line,0.24,F1,188
669,S0034-009a-0007,Secondary Line,0.24,F1,189
670,S0034-009a-002b,Secondary Line,0.24,F1,190
671,S0034-009a-002c,Secondary Line,0.24,F1,191
672,S0034-009a-002d,Secondary Line,0.24,F1,192
673,S000038-0000005,Secondary Line,0.24,F1,193
674,S000038-000001A,Secondary Line,0.24,F1,194
675,S000038-0000001,Secondary Line,0.24,F1,195
676,S000038-0000002,Secondary Line,0.24,F1,196
677,S000038-0000003,Secondary Line,0.24,F1,197
678,S000038-0000006,Secondary Line,0.24,F1,198
679,S000038-0000004,Secondary Line,0.24,F1,199
680,S000038-000006a,Secondary Line,0.24,F1,200
681,S000038-0000007,Secondary Line,0.24,F1,201
682,S000038-0000008,Secondary Line,0.24,F1,202
683,S000038-0000009,Secondary Line,0.24,F1,203
684,S000038-000009a,Secondary Line,0.24,F1,204
685,S000038-000001B,Secondary Line,0.24,F1,205
686,S000038-000001C,Secondary Line,0.24,F1,206
687,S000038-000001D,Secondary Line,0.24,F1,207
688,S000038-000001E,Secondary Line,0.24,F1,208
689,S000038-000001F,Secondary Line,0.24,F1,209
690,S0044-0029-0020,Secondary Line,0.24,F1,210
691,S0044-0064-0013,Secondary Line,0.24,F1,211
692,S0044-0029-0001,Secondary Line,0.24,F1,212
693,S0044-0029-0002,Secondary Line,0.24,F1,213
694,S0044-0029-0003,Secondary Line,0.24,F1,214
695,S0044-0029-0004,Secondary Line,0.24,F1,215
696,S0044-0029-0005,Secondary Line,0.24,F1,216
697,S0044-0029-0006,Secondary Line,0.24,F1,217
698,S0044-0029-0007,Secondary Line,0.24,F1,218
699,S0044-0029-0008,Secondary Line,0.24,F1,219
700,S0044-0029-0009,Secondary Line,0.24,F1,220
701,S0044-0029-0010,Secondary Line,0.24,F1,221
702,S0044-0029-0011,Secondary Line,0.24,F1,222
703,S0044-0029-0012,Secondary Line,0.24,F1,223
704,S0044-0029-0013,Secondary Line,0.24,F1,224
705,S0044-0029-0014,Secondary Line,0.24,F1,225
706,S0044-0029-0015,Secondary Line,0.24,F1,226
707,S0044-0029-0016,Secondary Line,0.24,F1,227
708,S0044-0029-0017,Secondary Line,0.24,F1,228
709,S0044-0029-019A,Secondary Line,0.24,F1,229
710,S0044-0029-0018,Secondary Line,0.24,F1,230
711,S0044-0029-0021,Secondary Line,0.24,F1,231
712,S0044-0029-0019,Secondary Line,0.24,F1,232
713,S0044-0029-0022,Secondary Line,0.24,F1,233
714,S0044-0029-0023,Secondary Line,0.24,F1,234
715,S0044-0029-0024,Secondary Line,0.24,F1,235
716,S0044-0029-0025,Secondary Line,0.24,F1,236
717,S0044-0029-0026,Secondary Line,0.24,F1,237
718,S0044-0029-0027,Secondary Line,0.24,F1,238
719,S0044-0029-0028,Secondary Line,0.24,F1,239
720,S0044-0029-0029,Secondary Line,0.24,F1,240
721,S0044-0029-0030,Secondary Line,0.24,F1,1
722,S0044-0029-0031,Secondary Line,0.24,F1,2
723,S0044-0029-0032,Secondary Line,0.24,F1,3
724,S0044-0029-0033,Secondary Line,0.24,F1,4
725,S0044-0029-0034,Secondary Line,0.24,F1,5
726,S0044-0029-0035,Secondary Line,0.24,F1,6
727,S0044-0029-0036,Secondary Line,0.24,F1,7
728,S0044-0029-0037,Secondary Line,0.24,F1,8
729,S0044-0029-0038,Secondary Line,0.24,F1,9
730,S0044-0029-0039,Secondary Line,0.24,F1,10
731,S0044-0029-0040,Secondary Line,0.24,F1,11
732,S0044-0029-0041,Secondary Line,0.24,F1,12
733,S0044-0029-019B,Secondary Line,0.24,F1,13
734,S0044-0064-0001,Secondary Line,0.24,F1,14
735,S0044-0064-0002,Secondary Line,0.24,F1,15
736,S0044-0064-0003,Secondary Line,0.24,F1,16
737,S0044-0064-0004,Secondary Line,0.24,F1,17
738,S0044-0064-0005,Secondary Line,0.24,F1,18
739,S0044-0064-0006,Secondary Line,0.24,F1,19
740,S0044-0064-0007,Secondary Line,0.24,F1,20
741,S0044-0064-0008,Secondary Line,0.24,F1,21
742,S0044-0064-0009,Secondary Line,0.24,F1,22
743,S0044-0064-0010,Secondary Line,0.24,F1,23
744,S0044-0064-0011,Secondary Line,0.24,F1,24
745,S0044-0064-0014,Secondary Line,0.24,F1,25
746,S0044-0064-0012,Secondary Line,0.24,F1,26
747,S0044-0064-0015,Secondary Line,0.24,F1,27
748,S0044-0064-0016,Secondary Line,0.24,F1,28
749,S0044-0064-0017,Secondary Line,0.24,F1,29
750,S0044-0064-0018,Secondary Line,0.24,F1,30
751,S0044-0064-0019,Secondary Line,0.24,F1,31
752,S0044-0064-0020,Secondary Line,0.24,F1,32
753,S0044-0064-0021,Secondary Line,0.24,F1,33
754,S0044-0064-0022,Secondary Line,0.24,F1,34
755,S0044-0064-0023,Secondary Line,0.24,F1,35
756,S0044-0064-0024,Secondary Line,0.24,F1,36
757,S000045-0000002,Secondary Line,0.24,F1,37
758,S000045-000001a,Secondary Line,0.24,F1,38
759,S000045-0000003,Secondary Line,0.24,F1,39
760,S000045-0000001,Secondary Line,0.24,F1,40
761,S000045-000003A,Secondary Line,0.24,F1,41
762,S000045-0000004,Secondary Line,0.24,F1,42
763,S000045-000004a,Secondary Line,0.24,F1,43
764,S000045-0000005,Secondary Line,0.24,F1,44
765,S000045-000005a,Secondary Line,0.24,F1,45
766,S000045-0000006,Secondary Line,0.24,F1,46
767,S000045-000001b,Secondary Line,0.24,F1,47
768,S000045-000001c,Secondary Line,0.24,F1,48
769,S000045-000001d,Secondary Line,0.24,F1,49
770,S000045-000001e,Secondary Line,0.24,F1,50
771,S000045-000001f,Secondary Line,0.24,F1,51
772,S000045-000001g,Secondary Line,0.24,F1,52
773,S000045-000001h,Secondary Line,0.24,F1,53
774,S000045-000001i,Secondary Line,0.24,F1,54
775,S000045-000001j,Secondary Line,0.24,F1,55
776,S0046-0022-0012,Secondary Line,0.24,F1,56
777,S0046-0022-0001,Secondary Line,0.24,F1,57
778,S0046-0022-0002,Secondary Line,0.24,F1,58
779,S0046-0022-0003,Secondary Line,0.24,F1,59
780,S0046-0022-0004,Secondary Line,0.24,F1,60
781,S0046-0022-0005,Secondary Line,0.24,F1,61
782,S0046-0022-0006,Secondary Line,0.24,F1,62
783,S0046-0022-0007,Secondary Line,0.24,F1,63
784,S0046-0022-009a,Secondary Line,0.24,F1,64
785,S0046-0022-0008,Secondary Line,0.24,F1,65
786,S0046-0022-0009,Secondary Line,0.24,F1,66
787,S0046-0022-0010,Secondary Line,0.24,F1,67
788,S0046-0022-0013,Secondary Line,0.24,F1,68
789,S0046-0022-0011,Secondary Line,0.24,F1,69
790,S0046-0022-0014,Secondary Line,0.24,F1,70
791,S0046-0022-0015,Secondary Line,0.24,F1,71
792,S0046-0022-0016,Secondary Line,0.24,F1,72
793,S0046-0022-0017,Secondary Line,0.24,F1,73
794,S0046-0022-0018,Secondary Line,0.24,F1,74
795,S0046-0022-0019,Secondary Line,0.24,F1,75
796,S0046-0022-0020,Secondary Line,0.24,F1,76
797,S0046-0022-0021,Secondary Line,0.24,F1,77
798,S0046-0022-09a1,Secondary Line,0.24,F1,78
799,S0046-0022-009b,Secondary Line,0.24,F1,79
800,S0046-0022-009c,Secondary Line,0.24,F1,80
801,S0049-0003-0004,Secondary Line,0.24,F1,81
802,S0049-0003-0001,Secondary Line,0.24,F1,82
803,S0049-0003-0002,Secondary Line,0.24,F1,83
804,S0049-0003-0005,Secondary Line,0.24,F1,84
805,S0049-0003-0003,Secondary Line,0.24,F1,85
806,S0049-0003-0006,Secondary Line,0.24,F1,86
807,S0049-0003-0007,Secondary Line,0.24,F1,87
808,S0049-0003-0008,Secondary Line,0.24,F1,88
809,S0049-0003-0009,Secondary Line,0.24,F1,89
810,S0049-0003-0010,Secondary Line,0.24,F1,90
811,S0049-0003-0011,Secondary Line,0.24,F1,91
812,S0049-0003-0012,Secondary Line,0.24,F1,92
813,S0049-0003-0013,Secondary Line,0.24,F1,93
814,S0054-0020-0010,Secondary Line,0.24,F1,94
815,S000054-0000005,Secondary Line,0.24,F1,95
816,S000054-0000001,Secondary Line,0.24,F1,96
817,S000054-0000002,Secondary Line,0.24,F1,97
818,S000054-0000003,Secondary Line,0.24,F1,98
819,S000054-000005a,Secondary Line,0.24,F1,99
820,S000054-0000006,Secondary Line,0.24,F1,100
821,S000054-0000004,Secondary Line,0.24,F1,101
822,S000054-0000007,Secondary Line,0.24,F1,102
823,S000054-0000008,Secondary Line,0.24,F1,103
824,S000054-0000009,Secondary Line,0.24,F1,104
825,S000054-000005b,Secondary Line,0.24,F1,105
826,S000054-000005c,Secondary Line,0.24,F1,106
827,S000054-000005d,Secondary Line,0.24,F1,107
828,S000054-000005e,Secondary Line,0.24,F1,108
829,S000054-000005f,Secondary Line,0.24,F1,109
830,S000054-000005g,Secondary Line,0.24,F1,110
831,S000054-000005h,Secondary Line,0.24,F1,111
832,S000054-000005i,Secondary Line,0.24,F1,112
833,S000054-000005j,Secondary Line,0.24,F1,113
834,S000054-000005k,Secondary Line,0.24,F1,114
835,S0054-0020-0001,Secondary Line,0.24,F1,115
836,S0054-0020-0002,Secondary Line,0.24,F1,116
837,S0054-0020-0003,Secondary Line,0.24,F1,117
838,S0054-0020-0004,Secondary Line,0.24,F1,118
839,S0054-0020-0005,Secondary Line,0.24,F1,119
840,S0054-0020-0006,Secondary Line,0.24,F1,120
841,S0054-0020-008A,Secondary Line,0.24,F1,121
842,S0054-0020-0007,Secondary Line,0.24,F1,122
843,S0054-0020-0008,Secondary Line,0.24,F1,123
844,S0054-0020-0011,Secondary Line,0.24,F1,124
845,S0054-0020-0009,Secondary Line,0.24,F1,125
846,S0054-0020-0012,Secondary Line,0.24,F1,126
847,S0054-0020-012a,Secondary Line,0.24,F1,127
848,S0054-0020-012A,Secondary Line,0.24,F1,128
849,S0054-0020-0013,Secondary Line,0.24,F1,129
850,S0054-0020-0014,Secondary Line,0.24,F1,130
851,S0054-0020-0015,Secondary Line,0.24,F1,131
852,S0054-0020-0016,Secondary Line,0.24,F1,132
853,S0054-0020-0017,Secondary Line,0.24,F1,133
854,S0054-0020-0018,Secondary Line,0.24,F1,134
855,S0054-0020-0019,Secondary Line,0.24,F1,135
856,S0054-0020-008B,Secondary Line,0.24,F1,136
857,S0054-0020-008C,Secondary Line,0.24,F1,137
858,S0054-0020-008D,Secondary Line,0.24,F1,138
859,S0054-0020-008E,Secondary Line,0.24,F1,139
860,S0054-0020-008F,Secondary Line,0.24,F1,140
861,S0054-0020-008G,Secondary Line,0.24,F1,141
862,S0054-0020-008H,Secondary Line,0.24,F1,142
863,S0054-0020-008I,Secondary Line,0.24,F1,143
864,S0054-0020-012b,Secondary Line,0.24,F1,144
865,S0054-0020-012B,Secondary Line,0.24,F1,145
866,S000065-0000004,Secondary Line,0.24,F1,146
867,S000065-000002a,Secondary Line,0.24,F1,147
868,S000065-0000001,Secondary Line,0.24,F1,148
869,S000065-000003a,Secondary Line,0.24,F1,149
870,S000065-0000002,Secondary Line,0.24,F1,150
871,S000065-0000005,Secondary Line,0.24,F1,151
872,S000065-0000003,Secondary Line,0.24,F1,152
873,S000065-000005a,Secondary Line,0.24,F1,153
874,S000065-0000006,Secondary Line,0.24,F1,154
875,S000065-000002b,Secondary Line,0.24,F1,155
876,S000065-000002c,Secondary Line,0.24,F1,156
877,S0072-0007-0003,Secondary Line,0.24,F1,157
878,S0072-0007-0001,Secondary Line,0.24,F1,158
879,S0072-0007-0004,Secondary Line,0.24,F1,159
880,S0072-0007-0002,Secondary Line,0.24,F1,160
881,S000073-0000007,Secondary Line,0.24,F1,161
882,S000073-0000001,Secondary Line,0.24,F1,162
883,S000073-0000002,Secondary Line,0.24,F1,163
884,S000073-0000003,Secondary Line,0.24,F1,164
885,S000073-000005a,Secondary Line,0.24,F1,165
886,S000073-0000004,Secondary Line,0.24,F1,166
887,S000073-0000005,Secondary Line,0.24,F1,167
888,S000073-0000008,Secondary Line,0.24,F1,168
889,S000073-0000006,Secondary Line,0.24,F1,169
890,S000073-0000009,Secondary Line,0.24,F1,170
891,S000073-0000010,Secondary Line,0.24,F1,171
892,S000090-0000007,Secondary Line,0.24,F1,172
893,S000090-0000001,Secondary Line,0.24,F1,173
894,S000090-000001a,Secondary Line,0.24,F1,174
895,S000090-000001b,Secondary Line,0.24,F1,175
896,S000090-0000002,Secondary Line,0.24,F1,176
897,S000090-0000003,Secondary Line,0.24,F1,177
898,S000090-0000004,Secondary Line,0.24,F1,178
899,S000090-0000005,Secondary Line,0.24,F1,179
900,S000090-0000008,Secondary Line,0.24,F1,180
901,S000090-0000006,Secondary Line,0.24,F1,181
902,S000090-0000009,Secondary Line,0.24,F1,182
903,S000090-0000010,Secondary Line,0.24,F1,183
904,S000090-0000011,Secondary Line,0.24,F1,184
905,S000090-0000012,Secondary Line,0.24,F1,185
906,S000091-0000001,Secondary Line,0.24,F1,186
907,S0092-0002-0001,Secondary Line,0.24,F1,187
908,S0092-0007-0007,Secondary Line,0.24,F1,188
909,S0092-0008-0001,Secondary Line,0.24,F1,189
910,S0092-0009-0001,Secondary Line,0.24,F1,190
911,S000092-0000001,Secondary Line,0.24,F1,191
912,S0092-0007-0001,Secondary Line,0.24,F1,192
913,S0092-0007-0002,Secondary Line,0.24,F1,193
914,S0092-0007-0003,Secondary Line,0.24,F1,194
915,S0092-0007-0004,Secondary Line,0.24,F1,195
916,S0092-0007-0005,Secondary Line,0.24,F1,196
917,S0092-0007-0008,Secondary Line,0.24,F1,197
918,S0092-0007-0006,Secondary Line,0.24,F1,198
919,S0092-0007-0009,Secondary Line,0.24,F1,199
920,S0092-0007-0010,Secondary Line,0.24,F1,200
921,S0092-0007-011A,Secondary Line,0.24,F1,201
922,S0092-0007-0011,Secondary Line,0.24,F1,202
923,S0092-0007-0012,Secondary Line,0.24,F1,203
924,S0092-0007-0013,Secondary Line,0.24,F1,204
925,S0092-0007-011B,Secondary Line,0.24,F1,205
926,S000093-0000001,Secondary Line,0.24,F1,206
927,S000094-0000001,Secondary Line,0.24,F1,207
928,S00094B-0000001,Secondary Line,0.24,F1,208
929,S00094C-0000001,Secondary Line,0.24,F1,209
930,S0095-0007-0005,Secondary Line,0.24,F1,210
931,S0095-0007-0001,Secondary Line,0.24,F1,211
932,S0095-0007-0002,Secondary Line,0.24,F1,212
933,S0095-0007-0003,Secondary Line,0.24,F1,213
934,S0095-0007-0006,Secondary Line,0.24,F1,214
935,S0095-0007-0004,Secondary Line,0.24,F1,215
936,S0095-0007-0007,Secondary Line,0.24,F1,216
937,S0095-0007-0008,Secondary Line,0.24,F1,217
938,S000099-0000001,Secondary Line,0.24,F1,218
939,S0100-0016-0006,Secondary Line,0.24,F1,219
940,S0100-0020-0001,Secondary Line,0.24,F1,220
941,S0100-0028-0008,Secondary Line,0.24,F1,221
942,S0100-0001-0001,Secondary Line,0.24,F1,222
943,S0100-0002-0001,Secondary Line,0.24,F1,223
944,S0100-030i-0006,Secondary Line,0.24,F1,224
945,S0100-039h-0009,Secondary Line,0.24,F1,225
946,S0100-039X-0001,Secondary Line,0.24,F1,226
947,S0100-0042-0007,Secondary Line,0.24,F1,227
948,S0100-0043-0001,Secondary Line,0.24,F1,228
949,S0100-0050-0001,Secondary Line,0.24,F1,229
950,S0100-0058-0005,Secondary Line,0.24,F1,230
951,S0100-0006-0006,Secondary Line,0.24,F1,231
952,S0100-0007-0001,Secondary Line,0.24,F1,232
953,S0100-0066-0005,Secondary Line,0.24,F1,233
954,S0100-0074-0005,Secondary Line,0.24,F1,234
955,S0100-0079-0001,Secondary Line,0.24,F1,235
956,S0100-0085-0001,Secondary Line,0.24,F1,236
957,S0100-13ar-0005,Secondary Line,0.24,F1,237
958,S0100-13bj-0006,Secondary Line,0.24,F1,238
959,S0100-013m-0009,Secondary Line,0.24,F1,239
960,S100-55-04-0003,Secondary Line,0.24,F1,240
961,S100-71-03-0001,Secondary Line,0.24,F1,1
962,S0100-072M-0004,Secondary Line,0.24,F1,2
963,S0100-072Y-0005,Secondary Line,0.24,F1,3
964,S100-13ag6-0013,Secondary Line,0.24,F1,4
965,S100-13ax15-014,Secondary Line,0.24,F1,5
966,S100-72Q12-0005,Secondary Line,0.24,F1,6
967,S100-72Q8c-0004,Secondary Line,0.24,F1,7
968,S000100-0000007,Secondary Line,0.24,F1,8
969,S000100-000002a,Secondary Line,0.24,F1,9
970,S000100-0000001,Secondary Line,0.24,F1,10
971,S000100-0000002,Secondary Line,0.24,F1,11
972,S000100-0000003,Secondary Line,0.24,F1,12
973,S000100-0000004,Secondary Line,0.24,F1,13
974,S000100-0000005,Secondary Line,0.24,F1,14
975,S000100-000007A,Secondary Line,0.24,F1,15
976,S000100-0000008,Secondary Line,0.24,F1,16
977,S000100-0000006,Secondary Line,0.24,F1,17
978,S000100-0000009,Secondary Line,0.24,F1,18
979,S000100-000009a,Secondary Line,0.24,F1,19
980,S000100-0000010,Secondary Line,0.24,F1,20
981,S000100-000002b,Secondary Line,0.24,F1,21
982,S000100-000002c,Secondary Line,0.24,F1,22
983,S000100-000003A,Secondary Line,0.24,F1,23
984,S0100-0006-0001,Secondary Line,0.24,F1,24
985,S0100-0006-0002,Secondary Line,0.24,F1,25
986,S0100-0006-0003,Secondary Line,0.24,F1,26
987,S0100-0006-0004,Secondary Line,0.24,F1,27
988,S0100-0006-006a,Secondary Line,0.24,F1,28
989,S0100-0006-0007,Secondary Line,0.24,F1,29
990,S0100-0006-0005,Secondary Line,0.24,F1,30
991,S0100-0006-0008,Secondary Line,0.24,F1,31
992,S0100-0006-0009,Secondary Line,0.24,F1,32
993,S0100-0006-0010,Secondary Line,0.24,F1,33
994,S0100-0006-0011,Secondary Line,0.24,F1,34
995,S0100-0006-006b,Secondary Line,0.24,F1,35
996,S0100-0016-0001,Secondary Line,0.24,F1,36
997,S0100-0016-003a,Secondary Line,0.24,F1,37
998,S0100-0016-0002,Secondary Line,0.24,F1,38
999,S0100-0016-004a,Secondary Line,0.24,F1,39
1000,S0100-0016-0003,Secondary Line,0.24,F1,40
1001,S0100-0016-0004,Secondary Line,0.24,F1,41
1002,S0100-0016-0007,Secondary Line,0.24,F1,42
1003,S0100-0016-0005,Secondary Line,0.24,F1,43
1004,S0100-0016-0008,Secondary Line,0.24,F1,44
1005,S0100-0016-0009,Secondary Line,0.24,F1,45
1006,S0100-0016-0010,Secondary Line,0.24,F1,46
1007,S0100-0016-010a,Secondary Line,0.24,F1,47
1008,S0100-0016-0011,Secondary Line,0.24,F1,48
1009,S0100-0016-003b,Secondary Line,0.24,F1,49
1010,S0100-0016-003c,Secondary Line,0.24,F1,50
1011,S0100-0016-003d,Secondary Line,0.24,F1,51
1012,S0100-0016-003e,Secondary Line,0.24,F1,52
1013,S0100-0028-0001,Secondary Line,0.24,F1,53
1014,S0100-0028-0002,Secondary Line,0.24,F1,54
1015,S0100-0028-0003,Secondary Line,0.24,F1,55
1016,S0100-0028-0004,Secondary Line,0.24,F1,56
1017,S0100-0028-0005,Secondary Line,0.24,F1,57
1018,S0100-0028-0006,Secondary Line,0.24,F1,58
1019,S0100-0028-0009,Secondary Line,0.24,F1,59
1020,S0100-0028-0007,Secondary Line,0.24,F1,60
1021,S0100-0028-0010,Secondary Line,0.24,F1,61
1022,S0100-0028-010a,Secondary Line,0.24,F1,62
1023,S0100-0028-0011,Secondary Line,0.24,F1,63
1024,S0100-0028-0012,Secondary Line,0.24,F1,64
1025,S0100-0028-012A,Secondary Line,0.24,F1,65
1026,S0100-0028-010b,Secondary Line,0.24,F1,66
1027,S0100-0028-010c,Secondary Line,0.24,F1,67
1028,S0100-0028-012B,Secondary Line,0.24,F1,68
1029,S0100-0028-012C,Secondary Line,0.24,F1,69
1030,S0100-0028-012D,Secondary Line,0.24,F1,70
1031,S0100-0028-012E,Secondary Line,0.24,F1,71
1032,S0100-0042-001a,Secondary Line,0.24,F1,72
1033,S0100-0042-0001,Secondary Line,0.24,F1,73
1034,S0100-0042-003a,Secondary Line,0.24,F1,74
1035,S0100-0042-0002,Secondary Line,0.24,F1,75
1036,S0100-0042-0003,Secondary Line,0.24,F1,76
1037,S0100-0042-0004,Secondary Line,0.24,F1,77
1038,S0100-0042-0005,Secondary Line,0.24,F1,78
1039,S0100-0042-0008,Secondary Line,0.24,F1,79
1040,S0100-0042-0006,Secondary Line,0.24,F1,80
1041,S0100-0042-008a,Secondary Line,0.24,F1,81
1042,S0100-0042-008A,Secondary Line,0.24,F1,82
1043,S0100-0042-0009,Secondary Line,0.24,F1,83
1044,S0100-0042-0010,Secondary Line,0.24,F1,84
1045,S0100-0042-010a,Secondary Line,0.24,F1,85
1046,S0100-0042-0011,Secondary Line,0.24,F1,86
1047,S0100-0042-0012,Secondary Line,0.24,F1,87
1048,S0100-0042-0013,Secondary Line,0.24,F1,88
1049,S0100-0042-0014,Secondary Line,0.24,F1,89
1050,S0100-0042-0015,Secondary Line,0.24,F1,90
1051,S0100-0042-0016,Secondary Line,0.24,F1,91
1052,S0100-0042-0017,Secondary Line,0.24,F1,92
1053,S0100-0042-008B,Secondary Line,0.24,F1,93
1054,S0100-0042-008C,Secondary Line,0.24,F1,94
1055,S0100-0042-008D,Secondary Line,0.24,F1,95
1056,S0100-0042-008E,Secondary Line,0.24,F1,96
1057,S0100-0042-008F,Secondary Line,0.24,F1,97
1058,S0100-0042-010b,Secondary Line,0.24,F1,98
1059,S0100-0042-010c,Secondary Line,0.24,F1,99
1060,S0100-0042-010d,Secondary Line,0.24,F1,100
1061,S0100-0042-010e,Secondary Line,0.24,F1,101
1062,S0100-0042-010f,Secondary Line,0.24,F1,102
1063,S0100-0042-010g,Secondary Line,0.24,F1,103
1064,S0100-0042-010h,Secondary Line,0.24,F1,104
1065,S0100-0042-010i,Secondary Line,0.24,F1,105
1066,S0100-0058-0001,Secondary Line,0.24,F1,106
1067,S0100-0058-0002,Secondary Line,0.24,F1,107
1068,S0100-0058-0003,Secondary Line,0.24,F1,108
1069,S0100-0058-005A,Secondary Line,0.24,F1,109
1070,S0100-0058-0006,Secondary Line,0.24,F1,110
1071,S0100-0058-0004,Secondary Line,0.24,F1,111
1072,S0100-0058-0007,Secondary Line,0.24,F1,112
1073,S0100-0058-0008,Secondary Line,0.24,F1,113
1074,S0100-0058-0009,Secondary Line,0.24,F1,114
1075,S0100-0058-005B,Secondary Line,0.24,F1,115
1076,S0100-0058-005C,Secondary Line,0.24,F1,116
1077,S0100-0066-0001,Secondary Line,0.24,F1,117
1078,S0100-0066-0002,Secondary Line,0.24,F1,118
1079,S0100-0066-0003,Secondary Line,0.24,F1,119
1080,S0100-0066-0006,Secondary Line,0.24,F1,120
1081,S0100-0066-0004,Secondary Line,0.24,F1,121
1082,S0100-0066-0007,Secondary Line,0.24,F1,122
1083,S0100-0066-0008,Secondary Line,0.24,F1,123
1084,S0100-0066-0009,Secondary Line,0.24,F1,124
1085,S0100-0074-0001,Secondary Line,0.24,F1,125
1086,S0100-0074-003A,Secondary Line,0.24,F1,126
1087,S0100-0074-0002,Secondary Line,0.24,F1,127
1088,S0100-0074-0003,Secondary Line,0.24,F1,128
1089,S0100-0074-0006,Secondary Line,0.24,F1,129
1090,S0100-0074-0004,Secondary Line,0.24,F1,130
1091,S0100-0074-0007,Secondary Line,0.24,F1,131
1092,S0100-0074-0008,Secondary Line,0.24,F1,132
1093,S0100-0074-008a,Secondary Line,0.24,F1,133
1094,S0100-0074-0009,Secondary Line,0.24,F1,134
1095,S0100-0074-003B,Secondary Line,0.24,F1,135
1096,S0100-0074-003C,Secondary Line,0.24,F1,136
1097,S0100-0074-003D,Secondary Line,0.24,F1,137
1098,S0100-0074-003E,Secondary Line,0.24,F1,138
1099,S0100-0074-008b,Secondary Line,0.24,F1,139
1100,S0100-0079-0002,Secondary Line,0.24,F1,140
1101,S0100-0079-002a,Secondary Line,0.24,F1,141
1102,S0100-0079-0003,Secondary Line,0.24,F1,142
1103,S0100-0079-0004,Secondary Line,0.24,F1,143
1104,S0100-0079-0005,Secondary Line,0.24,F1,144
1105,S0100-0079-0006,Secondary Line,0.24,F1,145
1106,S0100-0079-0007,Secondary Line,0.24,F1,146
1107,S0100-0079-0008,Secondary Line,0.24,F1,147
1108,S0100-0079-0009,Secondary Line,0.24,F1,148
1109,S0100-0079-0010,Secondary Line,0.24,F1,149
1110,S0100-0079-0011,Secondary Line,0.24,F1,150
1111,S0100-0079-0012,Secondary Line,0.24,F1,151
1112,S0100-0079-0013,Secondary Line,0.24,F1,152
1113,S0100-0079-0014,Secondary Line,0.24,F1,153
1114,S0100-0079-0015,Secondary Line,0.24,F1,154
1115,S0100-0079-0016,Secondary Line,0.24,F1,155
1116,S0100-0085-0002,Secondary Line,0.24,F1,156
1117,S0100-0085-0003,Secondary Line,0.24,F1,157
1118,S0100-0085-0004,Secondary Line,0.24,F1,158
1119,S0100-0085-0005,Secondary Line,0.24,F1,159
1120,S0100-0085-0006,Secondary Line,0.24,F1,160
1121,S0100-0085-006A,Secondary Line,0.24,F1,161
1122,S0100-0085-0007,Secondary Line,0.24,F1,162
1123,S0100-0085-007a,Secondary Line,0.24,F1,163
1124,S0100-0085-0008,Secondary Line,0.24,F1,164
1125,S0100-0085-0009,Secondary Line,0.24,F1,165
1126,S0100-0085-009a,Secondary Line,0.24,F1,166
1127,S0100-0085-0010,Secondary Line,0.24,F1,167
1128,S0100-0085-0011,Secondary Line,0.24,F1,168
1129,S0100-0085-006B,Secondary Line,0.24,F1,169
1130,S0100-0085-006C,Secondary Line,0.24,F1,170
1131,S0100-0085-006D,Secondary Line,0.24,F1,171
1132,S0100-0085-006E,Secondary Line,0.24,F1,172
1133,S0100-0085-009b,Secondary Line,0.24,F1,173
1134,S0100-013m-0001,Secondary Line,0.24,F1,174
1135,S0100-013m-003a,Secondary Line,0.24,F1,175
1136,S0100-013m-0002,Secondary Line,0.24,F1,176
1137,S0100-013m-0003,Secondary Line,0.24,F1,177
1138,S0100-013m-0004,Secondary Line,0.24,F1,178
1139,S0100-013m-0005,Secondary Line,0.24,F1,179
1140,S0100-013m-0006,Secondary Line,0.24,F1,180
1141,S0100-013m-0007,Secondary Line,0.24,F1,181
1142,S0100-013m-0010,Secondary Line,0.24,F1,182
1143,S0100-013m-0008,Secondary Line,0.24,F1,183
1144,S0100-013m-0011,Secondary Line,0.24,F1,184
1145,S0100-013m-0012,Secondary Line,0.24,F1,185
1146,S0100-013m-0013,Secondary Line,0.24,F1,186
1147,S0100-013m-0014,Secondary Line,0.24,F1,187
1148,S0100-013m-0015,Secondary Line,0.24,F1,188
1149,S0100-013m-0016,Secondary Line,0.24,F1,189
1150,S0100-013m-016a,Secondary Line,0.24,F1,190
1151,S0100-013m-0017,Secondary Line,0.24,F1,191
1152,S0100-013m-0018,Secondary Line,0.24,F1,192
1153,S0100-013m-0019,Secondary Line,0.24,F1,193
1154,S0100-013m-0020,Secondary Line,0.24,F1,194
1155,S0100-013m-0021,Secondary Line,0.24,F1,195
1156,S0100-013m-0022,Secondary Line,0.24,F1,196
1157,S0100-013m-0023,Secondary Line,0.24,F1,197
1158,S0100-013m-003b,Secondary Line,0.24,F1,198
1159,S0100-013m-003c,Secondary Line,0.24,F1,199
1160,S0100-013m-003d,Secondary Line,0.24,F1,200
1161,S0100-013m-016b,Secondary Line,0.24,F1,201
1162,S0100-013m-016c,Secondary Line,0.24,F1,202
1163,S0100-013m-016d,Secondary Line,0.24,F1,203
1164,S0100-013m-016e,Secondary Line,0.24,F1,204
1165,S0100-013m-016f,Secondary Line,0.24,F1,205
1166,S0100-013m-016g,Secondary Line,0.24,F1,206
1167,S0100-013m-016h,Secondary Line,0.24,F1,207
1168,S0100-030i-0001,Secondary Line,0.24,F1,208
1169,S0100-030i-0002,Secondary Line,0.24,F1,209
1170,S0100-030i-0003,Secondary Line,0.24,F1,210
1171,S0100-030i-0004,Secondary Line,0.24,F1,211
1172,S0100-030i-0007,Secondary Line,0.24,F1,212
1173,S0100-030i-0005,Secondary Line,0.24,F1,213
1174,S0100-030i-007a,Secondary Line,0.24,F1,214
1175,S0100-030i-0008,Secondary Line,0.24,F1,215
1176,S0100-030i-0009,Secondary Line,0.24,F1,216
1177,S0100-030i-0010,Secondary Line,0.24,F1,217
1178,S0100-030i-0011,Secondary Line,0.24,F1,218
1179,S0100-030i-0012,Secondary Line,0.24,F1,219
1180,S0100-030i-0013,Secondary Line,0.24,F1,220
1181,S0100-030i-0014,Secondary Line,0.24,F1,221
1182,S0100-030i-0015,Secondary Line,0.24,F1,222
1183,S0100-030i-0016,Secondary Line,0.24,F1,223
1184,S0100-030i-0017,Secondary Line,0.24,F1,224
1185,S0100-030i-007b,Secondary Line,0.24,F1,225
1186,S0100-039h-0001,Secondary Line,0.24,F1,226
1187,S0100-039h-0002,Secondary Line,0.24,F1,227
1188,S0100-039h-0003,Secondary Line,0.24,F1,228
1189,S0100-039h-0004,Secondary Line,0.24,F1,229
1190,S0100-039h-0005,Secondary Line,0.24,F1,230
1191,S0100-039h-0006,Secondary Line,0.24,F1,231
1192,S0100-039h-0007,Secondary Line,0.24,F1,232
1193,S0100-039h-0010,Secondary Line,0.24,F1,233
1194,S0100-039h-0008,Secondary Line,0.24,F1,234
1195,S0100-039h-0011,Secondary Line,0.24,F1,235
1196,S0100-039h-0012,Secondary Line,0.24,F1,236
1197,S0100-039h-0013,Secondary Line,0.24,F1,237
1198,S0100-039h-0014,Secondary Line,0.24,F1,238
1199,S0100-039h-0015,Secondary Line,0.24,F1,239
1200,S0100-039h-0016,Secondary Line,0.24,F1,240
1201,S0100-039h-0017,Secondary Line,0.24,F1,1
1202,S0100-039h-0018,Secondary Line,0.24,F1,2
1203,S0100-039h-0019,Secondary Line,0.24,F1,3
1204,S0100-039h-0020,Secondary Line,0.24,F1,4
1205,S0100-039h-0021,Secondary Line,0.24,F1,5
1206,S0100-039h-0022,Secondary Line,0.24,F1,6
1207,S0100-039X-0002,Secondary Line,0.24,F1,7
1208,S0100-039X-0003,Secondary Line,0.24,F1,8
1209,S0100-039X-0004,Secondary Line,0.24,F1,9
1210,S0100-039X-004a,Secondary Line,0.24,F1,10
1211,S0100-039X-0005,Secondary Line,0.24,F1,11
1212,S0100-039X-0006,Secondary Line,0.24,F1,12
1213,S0100-039X-006A,Secondary Line,0.24,F1,13
1214,S0100-039X-0007,Secondary Line,0.24,F1,14
1215,S0100-039X-004b,Secondary Line,0.24,F1,15
1216,S0100-039X-004c,Secondary Line,0.24,F1,16
1217,S0100-039X-004d,Secondary Line,0.24,F1,17
1218,S0100-039X-006B,Secondary Line,0.24,F1,18
1219,S0100-072M-0001,Secondary Line,0.24,F1,19
1220,S0100-072M-0002,Secondary Line,0.24,F1,20
1221,S0100-072M-0005,Secondary Line,0.24,F1,21
1222,S0100-072M-0003,Secondary Line,0.24,F1,22
1223,S0100-072M-0006,Secondary Line,0.24,F1,23
1224,S0100-072M-0007,Secondary Line,0.24,F1,24
1225,S0100-072M-0008,Secondary Line,0.24,F1,25
1226,S0100-072M-008A,Secondary Line,0.24,F1,26
1227,S0100-072M-0009,Secondary Line,0.24,F1,27
1228,S0100-072M-0010,Secondary Line,0.24,F1,28
1229,S0100-072M-0011,Secondary Line,0.24,F1,29
1230,S0100-072M-0012,Secondary Line,0.24,F1,30
1231,S0100-072M-008B,Secondary Line,0.24,F1,31
1232,S0100-072M-008C,Secondary Line,0.24,F1,32
1233,S0100-072M-008D,Secondary Line,0.24,F1,33
1234,S0100-072Y-0001,Secondary Line,0.24,F1,34
1235,S0100-072Y-0002,Secondary Line,0.24,F1,35
1236,S0100-072Y-0003,Secondary Line,0.24,F1,36
1237,S0100-072Y-0006,Secondary Line,0.24,F1,37
1238,S0100-072Y-0004,Secondary Line,0.24,F1,38
1239,S0100-072Y-0007,Secondary Line,0.24,F1,39
1240,S0100-072Y-0008,Secondary Line,0.24,F1,40
1241,S0100-072Y-0009,Secondary Line,0.24,F1,41
1242,S0100-072Y-0010,Secondary Line,0.24,F1,42
1243,S0100-072Y-0011,Secondary Line,0.24,F1,43
1244,S0100-072Y-0012,Secondary Line,0.24,F1,44
1245,S0100-072Y-0013,Secondary Line,0.24,F1,45
1246,S0100-072Y-0014,Secondary Line,0.24,F1,46
1247,S0100-072Y-0015,Secondary Line,0.24,F1,47
1248,S0100-072Y-0016,Secondary Line,0.24,F1,48
1249,S0100-072Y-0017,Secondary Line,0.24,F1,49
1250,S0100-072Y-0018,Secondary Line,0.24,F1,50
1251,S0100-072Y-0019,Secondary Line,0.24,F1,51
1252,S0100-072Y-0020,Secondary Line,0.24,F1,52
1253,S0100-072Y-0021,Secondary Line,0.24,F1,53
1254,S0100-072Y-0022,Secondary Line,0.24,F1,54
1255,S0100-072Y-0023,Secondary Line,0.24,F1,55
1256,S0100-072Y-0024,Secondary Line,0.24,F1,56
1257,S0100-072Y-0025,Secondary Line,0.24,F1,57
1258,S0100-072Y-0026,Secondary Line,0.24,F1,58
1259,S0100-072Y-0027,Secondary Line,0.24,F1,59
1260,S0100-13ar-0001,Secondary Line,0.24,F1,60
1261,S0100-13ar-0002,Secondary Line,0.24,F1,61
1262,S0100-13ar-0003,Secondary Line,0.24,F1,62
1263,S0100-13ar-005A,Secondary Line,0.24,F1,63
1264,S0100-13ar-0006,Secondary Line,0.24,F1,64
1265,S0100-13ar-0004,Secondary Line,0.24,F1,65
1266,S0100-13ar-0007,Secondary Line,0.24,F1,66
1267,S0100-13ar-0008,Secondary Line,0.24,F1,67
1268,S0100-13ar-0009,Secondary Line,0.24,F1,68
1269,S0100-13ar-0010,Secondary Line,0.24,F1,69
1270,S0100-13ar-0011,Secondary Line,0.24,F1,70
1271,S0100-13ar-011A,Secondary Line,0.24,F1,71
1272,S0100-13ar-0012,Secondary Line,0.24,F1,72
1273,S0100-13ar-005B,Secondary Line,0.24,F1,73
1274,S0100-13ar-011B,Secondary Line,0.24,F1,74
1275,S0100-13bj-0001,Secondary Line,0.24,F1,75
1276,S0100-13bj-003a,Secondary Line,0.24,F1,76
1277,S0100-13bj-0002,Secondary Line,0.24,F1,77
1278,S0100-13bj-0003,Secondary Line,0.24,F1,78
1279,S0100-13bj-0004,Secondary Line,0.24,F1,79
1280,S0100-13bj-006a,Secondary Line,0.24,F1,80
1281,S0100-13bj-0007,Secondary Line,0.24,F1,81
1282,S0100-13bj-0005,Secondary Line,0.24,F1,82
1283,S0100-13bj-0008,Secondary Line,0.24,F1,83
1284,S0100-13bj-0009,Secondary Line,0.24,F1,84
1285,S0100-13bj-009A,Secondary Line,0.24,F1,85
1286,S0100-13bj-0010,Secondary Line,0.24,F1,86
1287,S0100-13bj-0011,Secondary Line,0.24,F1,87
1288,S0100-13bj-0012,Secondary Line,0.24,F1,88
1289,S0100-13bj-0013,Secondary Line,0.24,F1,89
1290,S0100-13bj-0014,Secondary Line,0.24,F1,90
1291,S0100-13bj-0015,Secondary Line,0.24,F1,91
1292,S0100-13bj-0016,Secondary Line,0.24,F1,92
1293,S0100-13bj-0017,Secondary Line,0.24,F1,93
1294,S0100-13bj-003b,Secondary Line,0.24,F1,94
1295,S0100-13bj-003c,Secondary Line,0.24,F1,95
1296,S0100-13bj-009B,Secondary Line,0.24,F1,96
1297,S100-13ag6-0001,Secondary Line,0.24,F1,97
1298,S100-13ag6-0002,Secondary Line,0.24,F1,98
1299,S100-13ag6-0003,Secondary Line,0.24,F1,99
1300,S100-13ag6-0004,Secondary Line,0.24,F1,100
1301,S100-13ag6-0005,Secondary Line,0.24,F1,101
1302,S100-13ag6-007A,Secondary Line,0.24,F1,102
1303,S100-13ag6-0006,Secondary Line,0.24,F1,103
1304,S100-13ag6-0007,Secondary Line,0.24,F1,104
1305,S100-13ag6-0008,Secondary Line,0.24,F1,105
1306,S100-13ag6-0009,Secondary Line,0.24,F1,106
1307,S100-13ag6-0010,Secondary Line,0.24,F1,107
1308,S100-13ag6-012A,Secondary Line,0.24,F1,108
1309,S100-13ag6-0011,Secondary Line,0.24,F1,109
1310,S100-13ag6-0014,Secondary Line,0.24,F1,110
1311,S100-13ag6-0012,Secondary Line,0.24,F1,111
1312,S100-13ag6-014A,Secondary Line,0.24,F1,112
1313,S100-13ag6-0015,Secondary Line,0.24,F1,113
1314,S100-13ag6-0016,Secondary Line,0.24,F1,114
1315,S100-13ag6-007B,Secondary Line,0.24,F1,115
1316,S100-13ag6-007C,Secondary Line,0.24,F1,116
1317,S100-13ag6-007D,Secondary Line,0.24,F1,117
1318,S100-13ag6-007E,Secondary Line,0.24,F1,118
1319,S100-13ag6-007F,Secondary Line,0.24,F1,119
1320,S100-13ag6-007G,Secondary Line,0.24,F1,120
1321,S100-13ag6-012B,Secondary Line,0.24,F1,121
1322,S100-13ag6-014B,Secondary Line,0.24,F1,122
1323,S100-13ag6-014C,Secondary Line,0.24,F1,123
1324,S100-13ag6-014D,Secondary Line,0.24,F1,124
1325,S100-13ag6-014E,Secondary Line,0.24,F1,125
1326,S100-13ax15-001,Secondary Line,0.24,F1,126
1327,S100-13ax15-002,Secondary Line,0.24,F1,127
1328,S100-13ax15-003,Secondary Line,0.24,F1,128
1329,S100-13ax15-004,Secondary Line,0.24,F1,129
1330,S100-13ax15-005,Secondary Line,0.24,F1,130
1331,S100-13ax15-006,Secondary Line,0.24,F1,131
1332,S100-13ax15-007,Secondary Line,0.24,F1,132
1333,S100-13ax15-008,Secondary Line,0.24,F1,133
1334,S100-13ax15-009,Secondary Line,0.24,F1,134
1335,S100-13ax15-010,Secondary Line,0.24,F1,135
1336,S100-13ax15-011,Secondary Line,0.24,F1,136
1337,S100-13ax15-012,Secondary Line,0.24,F1,137
1338,S100-13ax15-013,Secondary Line,0.24,F1,138
1339,S100-55-04-0001,Secondary Line,0.24,F1,139
1340,S100-55-04-0004,Secondary Line,0.24,F1,140
1341,S100-55-04-0002,Secondary Line,0.24,F1,141
1342,S100-55-04-0005,Secondary Line,0.24,F1,142
1343,S100-55-04-0006,Secondary Line,0.24,F1,143
1344,S100-55-04-006A,Secondary Line,0.24,F1,144
1345,S100-55-04-0007,Secondary Line,0.24,F1,145
1346,S100-55-04-0008,Secondary Line,0.24,F1,146
1347,S100-55-04-0009,Secondary Line,0.24,F1,147
1348,S100-55-04-006B,Secondary Line,0.24,F1,148
1349,S100-71-03-0002,Secondary Line,0.24,F1,149
1350,S100-71-03-0003,Secondary Line,0.24,F1,150
1351,S100-71-03-0004,Secondary Line,0.24,F1,151
1352,S100-71-03-0005,Secondary Line,0.24,F1,152
1353,S100-71-03-005a,Secondary Line,0.24,F1,153
1354,S100-71-03-0006,Secondary Line,0.24,F1,154
1355,S100-72Q12-0001,Secondary Line,0.24,F1,155
1356,S100-72Q12-0002,Secondary Line,0.24,F1,156
1357,S100-72Q12-0003,Secondary Line,0.24,F1,157
1358,S100-72Q12-0006,Secondary Line,0.24,F1,158
1359,S100-72Q12-0004,Secondary Line,0.24,F1,159
1360,S100-72Q12-0007,Secondary Line,0.24,F1,160
1361,S100-72Q12-007A,Secondary Line,0.24,F1,161
1362,S100-72Q12-0008,Secondary Line,0.24,F1,162
1363,S100-72Q12-0009,Secondary Line,0.24,F1,163
1364,S100-72Q12-0010,Secondary Line,0.24,F1,164
1365,S100-72Q12-0011,Secondary Line,0.24,F1,165
1366,S100-72Q12-0012,Secondary Line,0.24,F1,166
1367,S100-72Q12-012A,Secondary Line,0.24,F1,167
1368,S100-72Q12-0013,Secondary Line,0.24,F1,168
1369,S100-72Q12-007B,Secondary Line,0.24,F1,169
1370,S100-72Q8c-0001,Secondary Line,0.24,F1,170
1371,S100-72Q8c-0002,Secondary Line,0.24,F1,171
1372,S100-72Q8c-0005,Secondary Line,0.24,F1,172
1373,S100-72Q8c-0003,Secondary Line,0.24,F1,173
1374,S100-72Q8c-0006,Secondary Line,0.24,F1,174
1375,S100-72Q8c-0007,Secondary Line,0.24,F1,175
1376,S100-72Q8c-0008,Secondary Line,0.24,F1,176
1377,S100-72Q8c-0009,Secondary Line,0.24,F1,177
1378,S100-72Q8c-0010,Secondary Line,0.24,F1,178
1379,S100-72Q8c-0011,Secondary Line,0.24,F1,179
1380,S100-72Q8c-0012,Secondary Line,0.24,F1,180
1381,S100-72Q8c-0013,Secondary Line,0.24,F1,181
1382,S100-72Q8c-0014,Secondary Line,0.24,F1,182
1383,S100-72Q8c-0015,Secondary Line,0.24,F1,183
1384,S000102-0000001,Secondary Line,0.24,F1,184
1385,S0106-0001-0001,Secondary Line,0.24,F1,185
1386,S0106-0002-0003,Secondary Line,0.24,F1,186
1387,S000106-0000004,Secondary Line,0.24,F1,187
1388,S000106-0000001,Secondary Line,0.24,F1,188
1389,S000106-000001A,Secondary Line,0.24,F1,189
1390,S000106-0000002,Secondary Line,0.24,F1,190
1391,S000106-000004A,Secondary Line,0.24,F1,191
1392,S000106-0000005,Secondary Line,0.24,F1,192
1393,S000106-0000003,Secondary Line,0.24,F1,193
1394,S000106-0000006,Secondary Line,0.24,F1,194
1395,S000106-0000007,Secondary Line,0.24,F1,195
1396,S000106-0000008,Secondary Line,0.24,F1,196
1397,S000106-000004B,Secondary Line,0.24,F1,197
1398,S000106-00004Ba,Secondary Line,0.24,F1,198
1399,S000106-00004BA,Secondary Line,0.24,F1,199
1400,S000106-00004Bb,Secondary Line,0.24,F1,200
1401,S000106-00004BB,Secondary Line,0.24,F1,201
1402,S000106-00004Bc,Secondary Line,0.24,F1,202
1403,S000106-00004BC,Secondary Line,0.24,F1,203
1404,S000106-00004BD,Secondary Line,0.24,F1,204
1405,S0106-0002-0001,Secondary Line,0.24,F1,205
1406,S0106-0002-003A,Secondary Line,0.24,F1,206
1407,S0106-0002-003a,Secondary Line,0.24,F1,207
1408,S0106-0002-0004,Secondary Line,0.24,F1,208
1409,S0106-0002-0002,Secondary Line,0.24,F1,209
1410,S0106-0002-0005,Secondary Line,0.24,F1,210
1411,S0106-0002-0006,Secondary Line,0.24,F1,211
1412,S0106-0002-006A,Secondary Line,0.24,F1,212
1413,S0106-0002-0007,Secondary Line,0.24,F1,213
1414,S0106-0002-0008,Secondary Line,0.24,F1,214
1415,S0106-0002-003B,Secondary Line,0.24,F1,215
1416,S0106-0002-006B,Secondary Line,0.24,F1,216
1417,S0106-0002-006C,Secondary Line,0.24,F1,217
1418,S0108-0024-0001,Secondary Line,0.24,F1,218
1419,S0108-0004-0005,Secondary Line,0.24,F1,219
1420,S0108-0005-0001,Secondary Line,0.24,F1,220
1421,S0108-0007-0001,Secondary Line,0.24,F1,221
1422,S0108-0008-0001,Secondary Line,0.24,F1,222
1423,S0108-0010-0005,Secondary Line,0.24,F1,223
1424,S0108-0011-0001,Secondary Line,0.24,F1,224
1425,S0108-012b-0003,Secondary Line,0.24,F1,225
1426,S0108-012f-0003,Secondary Line,0.24,F1,226
1427,S0108-012h-0001,Secondary Line,0.24,F1,227
1428,S0108-0018-0001,Secondary Line,0.24,F1,228
1429,S0108-0019-0001,Secondary Line,0.24,F1,229
1430,S0108-0020-0003,Secondary Line,0.24,F1,230
1431,S0108-020C-0004,Secondary Line,0.24,F1,231
1432,S0108-020O-0012,Secondary Line,0.24,F1,232
1433,S0108-021b-0001,Secondary Line,0.24,F1,233
1434,S0108-024A-0001,Secondary Line,0.24,F1,234
1435,S0108-004b-0002,Secondary Line,0.24,F1,235
1436,S0108-0004-0001,Secondary Line,0.24,F1,236
1437,S0108-0004-0002,Secondary Line,0.24,F1,237
1438,S0108-0004-0003,Secondary Line,0.24,F1,238
1439,S0108-0004-0006,Secondary Line,0.24,F1,239
1440,S0108-0004-0004,Secondary Line,0.24,F1,240
1441,S0108-0004-0007,Secondary Line,0.24,F1,1
1442,S0108-0010-0001,Secondary Line,0.24,F1,2
1443,S0108-0010-0002,Secondary Line,0.24,F1,3
1444,S0108-0010-0003,Secondary Line,0.24,F1,4
1445,S0108-0010-005a,Secondary Line,0.24,F1,5
1446,S0108-0010-0006,Secondary Line,0.24,F1,6
1447,S0108-0010-0004,Secondary Line,0.24,F1,7
1448,S0108-0010-0007,Secondary Line,0.24,F1,8
1449,S0108-0010-0008,Secondary Line,0.24,F1,9
1450,S0108-0010-0009,Secondary Line,0.24,F1,10
1451,S0108-0010-0010,Secondary Line,0.24,F1,11
1452,S0108-0010-0011,Secondary Line,0.24,F1,12
1453,S0108-0010-0012,Secondary Line,0.24,F1,13
1454,S0108-0010-0013,Secondary Line,0.24,F1,14
1455,S0108-0020-0001,Secondary Line,0.24,F1,15
1456,S0108-0020-0004,Secondary Line,0.24,F1,16
1457,S0108-0020-0002,Secondary Line,0.24,F1,17
1458,S0108-0020-004a,Secondary Line,0.24,F1,18
1459,S0108-0020-0005,Secondary Line,0.24,F1,19
1460,S0108-0020-0006,Secondary Line,0.24,F1,20
1461,S0108-0020-0007,Secondary Line,0.24,F1,21
1462,S0108-0020-004b,Secondary Line,0.24,F1,22
1463,S0108-0020-004c,Secondary Line,0.24,F1,23
1464,S0108-004b-002a,Secondary Line,0.24,F1,24
1465,S0108-004b-002A,Secondary Line,0.24,F1,25
1466,S0108-004b-0003,Secondary Line,0.24,F1,26
1467,S0108-004b-0001,Secondary Line,0.24,F1,27
1468,S0108-004b-002b,Secondary Line,0.24,F1,28
1469,S0108-004b-002B,Secondary Line,0.24,F1,29
1470,S0108-004b-002c,Secondary Line,0.24,F1,30
1471,S0108-004b-002C,Secondary Line,0.24,F1,31
1472,S0108-004b-002D,Secondary Line,0.24,F1,32
1473,S0108-004b-002d,Secondary Line,0.24,F1,33
1474,S0108-012b-002A,Secondary Line,0.24,F1,34
1475,S0108-012b-0001,Secondary Line,0.24,F1,35
1476,S0108-012b-003a,Secondary Line,0.24,F1,36
1477,S0108-012b-003A,Secondary Line,0.24,F1,37
1478,S0108-012b-0002,Secondary Line,0.24,F1,38
1479,S0108-012b-003b,Secondary Line,0.24,F1,39
1480,S0108-012b-003B,Secondary Line,0.24,F1,40
1481,S0108-012b-03b1,Secondary Line,0.24,F1,41
1482,S0108-012b-003c,Secondary Line,0.24,F1,42
1483,S0108-012b-003C,Secondary Line,0.24,F1,43
1484,S0108-012b-003D,Secondary Line,0.24,F1,44
1485,S0108-012b-003d,Secondary Line,0.24,F1,45
1486,S0108-012b-003e,Secondary Line,0.24,F1,46
1487,S0108-012b-03e1,Secondary Line,0.24,F1,47
1488,S0108-012b-003f,Secondary Line,0.24,F1,48
1489,S0108-012f-0001,Secondary Line,0.24,F1,49
1490,S0108-012f-003A,Secondary Line,0.24,F1,50
1491,S0108-012f-0004,Secondary Line,0.24,F1,51
1492,S0108-012f-0002,Secondary Line,0.24,F1,52
1493,S0108-012f-0005,Secondary Line,0.24,F1,53
1494,S0108-012f-0006,Secondary Line,0.24,F1,54
1495,S0108-012f-0007,Secondary Line,0.24,F1,55
1496,S0108-012f-0008,Secondary Line,0.24,F1,56
1497,S0108-012f-0009,Secondary Line,0.24,F1,57
1498,S0108-012f-0010,Secondary Line,0.24,F1,58
1499,S0108-012f-003B,Secondary Line,0.24,F1,59
1500,S0108-012f-003C,Secondary Line,0.24,F1,60
1501,S0108-020C-0001,Secondary Line,0.24,F1,61
1502,S0108-020C-0002,Secondary Line,0.24,F1,62
1503,S0108-020C-0005,Secondary Line,0.24,F1,63
1504,S0108-020C-0003,Secondary Line,0.24,F1,64
1505,S0108-020C-0006,Secondary Line,0.24,F1,65
1506,S0108-020C-0007,Secondary Line,0.24,F1,66
1507,S0108-020O-0001,Secondary Line,0.24,F1,67
1508,S0108-020O-0002,Secondary Line,0.24,F1,68
1509,S0108-020O-0003,Secondary Line,0.24,F1,69
1510,S0108-020O-0004,Secondary Line,0.24,F1,70
1511,S0108-020O-0005,Secondary Line,0.24,F1,71
1512,S0108-020O-0006,Secondary Line,0.24,F1,72
1513,S0108-020O-0007,Secondary Line,0.24,F1,73
1514,S0108-020O-0008,Secondary Line,0.24,F1,74
1515,S0108-020O-0009,Secondary Line,0.24,F1,75
1516,S0108-020O-0010,Secondary Line,0.24,F1,76
1517,S0108-020O-0013,Secondary Line,0.24,F1,77
1518,S0108-020O-0011,Secondary Line,0.24,F1,78
1519,S0108-020O-013a,Secondary Line,0.24,F1,79
1520,S0108-020O-0014,Secondary Line,0.24,F1,80
1521,S0108-020O-0015,Secondary Line,0.24,F1,81
1522,S0108-020O-0016,Secondary Line,0.24,F1,82
1523,S0108-020O-0017,Secondary Line,0.24,F1,83
1524,S0108-020O-0018,Secondary Line,0.24,F1,84
1525,S0108-020O-0019,Secondary Line,0.24,F1,85
1526,S0108-020O-0020,Secondary Line,0.24,F1,86
1527,S000110-0000003,Secondary Line,0.24,F1,87
1528,S000110-0000001,Secondary Line,0.24,F1,88
1529,S000110-000003A,Secondary Line,0.24,F1,89
1530,S000110-0000004,Secondary Line,0.24,F1,90
1531,S000110-0000002,Secondary Line,0.24,F1,91
1532,S000110-0000005,Secondary Line,0.24,F1,92
1533,S000110-0000006,Secondary Line,0.24,F1,93
1534,S000110-000003B,Secondary Line,0.24,F1,94
1535,S000110-00003BA,Secondary Line,0.24,F1,95
1536,S000110-00003Ba,Secondary Line,0.24,F1,96
1537,S000110-00003Bb,Secondary Line,0.24,F1,97
1538,S000111-0000001,Secondary Line,0.24,F1,98
1539,S000115-0000003,Secondary Line,0.24,F1,99
1540,S000115-0000001,Secondary Line,0.24,F1,100
1541,S000115-000003a,Secondary Line,0.24,F1,101
1542,S000115-000003A,Secondary Line,0.24,F1,102
1543,S000115-0000004,Secondary Line,0.24,F1,103
1544,S000115-0000002,Secondary Line,0.24,F1,104
1545,S000115-0000005,Secondary Line,0.24,F1,105
1546,S000115-000003b,Secondary Line,0.24,F1,106
1547,S000115-00003ba,Secondary Line,0.24,F1,107
1548,S000115-00003bA,Secondary Line,0.24,F1,108
1549,S000115-000003c,Secondary Line,0.24,F1,109
1550,S000115-00003cA,Secondary Line,0.24,F1,110
1551,S000115-000003d,Secondary Line,0.24,F1,111
1552,S000115-000003e,Secondary Line,0.24,F1,112
1553,S000119-0000003,Secondary Line,0.24,F1,113
1554,S000119-0000004,Secondary Line,0.24,F1,114
1555,S000119-0000005,Secondary Line,0.24,F1,115
1556,S000119-0000002,Secondary Line,0.24,F1,116
1557,S000119-0000001,Secondary Line,0.24,F1,117
1558,S000119-000003A,Secondary Line,0.24,F1,118
1559,S000119-000003B,Secondary Line,0.24,F1,119
1560,S000119-000004A,Secondary Line,0.24,F1,120
1561,S000119-000004B,Secondary Line,0.24,F1,121
1562,S000119-000004C,Secondary Line,0.24,F1,122
1563,S000119-000004D,Secondary Line,0.24,F1,123
1564,S000119-000004a,Secondary Line,0.24,F1,124
1565,S000119-000004b,Secondary Line,0.24,F1,125
1566,S000121-0000001,Secondary Line,0.24,F1,126
1567,S000121-000001A,Secondary Line,0.24,F1,127
1568,S000121-000001B,Secondary Line,0.24,F1,128
1569,S000121-000001C,Secondary Line,0.24,F1,129
1570,S000121-000001a,Secondary Line,0.24,F1,130
1571,S000121-000001b,Secondary Line,0.24,F1,131
1572,S000121-000001c,Secondary Line,0.24,F1,132
1573,S0122-003b-0002,Secondary Line,0.24,F1,133
1574,S0122-0004-0004,Secondary Line,0.24,F1,134
1575,S000122-0000001,Secondary Line,0.24,F1,135
1576,S0122-0004-0001,Secondary Line,0.24,F1,136
1577,S0122-0004-003A,Secondary Line,0.24,F1,137
1578,S0122-0004-0002,Secondary Line,0.24,F1,138
1579,S0122-0004-002A,Secondary Line,0.24,F1,139
1580,S0122-0004-02A1,Secondary Line,0.24,F1,140
1581,S0122-0004-002B,Secondary Line,0.24,F1,141
1582,S0122-0004-004A,Secondary Line,0.24,F1,142
1583,S0122-0004-0005,Secondary Line,0.24,F1,143
1584,S0122-0004-005A,Secondary Line,0.24,F1,144
1585,S0122-0004-005B,Secondary Line,0.24,F1,145
1586,S0122-0004-005a,Secondary Line,0.24,F1,146
1587,S0122-0004-0003,Secondary Line,0.24,F1,147
1588,S0122-0004-0006,Secondary Line,0.24,F1,148
1589,S0122-0004-0007,Secondary Line,0.24,F1,149
1590,S0122-0004-0008,Secondary Line,0.24,F1,150
1591,S0122-0004-004B,Secondary Line,0.24,F1,151
1592,S0122-003b-002a,Secondary Line,0.24,F1,152
1593,S0122-003b-002b,Secondary Line,0.24,F1,153
1594,S0122-003b-0003,Secondary Line,0.24,F1,154
1595,S0122-003b-0001,Secondary Line,0.24,F1,155
1596,S0122-003b-0004,Secondary Line,0.24,F1,156
1597,S0122-003b-004a,Secondary Line,0.24,F1,157
1598,S0122-003b-0005,Secondary Line,0.24,F1,158
1599,S0122-003b-0006,Secondary Line,0.24,F1,159
1600,S000125-0000003,Secondary Line,0.24,F1,160
1601,S000125-000001A,Secondary Line,0.24,F1,161
1602,S000125-0000001,Secondary Line,0.24,F1,162
1603,S000125-000003A,Secondary Line,0.24,F1,163
1604,S000125-0000004,Secondary Line,0.24,F1,164
1605,S000125-0000002,Secondary Line,0.24,F1,165
1606,S000125-0000005,Secondary Line,0.24,F1,166
1607,S000125-0000006,Secondary Line,0.24,F1,167
1608,S000125-0000007,Secondary Line,0.24,F1,168
1609,S000125-000003B,Secondary Line,0.24,F1,169
1610,S000125-000003C,Secondary Line,0.24,F1,170
1611,S0126-0002-0003,Secondary Line,0.24,F1,171
1612,S0126-0006-0003,Secondary Line,0.24,F1,172
1613,S0126-0010-0002,Secondary Line,0.24,F1,173
1614,S0126-0012-0001,Secondary Line,0.24,F1,174
1615,S0126-008A-0001,Secondary Line,0.24,F1,175
1616,S0126-008B-0003,Secondary Line,0.24,F1,176
1617,S0126-08B1-0001,Secondary Line,0.24,F1,177
1618,S0126-0002-0001,Secondary Line,0.24,F1,178
1619,S0126-0002-003a,Secondary Line,0.24,F1,179
1620,S0126-0002-0004,Secondary Line,0.24,F1,180
1621,S0126-0002-0002,Secondary Line,0.24,F1,181
1622,S0126-0006-001a,Secondary Line,0.24,F1,182
1623,S0126-0006-001A,Secondary Line,0.24,F1,183
1624,S0126-0006-0001,Secondary Line,0.24,F1,184
1625,S0126-0006-003a,Secondary Line,0.24,F1,185
1626,S0126-0006-003A,Secondary Line,0.24,F1,186
1627,S0126-0006-0004,Secondary Line,0.24,F1,187
1628,S0126-0006-0002,Secondary Line,0.24,F1,188
1629,S0126-0006-0005,Secondary Line,0.24,F1,189
1630,S0126-0006-001B,Secondary Line,0.24,F1,190
1631,S0126-0006-003B,Secondary Line,0.24,F1,191
1632,S0126-0006-003b,Secondary Line,0.24,F1,192
1633,S0126-0006-003C,Secondary Line,0.24,F1,193
1634,S0126-0010-0001,Secondary Line,0.24,F1,194
1635,S0126-0010-002a,Secondary Line,0.24,F1,195
1636,S0126-0010-002A,Secondary Line,0.24,F1,196
1637,S0126-0010-0004,Secondary Line,0.24,F1,197
1638,S0126-0010-0003,Secondary Line,0.24,F1,198
1639,S0126-0010-002B,Secondary Line,0.24,F1,199
1640,S0126-0010-002b,Secondary Line,0.24,F1,200
1641,S0126-0012-001a,Secondary Line,0.24,F1,201
1642,S0126-0012-001A,Secondary Line,0.24,F1,202
1643,S0126-008B-0001,Secondary Line,0.24,F1,203
1644,S0126-008B-0004,Secondary Line,0.24,F1,204
1645,S0126-008B-0002,Secondary Line,0.24,F1,205
1646,S0126-008B-001a,Secondary Line,0.24,F1,206
1647,S0126-008B-001b,Secondary Line,0.24,F1,207
1648,S0126-008B-001c,Secondary Line,0.24,F1,208
1649,S0128-0004-0004,Secondary Line,0.24,F1,209
1650,S0128-004A-0001,Secondary Line,0.24,F1,210
1651,S0128-0004-0001,Secondary Line,0.24,F1,211
1652,S0128-0004-0002,Secondary Line,0.24,F1,212
1653,S0128-0004-004a,Secondary Line,0.24,F1,213
1654,S0128-0004-004A,Secondary Line,0.24,F1,214
1655,S0128-0004-0005,Secondary Line,0.24,F1,215
1656,S0128-0004-005a,Secondary Line,0.24,F1,216
1657,S0128-0004-0003,Secondary Line,0.24,F1,217
1658,S0128-0004-0006,Secondary Line,0.24,F1,218
1659,S0128-0004-0007,Secondary Line,0.24,F1,219
1660,S0128-0004-0008,Secondary Line,0.24,F1,220
1661,S000129-0000003,Secondary Line,0.24,F1,221
1662,S000129-0000001,Secondary Line,0.24,F1,222
1663,S000129-000003A,Secondary Line,0.24,F1,223
1664,S000129-0000004,Secondary Line,0.24,F1,224
1665,S000129-0000002,Secondary Line,0.24,F1,225
1666,S000129-000004a,Secondary Line,0.24,F1,226
1667,S000129-0000005,Secondary Line,0.24,F1,227
1668,S000129-000005A,Secondary Line,0.24,F1,228
1669,S000129-0000006,Secondary Line,0.24,F1,229
1670,S000129-000006A,Secondary Line,0.24,F1,230
1671,S000129-0000007,Secondary Line,0.24,F1,231
1672,S000129-0000008,Secondary Line,0.24,F1,232
1673,S000129-000003B,Secondary Line,0.24,F1,233
1674,S000129-000003C,Secondary Line,0.24,F1,234
1675,S000129-000003D,Secondary Line,0.24,F1,235
1676,S000129-000004b,Secondary Line,0.24,F1,236
1677,S000129-000005B,Secondary Line,0.24,F1,237
1678,S000129-000005C,Secondary Line,0.24,F1,238
1679,S0130-0016-0015,Secondary Line,0.24,F1,239
1680,S0130-0020-0001,Secondary Line,0.24,F1,240
1681,S0130-0025-0001,Secondary Line,0.24,F1,1
1682,S0130-0031-0011,Secondary Line,0.24,F1,2
1683,S0130-0049-0012,Secondary Line,0.24,F1,3
1684,S0130-0062-0001,Secondary Line,0.24,F1,4
1685,S0130-0063-0011,Secondary Line,0.24,F1,5
1686,S0130-0070-0008,Secondary Line,0.24,F1,6
1687,S0130-0088-0004,Secondary Line,0.24,F1,7
1688,S0130-0098-0008,Secondary Line,0.24,F1,8
1689,S0130-0117-0009,Secondary Line,0.24,F1,9
1690,S130-31-04-0004,Secondary Line,0.24,F1,10
1691,S130-31-09-0001,Secondary Line,0.24,F1,11
1692,S130-53-08-0004,Secondary Line,0.24,F1,12
1693,S130-53-20F-006,Secondary Line,0.24,F1,13
1694,S130-53-24-0004,Secondary Line,0.24,F1,14
1695,S130-53-38-0009,Secondary Line,0.24,F1,15
1696,S130-53-44-0001,Secondary Line,0.24,F1,16
1697,S130-56-04-0003,Secondary Line,0.24,F1,17
1698,S130-56-12-0007,Secondary Line,0.24,F1,18
1699,S130-88-18-0014,Secondary Line,0.24,F1,19
1700,S0130-0016-0001,Secondary Line,0.24,F1,20
1701,S0130-0016-0002,Secondary Line,0.24,F1,21
1702,S0130-0016-0003,Secondary Line,0.24,F1,22
1703,S0130-0016-0004,Secondary Line,0.24,F1,23
1704,S0130-0016-0005,Secondary Line,0.24,F1,24
1705,S0130-0016-0006,Secondary Line,0.24,F1,25
1706,S0130-0016-0007,Secondary Line,0.24,F1,26
1707,S0130-0016-0008,Secondary Line,0.24,F1,27
1708,S0130-0016-0009,Secondary Line,0.24,F1,28
1709,S0130-0016-0010,Secondary Line,0.24,F1,29
1710,S0130-0016-012a,Secondary Line,0.24,F1,30
1711,S0130-0016-0011,Secondary Line,0.24,F1,31
1712,S0130-0016-0012,Secondary Line,0.24,F1,32
1713,S0130-0016-0013,Secondary Line,0.24,F1,33
1714,S0130-0016-0016,Secondary Line,0.24,F1,34
1715,S0130-0016-0014,Secondary Line,0.24,F1,35
1716,S0130-0016-0017,Secondary Line,0.24,F1,36
1717,S0130-0016-017a,Secondary Line,0.24,F1,37
1718,S0130-0016-0018,Secondary Line,0.24,F1,38
1719,S0130-0016-0019,Secondary Line,0.24,F1,39
1720,S0130-0031-0001,Secondary Line,0.24,F1,40
1721,S0130-0031-0002,Secondary Line,0.24,F1,41
1722,S0130-0031-0003,Secondary Line,0.24,F1,42
1723,S0130-0031-0004,Secondary Line,0.24,F1,43
1724,S0130-0031-006A,Secondary Line,0.24,F1,44
1725,S0130-0031-0005,Secondary Line,0.24,F1,45
1726,S0130-0031-0006,Secondary Line,0.24,F1,46
1727,S0130-0031-0007,Secondary Line,0.24,F1,47
1728,S0130-0031-0008,Secondary Line,0.24,F1,48
1729,S0130-0031-0009,Secondary Line,0.24,F1,49
1730,S0130-0031-0012,Secondary Line,0.24,F1,50
1731,S0130-0031-0010,Secondary Line,0.24,F1,51
1732,S0130-0031-0013,Secondary Line,0.24,F1,52
1733,S0130-0031-013A,Secondary Line,0.24,F1,53
1734,S0130-0031-0014,Secondary Line,0.24,F1,54
1735,S0130-0031-0015,Secondary Line,0.24,F1,55
1736,S0130-0031-013B,Secondary Line,0.24,F1,56
1737,S0130-0031-013C,Secondary Line,0.24,F1,57
1738,S0130-0031-013D,Secondary Line,0.24,F1,58
1739,S0130-0031-013E,Secondary Line,0.24,F1,59
1740,S0130-0049-002a,Secondary Line,0.24,F1,60
1741,S0130-0049-0001,Secondary Line,0.24,F1,61
1742,S0130-0049-0002,Secondary Line,0.24,F1,62
1743,S0130-0049-004A,Secondary Line,0.24,F1,63
1744,S0130-0049-0003,Secondary Line,0.24,F1,64
1745,S0130-0049-0004,Secondary Line,0.24,F1,65
1746,S0130-0049-0005,Secondary Line,0.24,F1,66
1747,S0130-0049-0006,Secondary Line,0.24,F1,67
1748,S0130-0049-0007,Secondary Line,0.24,F1,68
1749,S0130-0049-0008,Secondary Line,0.24,F1,69
1750,S0130-0049-0009,Secondary Line,0.24,F1,70
1751,S0130-0049-0010,Secondary Line,0.24,F1,71
1752,S0130-0049-0013,Secondary Line,0.24,F1,72
1753,S0130-0049-0011,Secondary Line,0.24,F1,73
1754,S0130-0049-0014,Secondary Line,0.24,F1,74
1755,S0130-0049-0015,Secondary Line,0.24,F1,75
1756,S0130-0049-0016,Secondary Line,0.24,F1,76
1757,S0130-0049-002b,Secondary Line,0.24,F1,77
1758,S0130-0049-004B,Secondary Line,0.24,F1,78
1759,S0130-0049-004C,Secondary Line,0.24,F1,79
1760,S0130-0049-004D,Secondary Line,0.24,F1,80
1761,S0130-0063-0001,Secondary Line,0.24,F1,81
1762,S0130-0063-0002,Secondary Line,0.24,F1,82
1763,S0130-0063-0003,Secondary Line,0.24,F1,83
1764,S0130-0063-0004,Secondary Line,0.24,F1,84
1765,S0130-0063-0005,Secondary Line,0.24,F1,85
1766,S0130-0063-0006,Secondary Line,0.24,F1,86
1767,S0130-0063-0007,Secondary Line,0.24,F1,87
1768,S0130-0063-0008,Secondary Line,0.24,F1,88
1769,S0130-0063-0009,Secondary Line,0.24,F1,89
1770,S0130-0063-0012,Secondary Line,0.24,F1,90
1771,S0130-0063-0010,Secondary Line,0.24,F1,91
1772,S0130-0063-0013,Secondary Line,0.24,F1,92
1773,S0130-0063-0014,Secondary Line,0.24,F1,93
1774,S0130-0063-0015,Secondary Line,0.24,F1,94
1775,S0130-0070-0001,Secondary Line,0.24,F1,95
1776,S0130-0070-0002,Secondary Line,0.24,F1,96
1777,S0130-0070-0003,Secondary Line,0.24,F1,97
1778,S0130-0070-0004,Secondary Line,0.24,F1,98
1779,S0130-0070-0005,Secondary Line,0.24,F1,99
1780,S0130-0070-0006,Secondary Line,0.24,F1,100
1781,S0130-0070-0009,Secondary Line,0.24,F1,101
1782,S0130-0070-0007,Secondary Line,0.24,F1,102
1783,S0130-0070-0010,Secondary Line,0.24,F1,103
1784,S0130-0070-0011,Secondary Line,0.24,F1,104
1785,S0130-0070-0012,Secondary Line,0.24,F1,105
1786,S0130-0070-0013,Secondary Line,0.24,F1,106
1787,S0130-0070-013a,Secondary Line,0.24,F1,107
1788,S0130-0070-0014,Secondary Line,0.24,F1,108
1789,S0130-0070-0015,Secondary Line,0.24,F1,109
1790,S0130-0070-0016,Secondary Line,0.24,F1,110
1791,S0130-0070-0017,Secondary Line,0.24,F1,111
1792,S0130-0070-013b,Secondary Line,0.24,F1,112
1793,S0130-0088-002A,Secondary Line,0.24,F1,113
1794,S0130-0088-0001,Secondary Line,0.24,F1,114
1795,S0130-0088-0002,Secondary Line,0.24,F1,115
1796,S0130-0088-004a,Secondary Line,0.24,F1,116
1797,S0130-0088-004A,Secondary Line,0.24,F1,117
1798,S0130-0088-0005,Secondary Line,0.24,F1,118
1799,S0130-0088-0003,Secondary Line,0.24,F1,119
1800,S0130-0088-0006,Secondary Line,0.24,F1,120
1801,S0130-0088-0007,Secondary Line,0.24,F1,121
1802,S0130-0088-002B,Secondary Line,0.24,F1,122
1803,S0130-0088-002C,Secondary Line,0.24,F1,123
1804,S0130-0088-002D,Secondary Line,0.24,F1,124
1805,S0130-0088-002E,Secondary Line,0.24,F1,125
1806,S0130-0088-004b,Secondary Line,0.24,F1,126
1807,S0130-0088-004B,Secondary Line,0.24,F1,127
1808,S0130-0088-004c,Secondary Line,0.24,F1,128
1809,S0130-0088-004C,Secondary Line,0.24,F1,129
1810,S0130-0088-004d,Secondary Line,0.24,F1,130
1811,S0130-0088-004D,Secondary Line,0.24,F1,131
1812,S0130-0088-004e,Secondary Line,0.24,F1,132
1813,S0130-0088-004f,Secondary Line,0.24,F1,133
1814,S0130-0088-004g,Secondary Line,0.24,F1,134
1815,S0130-0088-004h,Secondary Line,0.24,F1,135
1816,S0130-0088-004i,Secondary Line,0.24,F1,136
1817,S0130-0088-004j,Secondary Line,0.24,F1,137
1818,S0130-0088-004k,Secondary Line,0.24,F1,138
1819,S0130-0088-004l,Secondary Line,0.24,F1,139
1820,S0130-0088-004m,Secondary Line,0.24,F1,140
1821,S0130-0088-004n,Secondary Line,0.24,F1,141
1822,S0130-0088-004o,Secondary Line,0.24,F1,142
1823,S0130-0088-004p,Secondary Line,0.24,F1,143
1824,S0130-0088-004q,Secondary Line,0.24,F1,144
1825,S0130-0098-0001,Secondary Line,0.24,F1,145
1826,S0130-0098-0002,Secondary Line,0.24,F1,146
1827,S0130-0098-0003,Secondary Line,0.24,F1,147
1828,S0130-0098-0004,Secondary Line,0.24,F1,148
1829,S0130-0098-0005,Secondary Line,0.24,F1,149
1830,S0130-0098-0006,Secondary Line,0.24,F1,150
1831,S0130-0098-0009,Secondary Line,0.24,F1,151
1832,S0130-0098-0007,Secondary Line,0.24,F1,152
1833,S0130-0098-0010,Secondary Line,0.24,F1,153
1834,S0130-0098-010A,Secondary Line,0.24,F1,154
1835,S0130-0098-0011,Secondary Line,0.24,F1,155
1836,S0130-0098-0012,Secondary Line,0.24,F1,156
1837,S0130-0098-0013,Secondary Line,0.24,F1,157
1838,S0130-0098-0014,Secondary Line,0.24,F1,158
1839,S0130-0098-0015,Secondary Line,0.24,F1,159
1840,S0130-0098-015a,Secondary Line,0.24,F1,160
1841,S0130-0098-0016,Secondary Line,0.24,F1,161
1842,S0130-0098-016a,Secondary Line,0.24,F1,162
1843,S0130-0098-0017,Secondary Line,0.24,F1,163
1844,S0130-0098-0018,Secondary Line,0.24,F1,164
1845,S0130-0098-0019,Secondary Line,0.24,F1,165
1846,S0130-0098-010B,Secondary Line,0.24,F1,166
1847,S0130-0098-010C,Secondary Line,0.24,F1,167
1848,S0130-0098-015b,Secondary Line,0.24,F1,168
1849,S0130-0117-0001,Secondary Line,0.24,F1,169
1850,S0130-0117-0002,Secondary Line,0.24,F1,170
1851,S0130-0117-0003,Secondary Line,0.24,F1,171
1852,S0130-0117-0004,Secondary Line,0.24,F1,172
1853,S0130-0117-0005,Secondary Line,0.24,F1,173
1854,S0130-0117-0006,Secondary Line,0.24,F1,174
1855,S0130-0117-0007,Secondary Line,0.24,F1,175
1856,S0130-0117-0010,Secondary Line,0.24,F1,176
1857,S0130-0117-0008,Secondary Line,0.24,F1,177
1858,S0130-0117-0011,Secondary Line,0.24,F1,178
1859,S0130-0117-011A,Secondary Line,0.24,F1,179
1860,S0130-0117-0012,Secondary Line,0.24,F1,180
1861,S0130-0117-0013,Secondary Line,0.24,F1,181
1862,S0130-0117-0014,Secondary Line,0.24,F1,182
1863,S0130-0117-0015,Secondary Line,0.24,F1,183
1864,S0130-0117-0016,Secondary Line,0.24,F1,184
1865,S0130-0117-016A,Secondary Line,0.24,F1,185
1866,S0130-0117-0017,Secondary Line,0.24,F1,186
1867,S0130-0117-011B,Secondary Line,0.24,F1,187
1868,S0130-0117-011C,Secondary Line,0.24,F1,188
1869,S0130-0117-011D,Secondary Line,0.24,F1,189
1870,S0130-0117-011E,Secondary Line,0.24,F1,190
1871,S0130-0117-011F,Secondary Line,0.24,F1,191
1872,S0130-0117-011G,Secondary Line,0.24,F1,192
1873,S0130-0117-016B,Secondary Line,0.24,F1,193
1874,S130-31-04-0001,Secondary Line,0.24,F1,194
1875,S130-31-04-0002,Secondary Line,0.24,F1,195
1876,S130-31-04-004a,Secondary Line,0.24,F1,196
1877,S130-31-04-0005,Secondary Line,0.24,F1,197
1878,S130-31-04-0003,Secondary Line,0.24,F1,198
1879,S130-31-04-0006,Secondary Line,0.24,F1,199
1880,S130-31-04-004b,Secondary Line,0.24,F1,200
1881,S130-31-09-001a,Secondary Line,0.24,F1,201
1882,S130-31-09-001A,Secondary Line,0.24,F1,202
1883,S130-31-09-0002,Secondary Line,0.24,F1,203
1884,S130-31-09-0003,Secondary Line,0.24,F1,204
1885,S130-31-09-001b,Secondary Line,0.24,F1,205
1886,S130-31-09-001B,Secondary Line,0.24,F1,206
1887,S130-31-09-01b1,Secondary Line,0.24,F1,207
1888,S130-31-09-001c,Secondary Line,0.24,F1,208
1889,S130-31-09-001d,Secondary Line,0.24,F1,209
1890,S130-31-09-01b2,Secondary Line,0.24,F1,210
1891,S130-53-08-0001,Secondary Line,0.24,F1,211
1892,S130-53-08-0002,Secondary Line,0.24,F1,212
1893,S130-53-08-004a,Secondary Line,0.24,F1,213
1894,S130-53-08-004A,Secondary Line,0.24,F1,214
1895,S130-53-08-0005,Secondary Line,0.24,F1,215
1896,S130-53-08-0003,Secondary Line,0.24,F1,216
1897,S130-53-08-0006,Secondary Line,0.24,F1,217
1898,S130-53-08-0007,Secondary Line,0.24,F1,218
1899,S130-53-08-0008,Secondary Line,0.24,F1,219
1900,S130-53-08-0009,Secondary Line,0.24,F1,220
1901,S130-53-08-0010,Secondary Line,0.24,F1,221
1902,S130-53-08-0011,Secondary Line,0.24,F1,222
1903,S130-53-08-0012,Secondary Line,0.24,F1,223
1904,S130-53-08-0013,Secondary Line,0.24,F1,224
1905,S130-53-08-0014,Secondary Line,0.24,F1,225
1906,S130-53-08-0015,Secondary Line,0.24,F1,226
1907,S130-53-08-0016,Secondary Line,0.24,F1,227
1908,S130-53-08-0017,Secondary Line,0.24,F1,228
1909,S130-53-08-0018,Secondary Line,0.24,F1,229
1910,S130-53-08-0019,Secondary Line,0.24,F1,230
1911,S130-53-08-0020,Secondary Line,0.24,F1,231
1912,S130-53-08-0021,Secondary Line,0.24,F1,232
1913,S130-53-08-004b,Secondary Line,0.24,F1,233
1914,S130-53-08-004B,Secondary Line,0.24,F1,234
1915,S130-53-08-004c,Secondary Line,0.24,F1,235
1916,S130-53-08-004C,Secondary Line,0.24,F1,236
1917,S130-53-08-004d,Secondary Line,0.24,F1,237
1918,S130-53-08-004D,Secondary Line,0.24,F1,238
1919,S130-53-08-004e,Secondary Line,0.24,F1,239
1920,S130-53-08-004E,Secondary Line,0.24,F1,240
1921,S130-53-08-004f,Secondary Line,0.24,F1,1
1922,S130-53-08-004F,Secondary Line,0.24,F1,2
1923,S130-53-20F-001,Secondary Line,0.24,F1,3
1924,S130-53-20F-002,Secondary Line,0.24,F1,4
1925,S130-53-20F-04a,Secondary Line,0.24,F1,5
1926,S130-53-20F-003,Secondary Line,0.24,F1,6
1927,S130-53-20F-004,Secondary Line,0.24,F1,7
1928,S130-53-20F-007,Secondary Line,0.24,F1,8
1929,S130-53-20F-005,Secondary Line,0.24,F1,9
1930,S130-53-20F-008,Secondary Line,0.24,F1,10
1931,S130-53-20F-009,Secondary Line,0.24,F1,11
1932,S130-53-20F-04b,Secondary Line,0.24,F1,12
1933,S130-53-24-0001,Secondary Line,0.24,F1,13
1934,S130-53-24-0002,Secondary Line,0.24,F1,14
1935,S130-53-24-0005,Secondary Line,0.24,F1,15
1936,S130-53-24-0003,Secondary Line,0.24,F1,16
1937,S130-53-24-005a,Secondary Line,0.24,F1,17
1938,S130-53-24-0006,Secondary Line,0.24,F1,18
1939,S130-53-24-0007,Secondary Line,0.24,F1,19
1940,S130-53-24-007a,Secondary Line,0.24,F1,20
1941,S130-53-24-0008,Secondary Line,0.24,F1,21
1942,S130-53-24-0009,Secondary Line,0.24,F1,22
1943,S130-53-24-005b,Secondary Line,0.24,F1,23
1944,S130-53-24-007b,Secondary Line,0.24,F1,24
1945,S130-53-24-07b1,Secondary Line,0.24,F1,25
1946,S130-53-24-007c,Secondary Line,0.24,F1,26
1947,S130-53-24-007d,Secondary Line,0.24,F1,27
1948,S130-53-38-0001,Secondary Line,0.24,F1,28
1949,S130-53-38-0002,Secondary Line,0.24,F1,29
1950,S130-53-38-0003,Secondary Line,0.24,F1,30
1951,S130-53-38-0004,Secondary Line,0.24,F1,31
1952,S130-53-38-0005,Secondary Line,0.24,F1,32
1953,S130-53-38-0006,Secondary Line,0.24,F1,33
1954,S130-53-38-0007,Secondary Line,0.24,F1,34
1955,S130-53-38-0010,Secondary Line,0.24,F1,35
1956,S130-53-38-0008,Secondary Line,0.24,F1,36
1957,S130-53-38-0011,Secondary Line,0.24,F1,37
1958,S130-53-38-0012,Secondary Line,0.24,F1,38
1959,S130-53-38-0013,Secondary Line,0.24,F1,39
1960,S130-53-38-0014,Secondary Line,0.24,F1,40
1961,S130-53-38-0015,Secondary Line,0.24,F1,41
1962,S130-53-38-0016,Secondary Line,0.24,F1,42
1963,S130-53-38-0017,Secondary Line,0.24,F1,43
1964,S130-53-38-0018,Secondary Line,0.24,F1,44
1965,S130-53-38-0019,Secondary Line,0.24,F1,45
1966,S130-53-38-0020,Secondary Line,0.24,F1,46
1967,S130-53-38-0021,Secondary Line,0.24,F1,47
1968,S130-53-38-0022,Secondary Line,0.24,F1,48
1969,S130-53-44-0002,Secondary Line,0.24,F1,49
1970,S130-53-44-0003,Secondary Line,0.24,F1,50
1971,S130-53-44-0004,Secondary Line,0.24,F1,51
1972,S130-53-44-0005,Secondary Line,0.24,F1,52
1973,S130-53-44-0006,Secondary Line,0.24,F1,53
1974,S130-53-44-0007,Secondary Line,0.24,F1,54
1975,S130-53-44-0008,Secondary Line,0.24,F1,55
1976,S130-53-44-008a,Secondary Line,0.24,F1,56
1977,S130-53-44-0009,Secondary Line,0.24,F1,57
1978,S130-53-44-0010,Secondary Line,0.24,F1,58
1979,S130-53-44-0011,Secondary Line,0.24,F1,59
1980,S130-53-44-0012,Secondary Line,0.24,F1,60
1981,S130-53-44-008b,Secondary Line,0.24,F1,61
1982,S130-56-04-0001,Secondary Line,0.24,F1,62
1983,S130-56-04-0004,Secondary Line,0.24,F1,63
1984,S130-56-04-0002,Secondary Line,0.24,F1,64
1985,S130-56-04-004a,Secondary Line,0.24,F1,65
1986,S130-56-04-0005,Secondary Line,0.24,F1,66
1987,S130-56-04-0006,Secondary Line,0.24,F1,67
1988,S130-56-04-0007,Secondary Line,0.24,F1,68
1989,S130-56-12-0001,Secondary Line,0.24,F1,69
1990,S130-56-12-0002,Secondary Line,0.24,F1,70
1991,S130-56-12-0003,Secondary Line,0.24,F1,71
1992,S130-56-12-0004,Secondary Line,0.24,F1,72
1993,S130-56-12-0005,Secondary Line,0.24,F1,73
1994,S130-56-12-0008,Secondary Line,0.24,F1,74
1995,S130-56-12-0006,Secondary Line,0.24,F1,75
1996,S130-56-12-0009,Secondary Line,0.24,F1,76
1997,S130-56-12-0010,Secondary Line,0.24,F1,77
1998,S130-88-18-0001,Secondary Line,0.24,F1,78
1999,S130-88-18-0002,Secondary Line,0.24,F1,79
2000,S130-88-18-0003,Secondary Line,0.24,F1,80
2001,S130-88-18-005a,Secondary Line,0.24,F1,81
2002,S130-88-18-0004,Secondary Line,0.24,F1,82
2003,S130-88-18-0005,Secondary Line,0.24,F1,83
2004,S130-88-18-0006,Secondary Line,0.24,F1,84
2005,S130-88-18-0007,Secondary Line,0.24,F1,85
2006,S130-88-18-0008,Secondary Line,0.24,F1,86
2007,S130-88-18-0009,Secondary Line,0.24,F1,87
2008,S130-88-18-0010,Secondary Line,0.24,F1,88
2009,S130-88-18-0011,Secondary Line,0.24,F1,89
2010,S130-88-18-0012,Secondary Line,0.24,F1,90
2011,S130-88-18-0015,Secondary Line,0.24,F1,91
2012,S130-88-18-0013,Secondary Line,0.24,F1,92
2013,S130-88-18-0016,Secondary Line,0.24,F1,93
2014,S130-88-18-016a,Secondary Line,0.24,F1,94
2015,S130-88-18-0017,Secondary Line,0.24,F1,95
2016,S130-88-18-0018,Secondary Line,0.24,F1,96
2017,S130-88-18-0019,Secondary Line,0.24,F1,97
2018,S130-88-18-0020,Secondary Line,0.24,F1,98
2019,S130-88-18-0021,Secondary Line,0.24,F1,99
2020,S130-88-18-0022,Secondary Line,0.24,F1,100
2021,S130-88-18-0023,Secondary Line,0.24,F1,101
2022,S130-88-18-005b,Secondary Line,0.24,F1,102
2023,S130-88-18-016b,Secondary Line,0.24,F1,103
2024,S0132-003B-0003,Secondary Line,0.24,F1,104
2025,S0132-003D-0001,Secondary Line,0.24,F1,105
2026,S0132-03D1-0001,Secondary Line,0.24,F1,106
2027,S0132-003E-0001,Secondary Line,0.24,F1,107
2028,S0132-003G-0001,Secondary Line,0.24,F1,108
2029,S0132-003H-0001,Secondary Line,0.24,F1,109
2030,S0132-03H1-0001,Secondary Line,0.24,F1,110
2031,S0132-003I-0001,Secondary Line,0.24,F1,111
2032,S0132-0005-0004,Secondary Line,0.24,F1,112
2033,S0132-0009-0004,Secondary Line,0.24,F1,113
2034,S0132-0014-0003,Secondary Line,0.24,F1,114
2035,S0132-0005-0001,Secondary Line,0.24,F1,115
2036,S0132-0005-0002,Secondary Line,0.24,F1,116
2037,S0132-0005-004a,Secondary Line,0.24,F1,117
2038,S0132-0005-004A,Secondary Line,0.24,F1,118
2039,S0132-0005-0005,Secondary Line,0.24,F1,119
2040,S0132-0005-0003,Secondary Line,0.24,F1,120
2041,S0132-0005-0006,Secondary Line,0.24,F1,121
2042,S0132-0005-004b,Secondary Line,0.24,F1,122
2043,S0132-0005-004B,Secondary Line,0.24,F1,123
2044,S0132-0005-004c,Secondary Line,0.24,F1,124
2045,S0132-0005-004d,Secondary Line,0.24,F1,125
2046,S0132-0005-004C,Secondary Line,0.24,F1,126
2047,S0132-0005-004D,Secondary Line,0.24,F1,127
2048,S0132-0005-004E,Secondary Line,0.24,F1,128
2049,S0132-0009-0001,Secondary Line,0.24,F1,129
2050,S0132-0009-0002,Secondary Line,0.24,F1,130
2051,S0132-0009-004A,Secondary Line,0.24,F1,131
2052,S0132-0009-0005,Secondary Line,0.24,F1,132
2053,S0132-0009-0003,Secondary Line,0.24,F1,133
2054,S0132-0009-0006,Secondary Line,0.24,F1,134
2055,S0132-0009-0007,Secondary Line,0.24,F1,135
2056,S0132-0009-007a,Secondary Line,0.24,F1,136
2057,S0132-0014-002a,Secondary Line,0.24,F1,137
2058,S0132-0014-0001,Secondary Line,0.24,F1,138
2059,S0132-0014-0004,Secondary Line,0.24,F1,139
2060,S0132-0014-0002,Secondary Line,0.24,F1,140
2061,S0132-0014-0005,Secondary Line,0.24,F1,141
2062,S0132-0014-0006,Secondary Line,0.24,F1,142
2063,S0132-0014-0007,Secondary Line,0.24,F1,143
2064,S0132-0014-007a,Secondary Line,0.24,F1,144
2065,S0132-0014-0008,Secondary Line,0.24,F1,145
2066,S0132-0014-0009,Secondary Line,0.24,F1,146
2067,S0132-0014-0010,Secondary Line,0.24,F1,147
2068,S000137-0000001,Secondary Line,0.24,F1,148
2069,S00091A-0000001,Secondary Line,0.24,F1,149
2070,S00111A-0000001,Secondary Line,0.24,F1,150
2071,S00115A-0000001,Secondary Line,0.24,F1,151
2072,S00115B-0000001,Secondary Line,0.24,F1,152
2073,S00115C-0000001,Secondary Line,0.24,F1,153
2074,S00117B-0000002,Secondary Line,0.24,F1,154
2075,S00121A-0000001,Secondary Line,0.24,F1,155
2076,S00125A-0000001,Secondary Line,0.24,F1,156
2077,S00094A-0000001,Secondary Line,0.24,F1,157
2078,S00100A-0000001,Secondary Line,0.24,F1,158
2079,S000049-0000001,Secondary Line,0.24,F1,159
2080,S0092-0005-0001,Secondary Line,0.24,F1,160
2081,S0100-006A-0001,Secondary Line,0.24,F1,161
2082,S0108-007A-0001,Secondary Line,0.24,F1,162
2083,S000112-0000001,Secondary Line,0.24,F1,163
2084,S0126-008b-0001,Secondary Line,0.24,F1,164
2085,S108-24-01-0001,Secondary Line,0.24,F1,165
2086,S0115-0004-0005,Secondary Line,0.24,F1,166
2087,S0115-0004-005A,Secondary Line,0.24,F1,167
2088,S0115-0004-0006,Secondary Line,0.24,F1,168
2089,S0115-0004-0004,Secondary Line,0.24,F1,169
2090,S0115-0004-0003,Secondary Line,0.24,F1,170
2091,S0115-0004-0002,Secondary Line,0.24,F1,171
2092,S0115-0004-0001,Secondary Line,0.24,F1,172
2093,S000116-0000001,Secondary Line,0.24,F1,173
2094,S000116-0000002,Secondary Line,0.24,F1,174
2095,S0132-003B-003a,Secondary Line,0.24,F1,175
2096,S0132-003B-003b,Secondary Line,0.24,F1,176
2097,S0132-003B-003A,Secondary Line,0.24,F1,177
2098,S0132-003B-0004,Secondary Line,0.24,F1,178
2099,S0132-003B-0005,Secondary Line,0.24,F1,179
2100,S0132-003B-004A,Secondary Line,0.24,F1,180
2101,S0132-003B-004B,Secondary Line,0.24,F1,181
2102,S0132-003B-04B1,Secondary Line,0.24,F1,182
2103,S0132-003B-004C,Secondary Line,0.24,F1,183
2104,S0132-003B-0002,Secondary Line,0.24,F1,184
2105,S0132-003B-0001,Secondary Line,0.24,F1,185
2106,S0134-0002-0005,Secondary Line,0.24,F1,186
2107,S0134-0002-005A,Secondary Line,0.24,F1,187
2108,S0134-0002-005B,Secondary Line,0.24,F1,188
2109,S0134-0002-005C,Secondary Line,0.24,F1,189
2110,S0134-0002-005a,Secondary Line,0.24,F1,190
2111,S0134-0002-05aa,Secondary Line,0.24,F1,191
2112,S0134-0002-05ab,Secondary Line,0.24,F1,192
2113,S0134-0002-05aA,Secondary Line,0.24,F1,193
2114,S0134-0002-0006,Secondary Line,0.24,F1,194
2115,S0134-0002-0007,Secondary Line,0.24,F1,195
2116,S0134-0002-0008,Secondary Line,0.24,F1,196
2117,S0134-0002-0009,Secondary Line,0.24,F1,197
2118,S0134-0002-0010,Secondary Line,0.24,F1,198
2119,S0134-0002-0011,Secondary Line,0.24,F1,199
2120,S0134-0002-0004,Secondary Line,0.24,F1,200
2121,S0134-0002-0003,Secondary Line,0.24,F1,201
2122,S0134-0002-0002,Secondary Line,0.24,F1,202
2123,S0134-0002-0001,Secondary Line,0.24,F1,203
2124,S0134-0002-003A,Secondary Line,0.24,F1,204
2125,S0134-0002-003B,Secondary Line,0.24,F1,205
2126,S0134-0002-003C,Secondary Line,0.24,F1,206
2127,S0134-0002-003D,Secondary Line,0.24,F1,207
2128,S0134-0002-003E,Secondary Line,0.24,F1,208
2129,S0134-0002-006A,Secondary Line,0.24,F1,209
2130,S0108-0033-0001,Secondary Line,0.24,F1,210
2131,S0108-0033-0002,Secondary Line,0.24,F1,211
2132,S0108-0033-0003,Secondary Line,0.24,F1,212
2133,S0108-0033-0004,Secondary Line,0.24,F1,213
2134,S0108-0033-0005,Secondary Line,0.24,F1,214
2135,S0108-0033-0006,Secondary Line,0.24,F1,215
2136,S0108-0033-0007,Secondary Line,0.24,F1,216
2137,S0108-0033-0008,Secondary Line,0.24,F1,217
2138,S0108-0033-0009,Secondary Line,0.24,F1,218
2139,S0108-0033-0010,Secondary Line,0.24,F1,219
2140,S0108-0033-0011,Secondary Line,0.24,F1,220
2141,S0108-0033-005a,Secondary Line,0.24,F1,221
2142,S0108-0033-009a,Secondary Line,0.24,F1,222
2143,S0108-0033-009b,Secondary Line,0.24,F1,223
2144,S0108-0033-009c,Secondary Line,0.24,F1,224
2145,S0108-0033-009d,Secondary Line,0.24,F1,225
2146,S0108-0033-009e,Secondary Line,0.24,F1,226
2147,S0108-045H-0001,Secondary Line,0.24,F1,227
2148,S0108-045H-0002,Secondary Line,0.24,F1,228
2149,S0108-045H-0003,Secondary Line,0.24,F1,229
2150,S0108-045H-0004,Secondary Line,0.24,F1,230
2151,S0108-045H-0005,Secondary Line,0.24,F1,231
2152,S0108-045H-0006,Secondary Line,0.24,F1,232
2153,S0108-045H-0007,Secondary Line,0.24,F1,233
2154,S0108-045H-0008,Secondary Line,0.24,F1,234
2155,S0108-045H-0009,Secondary Line,0.24,F1,235
2156,S0108-045H-0010,Secondary Line,0.24,F1,236
2157,S0108-045H-003A,Secondary Line,0.24,F1,237
2158,S0108-045H-003B,Secondary Line,0.24,F1,238
2159,S0108-045H-003C,Secondary Line,0.24,F1,239
2160,S0108-045H-003D,Secondary Line,0.24,F1,240
2161,S0108-045H-003E,Secondary Line,0.24,F1,1
2162,S0108-045H-003F,Secondary Line,0.24,F1,2
2163,S0108-0045-0001,Secondary Line,0.24,F1,3
2164,S0108-0045-0002,Secondary Line,0.24,F1,4
2165,S0108-0045-0003,Secondary Line,0.24,F1,5
2166,S0108-0045-0004,Secondary Line,0.24,F1,6
2167,S0108-0045-0005,Secondary Line,0.24,F1,7
2168,S0108-0045-0006,Secondary Line,0.24,F1,8
2169,S0108-0045-0007,Secondary Line,0.24,F1,9
2170,S0108-0045-007a,Secondary Line,0.24,F1,10
2171,S0108-0045-007b,Secondary Line,0.24,F1,11
2172,S0108-0045-007c,Secondary Line,0.24,F1,12
2173,S0108-0045-007d,Secondary Line,0.24,F1,13
2174,S0108-0045-007e,Secondary Line,0.24,F1,14
2175,S0108-0045-007f,Secondary Line,0.24,F1,15
2176,S0108-0045-007g,Secondary Line,0.24,F1,16
2177,S0108-0045-007h,Secondary Line,0.24,F1,17
2178,S0108-0045-0008,Secondary Line,0.24,F1,18
2179,S0108-0045-0009,Secondary Line,0.24,F1,19
2180,S0108-0045-0010,Secondary Line,0.24,F1,20
2181,S0108-0045-0011,Secondary Line,0.24,F1,21
2182,S0108-58AV-0001,Secondary Line,0.24,F1,22
2183,S0108-58AV-0002,Secondary Line,0.24,F1,23
2184,S0108-58AV-0003,Secondary Line,0.24,F1,24
2185,S0108-58AV-0004,Secondary Line,0.24,F1,25
2186,S0108-58AV-0005,Secondary Line,0.24,F1,26
2187,S0108-58AV-0006,Secondary Line,0.24,F1,27
2188,S0108-58AV-0007,Secondary Line,0.24,F1,28
2189,S0108-58AV-0008,Secondary Line,0.24,F1,29
2190,S0108-58AV-0009,Secondary Line,0.24,F1,30
2191,S0108-58AV-0010,Secondary Line,0.24,F1,31
2192,S0108-58AV-0011,Secondary Line,0.24,F1,32
2193,S0108-58AV-0012,Secondary Line,0.24,F1,33
2194,S0108-58AV-0013,Secondary Line,0.24,F1,34
2195,S0108-58AV-0014,Secondary Line,0.24,F1,35
2196,S0108-58AV-0015,Secondary Line,0.24,F1,36
2197,S0108-58AV-0016,Secondary Line,0.24,F1,37
2198,S0108-58AV-0017,Secondary Line,0.24,F1,38
2199,S0108-58AV-0018,Secondary Line,0.24,F1,39
2200,S0108-58AV-0019,Secondary Line,0.24,F1,40
2201,S0108-58AV-0020,Secondary Line,0.24,F1,41
2202,S0108-58AV-0021,Secondary Line,0.24,F1,42
2203,S0108-58AV-0022,Secondary Line,0.24,F1,43
2204,S0108-58AV-0023,Secondary Line,0.24,F1,44
2205,S0108-58AV-0024,Secondary Line,0.24,F1,45
2206,S0108-58AV-017A,Secondary Line,0.24,F1,46
2207,S108-58AO4-0001,Secondary Line,0.24,F1,47
2208,S108-58AO4-0002,Secondary Line,0.24,F1,48
2209,S108-58AO4-0003,Secondary Line,0.24,F1,49
2210,S108-58AO4-0004,Secondary Line,0.24,F1,50
2211,S108-58AO4-0005,Secondary Line,0.24,F1,51
2212,S108-58AO4-0006,Secondary Line,0.24,F1,52
2213,S108-58AO4-0007,Secondary Line,0.24,F1,53
2214,S108-58AO4-0008,Secondary Line,0.24,F1,54
2215,S108-58AO4-0009,Secondary Line,0.24,F1,55
2216,S108-58AO4-0010,Secondary Line,0.24,F1,56
2217,S108-58AO4-0011,Secondary Line,0.24,F1,57
2218,S108-58AO4-005A,Secondary Line,0.24,F1,58
2219,S108-58AN9-0001,Secondary Line,0.24,F1,59
2220,S108-58AN9-0002,Secondary Line,0.24,F1,60
2221,S108-58AN9-0003,Secondary Line,0.24,F1,61
2222,S108-58AN9-0004,Secondary Line,0.24,F1,62
2223,S108-58AN9-0005,Secondary Line,0.24,F1,63
2224,S108-58AN9-0006,Secondary Line,0.24,F1,64
2225,S108-58AN9-0007,Secondary Line,0.24,F1,65
2226,S108-58AN9-0008,Secondary Line,0.24,F1,66
2227,S108-58AN9-0009,Secondary Line,0.24,F1,67
2228,S108-58AN9-0010,Secondary Line,0.24,F1,68
2229,S108-58AN9-0011,Secondary Line,0.24,F1,69
2230,S108-58AN9-0012,Secondary Line,0.24,F1,70
2231,S108-58AN9-0013,Secondary Line,0.24,F1,71
2232,S108-58AN9-0014,Secondary Line,0.24,F1,72
2233,S108-58AN9-0015,Secondary Line,0.24,F1,73
2234,S108-58AN9-0016,Secondary Line,0.24,F1,74
2235,S108-58AN9-0017,Secondary Line,0.24,F1,75
2236,S108-58AN9-013a,Secondary Line,0.24,F1,76
2237,S0108-58AA-0001,Secondary Line,0.24,F1,77
2238,S0108-58AA-0002,Secondary Line,0.24,F1,78
2239,S0108-58AA-0003,Secondary Line,0.24,F1,79
2240,S0108-58AA-0004,Secondary Line,0.24,F1,80
2241,S0108-58AA-0005,Secondary Line,0.24,F1,81
2242,S0108-58AA-0006,Secondary Line,0.24,F1,82
2243,S0108-58AA-0007,Secondary Line,0.24,F1,83
2244,S0108-58AA-0008,Secondary Line,0.24,F1,84
2245,S0108-58AA-0009,Secondary Line,0.24,F1,85
2246,S0108-58AA-0010,Secondary Line,0.24,F1,86
2247,S0108-58AA-0011,Secondary Line,0.24,F1,87
2248,S0108-58AA-0012,Secondary Line,0.24,F1,88
2249,S0108-58AA-0013,Secondary Line,0.24,F1,89
2250,S0108-58AA-0014,Secondary Line,0.24,F1,90
2251,S0108-58AA-0015,Secondary Line,0.24,F1,91
2252,S0108-58AA-0016,Secondary Line,0.24,F1,92
2253,S0108-58AA-0017,Secondary Line,0.24,F1,93
2254,S0108-58AA-0018,Secondary Line,0.24,F1,94
2255,S108-58R11-0001,Secondary Line,0.24,F1,95
2256,S108-58R11-0002,Secondary Line,0.24,F1,96
2257,S108-58R11-0003,Secondary Line,0.24,F1,97
2258,S108-58R11-0004,Secondary Line,0.24,F1,98
2259,S108-58R11-0005,Secondary Line,0.24,F1,99
2260,S108-58R11-0006,Secondary Line,0.24,F1,100
2261,S108-58R11-0007,Secondary Line,0.24,F1,101
2262,S108-58R11-0008,Secondary Line,0.24,F1,102
2263,S108-58R11-0009,Secondary Line,0.24,F1,103
2264,S108-58R11-0010,Secondary Line,0.24,F1,104
2265,S108-58R11-0011,Secondary Line,0.24,F1,105
2266,S108-58R11-0012,Secondary Line,0.24,F1,106
2267,S108-58R11-0013,Secondary Line,0.24,F1,107
2268,S108-58R11-0014,Secondary Line,0.24,F1,108
2269,S108-58R11-0015,Secondary Line,0.24,F1,109
2270,S108-58R11-0016,Secondary Line,0.24,F1,110
2271,S108-58R11-0017,Secondary Line,0.24,F1,111
2272,S108-58R11-0018,Secondary Line,0.24,F1,112
2273,S108-58R11-0019,Secondary Line,0.24,F1,113
2274,S108-58R11-005a,Secondary Line,0.24,F1,114
2275,S108-58R11-005b,Secondary Line,0.24,F1,115
2276,S108-58R11-005c,Secondary Line,0.24,F1,116
2277,S108-58R11-005d,Secondary Line,0.24,F1,117
2278,S108-58R11-015A,Secondary Line,0.24,F1,118
2279,S0108-058M-0001,Secondary Line,0.24,F1,119
2280,S0108-058M-0002,Secondary Line,0.24,F1,120
2281,S0108-058M-0003,Secondary Line,0.24,F1,121
2282,S0108-058M-0004,Secondary Line,0.24,F1,122
2283,S0108-058M-0005,Secondary Line,0.24,F1,123
2284,S0108-058M-0006,Secondary Line,0.24,F1,124
2285,S0108-058M-0007,Secondary Line,0.24,F1,125
2286,S0108-058M-0008,Secondary Line,0.24,F1,126
2287,S0108-058M-0009,Secondary Line,0.24,F1,127
2288,S0108-058M-0010,Secondary Line,0.24,F1,128
2289,S0108-058M-0011,Secondary Line,0.24,F1,129
2290,S0108-058M-0012,Secondary Line,0.24,F1,130
2291,S0108-058M-0013,Secondary Line,0.24,F1,131
2292,S0108-058M-0014,Secondary Line,0.24,F1,132
2293,S0108-058M-0015,Secondary Line,0.24,F1,133
2294,S0108-058M-0016,Secondary Line,0.24,F1,134
2295,S0108-058M-0017,Secondary Line,0.24,F1,135
2296,S0108-058M-0018,Secondary Line,0.24,F1,136
2297,S0108-058p-0001,Secondary Line,0.24,F1,137
2298,S0108-059j-0001,Secondary Line,0.24,F1,138
2299,S0108-059j-0002,Secondary Line,0.24,F1,139
2300,S0108-059j-0003,Secondary Line,0.24,F1,140
2301,S0108-059j-0004,Secondary Line,0.24,F1,141
2302,S0108-059j-0005,Secondary Line,0.24,F1,142
2303,S0108-059j-0006,Secondary Line,0.24,F1,143
2304,S0108-059j-0007,Secondary Line,0.24,F1,144
2305,S0108-059j-0008,Secondary Line,0.24,F1,145
2306,S0108-059j-002a,Secondary Line,0.24,F1,146
2307,S0108-059j-004a,Secondary Line,0.24,F1,147
2308,S0108-059j-004b,Secondary Line,0.24,F1,148
2309,S0108-059j-004c,Secondary Line,0.24,F1,149
2310,S0108-059j-005A,Secondary Line,0.24,F1,150
2311,S0108-059f-0001,Secondary Line,0.24,F1,151
2312,S0108-059f-0002,Secondary Line,0.24,F1,152
2313,S0108-059f-0003,Secondary Line,0.24,F1,153
2314,S0108-059f-0004,Secondary Line,0.24,F1,154
2315,S0108-059f-0005,Secondary Line,0.24,F1,155
2316,S0108-059f-0006,Secondary Line,0.24,F1,156
2317,S0108-059f-001a,Secondary Line,0.24,F1,157
2318,S0108-059f-002A,Secondary Line,0.24,F1,158
2319,S0108-0059-0001,Secondary Line,0.24,F1,159
2320,S0108-0060-0001,Secondary Line,0.24,F1,160
2321,S0108-0060-0002,Secondary Line,0.24,F1,161
2322,S0108-0060-0003,Secondary Line,0.24,F1,162
2323,S0108-0060-0004,Secondary Line,0.24,F1,163
2324,S0108-0060-0005,Secondary Line,0.24,F1,164
2325,S0108-0060-0006,Secondary Line,0.24,F1,165
2326,S0108-0060-0007,Secondary Line,0.24,F1,166
2327,S0108-0060-0008,Secondary Line,0.24,F1,167
2328,S0108-0060-0009,Secondary Line,0.24,F1,168
2329,S0108-0060-0010,Secondary Line,0.24,F1,169
2330,S0108-0060-0011,Secondary Line,0.24,F1,170
2331,S0108-0060-0012,Secondary Line,0.24,F1,171
2332,S0108-0060-0013,Secondary Line,0.24,F1,172
2333,S0108-0060-0014,Secondary Line,0.24,F1,173
2334,S000117-0000001,Secondary Line,0.24,F1,174
2335,S000132-0000001,Secondary Line,0.24,F1,175
