Count,Customer ID,Billing Period Code,Energy Consumed (kWHr),Power Factor
1,1010071788,202301,41,0.85
2,2020010007,202301,0,0.85
3,2020010010,202301,201,0.85
4,2020010020,202301,79,0.85
5,2020010029,202301,179,0.85
6,2020010030,202301,0,0.85
7,2020010040,202301,90,0.85
8,2020010045,202301,52,0.85
9,2020010046,202301,18,0.85
10,2020010050,202301,110,0.85
11,2020010060,202301,24,0.85
12,2020010066,202301,1,0.85
13,2020010070,202301,784,0.85
14,2020010073,202301,6,0.85
15,2020010080,202301,70,0.85
16,2020010086,202301,106,0.85
17,2020010090,202301,58,0.85
18,2020010100,202301,43,0.85
19,2020010105,202301,95,0.85
20,2020010115,202301,39,0.85
21,2020010120,202301,90,0.85
22,2020010125,202301,1,0.85
23,2020010126,202301,188,0.85
24,2020010130,202301,230,0.85
25,2020010132,202301,122,0.85
26,2020010133,202301,48,0.85
27,2020010140,202301,10,0.85
28,2020010145,202301,8,0.85
29,2020010150,202301,80,0.85
30,2020010160,202301,65,0.85
31,2020010170,202301,61,0.85
32,2020010171,202301,15,0.85
33,2020010175,202301,60,0.85
34,2020010180,202301,53,0.85
35,2020010185,202301,165,0.85
36,2020010195,202301,177,0.85
37,2020010210,202301,146,0.85
38,2020010215,202301,0,0.85
39,2020010220,202301,109,0.85
40,2020010221,202301,89,0.85
41,2020010235,202301,0,0.85
42,2020010240,202301,152,0.85
43,2020010245,202301,105,0.85
44,2020010250,202301,32,0.85
45,2020010255,202301,166,0.85
46,2020010260,202301,81,0.85
47,2020010270,202301,102,0.85
48,2020010275,202301,0,0.85
49,2020010280,202301,136,0.85
50,2020010283,202301,0,0.85
51,2020010290,202301,609,0.85
52,2020010295,202301,83,0.85
53,2020010296,202301,118,0.85
54,2020010300,202301,0,0.85
55,2020010310,202301,29,0.85
56,2020010315,202301,359,0.85
57,2020010320,202301,60,0.85
58,2020010321,202301,26,0.85
59,2020010325,202301,57,0.85
60,2020010330,202301,566,0.85
61,2020010340,202301,77,0.85
62,2020010350,202301,10,0.85
63,2020010360,202301,169,0.85
64,2020010366,202301,123,0.85
65,2020010368,202301,36,0.85
66,2020010375,202301,143,0.85
67,2020010380,202301,213,0.85
68,2020010385,202301,0,0.85
69,2020010390,202301,223,0.85
70,2020010395,202301,81,0.85
71,2020010400,202301,66,0.85
72,2020010405,202301,25,0.85
73,2020010410,202301,110,0.85
74,2020010415,202301,31,0.85
75,2020010420,202301,227,0.85
76,2020010425,202301,13,0.85
77,2020010430,202301,602,0.85
78,2020010435,202301,80,0.85
79,2020010440,202301,42,0.85
80,2020010447,202301,64,0.85
81,2020010450,202301,26,0.85
82,2020010455,202301,106,0.85
83,2020010460,202301,1,0.85
84,2020010465,202301,76,0.85
85,2020010470,202301,91,0.85
86,2020010473,202301,873,0.85
87,2020010480,202301,184,0.85
88,2020010485,202301,143,0.85
89,2020010490,202301,21,0.85
90,2020010495,202301,8,0.85
91,2020010500,202301,17,0.85
92,2020010505,202301,20,0.85
93,2020010510,202301,88,0.85
94,2020010515,202301,0,0.85
95,2020010525,202301,476,0.85
96,2020010526,202301,0,0.85
97,2020010532,202301,0,0.85
98,2020010535,202301,233,0.85
99,2020010536,202301,105,0.85
100,2020010537,202301,0,0.85
101,2020010538,202301,18,0.85
102,2020010540,202301,7,0.85
103,2020010541,202301,10,0.85
104,2020010545,202301,479,0.85
105,2020010550,202301,183,0.85
106,2020010560,202301,0,0.85
107,2020010565,202301,21,0.85
108,2020010570,202301,116,0.85
109,2020010572,202301,36,0.85
110,2020010575,202301,0,0.85
111,2020010580,202301,141,0.85
112,2020010585,202301,64,0.85
113,2020010586,202301,140,0.85
114,2020010590,202301,19,0.85
115,2020010595,202301,4,0.85
116,2020010600,202301,283,0.85
117,2020010605,202301,9,0.85
118,2020010610,202301,69,0.85
119,2020010615,202301,50,0.85
120,2020010620,202301,552,0.85
121,2020010625,202301,22,0.85
122,2020010630,202301,85,0.85
123,2020010640,202301,687,0.85
124,2020010645,202301,78,0.85
125,2020010650,202301,110,0.85
126,2020010665,202301,100,0.85
127,2020010666,202301,27,0.85
128,2020010670,202301,220,0.85
129,2020010674,202301,2180,0.85
130,2020010675,202301,60,0.85
131,2020010676,202301,48,0.85
132,2020010680,202301,145,0.85
133,2020010685,202301,149,0.85
134,2020010690,202301,67,0.85
135,2020010695,202301,2,0.85
136,2020010696,202301,0,0.85
137,2020010698,202301,29,0.85
138,2020010700,202301,106,0.85
139,2020010705,202301,163,0.85
140,2020010710,202301,43,0.85
141,2020010715,202301,0,0.85
142,2020010720,202301,94,0.85
143,2020010730,202301,152,0.85
144,2020010732,202301,28,0.85
145,2020010735,202301,184,0.85
146,2020010740,202301,420,0.85
147,2020010745,202301,0,0.85
148,2020010750,202301,63,0.85
149,2020010755,202301,573,0.85
150,2020010765,202301,411,0.85
151,2020010770,202301,116,0.85
152,2020010776,202301,126,0.85
153,2020010780,202301,88,0.85
154,2020010785,202301,57,0.85
155,2020010793,202301,83,0.85
156,2020010795,202301,207,0.85
157,2020010810,202301,29,0.85
158,2020010820,202301,139,0.85
159,2020010830,202301,106,0.85
160,2020010834,202301,30,0.85
161,2020010840,202301,41,0.85
162,2020010845,202301,114,0.85
163,2020010850,202301,0,0.85
164,2020010860,202301,20,0.85
165,2020010865,202301,0,0.85
166,2020010870,202301,18,0.85
167,2020010875,202301,54,0.85
168,2020010880,202301,61,0.85
169,2020010890,202301,48,0.85
170,2020010895,202301,25,0.85
171,2020010911,202301,78,0.85
172,2020010914,202301,0,0.85
173,2020010915,202301,91,0.85
174,2020010920,202301,5,0.85
175,2020010925,202301,16,0.85
176,2020010926,202301,389,0.85
177,2020010930,202301,62,0.85
178,2020010940,202301,112,0.85
179,2020010945,202301,0,0.85
180,2020010950,202301,105,0.85
181,2020010955,202301,0,0.85
182,2020010960,202301,1,0.85
183,2020010970,202301,23,0.85
184,2020010975,202301,89,0.85
185,2020010980,202301,456,0.85
186,2020010990,202301,5,0.85
187,2020010995,202301,24,0.85
188,2020011001,202301,9,0.85
189,2020011010,202301,14,0.85
190,2020011015,202301,0,0.85
191,2020011040,202301,57,0.85
192,2020011045,202301,45,0.85
193,2020011050,202301,54,0.85
194,2020011055,202301,0,0.85
195,2020011060,202301,19,0.85
196,2020011085,202301,16,0.85
197,2020011088,202301,129,0.85
198,2020011090,202301,47,0.85
199,2020011092,202301,24,0.85
200,2020011093,202301,94,0.85
201,2020011095,202301,31,0.85
202,2020011096,202301,149,0.85
203,2020011098,202301,0,0.85
204,2020011099,202301,50,0.85
205,2020011100,202301,86,0.85
206,2020011101,202301,5,0.85
207,2020011105,202301,25,0.85
208,2020011107,202301,123,0.85
209,2020011108,202301,0,0.85
210,2020011109,202301,19,0.85
211,2020011110,202301,10,0.85
212,2020011111,202301,37,0.85
213,2020011112,202301,0,0.85
214,2020011114,202301,0,0.85
215,2020011115,202301,0,0.85
216,2020011117,202301,5,0.85
217,2020011120,202301,0,0.85
218,2020011123,202301,0,0.85
219,2020011124,202301,25,0.85
220,2020011125,202301,8,0.85
221,2020011126,202301,0,0.85
222,2020011135,202301,124,0.85
223,2020011145,202301,72,0.85
224,2020011150,202301,387,0.85
225,2020011160,202301,4,0.85
226,2020011163,202301,99,0.85
227,2020011164,202301,38,0.85
228,2020011165,202301,78,0.85
229,2020011166,202301,111,0.85
230,2020011170,202301,188,0.85
231,2020011175,202301,38,0.85
232,2020011180,202301,57,0.85
233,2020011185,202301,16,0.85
234,2020011190,202301,11,0.85
235,2020011195,202301,27,0.85
236,2020011200,202301,37,0.85
237,2020011205,202301,172,0.85
238,2020011210,202301,12,0.85
239,2020011220,202301,145,0.85
240,2020011230,202301,34,0.85
241,2020011235,202301,22,0.85
242,2020011240,202301,268,0.85
243,2020011245,202301,23,0.85
244,2020011250,202301,94,0.85
245,2020011255,202301,291,0.85
246,2020011260,202301,8,0.85
247,2020011265,202301,93,0.85
248,2020011270,202301,16,0.85
249,2020011271,202301,1,0.85
250,2020011272,202301,47,0.85
251,2020011275,202301,0,0.85
252,2020011276,202301,85,0.85
253,2020011280,202301,36,0.85
254,2020011281,202301,197,0.85
255,2020011283,202301,0,0.85
256,2020011284,202301,395,0.85
257,2020011285,202301,38,0.85
258,2020011286,202301,63,0.85
259,2020011287,202301,40,0.85
260,2020011288,202301,27,0.85
261,2020011289,202301,184,0.85
262,2020011290,202301,100,0.85
263,2020011295,202301,77,0.85
264,2020011300,202301,82,0.85
265,2020011310,202301,299,0.85
266,2020011325,202301,62,0.85
267,2020011330,202301,80,0.85
268,2020011335,202301,22,0.85
269,2020011340,202301,114,0.85
270,2020011350,202301,0,0.85
271,2020011351,202301,7,0.85
272,2020011352,202301,13,0.85
273,2020011353,202301,61,0.85
274,2020011354,202301,71,0.85
275,2020011355,202301,68,0.85
276,2020011360,202301,60,0.85
277,2020011363,202301,18,0.85
278,2020011364,202301,1,0.85
279,2020011365,202301,10,0.85
280,2020011366,202301,50,0.85
281,2020011367,202301,80,0.85
282,2020011368,202301,18,0.85
283,2020011369,202301,21,0.85
284,2020011370,202301,0,0.85
285,2020011383,202301,87,0.85
286,2020011385,202301,29,0.85
287,2020011386,202301,30,0.85
288,2020011390,202301,27,0.85
289,2020011391,202301,9,0.85
290,2020011395,202301,161,0.85
291,2020011400,202301,30,0.85
292,2020011410,202301,18,0.85
293,2020011415,202301,166,0.85
294,2020011420,202301,4,0.85
295,2020011425,202301,6,0.85
296,2020011430,202301,133,0.85
297,2020011435,202301,58,0.85
298,2020011445,202301,13,0.85
299,2020011450,202301,55,0.85
300,2020011460,202301,58,0.85
301,2020011465,202301,34,0.85
302,2020011470,202301,103,0.85
303,2020011480,202301,17,0.85
304,2020011490,202301,31,0.85
305,2020011495,202301,32,0.85
306,2020011500,202301,47,0.85
307,2020011505,202301,0,0.85
308,2020011506,202301,42,0.85
309,2020011510,202301,0,0.85
310,2020011515,202301,48,0.85
311,2020011516,202301,201,0.85
312,2020011520,202301,25,0.85
313,2020011525,202301,36,0.85
314,2020011530,202301,85,0.85
315,2020011540,202301,33,0.85
316,2020011550,202301,27,0.85
317,2020011555,202301,0,0.85
318,2020011560,202301,4,0.85
319,2020011575,202301,211,0.85
320,2020011585,202301,88,0.85
321,2020011590,202301,16,0.85
322,2020011591,202301,3,0.85
323,2020011595,202301,0,0.85
324,2020011600,202301,32,0.85
325,2020011605,202301,11,0.85
326,2020011610,202301,195,0.85
327,2020011615,202301,18,0.85
328,2020011620,202301,41,0.85
329,2020011630,202301,60,0.85
330,2020011635,202301,63,0.85
331,2020011640,202301,87,0.85
332,2020011645,202301,142,0.85
333,2020011670,202301,80,0.85
334,2020011680,202301,56,0.85
335,2020011700,202301,59,0.85
336,2020011710,202301,123,0.85
337,2020011715,202301,283,0.85
338,2020011720,202301,205,0.85
339,2020011721,202301,15,0.85
340,2020011722,202301,253,0.85
341,2020011725,202301,199,0.85
342,2020011726,202301,85,0.85
343,2020011727,202301,8,0.85
344,2020011728,202301,83,0.85
345,2020011729,202301,4,0.85
346,2020011730,202301,47,0.85
347,2020011731,202301,0,0.85
348,2020011735,202301,167,0.85
349,2020011750,202301,143,0.85
350,2020011760,202301,50,0.85
351,2020011770,202301,328,0.85
352,2020011775,202301,84,0.85
353,2020011780,202301,232,0.85
354,2020011795,202301,214,0.85
355,2020011811,202301,51,0.85
356,2020011812,202301,19,0.85
357,2020011815,202301,164,0.85
358,2020011816,202301,17,0.85
359,2020011820,202301,13,0.85
360,2020011850,202301,0,0.85
361,2020011851,202301,284,0.85
362,2020011860,202301,14,0.85
363,2020011865,202301,75,0.85
364,2020011870,202301,4,0.85
365,2020011875,202301,57,0.85
366,2020011880,202301,52,0.85
367,2020011881,202301,427,0.85
368,2020011882,202301,98,0.85
369,2020011885,202301,132,0.85
370,2020011890,202301,6,0.85
371,2020011900,202301,48,0.85
372,2020011910,202301,31,0.85
373,2020011920,202301,148,0.85
374,2020011925,202301,47,0.85
375,2020011930,202301,56,0.85
376,2020011940,202301,202,0.85
377,2020011950,202301,129,0.85
378,2020011960,202301,0,0.85
379,2020011970,202301,97,0.85
380,2020011976,202301,15,0.85
381,2020011980,202301,109,0.85
382,2020011985,202301,23,0.85
383,2020011990,202301,181,0.85
384,2020011995,202301,61,0.85
385,2020012005,202301,0,0.85
386,2020012006,202301,180,0.85
387,2020012007,202301,0,0.85
388,2020012008,202301,0,0.85
389,2020012015,202301,234,0.85
390,2020012020,202301,149,0.85
391,2020012021,202301,33,0.85
392,2020012040,202301,0,0.85
393,2020012042,202301,57,0.85
394,2020012045,202301,293,0.85
395,2020012050,202301,19,0.85
396,2020012052,202301,0,0.85
397,2020012053,202301,0,0.85
398,2020012054,202301,182,0.85
399,2020012057,202301,66,0.85
400,2020012058,202301,0,0.85
401,2020012059,202301,18,0.85
402,2020012060,202301,12,0.85
403,2020012061,202301,73,0.85
404,2020012062,202301,87,0.85
405,2020012065,202301,53,0.85
406,2020012080,202301,99,0.85
407,2020012083,202301,10,0.85
408,2020012100,202301,0,0.85
409,2020012102,202301,92,0.85
410,2020012105,202301,41,0.85
411,2020012110,202301,34,0.85
412,2020012135,202301,69,0.85
413,2020012141,202301,79,0.85
414,2020012145,202301,55,0.85
415,2020012150,202301,63,0.85
416,2020012160,202301,211,0.85
417,2020012175,202301,0,0.85
418,2020012190,202301,29,0.85
419,2020012205,202301,192,0.85
420,2020012220,202301,60,0.85
421,2020012230,202301,298,0.85
422,2020012240,202301,150,0.85
423,2020012243,202301,21,0.85
424,2020012245,202301,248,0.85
425,2020012246,202301,483,0.85
426,2020012260,202301,95,0.85
427,2020012270,202301,148,0.85
428,2020012280,202301,77,0.85
429,2020012281,202301,15,0.85
430,2020012282,202301,340,0.85
431,2020012285,202301,78,0.85
432,2020012303,202301,10,0.85
433,2020012305,202301,33,0.85
434,2020012310,202301,0,0.85
435,2020012311,202301,44,0.85
436,2020012315,202301,0,0.85
437,2020012316,202301,25,0.85
438,2020012317,202301,19,0.85
439,2020012319,202301,41,0.85
440,2020012320,202301,37,0.85
441,2020012322,202301,10,0.85
442,2020012323,202301,7,0.85
443,2020012324,202301,39,0.85
444,2020012325,202301,0,0.85
445,2020012326,202301,3,0.85
446,2020012328,202301,79,0.85
447,2020012329,202301,10,0.85
448,2020012333,202301,476,0.85
449,2020012334,202301,45,0.85
450,2020012336,202301,45,0.85
451,2020012337,202301,45,0.85
452,2020020010,202301,210,0.85
453,2020020011,202301,177,0.85
454,2020020014,202301,145,0.85
455,2020020015,202301,8,0.85
456,2020020020,202301,46,0.85
457,2020020030,202301,10,0.85
458,2020020040,202301,49,0.85
459,2020020060,202301,35,0.85
460,2020020070,202301,61,0.85
461,2020020074,202301,42,0.85
462,2020020076,202301,148,0.85
463,2020020080,202301,2,0.85
464,2020020082,202301,9,0.85
465,2020020085,202301,94,0.85
466,2020020090,202301,26,0.85
467,2020020100,202301,58,0.85
468,2020020115,202301,36,0.85
469,2020020120,202301,362,0.85
470,2020020125,202301,24,0.85
471,2020020135,202301,1,0.85
472,2020020140,202301,186,0.85
473,2020020145,202301,9,0.85
474,2020020150,202301,47,0.85
475,2020020155,202301,205,0.85
476,2020020160,202301,104,0.85
477,2020020165,202301,38,0.85
478,2020020175,202301,23,0.85
479,2020020185,202301,64,0.85
480,2020020190,202301,57,0.85
481,2020020195,202301,50,0.85
482,2020020200,202301,36,0.85
483,2020020205,202301,3,0.85
484,2020020210,202301,179,0.85
485,2020020215,202301,96,0.85
486,2020020220,202301,44,0.85
487,2020020235,202301,0,0.85
488,2020020240,202301,60,0.85
489,2020020243,202301,73,0.85
490,2020020244,202301,107,0.85
491,2020020255,202301,8,0.85
492,2020020260,202301,0,0.85
493,2020020265,202301,129,0.85
494,2020020272,202301,227,0.85
495,2020020275,202301,133,0.85
496,2020020280,202301,4,0.85
497,2020020285,202301,6,0.85
498,2020020290,202301,0,0.85
499,2020020295,202301,18,0.85
500,2020020300,202301,194,0.85
501,2020020305,202301,51,0.85
502,2020020310,202301,72,0.85
503,2020020315,202301,94,0.85
504,2020020325,202301,10,0.85
505,2020020335,202301,32,0.85
506,2020020340,202301,14,0.85
507,2020020345,202301,33,0.85
508,2020020350,202301,34,0.85
509,2020020355,202301,39,0.85
510,2020020360,202301,197,0.85
511,2020020365,202301,558,0.85
512,2020020370,202301,132,0.85
513,2020020373,202301,137,0.85
514,2020020375,202301,136,0.85
515,2020020380,202301,139,0.85
516,2020020381,202301,0,0.85
517,2020020385,202301,32,0.85
518,2020020390,202301,116,0.85
519,2020020395,202301,96,0.85
520,2020020400,202301,2,0.85
521,2020020405,202301,87,0.85
522,2020020410,202301,29,0.85
523,2020020415,202301,58,0.85
524,2020020420,202301,113,0.85
525,2020020430,202301,0,0.85
526,2020020435,202301,0,0.85
527,2020020440,202301,102,0.85
528,2020020441,202301,139,0.85
529,2020020445,202301,0,0.85
530,2020020450,202301,43,0.85
531,2020020452,202301,265,0.85
532,2020020454,202301,51,0.85
533,2020020457,202301,159,0.85
534,2020020460,202301,22,0.85
535,2020020465,202301,25,0.85
536,2020020470,202301,223,0.85
537,2020020475,202301,118,0.85
538,2020020485,202301,168,0.85
539,2020020490,202301,168,0.85
540,2020020495,202301,0,0.85
541,2020020500,202301,25,0.85
542,2020020505,202301,51,0.85
543,2020020510,202301,83,0.85
544,2020020515,202301,9,0.85
545,2020020520,202301,244,0.85
546,2020020535,202301,23,0.85
547,2020020540,202301,157,0.85
548,2020020550,202301,19,0.85
549,2020020555,202301,96,0.85
550,2020020560,202301,80,0.85
551,2020020570,202301,21,0.85
552,2020020575,202301,0,0.85
553,2020020580,202301,25,0.85
554,2020020583,202301,62,0.85
555,2020020584,202301,0,0.85
556,2020020585,202301,49,0.85
557,2020020586,202301,20,0.85
558,2020020590,202301,41,0.85
559,2020020595,202301,244,0.85
560,2020020600,202301,68,0.85
561,2020020605,202301,14,0.85
562,2020020610,202301,236,0.85
563,2020020620,202301,450,0.85
564,2020020625,202301,64,0.85
565,2020020630,202301,14,0.85
566,2020020634,202301,21,0.85
567,2020020635,202301,54,0.85
568,2020020636,202301,69,0.85
569,2020020637,202301,94,0.85
570,2020020640,202301,110,0.85
571,2020020645,202301,231,0.85
572,2020020650,202301,0,0.85
573,2020020655,202301,49,0.85
574,2020020660,202301,100,0.85
575,2020020665,202301,34,0.85
576,2020020670,202301,72,0.85
577,2020020680,202301,1,0.85
578,2020020685,202301,0,0.85
579,2020020690,202301,125,0.85
580,2020020695,202301,51,0.85
581,2020020706,202301,853,0.85
582,2020020711,202301,70,0.85
583,2020020720,202301,143,0.85
584,2020020730,202301,0,0.85
585,2020020735,202301,460,0.85
586,2020020745,202301,84,0.85
587,2020020750,202301,99,0.85
588,2020020755,202301,2,0.85
589,2020020760,202301,92,0.85
590,2020020765,202301,101,0.85
591,2020020770,202301,44,0.85
592,2020020785,202301,38,0.85
593,2020020793,202301,179,0.85
594,2020020800,202301,553,0.85
595,2020020801,202301,0,0.85
596,2020020802,202301,0,0.85
597,2020020803,202301,34,0.85
598,2020020804,202301,0,0.85
599,2020020805,202301,0,0.85
600,2020020806,202301,50,0.85
601,2020020807,202301,0,0.85
602,2020020808,202301,69,0.85
603,2020020809,202301,11,0.85
604,2020020810,202301,191,0.85
605,2020020820,202301,194,0.85
606,2020020830,202301,47,0.85
607,2020020835,202301,188,0.85
608,2020020840,202301,83,0.85
609,2020020850,202301,155,0.85
610,2020020860,202301,44,0.85
611,2020020870,202301,45,0.85
612,2020020880,202301,14,0.85
613,2020020890,202301,0,0.85
614,2020020900,202301,130,0.85
615,2020020910,202301,19,0.85
616,2020020920,202301,329,0.85
617,2020020925,202301,0,0.85
618,2020020930,202301,244,0.85
619,2020020935,202301,17,0.85
620,2020020940,202301,118,0.85
621,2020020950,202301,101,0.85
622,2020020955,202301,94,0.85
623,2020020956,202301,11,0.85
624,2020020960,202301,0,0.85
625,2020020962,202301,1023,0.85
626,2020020965,202301,59,0.85
627,2020020980,202301,528,0.85
628,2020020990,202301,212,0.85
629,2020021000,202301,239,0.85
630,2020021010,202301,36,0.85
631,2020021020,202301,0,0.85
632,2020021025,202301,68,0.85
633,2020021030,202301,50,0.85
634,2020021040,202301,50,0.85
635,2020021050,202301,48,0.85
636,2020021060,202301,158,0.85
637,2020021070,202301,252,0.85
638,2020021071,202301,18,0.85
639,2020021075,202301,188,0.85
640,2020021080,202301,32,0.85
641,2020021083,202301,37,0.85
642,2020021088,202301,20,0.85
643,2020021089,202301,94,0.85
644,2020021090,202301,157,0.85
645,2020021091,202301,4,0.85
646,2020021092,202301,176,0.85
647,2020021093,202301,57,0.85
648,2020021095,202301,66,0.85
649,2020021096,202301,0,0.85
650,2020021097,202301,72,0.85
651,2020021098,202301,36,0.85
652,2020021099,202301,0,0.85
653,2020021100,202301,50,0.85
654,2020021110,202301,24,0.85
655,2020021120,202301,186,0.85
656,2020021121,202301,165,0.85
657,2020021123,202301,37,0.85
658,2020021125,202301,22,0.85
659,2020021130,202301,47,0.85
660,2020021140,202301,39,0.85
661,2020021160,202301,112,0.85
662,2020021169,202301,2,0.85
663,2020021171,202301,94,0.85
664,2020021180,202301,139,0.85
665,2020021190,202301,42,0.85
666,2020021200,202301,16,0.85
667,2020021220,202301,8,0.85
668,2020021230,202301,0,0.85
669,2020021240,202301,144,0.85
670,2020021250,202301,121,0.85
671,2020021260,202301,0,0.85
672,2020021265,202301,0,0.85
673,2020021280,202301,37,0.85
674,2020021290,202301,92,0.85
675,2020021295,202301,16,0.85
676,2020021300,202301,71,0.85
677,2020021310,202301,170,0.85
678,2020021340,202301,7,0.85
679,2020021350,202301,203,0.85
680,2020021355,202301,0,0.85
681,2020021356,202301,63,0.85
682,2020021357,202301,290,0.85
683,2020021380,202301,6,0.85
684,2020021385,202301,41,0.85
685,2020021390,202301,35,0.85
686,2020021420,202301,95,0.85
687,2020021422,202301,44,0.85
688,2020021425,202301,78,0.85
689,2020021441,202301,26,0.85
690,2020021445,202301,125,0.85
691,2020021447,202301,680,0.85
692,2020021455,202301,341,0.85
693,2020021460,202301,53,0.85
694,2020021465,202301,318,0.85
695,2020021470,202301,30,0.85
696,2020021480,202301,0,0.85
697,2020021490,202301,102,0.85
698,2020021500,202301,127,0.85
699,2020021504,202301,88,0.85
700,2020021505,202301,25,0.85
701,2020021510,202301,11,0.85
702,2020021531,202301,82,0.85
703,2020021535,202301,7,0.85
704,2020021536,202301,52,0.85
705,2020021537,202301,39,0.85
706,2020021540,202301,45,0.85
707,2020021542,202301,33,0.85
708,2020021543,202301,111,0.85
709,2020021545,202301,170,0.85
710,2020021547,202301,1,0.85
711,2020021554,202301,28,0.85
712,2020021555,202301,59,0.85
713,2020021560,202301,10,0.85
714,2020021570,202301,160,0.85
715,2020021572,202301,43,0.85
716,2020021575,202301,0,0.85
717,2020021580,202301,2,0.85
718,2020021590,202301,22,0.85
719,2020021600,202301,69,0.85
720,2020021610,202301,67,0.85
721,2020021620,202301,81,0.85
722,2020021640,202301,0,0.85
723,2020021650,202301,50,0.85
724,2020021653,202301,11,0.85
725,2020021654,202301,78,0.85
726,2020021655,202301,12,0.85
727,2020021657,202301,27,0.85
728,2020021658,202301,5,0.85
729,2020021660,202301,29,0.85
730,2020021662,202301,314,0.85
731,2020021663,202301,159,0.85
732,2020021664,202301,180,0.85
733,2020021665,202301,89,0.85
734,2020021666,202301,54,0.85
735,2020021667,202301,30,0.85
736,2020030015,202301,114,0.85
737,2020030020,202301,47,0.85
738,2020030030,202301,0,0.85
739,2020030050,202301,95,0.85
740,2020030060,202301,171,0.85
741,2020030061,202301,10,0.85
742,2020030063,202301,19,0.85
743,2020030064,202301,59,0.85
744,2020030065,202301,56,0.85
745,2020030070,202301,84,0.85
746,2020030071,202301,42,0.85
747,2020030073,202301,0,0.85
748,2020030080,202301,82,0.85
749,2020030090,202301,68,0.85
750,2020030105,202301,41,0.85
751,2020030120,202301,176,0.85
752,2020030125,202301,0,0.85
753,2020030130,202301,200,0.85
754,2020030135,202301,56,0.85
755,2020030140,202301,2,0.85
756,2020030145,202301,56,0.85
757,2020030150,202301,38,0.85
758,2020030165,202301,0,0.85
759,2020030170,202301,127,0.85
760,2020030175,202301,290,0.85
761,2020030180,202301,20,0.85
762,2020030185,202301,243,0.85
763,2020030190,202301,69,0.85
764,2020030195,202301,100,0.85
765,2020030200,202301,188,0.85
766,2020030205,202301,22,0.85
767,2020030210,202301,118,0.85
768,2020030215,202301,205,0.85
769,2020030220,202301,0,0.85
770,2020030221,202301,25,0.85
771,2020030226,202301,137,0.85
772,2020030230,202301,104,0.85
773,2020030235,202301,50,0.85
774,2020030240,202301,38,0.85
775,2020030245,202301,77,0.85
776,2020030250,202301,155,0.85
777,2020030255,202301,1,0.85
778,2020030256,202301,136,0.85
779,2020030260,202301,8,0.85
780,2020030265,202301,128,0.85
781,2020030272,202301,21,0.85
782,2020030273,202301,27,0.85
783,2020030275,202301,77,0.85
784,2020030279,202301,122,0.85
785,2020030280,202301,114,0.85
786,2020030281,202301,23,0.85
787,2020030282,202301,28,0.85
788,2020030290,202301,42,0.85
789,2020030295,202301,158,0.85
790,2020030300,202301,164,0.85
791,2020030305,202301,40,0.85
792,2020030315,202301,95,0.85
793,2020030320,202301,82,0.85
794,2020030325,202301,56,0.85
795,2020030330,202301,10,0.85
796,2020030335,202301,625,0.85
797,2020030340,202301,168,0.85
798,2020030345,202301,16,0.85
799,2020030347,202301,39,0.85
800,2020030350,202301,90,0.85
801,2020030370,202301,131,0.85
802,2020030375,202301,22,0.85
803,2020030380,202301,180,0.85
804,2020030385,202301,0,0.85
805,2020030390,202301,25,0.85
806,2020030392,202301,0,0.85
807,2020030393,202301,0,0.85
808,2020030394,202301,109,0.85
809,2020030395,202301,25,0.85
810,2020030396,202301,72,0.85
811,2020030398,202301,0,0.85
812,2020030399,202301,76,0.85
813,2020030400,202301,52,0.85
814,2020030401,202301,0,0.85
815,2020030402,202301,33,0.85
816,2020030405,202301,111,0.85
817,2020030407,202301,14,0.85
818,2020030408,202301,83,0.85
819,2020030409,202301,2,0.85
820,2020030410,202301,83,0.85
821,2020030411,202301,25,0.85
822,2020030413,202301,0,0.85
823,2020030414,202301,44,0.85
824,2020030415,202301,30,0.85
825,2020030416,202301,11,0.85
826,2020030417,202301,47,0.85
827,2020030418,202301,20,0.85
828,2020030419,202301,19,0.85
829,2020030435,202301,45,0.85
830,2020030440,202301,179,0.85
831,2020030450,202301,30,0.85
832,2020030455,202301,80,0.85
833,2020030465,202301,0,0.85
834,2020030470,202301,2,0.85
835,2020030475,202301,42,0.85
836,2020030480,202301,26,0.85
837,2020030490,202301,86,0.85
838,2020030500,202301,17,0.85
839,2020030505,202301,25,0.85
840,2020030510,202301,123,0.85
841,2020030515,202301,20,0.85
842,2020030525,202301,25,0.85
843,2020030535,202301,53,0.85
844,2020030540,202301,14,0.85
845,2020030545,202301,200,0.85
846,2020030550,202301,447,0.85
847,2020030560,202301,16,0.85
848,2020030565,202301,38,0.85
849,2020030570,202301,393,0.85
850,2020030585,202301,0,0.85
851,2020030590,202301,920,0.85
852,2020030595,202301,12,0.85
853,2020030600,202301,251,0.85
854,2020030605,202301,58,0.85
855,2020030610,202301,378,0.85
856,2020030615,202301,193,0.85
857,2020030625,202301,51,0.85
858,2020030630,202301,158,0.85
859,2020030635,202301,0,0.85
860,2020030640,202301,77,0.85
861,2020030645,202301,18,0.85
862,2020030650,202301,86,0.85
863,2020030655,202301,135,0.85
864,2020030660,202301,209,0.85
865,2020030665,202301,0,0.85
866,2020030670,202301,61,0.85
867,2020030675,202301,75,0.85
868,2020030680,202301,48,0.85
869,2020030685,202301,37,0.85
870,2020030690,202301,0,0.85
871,2020030693,202301,99,0.85
872,2020030700,202301,178,0.85
873,2020030710,202301,143,0.85
874,2020030715,202301,64,0.85
875,2020030720,202301,30,0.85
876,2020030725,202301,0,0.85
877,2020030730,202301,0,0.85
878,2020030735,202301,23,0.85
879,2020030745,202301,53,0.85
880,2020030750,202301,108,0.85
881,2020030755,202301,78,0.85
882,2020030760,202301,154,0.85
883,2020030770,202301,70,0.85
884,2020030775,202301,6,0.85
885,2020030780,202301,13,0.85
886,2020030785,202301,3,0.85
887,2020030790,202301,62,0.85
888,2020030800,202301,157,0.85
889,2020030810,202301,94,0.85
890,2020030820,202301,0,0.85
891,2020030840,202301,51,0.85
892,2020030850,202301,126,0.85
893,2020030853,202301,56,0.85
894,2020030865,202301,395,0.85
895,2020030870,202301,192,0.85
896,2020030875,202301,88,0.85
897,2020030880,202301,151,0.85
898,2020030890,202301,11,0.85
899,2020030916,202301,114,0.85
900,2020030917,202301,21,0.85
901,2020030970,202301,95,0.85
902,2020030982,202301,221,0.85
903,2020030984,202301,30,0.85
904,2020030985,202301,33,0.85
905,2020030991,202301,133,0.85
906,2020031000,202301,345,0.85
907,2020031010,202301,133,0.85
908,2020031015,202301,1606,0.85
909,2020031016,202301,209,0.85
910,2020031017,202301,92,0.85
911,2020031018,202301,7,0.85
912,2020031020,202301,65,0.85
913,2020031040,202301,581,0.85
914,2020031060,202301,27,0.85
915,2020031065,202301,117,0.85
916,2020031080,202301,63,0.85
917,2020031090,202301,108,0.85
918,2020031092,202301,32,0.85
919,2020031095,202301,140,0.85
920,2020031096,202301,445,0.85
921,2020031100,202301,41,0.85
922,2020031110,202301,352,0.85
923,2020031130,202301,42,0.85
924,2020031142,202301,25,0.85
925,2020031145,202301,148,0.85
926,2020031150,202301,89,0.85
927,2020031151,202301,191,0.85
928,2020031160,202301,51,0.85
929,2020031170,202301,99,0.85
930,2020031200,202301,17,0.85
931,2020031210,202301,41,0.85
932,2020031220,202301,23,0.85
933,2020031230,202301,69,0.85
934,2020031233,202301,32,0.85
935,2020031240,202301,80,0.85
936,2020031250,202301,13,0.85
937,2020031260,202301,48,0.85
938,2020031268,202301,92,0.85
939,2020031269,202301,58,0.85
940,2020031271,202301,80,0.85
941,2020031280,202301,64,0.85
942,2020031285,202301,67,0.85
943,2020031286,202301,49,0.85
944,2020031291,202301,55,0.85
945,2020031295,202301,41,0.85
946,2020031296,202301,107,0.85
947,2020031297,202301,53,0.85
948,2020031300,202301,0,0.85
949,2020031302,202301,0,0.85
950,2020031303,202301,14,0.85
951,2020031305,202301,147,0.85
952,2020031310,202301,50,0.85
953,2020031320,202301,32,0.85
954,2020031330,202301,58,0.85
955,2020031333,202301,56,0.85
956,2020031334,202301,63,0.85
957,2020031335,202301,25,0.85
958,2020031336,202301,37,0.85
959,2020031337,202301,39,0.85
960,2020031338,202301,0,0.85
961,2020031340,202301,0,0.85
962,2020031341,202301,18,0.85
963,2020031343,202301,6,0.85
964,2020031344,202301,0,0.85
965,2020031350,202301,42,0.85
966,2020031370,202301,58,0.85
967,2020031385,202301,0,0.85
968,2020031390,202301,0,0.85
969,2020031400,202301,1039,0.85
970,2020031405,202301,0,0.85
971,2020031410,202301,157,0.85
972,2020031415,202301,187,0.85
973,2020031420,202301,0,0.85
974,2020031440,202301,27,0.85
975,2020031450,202301,91,0.85
976,2020031460,202301,27,0.85
977,2020031490,202301,135,0.85
978,2020031505,202301,303,0.85
979,2020031506,202301,31,0.85
980,2020031510,202301,105,0.85
981,2020031523,202301,278,0.85
982,2020031525,202301,0,0.85
983,2020031540,202301,536,0.85
984,2020031550,202301,0,0.85
985,2020031570,202301,27,0.85
986,2020031576,202301,38,0.85
987,2020031580,202301,647,0.85
988,2020031590,202301,172,0.85
989,2020031600,202301,487,0.85
990,2020031601,202301,23,0.85
991,2020031605,202301,504,0.85
992,2020031606,202301,388,0.85
993,2020031607,202301,71,0.85
994,2020031615,202301,419,0.85
995,2020031620,202301,85,0.85
996,2020031630,202301,102,0.85
997,2020031640,202301,247,0.85
998,2020031650,202301,151,0.85
999,2020031657,202301,223,0.85
1000,2020031660,202301,134,0.85
1001,2020031670,202301,6,0.85
1002,2020031680,202301,288,0.85
1003,2020031690,202301,275,0.85
1004,2020031695,202301,76,0.85
1005,2020031700,202301,149,0.85
1006,2020031702,202301,218,0.85
1007,2020031710,202301,116,0.85
1008,2020031720,202301,111,0.85
1009,2020031730,202301,189,0.85
1010,2020031750,202301,1,0.85
1011,2020031760,202301,59,0.85
1012,2020031765,202301,3,0.85
1013,2020031770,202301,126,0.85
1014,2020031780,202301,84,0.85
1015,2020031790,202301,295,0.85
1016,2020031800,202301,49,0.85
1017,2020031810,202301,65,0.85
1018,2020031815,202301,27,0.85
1019,2020031820,202301,0,0.85
1020,2020031830,202301,227,0.85
1021,2020031845,202301,4,0.85
1022,2020031850,202301,443,0.85
1023,2020031855,202301,89,0.85
1024,2020031860,202301,78,0.85
1025,2020031870,202301,132,0.85
1026,2020031880,202301,292,0.85
1027,2020031890,202301,114,0.85
1028,2020031900,202301,137,0.85
1029,2020031905,202301,3,0.85
1030,2020031910,202301,9,0.85
1031,2020031915,202301,0,0.85
1032,2020031920,202301,68,0.85
1033,2020031925,202301,140,0.85
1034,2020031930,202301,99,0.85
1035,2020031940,202301,222,0.85
1036,2020031941,202301,145,0.85
1037,2020031942,202301,80,0.85
1038,2020031945,202301,106,0.85
1039,2020031950,202301,26,0.85
1040,2020031960,202301,407,0.85
1041,2020031970,202301,139,0.85
1042,2020031971,202301,16,0.85
1043,2020031972,202301,128,0.85
1044,2020031973,202301,0,0.85
1045,2020031974,202301,32,0.85
1046,2020031975,202301,0,0.85
1047,2020031976,202301,55,0.85
1048,2020031977,202301,69,0.85
1049,2020031978,202301,70,0.85
1050,2020031979,202301,123,0.85
1051,2020031980,202301,64,0.85
1052,2020031981,202301,7,0.85
1053,2020031982,202301,8,0.85
1054,2020031983,202301,0,0.85
1055,2020031984,202301,104,0.85
1056,2020031985,202301,0,0.85
1057,2020031986,202301,37,0.85
1058,2020031987,202301,387,0.85
1059,2020031988,202301,47,0.85
1060,2020031991,202301,0,0.85
1061,2020031992,202301,38,0.85
1062,2020031996,202301,16,0.85
1063,2020031997,202301,21,0.85
1064,2020031998,202301,11,0.85
1065,2020031999,202301,111,0.85
1066,2020032000,202301,64,0.85
1067,2020032001,202301,0,0.85
1068,2020040020,202301,0,0.85
1069,2020040027,202301,15,0.85
1070,2020040028,202301,56,0.85
1071,2020040029,202301,36,0.85
1072,2020040040,202301,210,0.85
1073,2020040050,202301,175,0.85
1074,2020040060,202301,8,0.85
1075,2020040070,202301,5,0.85
1076,2020040080,202301,83,0.85
1077,2020040090,202301,136,0.85
1078,2020040100,202301,159,0.85
1079,2020040110,202301,181,0.85
1080,2020040115,202301,9,0.85
1081,2020040120,202301,415,0.85
1082,2020040123,202301,246,0.85
1083,2020040124,202301,117,0.85
1084,2020040125,202301,181,0.85
1085,2020040130,202301,13,0.85
1086,2020040135,202301,28,0.85
1087,2020040155,202301,21,0.85
1088,2020040170,202301,64,0.85
1089,2020040175,202301,52,0.85
1090,2020040190,202301,17,0.85
1091,2020040195,202301,226,0.85
1092,2020040200,202301,39,0.85
1093,2020040210,202301,29,0.85
1094,2020040215,202301,16,0.85
1095,2020040220,202301,260,0.85
1096,2020040230,202301,109,0.85
1097,2020040235,202301,659,0.85
1098,2020040240,202301,0,0.85
1099,2020040245,202301,18,0.85
1100,2020040250,202301,43,0.85
1101,2020040260,202301,0,0.85
1102,2020040270,202301,5,0.85
1103,2020040271,202301,19,0.85
1104,2020040273,202301,81,0.85
1105,2020040274,202301,49,0.85
1106,2020040275,202301,100,0.85
1107,2020040276,202301,31,0.85
1108,2020040277,202301,12,0.85
1109,2020040278,202301,311,0.85
1110,2020040280,202301,21,0.85
1111,2020040285,202301,15,0.85
1112,2020040295,202301,68,0.85
1113,2020040296,202301,79,0.85
1114,2020040300,202301,216,0.85
1115,2020040305,202301,169,0.85
1116,2020040310,202301,243,0.85
1117,2020040320,202301,364,0.85
1118,2020040330,202301,8,0.85
1119,2020040340,202301,187,0.85
1120,2020040345,202301,70,0.85
1121,2020040350,202301,64,0.85
1122,2020040355,202301,206,0.85
1123,2020040370,202301,95,0.85
1124,2020040375,202301,116,0.85
1125,2020040380,202301,253,0.85
1126,2020040385,202301,286,0.85
1127,2020040395,202301,29,0.85
1128,2020040400,202301,155,0.85
1129,2020040405,202301,44,0.85
1130,2020040410,202301,0,0.85
1131,2020040415,202301,122,0.85
1132,2020040420,202301,257,0.85
1133,2020040430,202301,0,0.85
1134,2020040440,202301,122,0.85
1135,2020040450,202301,0,0.85
1136,2020040460,202301,29,0.85
1137,2020040470,202301,156,0.85
1138,2020040475,202301,92,0.85
1139,2020040480,202301,209,0.85
1140,2020040485,202301,6,0.85
1141,2020040490,202301,282,0.85
1142,2020040500,202301,45,0.85
1143,2020040505,202301,7,0.85
1144,2020040510,202301,57,0.85
1145,2020040520,202301,27,0.85
1146,2020040525,202301,27,0.85
1147,2020040530,202301,34,0.85
1148,2020040535,202301,37,0.85
1149,2020040540,202301,49,0.85
1150,2020040545,202301,112,0.85
1151,2020040546,202301,67,0.85
1152,2020040550,202301,45,0.85
1153,2020040555,202301,0,0.85
1154,2020040560,202301,60,0.85
1155,2020040575,202301,85,0.85
1156,2020040580,202301,34,0.85
1157,2020040590,202301,182,0.85
1158,2020040605,202301,237,0.85
1159,2020040610,202301,39,0.85
1160,2020040630,202301,177,0.85
1161,2020040635,202301,108,0.85
1162,2020040640,202301,45,0.85
1163,2020040650,202301,535,0.85
1164,2020040660,202301,68,0.85
1165,2020040665,202301,92,0.85
1166,2020040670,202301,1855,0.85
1167,2020040675,202301,16,0.85
1168,2020040680,202301,29,0.85
1169,2020040685,202301,211,0.85
1170,2020040690,202301,287,0.85
1171,2020040695,202301,66,0.85
1172,2020040700,202301,208,0.85
1173,2020040710,202301,69,0.85
1174,2020040715,202301,163,0.85
1175,2020040720,202301,399,0.85
1176,2020040730,202301,5,0.85
1177,2020040735,202301,73,0.85
1178,2020040745,202301,103,0.85
1179,2020040750,202301,0,0.85
1180,2020040755,202301,150,0.85
1181,2020040765,202301,1086,0.85
1182,2020040770,202301,0,0.85
1183,2020040775,202301,11,0.85
1184,2020040780,202301,526,0.85
1185,2020040784,202301,90,0.85
1186,2020040785,202301,18,0.85
1187,2020040790,202301,64,0.85
1188,2020040793,202301,33,0.85
1189,2020040795,202301,179,0.85
1190,2020040801,202301,40,0.85
1191,2020040802,202301,226,0.85
1192,2020040803,202301,202,0.85
1193,2020040804,202301,1,0.85
1194,2020040805,202301,55,0.85
1195,2020040806,202301,105,0.85
1196,2020040807,202301,475,0.85
1197,2020040808,202301,2,0.85
1198,2020040809,202301,306,0.85
1199,2020040815,202301,67,0.85
1200,2020040820,202301,391,0.85
1201,2020040825,202301,49,0.85
1202,2020040830,202301,709,0.85
1203,2020040835,202301,181,0.85
1204,2020040840,202301,322,0.85
1205,2020040850,202301,920,0.85
1206,2020040860,202301,204,0.85
1207,2020040865,202301,286,0.85
1208,2020040886,202301,146,0.85
1209,2020040900,202301,85,0.85
1210,2020040902,202301,1158,0.85
1211,2020040903,202301,83,0.85
1212,2020040904,202301,24,0.85
1213,2020040905,202301,296,0.85
1214,2020040907,202301,166,0.85
1215,2020040920,202301,110,0.85
1216,2020040921,202301,191,0.85
1217,2020040930,202301,116,0.85
1218,2020040935,202301,258,0.85
1219,2020040958,202301,32,0.85
1220,2020041040,202301,118,0.85
1221,2020041060,202301,275,0.85
1222,2020041080,202301,38,0.85
1223,2020041090,202301,78,0.85
1224,2020041095,202301,84,0.85
1225,2020041100,202301,88,0.85
1226,2020041110,202301,118,0.85
1227,2020041120,202301,758,0.85
1228,2020041125,202301,186,0.85
1229,2020041130,202301,170,0.85
1230,2020041301,202301,5,0.85
1231,2020041308,202301,61,0.85
1232,2020041336,202301,31,0.85
1233,2020041380,202301,53,0.85
1234,2020041546,202301,67,0.85
1235,2020041631,202301,51,0.85
1236,2020041632,202301,0,0.85
1237,2020041634,202301,9,0.85
1238,2020041636,202301,1811,0.85
1239,2020041637,202301,0,0.85
1240,2020041638,202301,118,0.85
1241,2020041639,202301,0,0.85
1242,2020041640,202301,0,0.85
1243,2020041641,202301,46,0.85
1244,2020041643,202301,110,0.85
1245,2020041644,202301,693,0.85
1246,2020041645,202301,204,0.85
1247,2020041646,202301,170,0.85
1248,2020041647,202301,678,0.85
1249,2020041648,202301,65,0.85
1250,2020041649,202301,50,0.85
1251,2020041652,202301,16,0.85
1252,2020041653,202301,39,0.85
1253,2020041654,202301,111,0.85
1254,2020041655,202301,183,0.85
1255,2020041656,202301,534,0.85
1256,2020050020,202301,72,0.85
1257,2020050030,202301,43,0.85
1258,2020050044,202301,29,0.85
1259,2020050048,202301,211,0.85
1260,2020050054,202301,11,0.85
1261,2020050058,202301,336,0.85
1262,2020050120,202301,176,0.85
1263,2020050125,202301,0,0.85
1264,2020050135,202301,9,0.85
1265,2020050145,202301,22,0.85
1266,2020050150,202301,0,0.85
1267,2020050165,202301,9,0.85
1268,2020050175,202301,280,0.85
1269,2020050195,202301,77,0.85
1270,2020050228,202301,97,0.85
1271,2020050229,202301,27,0.85
1272,2020050230,202301,233,0.85
1273,2020050231,202301,19,0.85
1274,2020050232,202301,16,0.85
1275,2020050233,202301,17,0.85
1276,2020050234,202301,30,0.85
1277,2020050235,202301,43,0.85
1278,2020050236,202301,0,0.85
1279,2020050241,202301,5,0.85
1280,2020050244,202301,0,0.85
1281,2020050245,202301,118,0.85
1282,2020050246,202301,2431,0.85
1283,2020050260,202301,864,0.85
1284,2020050262,202301,66,0.85
1285,2020050263,202301,119,0.85
1286,2020050264,202301,26,0.85
1287,2020050266,202301,33,0.85
1288,2020050268,202301,45,0.85
1289,2020050275,202301,1873,0.85
1290,2020050285,202301,42,0.85
1291,2020050295,202301,65,0.85
1292,2020050300,202301,7,0.85
1293,2020050305,202301,0,0.85
1294,2020050310,202301,0,0.85
1295,2020050315,202301,0,0.85
1296,2020050335,202301,198,0.85
1297,2020050365,202301,242,0.85
1298,2020050370,202301,71,0.85
1299,2020050371,202301,112,0.85
1300,2020050385,202301,22,0.85
1301,2020050395,202301,114,0.85
1302,2020050396,202301,126,0.85
1303,2020050397,202301,17,0.85
1304,2020050400,202301,79,0.85
1305,2020050410,202301,216,0.85
1306,2020050415,202301,233,0.85
1307,2020050420,202301,131,0.85
1308,2020050425,202301,27,0.85
1309,2020050430,202301,735,0.85
1310,2020050435,202301,275,0.85
1311,2020050445,202301,117,0.85
1312,2020050450,202301,139,0.85
1313,2020050455,202301,67,0.85
1314,2020050470,202301,96,0.85
1315,2020050475,202301,262,0.85
1316,2020050480,202301,3,0.85
1317,2020050485,202301,336,0.85
1318,2020050495,202301,365,0.85
1319,2020050500,202301,813,0.85
1320,2020050505,202301,67,0.85
1321,2020050510,202301,56,0.85
1322,2020050520,202301,0,0.85
1323,2020050525,202301,209,0.85
1324,2020050535,202301,25,0.85
1325,2020050540,202301,98,0.85
1326,2020050545,202301,233,0.85
1327,2020050550,202301,339,0.85
1328,2020050555,202301,240,0.85
1329,2020050560,202301,536,0.85
1330,2020050565,202301,69,0.85
1331,2020050570,202301,2277,0.85
1332,2020050575,202301,1198,0.85
1333,2020050576,202301,71,0.85
1334,2020050584,202301,255,0.85
1335,2020050587,202301,161,0.85
1336,2020050588,202301,319,0.85
1337,2020050605,202301,126,0.85
1338,2020050610,202301,81,0.85
1339,2020050615,202301,28,0.85
1340,2020050620,202301,17,0.85
1341,2020050625,202301,115,0.85
1342,2020050635,202301,76,0.85
1343,2020050650,202301,199,0.85
1344,2020050653,202301,62,0.85
1345,2020050656,202301,97,0.85
1346,2020050660,202301,45,0.85
1347,2020050665,202301,110,0.85
1348,2020050675,202301,263,0.85
1349,2020050677,202301,17,0.85
1350,2020050678,202301,201,0.85
1351,2020050680,202301,79,0.85
1352,2020050685,202301,129,0.85
1353,2020050690,202301,692,0.85
1354,2020050695,202301,4,0.85
1355,2020050700,202301,19,0.85
1356,2020050705,202301,61,0.85
1357,2020050710,202301,133,0.85
1358,2020050715,202301,539,0.85
1359,2020050720,202301,103,0.85
1360,2020050725,202301,71,0.85
1361,2020050730,202301,76,0.85
1362,2020050735,202301,39,0.85
1363,2020050740,202301,66,0.85
1364,2020050745,202301,85,0.85
1365,2020050750,202301,173,0.85
1366,2020050755,202301,0,0.85
1367,2020050760,202301,123,0.85
1368,2020050770,202301,77,0.85
1369,2020050775,202301,49,0.85
1370,2020050780,202301,111,0.85
1371,2020050790,202301,0,0.85
1372,2020050795,202301,0,0.85
1373,2020050800,202301,21,0.85
1374,2020050805,202301,199,0.85
1375,2020050810,202301,3,0.85
1376,2020050820,202301,238,0.85
1377,2020050825,202301,91,0.85
1378,2020050830,202301,32,0.85
1379,2020050835,202301,0,0.85
1380,2020050840,202301,482,0.85
1381,2020050845,202301,0,0.85
1382,2020050850,202301,86,0.85
1383,2020050870,202301,191,0.85
1384,2020050880,202301,362,0.85
1385,2020050890,202301,144,0.85
1386,2020050895,202301,276,0.85
1387,2020050896,202301,133,0.85
1388,2020050900,202301,231,0.85
1389,2020050905,202301,103,0.85
1390,2020050920,202301,50,0.85
1391,2020050930,202301,216,0.85
1392,2020050935,202301,17,0.85
1393,2020050945,202301,70,0.85
1394,2020050955,202301,249,0.85
1395,2020050960,202301,11,0.85
1396,2020050970,202301,27,0.85
1397,2020050977,202301,54,0.85
1398,2020050990,202301,76,0.85
1399,2020051000,202301,48,0.85
1400,2020051010,202301,16,0.85
1401,2020051020,202301,201,0.85
1402,2020051030,202301,208,0.85
1403,2020051045,202301,146,0.85
1404,2020051050,202301,59,0.85
1405,2020051060,202301,29,0.85
1406,2020051070,202301,34,0.85
1407,2020051075,202301,12,0.85
1408,2020051080,202301,63,0.85
1409,2020051088,202301,128,0.85
1410,2020051092,202301,197,0.85
1411,2020051093,202301,167,0.85
1412,2020051095,202301,95,0.85
1413,2020051100,202301,123,0.85
1414,2020051110,202301,94,0.85
1415,2020051120,202301,123,0.85
1416,2020051130,202301,170,0.85
1417,2020051140,202301,145,0.85
1418,2020051150,202301,77,0.85
1419,2020051170,202301,123,0.85
1420,2020051173,202301,73,0.85
1421,2020051175,202301,101,0.85
1422,2020051190,202301,224,0.85
1423,2020051192,202301,59,0.85
1424,2020051200,202301,331,0.85
1425,2020051210,202301,10,0.85
1426,2020051220,202301,292,0.85
1427,2020051234,202301,103,0.85
1428,2020051235,202301,162,0.85
1429,2020051245,202301,68,0.85
1430,2020051260,202301,77,0.85
1431,2020051270,202301,294,0.85
1432,2020051271,202301,84,0.85
1433,2020051280,202301,92,0.85
1434,2020051284,202301,134,0.85
1435,2020051300,202301,116,0.85
1436,2020051301,202301,1381,0.85
1437,2020051320,202301,172,0.85
1438,2020051330,202301,76,0.85
1439,2020051335,202301,0,0.85
1440,2020051340,202301,48,0.85
1441,2020051360,202301,69,0.85
1442,2020051370,202301,55,0.85
1443,2020051375,202301,237,0.85
1444,2020051390,202301,78,0.85
1445,2020051395,202301,18,0.85
1446,2020051400,202301,33,0.85
1447,2020051410,202301,87,0.85
1448,2020051415,202301,80,0.85
1449,2020051420,202301,157,0.85
1450,2020051425,202301,5,0.85
1451,2020051430,202301,65,0.85
1452,2020051440,202301,63,0.85
1453,2020051450,202301,146,0.85
1454,2020051475,202301,193,0.85
1455,2020051480,202301,0,0.85
1456,2020051490,202301,139,0.85
1457,2020051500,202301,69,0.85
1458,2020051510,202301,11,0.85
1459,2020051515,202301,0,0.85
1460,2020051520,202301,124,0.85
1461,2020051530,202301,96,0.85
1462,2020051540,202301,0,0.85
1463,2020051550,202301,112,0.85
1464,2020051560,202301,141,0.85
1465,2020051570,202301,14,0.85
1466,2020051571,202301,67,0.85
1467,2020051585,202301,15,0.85
1468,2020051586,202301,195,0.85
1469,2020051590,202301,0,0.85
1470,2020051600,202301,478,0.85
1471,2020051605,202301,1,0.85
1472,2020051610,202301,64,0.85
1473,2020051615,202301,55,0.85
1474,2020051617,202301,1,0.85
1475,2020051620,202301,53,0.85
1476,2020051630,202301,122,0.85
1477,2020051640,202301,80,0.85
1478,2020051650,202301,134,0.85
1479,2020051660,202301,52,0.85
1480,2020051680,202301,10,0.85
1481,2020051690,202301,66,0.85
1482,2020051695,202301,0,0.85
1483,2020051710,202301,102,0.85
1484,2020051720,202301,123,0.85
1485,2020051730,202301,0,0.85
1486,2020051736,202301,9,0.85
1487,2020051740,202301,262,0.85
1488,2020051750,202301,258,0.85
1489,2020051755,202301,183,0.85
1490,2020051760,202301,97,0.85
1491,2020051770,202301,104,0.85
1492,2020051780,202301,76,0.85
1493,2020051790,202301,441,0.85
1494,2020051795,202301,51,0.85
1495,2020051800,202301,96,0.85
1496,2020051840,202301,235,0.85
1497,2020051850,202301,143,0.85
1498,2020051860,202301,138,0.85
1499,2020051870,202301,94,0.85
1500,2020051880,202301,224,0.85
1501,2020051900,202301,62,0.85
1502,2020051910,202301,63,0.85
1503,2020051920,202301,1,0.85
1504,2020051940,202301,306,0.85
1505,2020051950,202301,1274,0.85
1506,2020051951,202301,27,0.85
1507,2020051952,202301,51,0.85
1508,2020051953,202301,0,0.85
1509,2020051954,202301,26,0.85
1510,2020051955,202301,52,0.85
1511,2020051956,202301,505,0.85
1512,2020051957,202301,22,0.85
1513,2020051958,202301,918,0.85
1514,2020051959,202301,146,0.85
1515,2020051960,202301,275,0.85
1516,2020060010,202301,0,0.85
1517,2020060015,202301,11,0.85
1518,2020060020,202301,206,0.85
1519,2020060030,202301,164,0.85
1520,2020060060,202301,118,0.85
1521,2020060070,202301,60,0.85
1522,2020060075,202301,70,0.85
1523,2020060080,202301,117,0.85
1524,2020060090,202301,55,0.85
1525,2020060100,202301,24,0.85
1526,2020060110,202301,1,0.85
1527,2020060115,202301,65,0.85
1528,2020060120,202301,162,0.85
1529,2020060125,202301,221,0.85
1530,2020060130,202301,237,0.85
1531,2020060135,202301,87,0.85
1532,2020060140,202301,390,0.85
1533,2020060145,202301,16,0.85
1534,2020060150,202301,113,0.85
1535,2020060155,202301,0,0.85
1536,2020060160,202301,149,0.85
1537,2020060165,202301,60,0.85
1538,2020060170,202301,20,0.85
1539,2020060175,202301,0,0.85
1540,2020060180,202301,0,0.85
1541,2020060185,202301,33,0.85
1542,2020060190,202301,1424,0.85
1543,2020060195,202301,108,0.85
1544,2020060200,202301,65,0.85
1545,2020060210,202301,570,0.85
1546,2020060215,202301,17,0.85
1547,2020060220,202301,368,0.85
1548,2020060225,202301,54,0.85
1549,2020060230,202301,222,0.85
1550,2020060235,202301,9,0.85
1551,2020060240,202301,204,0.85
1552,2020060250,202301,46,0.85
1553,2020060255,202301,234,0.85
1554,2020060270,202301,71,0.85
1555,2020060275,202301,198,0.85
1556,2020060280,202301,114,0.85
1557,2020060285,202301,47,0.85
1558,2020060290,202301,152,0.85
1559,2020060295,202301,129,0.85
1560,2020060300,202301,79,0.85
1561,2020060305,202301,124,0.85
1562,2020060310,202301,103,0.85
1563,2020060315,202301,18,0.85
1564,2020060320,202301,328,0.85
1565,2020060325,202301,90,0.85
1566,2020060330,202301,37,0.85
1567,2020060335,202301,459,0.85
1568,2020060340,202301,0,0.85
1569,2020060345,202301,3,0.85
1570,2020060355,202301,14,0.85
1571,2020060360,202301,327,0.85
1572,2020060365,202301,85,0.85
1573,2020060370,202301,77,0.85
1574,2020060375,202301,84,0.85
1575,2020060380,202301,24,0.85
1576,2020060385,202301,167,0.85
1577,2020060390,202301,130,0.85
1578,2020060395,202301,31,0.85
1579,2020060410,202301,175,0.85
1580,2020060415,202301,6,0.85
1581,2020060435,202301,40,0.85
1582,2020060440,202301,104,0.85
1583,2020060445,202301,0,0.85
1584,2020060450,202301,174,0.85
1585,2020060451,202301,80,0.85
1586,2020060452,202301,4810,0.85
1587,2020060454,202301,214,0.85
1588,2020060464,202301,53,0.85
1589,2020060466,202301,348,0.85
1590,2020060470,202301,306,0.85
1591,2020060475,202301,26,0.85
1592,2020060480,202301,68,0.85
1593,2020060485,202301,65,0.85
1594,2020060490,202301,187,0.85
1595,2020060500,202301,121,0.85
1596,2020060505,202301,0,0.85
1597,2020060510,202301,106,0.85
1598,2020060525,202301,39,0.85
1599,2020060530,202301,253,0.85
1600,2020060540,202301,237,0.85
1601,2020060550,202301,195,0.85
1602,2020060560,202301,0,0.85
1603,2020060590,202301,381,0.85
1604,2020060610,202301,289,0.85
1605,2020060620,202301,47,0.85
1606,2020060630,202301,31,0.85
1607,2020060635,202301,11,0.85
1608,2020060712,202301,169,0.85
1609,2020060730,202301,57,0.85
1610,2020060735,202301,31,0.85
1611,2020060740,202301,125,0.85
1612,2020060750,202301,0,0.85
1613,2020060760,202301,65,0.85
1614,2020060770,202301,114,0.85
1615,2020060774,202301,374,0.85
1616,2020060775,202301,98,0.85
1617,2020060777,202301,82,0.85
1618,2020060778,202301,91,0.85
1619,2020060779,202301,87,0.85
1620,2020060780,202301,0,0.85
1621,2020060783,202301,73,0.85
1622,2020060793,202301,0,0.85
1623,2020060815,202301,0,0.85
1624,2020060851,202301,203,0.85
1625,2020060890,202301,169,0.85
1626,2020060900,202301,131,0.85
1627,2020060910,202301,1,0.85
1628,2020060940,202301,134,0.85
1629,2020060950,202301,211,0.85
1630,2020060955,202301,0,0.85
1631,2020060960,202301,56,0.85
1632,2020060970,202301,117,0.85
1633,2020060980,202301,75,0.85
1634,2020060990,202301,37,0.85
1635,2020061000,202301,58,0.85
1636,2020061010,202301,60,0.85
1637,2020061020,202301,36,0.85
1638,2020061025,202301,369,0.85
1639,2020061026,202301,77,0.85
1640,2020061030,202301,39,0.85
1641,2020061040,202301,11,0.85
1642,2020061045,202301,114,0.85
1643,2020061050,202301,9,0.85
1644,2020061055,202301,32,0.85
1645,2020061080,202301,230,0.85
1646,2020061090,202301,87,0.85
1647,2020061100,202301,0,0.85
1648,2020061110,202301,19,0.85
1649,2020061115,202301,97,0.85
1650,2020061120,202301,109,0.85
1651,2020061130,202301,7,0.85
1652,2020061131,202301,88,0.85
1653,2020061135,202301,51,0.85
1654,2020061140,202301,150,0.85
1655,2020061155,202301,46,0.85
1656,2020061156,202301,36,0.85
1657,2020061157,202301,5,0.85
1658,2020061160,202301,54,0.85
1659,2020061161,202301,105,0.85
1660,2020061180,202301,21,0.85
1661,2020061185,202301,91,0.85
1662,2020061187,202301,8,0.85
1663,2020061190,202301,72,0.85
1664,2020061200,202301,80,0.85
1665,2020061210,202301,12,0.85
1666,2020061215,202301,0,0.85
1667,2020061220,202301,87,0.85
1668,2020061230,202301,69,0.85
1669,2020061250,202301,51,0.85
1670,2020061255,202301,318,0.85
1671,2020061270,202301,0,0.85
1672,2020061273,202301,30,0.85
1673,2020061274,202301,394,0.85
1674,2020061275,202301,300,0.85
1675,2020061280,202301,68,0.85
1676,2020061285,202301,88,0.85
1677,2020061290,202301,133,0.85
1678,2020061325,202301,180,0.85
1679,2020061330,202301,0,0.85
1680,2020061335,202301,235,0.85
1681,2020061340,202301,483,0.85
1682,2020061350,202301,639,0.85
1683,2020061360,202301,603,0.85
1684,2020061380,202301,1167,0.85
1685,2020061385,202301,29,0.85
1686,2020061390,202301,1602,0.85
1687,2020061400,202301,643,0.85
1688,2020061410,202301,49,0.85
1689,2020061425,202301,276,0.85
1690,2020061430,202301,90,0.85
1691,2020061440,202301,130,0.85
1692,2020061460,202301,0,0.85
1693,2020061463,202301,101,0.85
1694,2020061465,202301,24,0.85
1695,2020061480,202301,319,0.85
1696,2020061500,202301,87,0.85
1697,2020061510,202301,108,0.85
1698,2020061520,202301,0,0.85
1699,2020061535,202301,131,0.85
1700,2020061540,202301,121,0.85
1701,2020061560,202301,94,0.85
1702,2020061570,202301,167,0.85
1703,2020061571,202301,0,0.85
1704,2020061580,202301,1,0.85
1705,2020061590,202301,63,0.85
1706,2020061600,202301,84,0.85
1707,2020061610,202301,24,0.85
1708,2020061620,202301,138,0.85
1709,2020061630,202301,48,0.85
1710,2020061640,202301,286,0.85
1711,2020061651,202301,0,0.85
1712,2020061655,202301,133,0.85
1713,2020061657,202301,95,0.85
1714,2020061660,202301,251,0.85
1715,2020061670,202301,131,0.85
1716,2020061680,202301,166,0.85
1717,2020061690,202301,346,0.85
1718,2020061700,202301,58,0.85
1719,2020061710,202301,316,0.85
1720,2020061720,202301,53,0.85
1721,2020061725,202301,85,0.85
1722,2020061730,202301,207,0.85
1723,2020061740,202301,44,0.85
1724,2020061745,202301,8,0.85
1725,2020061750,202301,55,0.85
1726,2020061755,202301,129,0.85
1727,2020061760,202301,53,0.85
1728,2020061770,202301,30,0.85
1729,2020061780,202301,114,0.85
1730,2020061800,202301,71,0.85
1731,2020061820,202301,48,0.85
1732,2020061830,202301,25,0.85
1733,2020061840,202301,131,0.85
1734,2020061843,202301,93,0.85
1735,2020061846,202301,51,0.85
1736,2020061850,202301,151,0.85
1737,2020061860,202301,229,0.85
1738,2020061880,202301,88,0.85
1739,2020061890,202301,107,0.85
1740,2020061900,202301,0,0.85
1741,2020061910,202301,293,0.85
1742,2020061914,202301,107,0.85
1743,2020061915,202301,93,0.85
1744,2020061920,202301,40,0.85
1745,2020061925,202301,0,0.85
1746,2020061930,202301,110,0.85
1747,2020061940,202301,224,0.85
1748,2020061950,202301,24,0.85
1749,2020061960,202301,66,0.85
1750,2020061970,202301,101,0.85
1751,2020061975,202301,58,0.85
1752,2020061980,202301,12,0.85
1753,2020061990,202301,144,0.85
1754,2020062000,202301,45,0.85
1755,2020062006,202301,11,0.85
1756,2020062007,202301,134,0.85
1757,2020062008,202301,28,0.85
1758,2020062009,202301,0,0.85
1759,2020062010,202301,17,0.85
1760,2020062012,202301,139,0.85
1761,2020062016,202301,126,0.85
1762,2020062020,202301,77,0.85
1763,2020062025,202301,38,0.85
1764,2020062030,202301,504,0.85
1765,2020062040,202301,75,0.85
1766,2020062055,202301,21,0.85
1767,2020062056,202301,308,0.85
1768,2020062057,202301,30,0.85
1769,2020062060,202301,37,0.85
1770,2020062071,202301,563,0.85
1771,2020062072,202301,28,0.85
1772,2020062073,202301,28,0.85
1773,2020062074,202301,153,0.85
1774,2020062075,202301,25,0.85
1775,2020062076,202301,75,0.85
1776,2020062077,202301,0,0.85
1777,2020062078,202301,13,0.85
1778,2020062079,202301,2437,0.85
1779,2020062080,202301,17,0.85
1780,2020062081,202301,90,0.85
1781,2020062083,202301,34,0.85
1782,2020062084,202301,21,0.85
1783,2020062085,202301,35,0.85
1784,2020062087,202301,78,0.85
1785,2020062088,202301,116,0.85
1786,2020070010,202301,177,0.85
1787,2020070016,202301,0,0.85
1788,2020070020,202301,776,0.85
1789,2020070021,202301,1625,0.85
1790,2020070023,202301,525,0.85
1791,2020070024,202301,66,0.85
1792,2020070027,202301,4040,0.85
1793,2020070028,202301,32,0.85
1794,2020070030,202301,49,0.85
1795,2020070040,202301,698,0.85
1796,2020070045,202301,88,0.85
1797,2020070050,202301,178,0.85
1798,2020070055,202301,200,0.85
1799,2020070056,202301,163,0.85
1800,2020070070,202301,35,0.85
1801,2020070080,202301,5,0.85
1802,2020070085,202301,105,0.85
1803,2020070090,202301,379,0.85
1804,2020070100,202301,121,0.85
1805,2020070105,202301,0,0.85
1806,2020070110,202301,97,0.85
1807,2020070120,202301,66,0.85
1808,2020070125,202301,112,0.85
1809,2020070130,202301,215,0.85
1810,2020070135,202301,291,0.85
1811,2020070145,202301,100,0.85
1812,2020070150,202301,106,0.85
1813,2020070165,202301,23,0.85
1814,2020070185,202301,677,0.85
1815,2020070190,202301,256,0.85
1816,2020070195,202301,26,0.85
1817,2020070200,202301,123,0.85
1818,2020070205,202301,157,0.85
1819,2020070210,202301,152,0.85
1820,2020070215,202301,49,0.85
1821,2020070220,202301,1,0.85
1822,2020070225,202301,73,0.85
1823,2020070230,202301,333,0.85
1824,2020070240,202301,237,0.85
1825,2020070250,202301,220,0.85
1826,2020070260,202301,0,0.85
1827,2020070265,202301,796,0.85
1828,2020070270,202301,83,0.85
1829,2020070290,202301,47,0.85
1830,2020070300,202301,37,0.85
1831,2020070305,202301,85,0.85
1832,2020070310,202301,99,0.85
1833,2020070320,202301,153,0.85
1834,2020070330,202301,197,0.85
1835,2020070340,202301,340,0.85
1836,2020070350,202301,322,0.85
1837,2020070355,202301,100,0.85
1838,2020070360,202301,114,0.85
1839,2020070362,202301,121,0.85
1840,2020070370,202301,77,0.85
1841,2020070377,202301,52,0.85
1842,2020070380,202301,218,0.85
1843,2020070381,202301,243,0.85
1844,2020070390,202301,66,0.85
1845,2020070391,202301,8,0.85
1846,2020070400,202301,210,0.85
1847,2020070420,202301,58,0.85
1848,2020070430,202301,162,0.85
1849,2020070445,202301,148,0.85
1850,2020070446,202301,22,0.85
1851,2020070460,202301,37,0.85
1852,2020070465,202301,137,0.85
1853,2020070480,202301,68,0.85
1854,2020070485,202301,43,0.85
1855,2020070486,202301,27,0.85
1856,2020070490,202301,44,0.85
1857,2020070495,202301,115,0.85
1858,2020070500,202301,371,0.85
1859,2020070505,202301,26,0.85
1860,2020070510,202301,10,0.85
1861,2020070511,202301,32,0.85
1862,2020070520,202301,9,0.85
1863,2020070530,202301,108,0.85
1864,2020070540,202301,104,0.85
1865,2020070550,202301,88,0.85
1866,2020070560,202301,99,0.85
1867,2020070565,202301,26,0.85
1868,2020070580,202301,117,0.85
1869,2020070590,202301,30,0.85
1870,2020070600,202301,28,0.85
1871,2020070610,202301,39,0.85
1872,2020070611,202301,245,0.85
1873,2020070612,202301,1,0.85
1874,2020070620,202301,82,0.85
1875,2020070630,202301,213,0.85
1876,2020070635,202301,67,0.85
1877,2020070640,202301,16,0.85
1878,2020070645,202301,28,0.85
1879,2020070650,202301,71,0.85
1880,2020070670,202301,75,0.85
1881,2020070680,202301,7,0.85
1882,2020070690,202301,196,0.85
1883,2020070695,202301,114,0.85
1884,2020070700,202301,82,0.85
1885,2020070720,202301,185,0.85
1886,2020070730,202301,61,0.85
1887,2020070740,202301,23,0.85
1888,2020070750,202301,67,0.85
1889,2020070755,202301,131,0.85
1890,2020070760,202301,864,0.85
1891,2020070770,202301,171,0.85
1892,2020070803,202301,73,0.85
1893,2020070805,202301,313,0.85
1894,2020070810,202301,126,0.85
1895,2020070811,202301,65,0.85
1896,2020070815,202301,30,0.85
1897,2020070820,202301,263,0.85
1898,2020070830,202301,102,0.85
1899,2020070840,202301,232,0.85
1900,2020070860,202301,20,0.85
1901,2020070880,202301,76,0.85
1902,2020070885,202301,71,0.85
1903,2020070886,202301,37,0.85
1904,2020070890,202301,5,0.85
1905,2020070900,202301,31,0.85
1906,2020070910,202301,100,0.85
1907,2020070930,202301,77,0.85
1908,2020070940,202301,73,0.85
1909,2020070950,202301,70,0.85
1910,2020070954,202301,45,0.85
1911,2020070955,202301,85,0.85
1912,2020070960,202301,54,0.85
1913,2020070970,202301,409,0.85
1914,2020070980,202301,104,0.85
1915,2020070990,202301,84,0.85
1916,2020071000,202301,61,0.85
1917,2020071010,202301,136,0.85
1918,2020071020,202301,14,0.85
1919,2020071030,202301,64,0.85
1920,2020071040,202301,31,0.85
1921,2020071061,202301,189,0.85
1922,2020071065,202301,109,0.85
1923,2020071070,202301,114,0.85
1924,2020071080,202301,102,0.85
1925,2020071090,202301,31,0.85
1926,2020071095,202301,236,0.85
1927,2020071100,202301,147,0.85
1928,2020071105,202301,76,0.85
1929,2020071108,202301,0,0.85
1930,2020071110,202301,366,0.85
1931,2020071120,202301,120,0.85
1932,2020071130,202301,58,0.85
1933,2020071135,202301,48,0.85
1934,2020071140,202301,63,0.85
1935,2020071141,202301,0,0.85
1936,2020071142,202301,162,0.85
1937,2020071160,202301,96,0.85
1938,2020071162,202301,73,0.85
1939,2020071165,202301,29,0.85
1940,2020071170,202301,214,0.85
1941,2020071180,202301,180,0.85
1942,2020071182,202301,42,0.85
1943,2020071190,202301,1,0.85
1944,2020071200,202301,20,0.85
1945,2020071205,202301,21,0.85
1946,2020071210,202301,54,0.85
1947,2020071214,202301,308,0.85
1948,2020071215,202301,0,0.85
1949,2020071216,202301,56,0.85
1950,2020071220,202301,61,0.85
1951,2020071230,202301,103,0.85
1952,2020071250,202301,149,0.85
1953,2020071260,202301,497,0.85
1954,2020071270,202301,92,0.85
1955,2020071280,202301,94,0.85
1956,2020071290,202301,92,0.85
1957,2020071300,202301,37,0.85
1958,2020071320,202301,105,0.85
1959,2020071330,202301,1,0.85
1960,2020071339,202301,98,0.85
1961,2020071340,202301,40,0.85
1962,2020071341,202301,119,0.85
1963,2020071342,202301,608,0.85
1964,2020071346,202301,53,0.85
1965,2020071350,202301,25,0.85
1966,2020071366,202301,79,0.85
1967,2020071367,202301,59,0.85
1968,2020071370,202301,93,0.85
1969,2020071376,202301,38,0.85
1970,2020071390,202301,81,0.85
1971,2020071395,202301,41,0.85
1972,2020071397,202301,30,0.85
1973,2020071400,202301,2,0.85
1974,2020071405,202301,36,0.85
1975,2020071410,202301,52,0.85
1976,2020071420,202301,52,0.85
1977,2020071430,202301,75,0.85
1978,2020071432,202301,0,0.85
1979,2020071435,202301,54,0.85
1980,2020071436,202301,81,0.85
1981,2020071440,202301,54,0.85
1982,2020071445,202301,68,0.85
1983,2020071450,202301,6,0.85
1984,2020071460,202301,11,0.85
1985,2020071470,202301,191,0.85
1986,2020071475,202301,63,0.85
1987,2020071485,202301,74,0.85
1988,2020071493,202301,45,0.85
1989,2020071494,202301,28,0.85
1990,2020071495,202301,82,0.85
1991,2020071496,202301,147,0.85
1992,2020071497,202301,0,0.85
1993,2020080005,202301,138,0.85
1994,2020080010,202301,0,0.85
1995,2020080015,202301,43,0.85
1996,2020080020,202301,8,0.85
1997,2020080030,202301,92,0.85
1998,2020080040,202301,0,0.85
1999,2020080041,202301,40,0.85
2000,2020080045,202301,129,0.85
2001,2020080046,202301,118,0.85
2002,2020080050,202301,252,0.85
2003,2020080060,202301,142,0.85
2004,2020080070,202301,103,0.85
2005,2020080075,202301,2,0.85
2006,2020080080,202301,22,0.85
2007,2020080085,202301,91,0.85
2008,2020080095,202301,5,0.85
2009,2020080100,202301,46,0.85
2010,2020080105,202301,17,0.85
2011,2020080110,202301,230,0.85
2012,2020080115,202301,85,0.85
2013,2020080125,202301,0,0.85
2014,2020080130,202301,54,0.85
2015,2020080135,202301,198,0.85
2016,2020080140,202301,26,0.85
2017,2020080145,202301,86,0.85
2018,2020080150,202301,319,0.85
2019,2020080155,202301,24,0.85
2020,2020080160,202301,166,0.85
2021,2020080165,202301,0,0.85
2022,2020080170,202301,97,0.85
2023,2020080175,202301,84,0.85
2024,2020080178,202301,79,0.85
2025,2020080180,202301,63,0.85
2026,2020080185,202301,0,0.85
2027,2020080190,202301,93,0.85
2028,2020080191,202301,61,0.85
2029,2020080195,202301,143,0.85
2030,2020080200,202301,0,0.85
2031,2020080205,202301,83,0.85
2032,2020080210,202301,114,0.85
2033,2020080215,202301,142,0.85
2034,2020080220,202301,83,0.85
2035,2020080225,202301,22,0.85
2036,2020080235,202301,131,0.85
2037,2020080240,202301,39,0.85
2038,2020080245,202301,40,0.85
2039,2020080250,202301,97,0.85
2040,2020080255,202301,101,0.85
2041,2020080270,202301,56,0.85
2042,2020080272,202301,3,0.85
2043,2020080273,202301,68,0.85
2044,2020080274,202301,158,0.85
2045,2020080275,202301,350,0.85
2046,2020080280,202301,298,0.85
2047,2020080285,202301,79,0.85
2048,2020080290,202301,23,0.85
2049,2020080295,202301,27,0.85
2050,2020080300,202301,78,0.85
2051,2020080305,202301,233,0.85
2052,2020080306,202301,64,0.85
2053,2020080310,202301,0,0.85
2054,2020080320,202301,216,0.85
2055,2020080325,202301,50,0.85
2056,2020080330,202301,46,0.85
2057,2020080335,202301,100,0.85
2058,2020080340,202301,2,0.85
2059,2020080345,202301,41,0.85
2060,2020080350,202301,137,0.85
2061,2020080355,202301,0,0.85
2062,2020080365,202301,25,0.85
2063,2020080370,202301,68,0.85
2064,2020080375,202301,32,0.85
2065,2020080380,202301,221,0.85
2066,2020080385,202301,17,0.85
2067,2020080390,202301,47,0.85
2068,2020080395,202301,0,0.85
2069,2020080400,202301,163,0.85
2070,2020080405,202301,132,0.85
2071,2020080410,202301,27,0.85
2072,2020080415,202301,45,0.85
2073,2020080420,202301,120,0.85
2074,2020080425,202301,104,0.85
2075,2020080440,202301,52,0.85
2076,2020080445,202301,39,0.85
2077,2020080455,202301,24,0.85
2078,2020080465,202301,42,0.85
2079,2020080470,202301,181,0.85
2080,2020080475,202301,32,0.85
2081,2020080480,202301,6,0.85
2082,2020080485,202301,21,0.85
2083,2020080495,202301,13,0.85
2084,2020080500,202301,1,0.85
2085,2020080505,202301,17,0.85
2086,2020080510,202301,118,0.85
2087,2020080515,202301,83,0.85
2088,2020080520,202301,43,0.85
2089,2020080525,202301,1762,0.85
2090,2020080530,202301,31,0.85
2091,2020080531,202301,0,0.85
2092,2020080532,202301,41,0.85
2093,2020080534,202301,34,0.85
2094,2020080535,202301,16,0.85
2095,2020080545,202301,31,0.85
2096,2020080548,202301,133,0.85
2097,2020080549,202301,91,0.85
2098,2020080550,202301,142,0.85
2099,2020080551,202301,15,0.85
2100,2020080552,202301,8,0.85
2101,2020080555,202301,73,0.85
2102,2020080560,202301,197,0.85
2103,2020080565,202301,24,0.85
2104,2020080575,202301,133,0.85
2105,2020080580,202301,129,0.85
2106,2020080585,202301,45,0.85
2107,2020080590,202301,141,0.85
2108,2020080595,202301,144,0.85
2109,2020080605,202301,25,0.85
2110,2020080610,202301,101,0.85
2111,2020080620,202301,5,0.85
2112,2020080625,202301,3,0.85
2113,2020080630,202301,96,0.85
2114,2020080633,202301,0,0.85
2115,2020080634,202301,25,0.85
2116,2020080635,202301,0,0.85
2117,2020080637,202301,49,0.85
2118,2020080640,202301,23,0.85
2119,2020080645,202301,120,0.85
2120,2020080648,202301,59,0.85
2121,2020080650,202301,2322,0.85
2122,2020080655,202301,120,0.85
2123,2020080656,202301,9,0.85
2124,2020080657,202301,248,0.85
2125,2020080660,202301,375,0.85
2126,2020080665,202301,0,0.85
2127,2020080670,202301,40,0.85
2128,2020080674,202301,79,0.85
2129,2020080675,202301,111,0.85
2130,2020080676,202301,126,0.85
2131,2020080680,202301,171,0.85
2132,2020080690,202301,42,0.85
2133,2020080691,202301,233,0.85
2134,2020080695,202301,0,0.85
2135,2020080700,202301,271,0.85
2136,2020080710,202301,197,0.85
2137,2020080721,202301,32,0.85
2138,2020080725,202301,0,0.85
2139,2020080728,202301,156,0.85
2140,2020080729,202301,29,0.85
2141,2020080730,202301,89,0.85
2142,2020080740,202301,68,0.85
2143,2020080745,202301,25,0.85
2144,2020080755,202301,44,0.85
2145,2020080760,202301,49,0.85
2146,2020080765,202301,154,0.85
2147,2020080769,202301,37,0.85
2148,2020080770,202301,161,0.85
2149,2020080774,202301,59,0.85
2150,2020080776,202301,334,0.85
2151,2020080777,202301,184,0.85
2152,2020080778,202301,60,0.85
2153,2020080779,202301,294,0.85
2154,2020080780,202301,162,0.85
2155,2020080781,202301,665,0.85
2156,2020080783,202301,58,0.85
2157,2020080784,202301,43,0.85
2158,2020080785,202301,100,0.85
2159,2020080790,202301,0,0.85
2160,2020080795,202301,6,0.85
2161,2020080802,202301,0,0.85
2162,2020080805,202301,76,0.85
2163,2020080810,202301,63,0.85
2164,2020080815,202301,23,0.85
2165,2020080830,202301,42,0.85
2166,2020080840,202301,29,0.85
2167,2020080845,202301,79,0.85
2168,2020080850,202301,49,0.85
2169,2020080860,202301,65,0.85
2170,2020080865,202301,45,0.85
2171,2020080866,202301,38,0.85
2172,2020080868,202301,8,0.85
2173,2020080869,202301,104,0.85
2174,2020080880,202301,15,0.85
2175,2020080890,202301,37,0.85
2176,2020080910,202301,135,0.85
2177,2020080920,202301,159,0.85
2178,2020080930,202301,24,0.85
2179,2020080940,202301,6,0.85
2180,2020080950,202301,180,0.85
2181,2020080960,202301,268,0.85
2182,2020080965,202301,51,0.85
2183,2020080975,202301,91,0.85
2184,2020080980,202301,42,0.85
2185,2020080990,202301,112,0.85
2186,2020081000,202301,28,0.85
2187,2020081010,202301,56,0.85
2188,2020081011,202301,10,0.85
2189,2020081020,202301,173,0.85
2190,2020081030,202301,17,0.85
2191,2020081040,202301,4,0.85
2192,2020081045,202301,120,0.85
2193,2020081046,202301,0,0.85
2194,2020081050,202301,192,0.85
2195,2020081060,202301,212,0.85
2196,2020081070,202301,36,0.85
2197,2020081072,202301,5,0.85
2198,2020081075,202301,10,0.85
2199,2020081080,202301,67,0.85
2200,2020081090,202301,65,0.85
2201,2020081100,202301,87,0.85
2202,2020081130,202301,42,0.85
2203,2020081150,202301,32,0.85
2204,2020081160,202301,154,0.85
2205,2020081170,202301,128,0.85
2206,2020081180,202301,129,0.85
2207,2020081184,202301,46,0.85
2208,2020081185,202301,101,0.85
2209,2020081220,202301,435,0.85
2210,2020081222,202301,21,0.85
2211,2020081223,202301,22,0.85
2212,2020081224,202301,50,0.85
2213,2020081225,202301,48,0.85
2214,2020081226,202301,208,0.85
2215,2020081227,202301,110,0.85
2216,2020081228,202301,75,0.85
2217,2020081229,202301,1,0.85
2218,2020081230,202301,43,0.85
2219,2020081240,202301,2,0.85
2220,2020081250,202301,20,0.85
2221,2020081259,202301,594,0.85
2222,2020081280,202301,75,0.85
2223,2020081285,202301,9,0.85
2224,2020081290,202301,84,0.85
2225,2020081297,202301,0,0.85
2226,2020081300,202301,65,0.85
2227,2020081320,202301,0,0.85
2228,2020081325,202301,21,0.85
2229,2020081330,202301,44,0.85
2230,2020081340,202301,208,0.85
2231,2020081360,202301,36,0.85
2232,2020081365,202301,19,0.85
2233,2020081366,202301,15,0.85
2234,2020081367,202301,7,0.85
2235,2020081368,202301,19,0.85
2236,2020081369,202301,0,0.85
2237,2020081370,202301,29,0.85
2238,2020081373,202301,19,0.85
2239,2020081374,202301,187,0.85
2240,2020081375,202301,57,0.85
2241,2020081376,202301,30,0.85
2242,2020081377,202301,29,0.85
2243,2020081378,202301,66,0.85
2244,2020090010,202301,13,0.85
2245,2020090015,202301,283,0.85
2246,2020090040,202301,34,0.85
2247,2020090050,202301,12,0.85
2248,2020090060,202301,54,0.85
2249,2020090061,202301,97,0.85
2250,2020090082,202301,127,0.85
2251,2020090110,202301,31,0.85
2252,2020090115,202301,0,0.85
2253,2020090120,202301,136,0.85
2254,2020090121,202301,17,0.85
2255,2020090122,202301,13,0.85
2256,2020090123,202301,105,0.85
2257,2020090125,202301,98,0.85
2258,2020090126,202301,15,0.85
2259,2020090128,202301,4,0.85
2260,2020090130,202301,111,0.85
2261,2020090134,202301,20,0.85
2262,2020090135,202301,68,0.85
2263,2020090145,202301,12,0.85
2264,2020090150,202301,107,0.85
2265,2020090155,202301,26,0.85
2266,2020090160,202301,100,0.85
2267,2020090165,202301,6,0.85
2268,2020090170,202301,173,0.85
2269,2020090175,202301,12,0.85
2270,2020090180,202301,151,0.85
2271,2020090181,202301,31,0.85
2272,2020090182,202301,47,0.85
2273,2020090183,202301,18,0.85
2274,2020090184,202301,16,0.85
2275,2020090186,202301,10,0.85
2276,2020090190,202301,23,0.85
2277,2020090195,202301,35,0.85
2278,2020090200,202301,0,0.85
2279,2020090201,202301,3,0.85
2280,2020090202,202301,54,0.85
2281,2020090205,202301,78,0.85
2282,2020090210,202301,143,0.85
2283,2020090215,202301,66,0.85
2284,2020090216,202301,66,0.85
2285,2020090220,202301,10,0.85
2286,2020090233,202301,107,0.85
2287,2020090235,202301,198,0.85
2288,2020090240,202301,16,0.85
2289,2020090244,202301,91,0.85
2290,2020090245,202301,3,0.85
2291,2020090246,202301,26,0.85
2292,2020090247,202301,115,0.85
2293,2020090248,202301,62,0.85
2294,2020090250,202301,30,0.85
2295,2020090251,202301,125,0.85
2296,2020090255,202301,57,0.85
2297,2020090260,202301,75,0.85
2298,2020090265,202301,62,0.85
2299,2020090270,202301,40,0.85
2300,2020090272,202301,20,0.85
2301,2020090273,202301,5,0.85
2302,2020090275,202301,20,0.85
2303,2020090285,202301,19,0.85
2304,2020090290,202301,0,0.85
2305,2020090295,202301,106,0.85
2306,2020090296,202301,3,0.85
2307,2020090300,202301,22,0.85
2308,2020090305,202301,25,0.85
2309,2020090311,202301,16,0.85
2310,2020090315,202301,7,0.85
2311,2020090320,202301,80,0.85
2312,2020090321,202301,1,0.85
2313,2020090323,202301,288,0.85
2314,2020090324,202301,73,0.85
2315,2020090327,202301,41,0.85
2316,2020090328,202301,79,0.85
2317,2020090332,202301,9,0.85
2318,2020090335,202301,17,0.85
2319,2020090336,202301,1,0.85
2320,2020090337,202301,0,0.85
2321,2020090345,202301,3,0.85
2322,2020090350,202301,18,0.85
2323,2020090355,202301,10,0.85
2324,2020090365,202301,231,0.85
2325,2020090370,202301,14,0.85
2326,2020090375,202301,54,0.85
2327,2020090376,202301,0,0.85
2328,2020090377,202301,53,0.85
2329,2020090380,202301,53,0.85
2330,2020090395,202301,0,0.85
2331,2020090396,202301,288,0.85
2332,2020090397,202301,24,0.85
2333,2020090400,202301,21,0.85
2334,2020090405,202301,34,0.85
2335,2020090410,202301,187,0.85
2336,2020090411,202301,70,0.85
2337,2020090415,202301,1,0.85
2338,2020090416,202301,63,0.85
2339,2020090420,202301,26,0.85
2340,2020090422,202301,63,0.85
2341,2020090423,202301,48,0.85
2342,2020090425,202301,124,0.85
2343,2020090430,202301,86,0.85
2344,2020090435,202301,49,0.85
2345,2020090437,202301,20,0.85
2346,2020090440,202301,35,0.85
2347,2020090445,202301,110,0.85
2348,2020090450,202301,29,0.85
2349,2020090453,202301,38,0.85
2350,2020090454,202301,101,0.85
2351,2020090455,202301,77,0.85
2352,2020090457,202301,0,0.85
2353,2020090458,202301,156,0.85
2354,2020090459,202301,31,0.85
2355,2020090460,202301,92,0.85
2356,2020090462,202301,38,0.85
2357,2020090464,202301,39,0.85
2358,2020090465,202301,21,0.85
2359,2020090470,202301,38,0.85
2360,2020090475,202301,20,0.85
2361,2020090476,202301,174,0.85
2362,2020090480,202301,111,0.85
2363,2020090485,202301,122,0.85
2364,2020090490,202301,141,0.85
2365,2020090500,202301,45,0.85
2366,2020090503,202301,34,0.85
2367,2020090510,202301,28,0.85
2368,2020090515,202301,98,0.85
2369,2020090525,202301,22,0.85
2370,2020090530,202301,14,0.85
2371,2020090535,202301,46,0.85
2372,2020090550,202301,129,0.85
2373,2020090555,202301,2,0.85
2374,2020090556,202301,12,0.85
2375,2020090560,202301,53,0.85
2376,2020090565,202301,22,0.85
2377,2020090570,202301,66,0.85
2378,2020090575,202301,24,0.85
2379,2020090580,202301,14,0.85
2380,2020090590,202301,14,0.85
2381,2020090595,202301,52,0.85
2382,2020090600,202301,27,0.85
2383,2020090605,202301,27,0.85
2384,2020090615,202301,34,0.85
2385,2020090625,202301,4,0.85
2386,2020090630,202301,133,0.85
2387,2020090631,202301,53,0.85
2388,2020090632,202301,24,0.85
2389,2020090634,202301,43,0.85
2390,2020090636,202301,206,0.85
2391,2020090640,202301,91,0.85
2392,2020090645,202301,19,0.85
2393,2020090650,202301,212,0.85
2394,2020090655,202301,101,0.85
2395,2020090660,202301,39,0.85
2396,2020090670,202301,0,0.85
2397,2020090675,202301,30,0.85
2398,2020090680,202301,47,0.85
2399,2020090685,202301,115,0.85
2400,2020090690,202301,27,0.85
2401,2020090696,202301,131,0.85
2402,2020090697,202301,152,0.85
2403,2020090700,202301,0,0.85
2404,2020090705,202301,16,0.85
2405,2020090715,202301,7,0.85
2406,2020090720,202301,87,0.85
2407,2020090725,202301,0,0.85
2408,2020090730,202301,31,0.85
2409,2020090733,202301,70,0.85
2410,2020090734,202301,1,0.85
2411,2020090735,202301,48,0.85
2412,2020090736,202301,24,0.85
2413,2020090739,202301,5,0.85
2414,2020090740,202301,98,0.85
2415,2020090745,202301,24,0.85
2416,2020090750,202301,19,0.85
2417,2020090755,202301,80,0.85
2418,2020090760,202301,11,0.85
2419,2020090763,202301,23,0.85
2420,2020090764,202301,63,0.85
2421,2020090765,202301,55,0.85
2422,2020090766,202301,76,0.85
2423,2020090767,202301,64,0.85
2424,2020090768,202301,24,0.85
2425,2020090770,202301,8,0.85
2426,2020090775,202301,25,0.85
2427,2020090780,202301,29,0.85
2428,2020090785,202301,23,0.85
2429,2020090790,202301,21,0.85
2430,2020090795,202301,16,0.85
2431,2020090800,202301,297,0.85
2432,2020090801,202301,72,0.85
2433,2020090802,202301,54,0.85
2434,2020090804,202301,11,0.85
2435,2020090805,202301,83,0.85
2436,2020090806,202301,87,0.85
2437,2020090810,202301,51,0.85
2438,2020090815,202301,31,0.85
2439,2020090825,202301,118,0.85
2440,2020090830,202301,196,0.85
2441,2020090835,202301,0,0.85
2442,2020090845,202301,13,0.85
2443,2020090850,202301,188,0.85
2444,2020090855,202301,3,0.85
2445,2020090860,202301,23,0.85
2446,2020090865,202301,88,0.85
2447,2020090870,202301,80,0.85
2448,2020090871,202301,11,0.85
2449,2020090872,202301,57,0.85
2450,2020090873,202301,3,0.85
2451,2020090875,202301,25,0.85
2452,2020090880,202301,28,0.85
2453,2020090885,202301,91,0.85
2454,2020090890,202301,2,0.85
2455,2020090897,202301,0,0.85
2456,2020090898,202301,175,0.85
2457,2020090899,202301,68,0.85
2458,2020090900,202301,11,0.85
2459,2020090901,202301,104,0.85
2460,2020090902,202301,29,0.85
2461,2020090905,202301,0,0.85
2462,2020090906,202301,97,0.85
2463,2020090907,202301,19,0.85
2464,2020090910,202301,10,0.85
2465,2020090920,202301,39,0.85
2466,2020090923,202301,337,0.85
2467,2020090924,202301,10,0.85
2468,2020090925,202301,93,0.85
2469,2020090930,202301,21,0.85
2470,2020090935,202301,21,0.85
2471,2020090940,202301,18,0.85
2472,2020090945,202301,12,0.85
2473,2020090950,202301,75,0.85
2474,2020090952,202301,42,0.85
2475,2020090955,202301,31,0.85
2476,2020090957,202301,25,0.85
2477,2020090960,202301,117,0.85
2478,2020090965,202301,47,0.85
2479,2020090975,202301,0,0.85
2480,2020090980,202301,24,0.85
2481,2020090985,202301,15,0.85
2482,2020090990,202301,31,0.85
2483,2020091000,202301,8,0.85
2484,2020091001,202301,24,0.85
2485,2020091002,202301,57,0.85
2486,2020091004,202301,41,0.85
2487,2020091008,202301,21,0.85
2488,2020091010,202301,62,0.85
2489,2020091011,202301,169,0.85
2490,2020091012,202301,29,0.85
2491,2020091013,202301,177,0.85
2492,2020091015,202301,60,0.85
2493,2020091020,202301,16,0.85
2494,2020091025,202301,30,0.85
2495,2020091030,202301,56,0.85
2496,2020091035,202301,15,0.85
2497,2020091045,202301,35,0.85
2498,2020091050,202301,35,0.85
2499,2020091052,202301,33,0.85
2500,2020091055,202301,47,0.85
2501,2020091065,202301,47,0.85
2502,2020091070,202301,65,0.85
2503,2020091080,202301,176,0.85
2504,2020091082,202301,111,0.85
2505,2020091085,202301,51,0.85
2506,2020091090,202301,10,0.85
2507,2020091095,202301,105,0.85
2508,2020091100,202301,140,0.85
2509,2020091105,202301,6,0.85
2510,2020091110,202301,69,0.85
2511,2020091115,202301,92,0.85
2512,2020091120,202301,36,0.85
2513,2020091125,202301,9,0.85
2514,2020091130,202301,85,0.85
2515,2020091131,202301,146,0.85
2516,2020091137,202301,75,0.85
2517,2020091140,202301,22,0.85
2518,2020091141,202301,51,0.85
2519,2020091145,202301,51,0.85
2520,2020091150,202301,297,0.85
2521,2020091155,202301,122,0.85
2522,2020091157,202301,90,0.85
2523,2020091158,202301,10,0.85
2524,2020091160,202301,34,0.85
2525,2020091165,202301,83,0.85
2526,2020091175,202301,16,0.85
2527,2020091176,202301,39,0.85
2528,2020091186,202301,13,0.85
2529,2020091187,202301,67,0.85
2530,2020091190,202301,122,0.85
2531,2020091192,202301,10,0.85
2532,2020091193,202301,190,0.85
2533,2020091194,202301,45,0.85
2534,2020091195,202301,37,0.85
2535,2020091197,202301,38,0.85
2536,2020091199,202301,10,0.85
2537,2020091200,202301,90,0.85
2538,2020091210,202301,352,0.85
2539,2020091213,202301,59,0.85
2540,2020091214,202301,17,0.85
2541,2020091225,202301,100,0.85
2542,2020091230,202301,57,0.85
2543,2020091231,202301,28,0.85
2544,2020091235,202301,81,0.85
2545,2020091240,202301,58,0.85
2546,2020091245,202301,0,0.85
2547,2020091250,202301,11,0.85
2548,2020091251,202301,29,0.85
2549,2020091255,202301,48,0.85
2550,2020091270,202301,110,0.85
2551,2020091275,202301,67,0.85
2552,2020091280,202301,266,0.85
2553,2020091283,202301,45,0.85
2554,2020091285,202301,81,0.85
2555,2020091286,202301,0,0.85
2556,2020091289,202301,11,0.85
2557,2020091290,202301,14,0.85
2558,2020091292,202301,33,0.85
2559,2020091294,202301,17,0.85
2560,2020091299,202301,11,0.85
2561,2020091300,202301,5,0.85
2562,2020091305,202301,13,0.85
2563,2020091306,202301,12,0.85
2564,2020091308,202301,78,0.85
2565,2020091309,202301,14,0.85
2566,2020091310,202301,40,0.85
2567,2020091312,202301,36,0.85
2568,2020091313,202301,90,0.85
2569,2020091314,202301,76,0.85
2570,2020091318,202301,78,0.85
2571,2020091320,202301,0,0.85
2572,2020091322,202301,12,0.85
2573,2020091325,202301,32,0.85
2574,2020091330,202301,0,0.85
2575,2020091335,202301,13,0.85
2576,2020091340,202301,71,0.85
2577,2020091350,202301,1,0.85
2578,2020091355,202301,25,0.85
2579,2020091360,202301,0,0.85
2580,2020091370,202301,14,0.85
2581,2020091390,202301,33,0.85
2582,2020091395,202301,23,0.85
2583,2020091400,202301,21,0.85
2584,2020091405,202301,48,0.85
2585,2020091410,202301,28,0.85
2586,2020091420,202301,18,0.85
2587,2020091425,202301,13,0.85
2588,2020091435,202301,6,0.85
2589,2020091440,202301,29,0.85
2590,2020091455,202301,0,0.85
2591,2020091460,202301,11,0.85
2592,2020091480,202301,12,0.85
2593,2020091485,202301,18,0.85
2594,2020091495,202301,0,0.85
2595,2020091505,202301,11,0.85
2596,2020091510,202301,0,0.85
2597,2020091515,202301,25,0.85
2598,2020091520,202301,26,0.85
2599,2020091525,202301,0,0.85
2600,2020091530,202301,13,0.85
2601,2020091540,202301,10,0.85
2602,2020091542,202301,11,0.85
2603,2020091543,202301,0,0.85
2604,2020091544,202301,18,0.85
2605,2020091546,202301,0,0.85
2606,2020091547,202301,10,0.85
2607,2020091549,202301,38,0.85
2608,2020091551,202301,10,0.85
2609,2020091552,202301,26,0.85
2610,2020091553,202301,45,0.85
2611,2020091556,202301,23,0.85
2612,2020091557,202301,0,0.85
2613,2020091558,202301,96,0.85
2614,2020091559,202301,63,0.85
2615,2020091560,202301,36,0.85
2616,2020091562,202301,0,0.85
2617,2020091564,202301,12,0.85
2618,2020091566,202301,18,0.85
2619,2020091567,202301,27,0.85
2620,2020091569,202301,0,0.85
2621,2020091570,202301,0,0.85
2622,2020091571,202301,22,0.85
2623,2020091572,202301,19,0.85
2624,2020091573,202301,31,0.85
2625,2020100005,202301,49,0.85
2626,2020100006,202301,86,0.85
2627,2020100051,202301,19,0.85
2628,2020100053,202301,80,0.85
2629,2020100055,202301,260,0.85
2630,2020100056,202301,0,0.85
2631,2020100060,202301,12,0.85
2632,2020100070,202301,12,0.85
2633,2020100080,202301,61,0.85
2634,2020100095,202301,13,0.85
2635,2020100100,202301,11,0.85
2636,2020100105,202301,17,0.85
2637,2020100110,202301,84,0.85
2638,2020100120,202301,135,0.85
2639,2020100125,202301,64,0.85
2640,2020100126,202301,70,0.85
2641,2020100129,202301,0,0.85
2642,2020100130,202301,35,0.85
2643,2020100132,202301,141,0.85
2644,2020100135,202301,14,0.85
2645,2020100137,202301,47,0.85
2646,2020100155,202301,0,0.85
2647,2020100160,202301,34,0.85
2648,2020100165,202301,18,0.85
2649,2020100170,202301,0,0.85
2650,2020100175,202301,19,0.85
2651,2020100180,202301,20,0.85
2652,2020100185,202301,3,0.85
2653,2020100194,202301,41,0.85
2654,2020100195,202301,8,0.85
2655,2020100196,202301,11,0.85
2656,2020100205,202301,36,0.85
2657,2020100210,202301,13,0.85
2658,2020100215,202301,47,0.85
2659,2020100220,202301,0,0.85
2660,2020100225,202301,11,0.85
2661,2020100230,202301,130,0.85
2662,2020100231,202301,44,0.85
2663,2020100238,202301,51,0.85
2664,2020100240,202301,33,0.85
2665,2020100245,202301,77,0.85
2666,2020100250,202301,6,0.85
2667,2020100260,202301,418,0.85
2668,2020100270,202301,103,0.85
2669,2020100275,202301,58,0.85
2670,2020100280,202301,244,0.85
2671,2020100290,202301,15,0.85
2672,2020100300,202301,27,0.85
2673,2020100305,202301,29,0.85
2674,2020100310,202301,35,0.85
2675,2020100320,202301,15,0.85
2676,2020100325,202301,0,0.85
2677,2020100330,202301,28,0.85
2678,2020100335,202301,31,0.85
2679,2020100345,202301,81,0.85
2680,2020100350,202301,23,0.85
2681,2020100355,202301,58,0.85
2682,2020100360,202301,8,0.85
2683,2020100365,202301,0,0.85
2684,2020100370,202301,79,0.85
2685,2020100375,202301,28,0.85
2686,2020100380,202301,93,0.85
2687,2020100385,202301,81,0.85
2688,2020100390,202301,43,0.85
2689,2020100395,202301,74,0.85
2690,2020100400,202301,153,0.85
2691,2020100405,202301,41,0.85
2692,2020100410,202301,55,0.85
2693,2020100412,202301,14,0.85
2694,2020100414,202301,214,0.85
2695,2020100420,202301,0,0.85
2696,2020100435,202301,76,0.85
2697,2020100445,202301,7,0.85
2698,2020100450,202301,291,0.85
2699,2020100475,202301,13,0.85
2700,2020100480,202301,69,0.85
2701,2020100485,202301,0,0.85
2702,2020100490,202301,440,0.85
2703,2020100505,202301,5,0.85
2704,2020100515,202301,47,0.85
2705,2020100530,202301,122,0.85
2706,2020100540,202301,50,0.85
2707,2020100545,202301,16,0.85
2708,2020100550,202301,34,0.85
2709,2020100555,202301,23,0.85
2710,2020100560,202301,0,0.85
2711,2020100570,202301,32,0.85
2712,2020100580,202301,57,0.85
2713,2020100590,202301,88,0.85
2714,2020100600,202301,24,0.85
2715,2020100610,202301,49,0.85
2716,2020100620,202301,158,0.85
2717,2020100630,202301,46,0.85
2718,2020100640,202301,287,0.85
2719,2020100645,202301,37,0.85
2720,2020100650,202301,17,0.85
2721,2020100660,202301,131,0.85
2722,2020100670,202301,77,0.85
2723,2020100680,202301,50,0.85
2724,2020100685,202301,143,0.85
2725,2020100690,202301,45,0.85
2726,2020100700,202301,3,0.85
2727,2020100710,202301,109,0.85
2728,2020100730,202301,79,0.85
2729,2020100740,202301,122,0.85
2730,2020100745,202301,156,0.85
2731,2020100750,202301,116,0.85
2732,2020100755,202301,22,0.85
2733,2020100760,202301,365,0.85
2734,2020100770,202301,36,0.85
2735,2020100775,202301,61,0.85
2736,2020100780,202301,118,0.85
2737,2020100790,202301,103,0.85
2738,2020100800,202301,140,0.85
2739,2020100810,202301,9,0.85
2740,2020100811,202301,78,0.85
2741,2020100812,202301,184,0.85
2742,2020100815,202301,34,0.85
2743,2020100820,202301,32,0.85
2744,2020100825,202301,18,0.85
2745,2020100830,202301,66,0.85
2746,2020100831,202301,0,0.85
2747,2020100832,202301,37,0.85
2748,2020100833,202301,0,0.85
2749,2020100834,202301,145,0.85
2750,2020100840,202301,82,0.85
2751,2020100850,202301,86,0.85
2752,2020100860,202301,16,0.85
2753,2020100880,202301,66,0.85
2754,2020100900,202301,54,0.85
2755,2020100910,202301,125,0.85
2756,2020100920,202301,57,0.85
2757,2020100925,202301,0,0.85
2758,2020100930,202301,507,0.85
2759,2020100935,202301,71,0.85
2760,2020100940,202301,38,0.85
2761,2020100950,202301,141,0.85
2762,2020100960,202301,42,0.85
2763,2020100970,202301,110,0.85
2764,2020100975,202301,65,0.85
2765,2020101000,202301,240,0.85
2766,2020101010,202301,50,0.85
2767,2020101020,202301,94,0.85
2768,2020101036,202301,9,0.85
2769,2020101041,202301,58,0.85
2770,2020101045,202301,52,0.85
2771,2020101060,202301,25,0.85
2772,2020101080,202301,46,0.85
2773,2020101081,202301,54,0.85
2774,2020101083,202301,9,0.85
2775,2020101086,202301,37,0.85
2776,2020110010,202301,1,0.85
2777,2020110020,202301,0,0.85
2778,2020110035,202301,46,0.85
2779,2020110040,202301,86,0.85
2780,2020110045,202301,51,0.85
2781,2020110050,202301,51,0.85
2782,2020110051,202301,54,0.85
2783,2020110052,202301,16,0.85
2784,2020110053,202301,144,0.85
2785,2020110055,202301,53,0.85
2786,2020110056,202301,23,0.85
2787,2020110070,202301,56,0.85
2788,2020110075,202301,1,0.85
2789,2020110080,202301,55,0.85
2790,2020110090,202301,73,0.85
2791,2020110100,202301,64,0.85
2792,2020110105,202301,48,0.85
2793,2020110110,202301,4,0.85
2794,2020110115,202301,71,0.85
2795,2020110120,202301,48,0.85
2796,2020110121,202301,85,0.85
2797,2020110122,202301,0,0.85
2798,2020110123,202301,24,0.85
2799,2020110124,202301,39,0.85
2800,2020110125,202301,16,0.85
2801,2020110135,202301,22,0.85
2802,2020110145,202301,35,0.85
2803,2020110150,202301,5,0.85
2804,2020110155,202301,0,0.85
2805,2020110165,202301,125,0.85
2806,2020110170,202301,68,0.85
2807,2020110180,202301,82,0.85
2808,2020110181,202301,7,0.85
2809,2020110184,202301,49,0.85
2810,2020110185,202301,15,0.85
2811,2020110195,202301,103,0.85
2812,2020110200,202301,113,0.85
2813,2020110205,202301,11,0.85
2814,2020110210,202301,134,0.85
2815,2020110215,202301,42,0.85
2816,2020110220,202301,29,0.85
2817,2020110225,202301,0,0.85
2818,2020110230,202301,0,0.85
2819,2020110235,202301,131,0.85
2820,2020110240,202301,63,0.85
2821,2020110245,202301,29,0.85
2822,2020110250,202301,168,0.85
2823,2020110255,202301,0,0.85
2824,2020110265,202301,0,0.85
2825,2020110270,202301,84,0.85
2826,2020110272,202301,123,0.85
2827,2020110275,202301,54,0.85
2828,2020110280,202301,129,0.85
2829,2020110285,202301,50,0.85
2830,2020110290,202301,57,0.85
2831,2020110295,202301,92,0.85
2832,2020110296,202301,23,0.85
2833,2020110300,202301,32,0.85
2834,2020110305,202301,41,0.85
2835,2020110310,202301,125,0.85
2836,2020110315,202301,10,0.85
2837,2020110320,202301,115,0.85
2838,2020110325,202301,2,0.85
2839,2020110330,202301,0,0.85
2840,2020110335,202301,25,0.85
2841,2020110340,202301,105,0.85
2842,2020110345,202301,125,0.85
2843,2020110350,202301,4,0.85
2844,2020110355,202301,22,0.85
2845,2020110360,202301,53,0.85
2846,2020110362,202301,243,0.85
2847,2020110365,202301,116,0.85
2848,2020110370,202301,16,0.85
2849,2020110371,202301,120,0.85
2850,2020110372,202301,100,0.85
2851,2020110375,202301,139,0.85
2852,2020110376,202301,36,0.85
2853,2020110380,202301,483,0.85
2854,2020110385,202301,81,0.85
2855,2020110390,202301,69,0.85
2856,2020110395,202301,67,0.85
2857,2020110400,202301,103,0.85
2858,2020110405,202301,75,0.85
2859,2020110410,202301,12,0.85
2860,2020110415,202301,121,0.85
2861,2020110420,202301,0,0.85
2862,2020110425,202301,164,0.85
2863,2020110430,202301,85,0.85
2864,2020110435,202301,0,0.85
2865,2020110440,202301,57,0.85
2866,2020110445,202301,164,0.85
2867,2020110448,202301,74,0.85
2868,2020110450,202301,111,0.85
2869,2020110455,202301,83,0.85
2870,2020110460,202301,10,0.85
2871,2020110464,202301,109,0.85
2872,2020110470,202301,187,0.85
2873,2020110471,202301,29,0.85
2874,2020110472,202301,134,0.85
2875,2020110475,202301,87,0.85
2876,2020110480,202301,72,0.85
2877,2020110483,202301,6,0.85
2878,2020110490,202301,59,0.85
2879,2020110495,202301,15,0.85
2880,2020110505,202301,33,0.85
2881,2020110510,202301,0,0.85
2882,2020110511,202301,143,0.85
2883,2020110512,202301,6,0.85
2884,2020110515,202301,20,0.85
2885,2020110525,202301,105,0.85
2886,2020110530,202301,587,0.85
2887,2020110535,202301,151,0.85
2888,2020110536,202301,41,0.85
2889,2020110537,202301,55,0.85
2890,2020110540,202301,27,0.85
2891,2020110545,202301,50,0.85
2892,2020110550,202301,3,0.85
2893,2020110555,202301,267,0.85
2894,2020110565,202301,2,0.85
2895,2020110570,202301,36,0.85
2896,2020110580,202301,0,0.85
2897,2020110585,202301,78,0.85
2898,2020110600,202301,61,0.85
2899,2020110605,202301,14,0.85
2900,2020110610,202301,94,0.85
2901,2020110611,202301,39,0.85
2902,2020110613,202301,261,0.85
2903,2020110614,202301,69,0.85
2904,2020110615,202301,33,0.85
2905,2020110620,202301,64,0.85
2906,2020110625,202301,56,0.85
2907,2020110630,202301,225,0.85
2908,2020110635,202301,137,0.85
2909,2020110640,202301,26,0.85
2910,2020110645,202301,50,0.85
2911,2020110650,202301,6,0.85
2912,2020110655,202301,165,0.85
2913,2020110660,202301,21,0.85
2914,2020110665,202301,1,0.85
2915,2020110670,202301,0,0.85
2916,2020110675,202301,0,0.85
2917,2020110680,202301,117,0.85
2918,2020110681,202301,62,0.85
2919,2020110682,202301,9,0.85
2920,2020110683,202301,35,0.85
2921,2020110684,202301,4,0.85
2922,2020110685,202301,535,0.85
2923,2020110690,202301,138,0.85
2924,2020110695,202301,0,0.85
2925,2020110700,202301,289,0.85
2926,2020110710,202301,12,0.85
2927,2020110715,202301,112,0.85
2928,2020110718,202301,20,0.85
2929,2020110720,202301,0,0.85
2930,2020110725,202301,77,0.85
2931,2020110730,202301,9,0.85
2932,2020110740,202301,39,0.85
2933,2020110745,202301,53,0.85
2934,2020110750,202301,73,0.85
2935,2020110760,202301,116,0.85
2936,2020110770,202301,24,0.85
2937,2020110780,202301,46,0.85
2938,2020110781,202301,282,0.85
2939,2020110783,202301,51,0.85
2940,2020110790,202301,167,0.85
2941,2020110800,202301,127,0.85
2942,2020110805,202301,140,0.85
2943,2020110806,202301,11,0.85
2944,2020110810,202301,142,0.85
2945,2020110815,202301,23,0.85
2946,2020110822,202301,117,0.85
2947,2020110830,202301,122,0.85
2948,2020110840,202301,2,0.85
2949,2020110842,202301,30,0.85
2950,2020110845,202301,26,0.85
2951,2020110846,202301,69,0.85
2952,2020110850,202301,33,0.85
2953,2020110851,202301,32,0.85
2954,2020110852,202301,26,0.85
2955,2020110855,202301,65,0.85
2956,2020110857,202301,35,0.85
2957,2020110858,202301,0,0.85
2958,2020110860,202301,7,0.85
2959,2020110861,202301,14,0.85
2960,2020110879,202301,23,0.85
2961,2020110880,202301,35,0.85
2962,2020110881,202301,21,0.85
2963,2020110882,202301,6,0.85
2964,2020110883,202301,15,0.85
2965,2020110884,202301,7,0.85
2966,2020110886,202301,37,0.85
2967,2020110890,202301,29,0.85
2968,2020110900,202301,19,0.85
2969,2020110910,202301,115,0.85
2970,2020110920,202301,81,0.85
2971,2020110930,202301,16,0.85
2972,2020110931,202301,51,0.85
2973,2020110935,202301,211,0.85
2974,2020110936,202301,98,0.85
2975,2020110940,202301,0,0.85
2976,2020110950,202301,189,0.85
2977,2020110960,202301,9,0.85
2978,2020110980,202301,62,0.85
2979,2020110990,202301,48,0.85
2980,2020111000,202301,16,0.85
2981,2020111020,202301,71,0.85
2982,2020111021,202301,48,0.85
2983,2020111022,202301,54,0.85
2984,2020111023,202301,78,0.85
2985,2020111030,202301,99,0.85
2986,2020111033,202301,88,0.85
2987,2020111034,202301,24,0.85
2988,2020111035,202301,69,0.85
2989,2020111037,202301,92,0.85
2990,2020111038,202301,64,0.85
2991,2020111039,202301,153,0.85
2992,2020111040,202301,37,0.85
2993,2020111041,202301,15,0.85
2994,2020111042,202301,0,0.85
2995,2020111050,202301,150,0.85
2996,2020111053,202301,0,0.85
2997,2020111057,202301,54,0.85
2998,2020111060,202301,47,0.85
2999,2020111070,202301,74,0.85
3000,2020111076,202301,44,0.85
3001,2020111080,202301,1,0.85
3002,2020111085,202301,10,0.85
3003,2020111090,202301,43,0.85
3004,2020111095,202301,37,0.85
3005,2020111100,202301,59,0.85
3006,2020111104,202301,104,0.85
3007,2020111110,202301,14,0.85
3008,2020111126,202301,131,0.85
3009,2020111133,202301,0,0.85
3010,2020111136,202301,36,0.85
3011,2020111137,202301,33,0.85
3012,2020111138,202301,54,0.85
3013,2020111139,202301,49,0.85
3014,2020111140,202301,46,0.85
3015,2020120001,202301,16,0.85
3016,2020120002,202301,34,0.85
3017,2020120005,202301,50,0.85
3018,2020120009,202301,0,0.85
3019,2020120010,202301,119,0.85
3020,2020120012,202301,73,0.85
3021,2020120013,202301,73,0.85
3022,2020120014,202301,29,0.85
3023,2020120017,202301,68,0.85
3024,2020120018,202301,24,0.85
3025,2020120019,202301,129,0.85
3026,2020120020,202301,36,0.85
3027,2020120021,202301,23,0.85
3028,2020120022,202301,31,0.85
3029,2020120024,202301,16,0.85
3030,2020120027,202301,92,0.85
3031,2020120029,202301,19,0.85
3032,2020120030,202301,33,0.85
3033,2020120040,202301,20,0.85
3034,2020120050,202301,16,0.85
3035,2020120051,202301,130,0.85
3036,2020120070,202301,181,0.85
3037,2020120080,202301,45,0.85
3038,2020120081,202301,37,0.85
3039,2020120082,202301,109,0.85
3040,2020120087,202301,0,0.85
3041,2020120088,202301,123,0.85
3042,2020120089,202301,623,0.85
3043,2020120090,202301,51,0.85
3044,2020120091,202301,102,0.85
3045,2020120098,202301,557,0.85
3046,2020120100,202301,70,0.85
3047,2020120102,202301,160,0.85
3048,2020120103,202301,220,0.85
3049,2020120104,202301,234,0.85
3050,2020120105,202301,53,0.85
3051,2020120115,202301,148,0.85
3052,2020120120,202301,324,0.85
3053,2020120125,202301,252,0.85
3054,2020120130,202301,9,0.85
3055,2020120132,202301,97,0.85
3056,2020120133,202301,31,0.85
3057,2020120140,202301,113,0.85
3058,2020120141,202301,130,0.85
3059,2020120143,202301,109,0.85
3060,2020120145,202301,70,0.85
3061,2020120148,202301,64,0.85
3062,2020120150,202301,180,0.85
3063,2020120155,202301,20,0.85
3064,2020120160,202301,224,0.85
3065,2020120165,202301,13,0.85
3066,2020120170,202301,0,0.85
3067,2020120175,202301,49,0.85
3068,2020120176,202301,134,0.85
3069,2020120180,202301,197,0.85
3070,2020120186,202301,99,0.85
3071,2020120187,202301,60,0.85
3072,2020120190,202301,66,0.85
3073,2020120195,202301,32,0.85
3074,2020120200,202301,0,0.85
3075,2020120201,202301,84,0.85
3076,2020120205,202301,69,0.85
3077,2020120210,202301,17,0.85
3078,2020120215,202301,93,0.85
3079,2020120220,202301,88,0.85
3080,2020120235,202301,16,0.85
3081,2020120245,202301,27,0.85
3082,2020120250,202301,4,0.85
3083,2020120255,202301,168,0.85
3084,2020120260,202301,26,0.85
3085,2020120265,202301,128,0.85
3086,2020120270,202301,225,0.85
3087,2020120275,202301,45,0.85
3088,2020120280,202301,56,0.85
3089,2020120285,202301,108,0.85
3090,2020120290,202301,56,0.85
3091,2020120295,202301,102,0.85
3092,2020120300,202301,6,0.85
3093,2020120310,202301,16,0.85
3094,2020120315,202301,57,0.85
3095,2020120320,202301,27,0.85
3096,2020120323,202301,37,0.85
3097,2020120325,202301,38,0.85
3098,2020120330,202301,70,0.85
3099,2020120335,202301,73,0.85
3100,2020120340,202301,180,0.85
3101,2020120345,202301,165,0.85
3102,2020120350,202301,260,0.85
3103,2020120351,202301,70,0.85
3104,2020120352,202301,105,0.85
3105,2020120355,202301,71,0.85
3106,2020120356,202301,57,0.85
3107,2020120357,202301,50,0.85
3108,2020120360,202301,166,0.85
3109,2020120366,202301,61,0.85
3110,2020120370,202301,53,0.85
3111,2020120375,202301,251,0.85
3112,2020120376,202301,70,0.85
3113,2020120377,202301,121,0.85
3114,2020120385,202301,10,0.85
3115,2020120390,202301,0,0.85
3116,2020120395,202301,6,0.85
3117,2020120400,202301,1452,0.85
3118,2020120405,202301,35,0.85
3119,2020120415,202301,19,0.85
3120,2020120420,202301,0,0.85
3121,2020120425,202301,24,0.85
3122,2020120430,202301,43,0.85
3123,2020120440,202301,16,0.85
3124,2020120445,202301,23,0.85
3125,2020120450,202301,203,0.85
3126,2020120456,202301,12,0.85
3127,2020120457,202301,113,0.85
3128,2020120458,202301,101,0.85
3129,2020120459,202301,116,0.85
3130,2020120460,202301,65,0.85
3131,2020120463,202301,30,0.85
3132,2020120465,202301,33,0.85
3133,2020120467,202301,149,0.85
3134,2020120470,202301,184,0.85
3135,2020120471,202301,49,0.85
3136,2020120473,202301,80,0.85
3137,2020120474,202301,74,0.85
3138,2020120475,202301,766,0.85
3139,2020120476,202301,103,0.85
3140,2020120477,202301,12,0.85
3141,2020120478,202301,45,0.85
3142,2020120479,202301,74,0.85
3143,2020120480,202301,84,0.85
3144,2020120481,202301,156,0.85
3145,2020120482,202301,45,0.85
3146,2020120483,202301,88,0.85
3147,2020120484,202301,49,0.85
3148,2020120485,202301,11,0.85
3149,2020120486,202301,16,0.85
3150,2020120490,202301,8,0.85
3151,2020120491,202301,25,0.85
3152,2020120495,202301,39,0.85
3153,2020120500,202301,16,0.85
3154,2020120505,202301,49,0.85
3155,2020120510,202301,12,0.85
3156,2020120515,202301,14,0.85
3157,2020120520,202301,116,0.85
3158,2020120525,202301,17,0.85
3159,2020120530,202301,48,0.85
3160,2020120535,202301,59,0.85
3161,2020120540,202301,26,0.85
3162,2020120541,202301,68,0.85
3163,2020120542,202301,38,0.85
3164,2020120545,202301,27,0.85
3165,2020120550,202301,74,0.85
3166,2020120552,202301,2,0.85
3167,2020120553,202301,61,0.85
3168,2020120557,202301,117,0.85
3169,2020120558,202301,2,0.85
3170,2020120560,202301,97,0.85
3171,2020120561,202301,10,0.85
3172,2020120562,202301,173,0.85
3173,2020120564,202301,77,0.85
3174,2020120565,202301,49,0.85
3175,2020120566,202301,63,0.85
3176,2020120567,202301,15,0.85
3177,2020120568,202301,29,0.85
3178,2020120569,202301,99,0.85
3179,2020120570,202301,140,0.85
3180,2020120571,202301,69,0.85
3181,2020120572,202301,51,0.85
3182,2020120573,202301,66,0.85
3183,2020120574,202301,15,0.85
3184,2020120575,202301,179,0.85
3185,2020120576,202301,59,0.85
3186,2020120585,202301,171,0.85
3187,2020120590,202301,65,0.85
3188,2020120593,202301,53,0.85
3189,2020120594,202301,95,0.85
3190,2020120600,202301,31,0.85
3191,2020120602,202301,29,0.85
3192,2020120605,202301,29,0.85
3193,2020120608,202301,61,0.85
3194,2020120609,202301,358,0.85
3195,2020120610,202301,81,0.85
3196,2020120615,202301,0,0.85
3197,2020120616,202301,26,0.85
3198,2020120619,202301,3,0.85
3199,2020120620,202301,96,0.85
3200,2020120622,202301,28,0.85
3201,2020120623,202301,20,0.85
3202,2020120625,202301,122,0.85
3203,2020120626,202301,50,0.85
3204,2020120627,202301,113,0.85
3205,2020120630,202301,289,0.85
3206,2020120635,202301,34,0.85
3207,2020120640,202301,4,0.85
3208,2020120642,202301,18,0.85
3209,2020120643,202301,25,0.85
3210,2020120645,202301,44,0.85
3211,2020120647,202301,52,0.85
3212,2020120650,202301,69,0.85
3213,2020120655,202301,57,0.85
3214,2020120660,202301,11,0.85
3215,2020120665,202301,16,0.85
3216,2020120670,202301,52,0.85
3217,2020120680,202301,54,0.85
3218,2020120681,202301,10,0.85
3219,2020120685,202301,65,0.85
3220,2020120690,202301,8,0.85
3221,2020120695,202301,82,0.85
3222,2020120709,202301,39,0.85
3223,2020120711,202301,45,0.85
3224,2020120712,202301,0,0.85
3225,2020120713,202301,10,0.85
3226,2020120715,202301,6,0.85
3227,2020120720,202301,3,0.85
3228,2020120722,202301,63,0.85
3229,2020120725,202301,37,0.85
3230,2020120735,202301,102,0.85
3231,2020120737,202301,19,0.85
3232,2020120740,202301,11,0.85
3233,2020120741,202301,15,0.85
3234,2020120745,202301,15,0.85
3235,2020120750,202301,51,0.85
3236,2020120755,202301,137,0.85
3237,2020120760,202301,114,0.85
3238,2020120765,202301,135,0.85
3239,2020120770,202301,3,0.85
3240,2020120773,202301,21,0.85
3241,2020120775,202301,80,0.85
3242,2020120780,202301,14,0.85
3243,2020120781,202301,24,0.85
3244,2020120785,202301,5,0.85
3245,2020120795,202301,46,0.85
3246,2020120800,202301,7,0.85
3247,2020120801,202301,21,0.85
3248,2020120805,202301,82,0.85
3249,2020120810,202301,41,0.85
3250,2020120815,202301,43,0.85
3251,2020120820,202301,26,0.85
3252,2020120821,202301,52,0.85
3253,2020120825,202301,50,0.85
3254,2020120830,202301,68,0.85
3255,2020120835,202301,34,0.85
3256,2020120839,202301,22,0.85
3257,2020120840,202301,26,0.85
3258,2020120841,202301,191,0.85
3259,2020120844,202301,51,0.85
3260,2020120845,202301,18,0.85
3261,2020120846,202301,28,0.85
3262,2020120847,202301,84,0.85
3263,2020120848,202301,34,0.85
3264,2020120849,202301,165,0.85
3265,2020120850,202301,98,0.85
3266,2020120851,202301,7,0.85
3267,2020120852,202301,14,0.85
3268,2020120853,202301,11,0.85
3269,2020120854,202301,0,0.85
3270,2020120855,202301,57,0.85
3271,2020120856,202301,47,0.85
3272,2020120857,202301,33,0.85
3273,2020120858,202301,31,0.85
3274,2020120859,202301,0,0.85
3275,2020120861,202301,25,0.85
3276,2020120862,202301,30,0.85
3277,2020120863,202301,0,0.85
3278,2020120865,202301,41,0.85
3279,2020120870,202301,0,0.85
3280,2020120871,202301,90,0.85
3281,2020120873,202301,32,0.85
3282,2020120875,202301,22,0.85
3283,2020120880,202301,27,0.85
3284,2020120885,202301,7,0.85
3285,2020120890,202301,17,0.85
3286,2020120892,202301,88,0.85
3287,2020120893,202301,42,0.85
3288,2020120895,202301,7,0.85
3289,2020120897,202301,47,0.85
3290,2020120898,202301,38,0.85
3291,2020120899,202301,26,0.85
3292,2020120900,202301,21,0.85
3293,2020120901,202301,22,0.85
3294,2020120902,202301,43,0.85
3295,2020120903,202301,51,0.85
3296,2020120904,202301,70,0.85
3297,2020120906,202301,59,0.85
3298,2020120907,202301,28,0.85
3299,2020120910,202301,68,0.85
3300,2020120911,202301,0,0.85
3301,2020120912,202301,8,0.85
3302,2020120913,202301,157,0.85
3303,2020120914,202301,25,0.85
3304,2020120915,202301,183,0.85
3305,2020120917,202301,25,0.85
3306,2020120918,202301,34,0.85
3307,2020120919,202301,0,0.85
3308,2020120921,202301,47,0.85
3309,2020120922,202301,102,0.85
3310,2020120923,202301,46,0.85
3311,2020120924,202301,30,0.85
3312,2020120925,202301,100,0.85
3313,2020120926,202301,137,0.85
3314,2020120927,202301,201,0.85
3315,2020120928,202301,379,0.85
3316,2020120929,202301,79,0.85
3317,2020120930,202301,61,0.85
3318,2020120931,202301,146,0.85
3319,2020120932,202301,77,0.85
3320,2020120933,202301,21,0.85
3321,2020120935,202301,71,0.85
3322,2020120936,202301,63,0.85
3323,2020120937,202301,97,0.85
3324,2020120938,202301,70,0.85
3325,2020120939,202301,79,0.85
3326,2020120940,202301,28,0.85
3327,2020120943,202301,75,0.85
3328,2020120944,202301,47,0.85
3329,2020120945,202301,16,0.85
3330,2020120946,202301,32,0.85
3331,2020120948,202301,49,0.85
3332,2020120949,202301,19,0.85
3333,2020120951,202301,207,0.85
3334,2020120952,202301,31,0.85
3335,2020120953,202301,70,0.85
3336,2020120954,202301,21,0.85
3337,2020120955,202301,34,0.85
3338,2020120956,202301,7,0.85
3339,2020120957,202301,29,0.85
3340,2020120960,202301,209,0.85
3341,2020120970,202301,19,0.85
3342,2020120975,202301,71,0.85
3343,2020120980,202301,72,0.85
3344,2020120981,202301,12,0.85
3345,2020120982,202301,95,0.85
3346,2020120985,202301,0,0.85
3347,2020120990,202301,32,0.85
3348,2020120995,202301,66,0.85
3349,2020121000,202301,121,0.85
3350,2020121001,202301,66,0.85
3351,2020121002,202301,34,0.85
3352,2020121003,202301,58,0.85
3353,2020121004,202301,35,0.85
3354,2020121005,202301,539,0.85
3355,2020121010,202301,44,0.85
3356,2020121015,202301,153,0.85
3357,2020121020,202301,46,0.85
3358,2020121025,202301,95,0.85
3359,2020121030,202301,153,0.85
3360,2020121035,202301,56,0.85
3361,2020121045,202301,59,0.85
3362,2020121050,202301,138,0.85
3363,2020121055,202301,6,0.85
3364,2020121060,202301,83,0.85
3365,2020121062,202301,22,0.85
3366,2020121063,202301,0,0.85
3367,2020121064,202301,50,0.85
3368,2020121065,202301,47,0.85
3369,2020121068,202301,99,0.85
3370,2020121069,202301,98,0.85
3371,2020121070,202301,83,0.85
3372,2020121075,202301,35,0.85
3373,2020121080,202301,10,0.85
3374,2020121081,202301,70,0.85
3375,2020121082,202301,16,0.85
3376,2020121083,202301,41,0.85
3377,2020121085,202301,3,0.85
3378,2020121090,202301,88,0.85
3379,2020121091,202301,20,0.85
3380,2020121095,202301,18,0.85
3381,2020121100,202301,147,0.85
3382,2020121105,202301,0,0.85
3383,2020121110,202301,26,0.85
3384,2020121115,202301,3,0.85
3385,2020121120,202301,187,0.85
3386,2020121125,202301,3,0.85
3387,2020121130,202301,33,0.85
3388,2020121140,202301,78,0.85
3389,2020121150,202301,64,0.85
3390,2020121155,202301,42,0.85
3391,2020121157,202301,23,0.85
3392,2020121160,202301,8,0.85
3393,2020121161,202301,24,0.85
3394,2020121166,202301,9,0.85
3395,2020121167,202301,36,0.85
3396,2020121170,202301,176,0.85
3397,2020121175,202301,42,0.85
3398,2020121178,202301,25,0.85
3399,2020121180,202301,49,0.85
3400,2020121185,202301,8,0.85
3401,2020121190,202301,5,0.85
3402,2020121195,202301,26,0.85
3403,2020121200,202301,0,0.85
3404,2020121205,202301,118,0.85
3405,2020121210,202301,7,0.85
3406,2020121215,202301,114,0.85
3407,2020121220,202301,14,0.85
3408,2020121225,202301,32,0.85
3409,2020121230,202301,98,0.85
3410,2020121235,202301,13,0.85
3411,2020121240,202301,49,0.85
3412,2020121245,202301,13,0.85
3413,2020121255,202301,5,0.85
3414,2020121260,202301,41,0.85
3415,2020121265,202301,118,0.85
3416,2020121270,202301,67,0.85
3417,2020121275,202301,78,0.85
3418,2020121280,202301,35,0.85
3419,2020121285,202301,0,0.85
3420,2020121290,202301,63,0.85
3421,2020121295,202301,61,0.85
3422,2020121300,202301,22,0.85
3423,2020121305,202301,82,0.85
3424,2020121315,202301,12,0.85
3425,2020121320,202301,106,0.85
3426,2020121325,202301,29,0.85
3427,2020121330,202301,0,0.85
3428,2020121335,202301,44,0.85
3429,2020121340,202301,12,0.85
3430,2020121345,202301,28,0.85
3431,2020121350,202301,67,0.85
3432,2020121355,202301,18,0.85
3433,2020121360,202301,0,0.85
3434,2020121365,202301,15,0.85
3435,2020121370,202301,30,0.85
3436,2020121375,202301,3,0.85
3437,2020121385,202301,47,0.85
3438,2020121390,202301,13,0.85
3439,2020121395,202301,4,0.85
3440,2020121400,202301,1,0.85
3441,2020121405,202301,10,0.85
3442,2020121410,202301,66,0.85
3443,2020121415,202301,15,0.85
3444,2020121420,202301,227,0.85
3445,2020121425,202301,68,0.85
3446,2020121430,202301,77,0.85
3447,2020121435,202301,61,0.85
3448,2020121440,202301,0,0.85
3449,2020121450,202301,0,0.85
3450,2020121455,202301,30,0.85
3451,2020121460,202301,53,0.85
3452,2020121465,202301,22,0.85
3453,2020121470,202301,38,0.85
3454,2020121475,202301,38,0.85
3455,2020121480,202301,3,0.85
3456,2020121485,202301,0,0.85
3457,2020121490,202301,7,0.85
3458,2020121500,202301,79,0.85
3459,2020121505,202301,4,0.85
3460,2020121510,202301,125,0.85
3461,2020121515,202301,40,0.85
3462,2020121520,202301,55,0.85
3463,2020121525,202301,94,0.85
3464,2020121530,202301,22,0.85
3465,2020121535,202301,122,0.85
3466,2020121540,202301,7,0.85
3467,2020121545,202301,41,0.85
3468,2020121550,202301,9,0.85
3469,2020121555,202301,0,0.85
3470,2020121560,202301,11,0.85
3471,2020121565,202301,5,0.85
3472,2020121570,202301,0,0.85
3473,2020121575,202301,14,0.85
3474,2020121580,202301,17,0.85
3475,2020121585,202301,0,0.85
3476,2020121590,202301,3,0.85
3477,2020121595,202301,4,0.85
3478,2020121601,202301,52,0.85
3479,2020121603,202301,34,0.85
3480,2020121604,202301,0,0.85
3481,2020121605,202301,1,0.85
3482,2020121607,202301,20,0.85
3483,2020121608,202301,17,0.85
3484,2020121609,202301,19,0.85
3485,2020121610,202301,27,0.85
3486,2020121611,202301,41,0.85
3487,2020121612,202301,103,0.85
3488,2020121613,202301,5,0.85
3489,2020121615,202301,24,0.85
3490,2020121616,202301,64,0.85
3491,2020121617,202301,36,0.85
3492,2020121618,202301,2,0.85
3493,2020121619,202301,26,0.85
3494,2020121620,202301,54,0.85
3495,2020121621,202301,25,0.85
3496,2020121622,202301,18,0.85
3497,2020121623,202301,28,0.85
3498,2020121625,202301,7,0.85
3499,2020121626,202301,15,0.85
3500,2020121629,202301,140,0.85
3501,2020121630,202301,52,0.85
3502,2020121631,202301,2,0.85
3503,2020121632,202301,76,0.85
3504,2020121633,202301,37,0.85
3505,2020121634,202301,28,0.85
3506,2020121635,202301,63,0.85
3507,2020121636,202301,25,0.85
3508,2020121637,202301,39,0.85
3509,2020121638,202301,22,0.85
3510,2020121639,202301,26,0.85
3511,2020121641,202301,12,0.85
3512,2020121642,202301,10,0.85
3513,2020121643,202301,42,0.85
3514,2020121644,202301,48,0.85
3515,2020121645,202301,35,0.85
3516,2020121646,202301,19,0.85
3517,2020121647,202301,155,0.85
3518,2020121648,202301,70,0.85
3519,2020121649,202301,38,0.85
3520,2020121650,202301,57,0.85
3521,2020121652,202301,53,0.85
3522,2020121653,202301,5,0.85
3523,2020121654,202301,45,0.85
3524,2020121655,202301,8,0.85
3525,2020121656,202301,19,0.85
3526,2020121657,202301,48,0.85
3527,2020121658,202301,35,0.85
3528,2020121660,202301,13,0.85
3529,2020121662,202301,17,0.85
3530,2020121663,202301,523,0.85
3531,2020121664,202301,0,0.85
3532,2020121665,202301,20,0.85
3533,2020121667,202301,21,0.85
3534,2020121668,202301,36,0.85
3535,2020121670,202301,0,0.85
3536,2020121671,202301,152,0.85
3537,2020121672,202301,119,0.85
3538,2020121673,202301,6,0.85
3539,2020121675,202301,16,0.85
3540,2020121676,202301,7,0.85
3541,2020121677,202301,9,0.85
3542,2020121679,202301,221,0.85
3543,2020121680,202301,11,0.85
3544,2020121681,202301,41,0.85
3545,2020121682,202301,38,0.85
3546,2020121684,202301,37,0.85
3547,2020121685,202301,15,0.85
3548,2020121686,202301,18,0.85
3549,2020121687,202301,8,0.85
3550,2020121688,202301,0,0.85
3551,2020121689,202301,14,0.85
3552,2020121690,202301,43,0.85
3553,2020121691,202301,2,0.85
3554,2020121692,202301,6,0.85
3555,2020121693,202301,0,0.85
3556,2020121694,202301,2,0.85
3557,2020121695,202301,0,0.85
3558,2020121696,202301,18,0.85
3559,2020121697,202301,11,0.85
3560,2020121698,202301,1,0.85
3561,2020121699,202301,0,0.85
3562,2020121700,202301,89,0.85
3563,2020121701,202301,7,0.85
3564,2020121702,202301,10,0.85
3565,2020121703,202301,16,0.85
3566,2020121704,202301,0,0.85
3567,2020121705,202301,2,0.85
3568,2020121706,202301,10,0.85
3569,2020121707,202301,43,0.85
3570,2020121708,202301,22,0.85
3571,2020121709,202301,0,0.85
3572,2020121710,202301,9,0.85
3573,2020121711,202301,1,0.85
3574,2020121713,202301,43,0.85
3575,2020121714,202301,6,0.85
3576,2020121715,202301,21,0.85
3577,2020121732,202301,2,0.85
3578,2020130001,202301,4,0.85
3579,2020130004,202301,21,0.85
3580,2020130005,202301,108,0.85
3581,2020130006,202301,0,0.85
3582,2020130009,202301,10,0.85
3583,2020130010,202301,72,0.85
3584,2020130012,202301,52,0.85
3585,2020130013,202301,52,0.85
3586,2020130014,202301,21,0.85
3587,2020130015,202301,46,0.85
3588,2020130016,202301,25,0.85
3589,2020130017,202301,28,0.85
3590,2020130018,202301,102,0.85
3591,2020130019,202301,62,0.85
3592,2020130695,202301,47,0.85
3593,2020130885,202301,62,0.85
3594,2020131035,202301,12,0.85
3595,2020131375,202301,10,0.85
3596,2020131450,202301,28,0.85
3597,2020131465,202301,16,0.85
3598,2020131470,202301,6,0.85
3599,2020131485,202301,32,0.85
3600,2020131500,202301,31,0.85
3601,2020131505,202301,25,0.85
3602,2020131547,202301,8,0.85
3603,2020140005,202301,42,0.85
3604,2020140010,202301,173,0.85
3605,2020140020,202301,400,0.85
3606,2020140030,202301,32,0.85
3607,2020140040,202301,207,0.85
3608,2020140044,202301,14,0.85
3609,2020140045,202301,313,0.85
3610,2020140047,202301,62,0.85
3611,2020140070,202301,19,0.85
3612,2020140080,202301,86,0.85
3613,2020140090,202301,51,0.85
3614,2020140100,202301,60,0.85
3615,2020140105,202301,0,0.85
3616,2020140110,202301,31,0.85
3617,2020140115,202301,0,0.85
3618,2020140120,202301,0,0.85
3619,2020140135,202301,30,0.85
3620,2020140140,202301,47,0.85
3621,2020140145,202301,0,0.85
3622,2020140150,202301,110,0.85
3623,2020140153,202301,54,0.85
3624,2020140155,202301,3969,0.85
3625,2020140157,202301,72,0.85
3626,2020140161,202301,243,0.85
3627,2020140163,202301,119,0.85
3628,2020140164,202301,36,0.85
3629,2020140165,202301,39,0.85
3630,2020140166,202301,66,0.85
3631,2020140167,202301,25,0.85
3632,2020140168,202301,205,0.85
3633,2020140169,202301,289,0.85
3634,2020140170,202301,86,0.85
3635,2020140171,202301,53,0.85
3636,2020140172,202301,115,0.85
3637,2020140173,202301,177,0.85
3638,2020140174,202301,47,0.85
3639,2020140175,202301,69,0.85
3640,2020140177,202301,9,0.85
3641,2020140178,202301,32,0.85
3642,2020140180,202301,22,0.85
3643,2020140181,202301,29,0.85
3644,2020140183,202301,226,0.85
3645,2020140184,202301,18,0.85
3646,2020140185,202301,0,0.85
3647,2020140186,202301,38,0.85
3648,2020140187,202301,28,0.85
3649,2020140188,202301,21,0.85
3650,2020140189,202301,95,0.85
3651,2020140190,202301,133,0.85
3652,2020140191,202301,26,0.85
3653,2020140192,202301,10,0.85
3654,2020140193,202301,44,0.85
3655,2020140194,202301,116,0.85
3656,2020140195,202301,4,0.85
3657,2020140196,202301,50,0.85
3658,2020140199,202301,90,0.85
3659,2020140200,202301,8,0.85
3660,2020140201,202301,183,0.85
3661,2020140202,202301,40,0.85
3662,2020140203,202301,211,0.85
3663,2020140210,202301,53,0.85
3664,2020140220,202301,129,0.85
3665,2020140225,202301,14,0.85
3666,2020140230,202301,16,0.85
3667,2020140235,202301,85,0.85
3668,2020140240,202301,9,0.85
3669,2020140245,202301,28,0.85
3670,2020140250,202301,55,0.85
3671,2020140255,202301,70,0.85
3672,2020140270,202301,39,0.85
3673,2020140275,202301,21,0.85
3674,2020140283,202301,117,0.85
3675,2020140285,202301,24,0.85
3676,2020140286,202301,17,0.85
3677,2020140287,202301,92,0.85
3678,2020140288,202301,24,0.85
3679,2020140290,202301,151,0.85
3680,2020140292,202301,25,0.85
3681,2020140294,202301,0,0.85
3682,2020140296,202301,77,0.85
3683,2020140298,202301,85,0.85
3684,2020140300,202301,15,0.85
3685,2020140305,202301,50,0.85
3686,2020140309,202301,87,0.85
3687,2020140310,202301,250,0.85
3688,2020140311,202301,56,0.85
3689,2020140312,202301,12,0.85
3690,2020140313,202301,13,0.85
3691,2020140314,202301,48,0.85
3692,2020140316,202301,57,0.85
3693,2020140317,202301,127,0.85
3694,2020140320,202301,12,0.85
3695,2020140325,202301,45,0.85
3696,2020140330,202301,69,0.85
3697,2020140335,202301,146,0.85
3698,2020140345,202301,35,0.85
3699,2020140350,202301,46,0.85
3700,2020140355,202301,4,0.85
3701,2020140375,202301,2,0.85
3702,2020140380,202301,88,0.85
3703,2020140385,202301,20,0.85
3704,2020140390,202301,104,0.85
3705,2020140395,202301,97,0.85
3706,2020140400,202301,0,0.85
3707,2020140420,202301,50,0.85
3708,2020140423,202301,18,0.85
3709,2020140424,202301,10,0.85
3710,2020140426,202301,53,0.85
3711,2020140428,202301,60,0.85
3712,2020140429,202301,50,0.85
3713,2020140435,202301,15,0.85
3714,2020140440,202301,66,0.85
3715,2020140445,202301,27,0.85
3716,2020140450,202301,44,0.85
3717,2020140451,202301,36,0.85
3718,2020140452,202301,54,0.85
3719,2020140455,202301,13,0.85
3720,2020140460,202301,164,0.85
3721,2020140464,202301,47,0.85
3722,2020140465,202301,165,0.85
3723,2020140466,202301,37,0.85
3724,2020140467,202301,34,0.85
3725,2020140475,202301,74,0.85
3726,2020140480,202301,9,0.85
3727,2020140490,202301,0,0.85
3728,2020140492,202301,49,0.85
3729,2020140494,202301,0,0.85
3730,2020140500,202301,76,0.85
3731,2020140510,202301,211,0.85
3732,2020140515,202301,46,0.85
3733,2020140520,202301,76,0.85
3734,2020140525,202301,191,0.85
3735,2020140530,202301,428,0.85
3736,2020140535,202301,0,0.85
3737,2020140540,202301,141,0.85
3738,2020140545,202301,10,0.85
3739,2020140550,202301,0,0.85
3740,2020140551,202301,115,0.85
3741,2020140552,202301,58,0.85
3742,2020140554,202301,31,0.85
3743,2020140555,202301,334,0.85
3744,2020140556,202301,0,0.85
3745,2020140560,202301,45,0.85
3746,2020140561,202301,25,0.85
3747,2020140563,202301,6,0.85
3748,2020140565,202301,161,0.85
3749,2020140570,202301,50,0.85
3750,2020140575,202301,30,0.85
3751,2020140580,202301,32,0.85
3752,2020140585,202301,125,0.85
3753,2020140586,202301,69,0.85
3754,2020140588,202301,15,0.85
3755,2020140590,202301,48,0.85
3756,2020140595,202301,8,0.85
3757,2020140600,202301,23,0.85
3758,2020140615,202301,0,0.85
3759,2020140620,202301,121,0.85
3760,2020140625,202301,27,0.85
3761,2020140630,202301,164,0.85
3762,2020140635,202301,41,0.85
3763,2020140640,202301,112,0.85
3764,2020140645,202301,81,0.85
3765,2020140650,202301,62,0.85
3766,2020140660,202301,13,0.85
3767,2020140665,202301,25,0.85
3768,2020140670,202301,23,0.85
3769,2020140675,202301,17,0.85
3770,2020140680,202301,83,0.85
3771,2020140685,202301,0,0.85
3772,2020140690,202301,24,0.85
3773,2020140695,202301,44,0.85
3774,2020140700,202301,92,0.85
3775,2020140705,202301,2,0.85
3776,2020140710,202301,73,0.85
3777,2020140715,202301,8,0.85
3778,2020140725,202301,215,0.85
3779,2020140735,202301,37,0.85
3780,2020140740,202301,44,0.85
3781,2020140745,202301,0,0.85
3782,2020140755,202301,20,0.85
3783,2020140760,202301,54,0.85
3784,2020140765,202301,6,0.85
3785,2020140770,202301,81,0.85
3786,2020140771,202301,3,0.85
3787,2020140775,202301,102,0.85
3788,2020140780,202301,49,0.85
3789,2020140781,202301,84,0.85
3790,2020140784,202301,65,0.85
3791,2020140785,202301,0,0.85
3792,2020140787,202301,24,0.85
3793,2020140790,202301,46,0.85
3794,2020140791,202301,0,0.85
3795,2020140795,202301,314,0.85
3796,2020140799,202301,20,0.85
3797,2020140800,202301,139,0.85
3798,2020140815,202301,63,0.85
3799,2020140820,202301,168,0.85
3800,2020140825,202301,44,0.85
3801,2020140830,202301,214,0.85
3802,2020140843,202301,38,0.85
3803,2020140844,202301,12,0.85
3804,2020140849,202301,61,0.85
3805,2020140855,202301,18,0.85
3806,2020140858,202301,3,0.85
3807,2020140860,202301,33,0.85
3808,2020140870,202301,45,0.85
3809,2020140880,202301,16,0.85
3810,2020140882,202301,50,0.85
3811,2020140883,202301,176,0.85
3812,2020140885,202301,139,0.85
3813,2020140886,202301,210,0.85
3814,2020140887,202301,69,0.85
3815,2020140888,202301,83,0.85
3816,2020140890,202301,0,0.85
3817,2020140895,202301,76,0.85
3818,2020140898,202301,2,0.85
3819,2020140899,202301,120,0.85
3820,2020140900,202301,25,0.85
3821,2020140905,202301,37,0.85
3822,2020140906,202301,76,0.85
3823,2020140910,202301,90,0.85
3824,2020140920,202301,52,0.85
3825,2020140925,202301,5,0.85
3826,2020140930,202301,146,0.85
3827,2020140932,202301,46,0.85
3828,2020140935,202301,65,0.85
3829,2020140940,202301,237,0.85
3830,2020140945,202301,48,0.85
3831,2020140950,202301,25,0.85
3832,2020140955,202301,92,0.85
3833,2020140956,202301,110,0.85
3834,2020140960,202301,38,0.85
3835,2020140965,202301,49,0.85
3836,2020140970,202301,14,0.85
3837,2020140980,202301,43,0.85
3838,2020140985,202301,14,0.85
3839,2020140990,202301,36,0.85
3840,2020141000,202301,89,0.85
3841,2020141015,202301,13,0.85
3842,2020141020,202301,467,0.85
3843,2020141025,202301,29,0.85
3844,2020141030,202301,91,0.85
3845,2020141035,202301,72,0.85
3846,2020141040,202301,21,0.85
3847,2020141042,202301,3,0.85
3848,2020141045,202301,190,0.85
3849,2020141046,202301,4,0.85
3850,2020141050,202301,18,0.85
3851,2020141055,202301,31,0.85
3852,2020141060,202301,220,0.85
3853,2020141065,202301,216,0.85
3854,2020141070,202301,68,0.85
3855,2020141075,202301,2,0.85
3856,2020141080,202301,72,0.85
3857,2020141095,202301,127,0.85
3858,2020141100,202301,0,0.85
3859,2020141103,202301,141,0.85
3860,2020141104,202301,62,0.85
3861,2020141106,202301,177,0.85
3862,2020141110,202301,53,0.85
3863,2020141114,202301,0,0.85
3864,2020141115,202301,13,0.85
3865,2020141116,202301,0,0.85
3866,2020141117,202301,0,0.85
3867,2020141120,202301,0,0.85
3868,2020141125,202301,0,0.85
3869,2020141130,202301,0,0.85
3870,2020141140,202301,97,0.85
3871,2020141144,202301,60,0.85
3872,2020141150,202301,72,0.85
3873,2020141155,202301,0,0.85
3874,2020141160,202301,27,0.85
3875,2020141161,202301,36,0.85
3876,2020141163,202301,0,0.85
3877,2020141165,202301,41,0.85
3878,2020141175,202301,0,0.85
3879,2020141185,202301,3,0.85
3880,2020141190,202301,0,0.85
3881,2020141195,202301,26,0.85
3882,2020141196,202301,13,0.85
3883,2020141205,202301,0,0.85
3884,2020141210,202301,56,0.85
3885,2020141211,202301,65,0.85
3886,2020141212,202301,83,0.85
3887,2020141213,202301,0,0.85
3888,2020141214,202301,8,0.85
3889,2020141215,202301,0,0.85
3890,2020141216,202301,52,0.85
3891,2020141220,202301,31,0.85
3892,2020141225,202301,80,0.85
3893,2020141230,202301,53,0.85
3894,2020141235,202301,985,0.85
3895,2020141245,202301,68,0.85
3896,2020141250,202301,7,0.85
3897,2020141255,202301,41,0.85
3898,2020141256,202301,0,0.85
3899,2020141257,202301,21,0.85
3900,2020141258,202301,16,0.85
3901,2020141260,202301,8,0.85
3902,2020141265,202301,0,0.85
3903,2020141270,202301,4,0.85
3904,2020141275,202301,26,0.85
3905,2020141280,202301,139,0.85
3906,2020141285,202301,82,0.85
3907,2020141290,202301,0,0.85
3908,2020141295,202301,0,0.85
3909,2020141300,202301,18,0.85
3910,2020141305,202301,62,0.85
3911,2020141310,202301,52,0.85
3912,2020141311,202301,17,0.85
3913,2020141315,202301,166,0.85
3914,2020141316,202301,0,0.85
3915,2020141320,202301,55,0.85
3916,2020141323,202301,48,0.85
3917,2020141324,202301,53,0.85
3918,2020141326,202301,31,0.85
3919,2020141330,202301,52,0.85
3920,2020141331,202301,16,0.85
3921,2020141332,202301,63,0.85
3922,2020141333,202301,20,0.85
3923,2020141335,202301,77,0.85
3924,2020141340,202301,33,0.85
3925,2020141345,202301,223,0.85
3926,2020141346,202301,0,0.85
3927,2020141350,202301,233,0.85
3928,2020141353,202301,7,0.85
3929,2020141355,202301,681,0.85
3930,2020141360,202301,38,0.85
3931,2020141370,202301,48,0.85
3932,2020141375,202301,72,0.85
3933,2020141395,202301,25,0.85
3934,2020141400,202301,0,0.85
3935,2020141405,202301,51,0.85
3936,2020141410,202301,82,0.85
3937,2020141411,202301,84,0.85
3938,2020141412,202301,36,0.85
3939,2020141416,202301,18,0.85
3940,2020141421,202301,13,0.85
3941,2020141422,202301,0,0.85
3942,2020141423,202301,21,0.85
3943,2020141424,202301,30,0.85
3944,2020141425,202301,7,0.85
3945,2020141426,202301,18,0.85
3946,2020141430,202301,13,0.85
3947,2020141435,202301,17,0.85
3948,2020141436,202301,125,0.85
3949,2020141437,202301,27,0.85
3950,2020141438,202301,25,0.85
3951,2020141439,202301,10,0.85
3952,2020141441,202301,73,0.85
3953,2020141445,202301,0,0.85
3954,2020141450,202301,35,0.85
3955,2020141455,202301,120,0.85
3956,2020141465,202301,11,0.85
3957,2020141466,202301,17,0.85
3958,2020141467,202301,4,0.85
3959,2020141470,202301,19,0.85
3960,2020141473,202301,48,0.85
3961,2020141475,202301,5,0.85
3962,2020141480,202301,5,0.85
3963,2020141485,202301,84,0.85
3964,2020141490,202301,95,0.85
3965,2020141495,202301,49,0.85
3966,2020141500,202301,24,0.85
3967,2020141510,202301,386,0.85
3968,2020141515,202301,110,0.85
3969,2020141516,202301,43,0.85
3970,2020141520,202301,138,0.85
3971,2020141521,202301,4,0.85
3972,2020141522,202301,10,0.85
3973,2020141523,202301,110,0.85
3974,2020141524,202301,78,0.85
3975,2020141525,202301,239,0.85
3976,2020141526,202301,0,0.85
3977,2020141527,202301,8,0.85
3978,2020141529,202301,0,0.85
3979,2020141535,202301,11,0.85
3980,2020141545,202301,210,0.85
3981,2020141550,202301,7,0.85
3982,2020141555,202301,28,0.85
3983,2020141565,202301,0,0.85
3984,2020141570,202301,46,0.85
3985,2020141575,202301,0,0.85
3986,2020141576,202301,65,0.85
3987,2020141577,202301,83,0.85
3988,2020141578,202301,62,0.85
3989,2020141580,202301,11,0.85
3990,2020141585,202301,0,0.85
3991,2020141590,202301,0,0.85
3992,2020141595,202301,30,0.85
3993,2020141600,202301,316,0.85
3994,2020141605,202301,45,0.85
3995,2020141610,202301,14,0.85
3996,2020141620,202301,18,0.85
3997,2020141625,202301,17,0.85
3998,2020141630,202301,228,0.85
3999,2020141640,202301,2,0.85
4000,2020141641,202301,30,0.85
4001,2020141642,202301,0,0.85
4002,2020141645,202301,29,0.85
4003,2020141660,202301,11,0.85
4004,2020141665,202301,20,0.85
4005,2020141670,202301,4,0.85
4006,2020141675,202301,0,0.85
4007,2020141680,202301,71,0.85
4008,2020141681,202301,70,0.85
4009,2020141682,202301,42,0.85
4010,2020141685,202301,77,0.85
4011,2020141690,202301,27,0.85
4012,2020141695,202301,14,0.85
4013,2020141700,202301,50,0.85
4014,2020141710,202301,46,0.85
4015,2020141715,202301,2,0.85
4016,2020141720,202301,46,0.85
4017,2020141725,202301,116,0.85
4018,2020141730,202301,40,0.85
4019,2020141734,202301,55,0.85
4020,2020141735,202301,219,0.85
4021,2020141740,202301,52,0.85
4022,2020141745,202301,37,0.85
4023,2020141750,202301,72,0.85
4024,2020141755,202301,0,0.85
4025,2020141760,202301,136,0.85
4026,2020141770,202301,0,0.85
4027,2020141775,202301,0,0.85
4028,2020141780,202301,0,0.85
4029,2020141785,202301,0,0.85
4030,2020141790,202301,12,0.85
4031,2020141795,202301,10,0.85
4032,2020141800,202301,0,0.85
4033,2020141810,202301,9,0.85
4034,2020141815,202301,24,0.85
4035,2020141830,202301,40,0.85
4036,2020141835,202301,0,0.85
4037,2020141840,202301,0,0.85
4038,2020141845,202301,0,0.85
4039,2020141850,202301,0,0.85
4040,2020141851,202301,64,0.85
4041,2020141852,202301,88,0.85
4042,2020141854,202301,0,0.85
4043,2020141855,202301,7,0.85
4044,2020141857,202301,27,0.85
4045,2020141858,202301,0,0.85
4046,2020141860,202301,0,0.85
4047,2020141861,202301,11,0.85
4048,2020141862,202301,0,0.85
4049,2020141863,202301,3,0.85
4050,2020141864,202301,0,0.85
4051,2020141865,202301,72,0.85
4052,2020141866,202301,30,0.85
4053,2020141867,202301,0,0.85
4054,2020141870,202301,71,0.85
4055,2020141871,202301,25,0.85
4056,2020141872,202301,516,0.85
4057,2020141873,202301,99,0.85
4058,2020141874,202301,28,0.85
4059,2020141875,202301,0,0.85
4060,2020141876,202301,18,0.85
4061,2020141877,202301,243,0.85
4062,2020141878,202301,0,0.85
4063,2020141880,202301,34,0.85
4064,2020141883,202301,1178,0.85
4065,2020141884,202301,0,0.85
4066,2020141885,202301,0,0.85
4067,2020141886,202301,38,0.85
4068,2020141887,202301,30,0.85
4069,2020141889,202301,47,0.85
4070,2020141891,202301,35,0.85
4071,2020141893,202301,0,0.85
4072,2020141894,202301,60,0.85
4073,2020141895,202301,41,0.85
4074,2020141896,202301,32,0.85
4075,2020141897,202301,20,0.85
4076,2020141898,202301,14,0.85
4077,2020141899,202301,116,0.85
4078,2020141908,202301,0,0.85
4079,2020141909,202301,1,0.85
4080,2020150010,202301,6,0.85
4081,2020150015,202301,23,0.85
4082,2020150016,202301,116,0.85
4083,2020150017,202301,13,0.85
4084,2020150018,202301,29,0.85
4085,2020150020,202301,49,0.85
4086,2020150021,202301,14,0.85
4087,2020150023,202301,32,0.85
4088,2020150025,202301,66,0.85
4089,2020150030,202301,0,0.85
4090,2020150031,202301,78,0.85
4091,2020150032,202301,0,0.85
4092,2020150040,202301,81,0.85
4093,2020150041,202301,15,0.85
4094,2020150045,202301,57,0.85
4095,2020150049,202301,10,0.85
4096,2020150055,202301,19,0.85
4097,2020150060,202301,71,0.85
4098,2020150070,202301,98,0.85
4099,2020150090,202301,33,0.85
4100,2020150100,202301,13,0.85
4101,2020150110,202301,37,0.85
4102,2020150112,202301,43,0.85
4103,2020150113,202301,99,0.85
4104,2020150115,202301,10,0.85
4105,2020150120,202301,165,0.85
4106,2020150121,202301,16,0.85
4107,2020150122,202301,54,0.85
4108,2020150123,202301,104,0.85
4109,2020150124,202301,22,0.85
4110,2020150125,202301,0,0.85
4111,2020150126,202301,19,0.85
4112,2020150127,202301,134,0.85
4113,2020150128,202301,75,0.85
4114,2020150129,202301,10,0.85
4115,2020150131,202301,57,0.85
4116,2020150135,202301,87,0.85
4117,2020150140,202301,41,0.85
4118,2020150145,202301,94,0.85
4119,2020150155,202301,213,0.85
4120,2020150156,202301,21,0.85
4121,2020150159,202301,286,0.85
4122,2020150160,202301,15,0.85
4123,2020150161,202301,11,0.85
4124,2020150162,202301,71,0.85
4125,2020150163,202301,58,0.85
4126,2020150165,202301,16,0.85
4127,2020150166,202301,12,0.85
4128,2020150167,202301,13,0.85
4129,2020150168,202301,101,0.85
4130,2020150169,202301,125,0.85
4131,2020150170,202301,110,0.85
4132,2020150171,202301,21,0.85
4133,2020150174,202301,31,0.85
4134,2020150180,202301,23,0.85
4135,2020150185,202301,75,0.85
4136,2020150195,202301,89,0.85
4137,2020150200,202301,4,0.85
4138,2020150205,202301,15,0.85
4139,2020150210,202301,0,0.85
4140,2020150220,202301,51,0.85
4141,2020150225,202301,3,0.85
4142,2020150235,202301,294,0.85
4143,2020150240,202301,13,0.85
4144,2020150246,202301,63,0.85
4145,2020150250,202301,36,0.85
4146,2020150255,202301,82,0.85
4147,2020150260,202301,12,0.85
4148,2020150265,202301,14,0.85
4149,2020150270,202301,73,0.85
4150,2020150273,202301,126,0.85
4151,2020150274,202301,11,0.85
4152,2020150275,202301,101,0.85
4153,2020150280,202301,142,0.85
4154,2020150285,202301,32,0.85
4155,2020150290,202301,30,0.85
4156,2020150295,202301,131,0.85
4157,2020150297,202301,39,0.85
4158,2020150301,202301,106,0.85
4159,2020150303,202301,123,0.85
4160,2020150305,202301,107,0.85
4161,2020150306,202301,44,0.85
4162,2020150307,202301,108,0.85
4163,2020150310,202301,25,0.85
4164,2020150315,202301,206,0.85
4165,2020150316,202301,137,0.85
4166,2020150319,202301,26,0.85
4167,2020150320,202301,37,0.85
4168,2020150321,202301,67,0.85
4169,2020150322,202301,128,0.85
4170,2020150323,202301,18,0.85
4171,2020150324,202301,25,0.85
4172,2020150325,202301,48,0.85
4173,2020150326,202301,99,0.85
4174,2020150327,202301,0,0.85
4175,2020150328,202301,50,0.85
4176,2020150330,202301,28,0.85
4177,2020150345,202301,0,0.85
4178,2020150350,202301,16,0.85
4179,2020150355,202301,1,0.85
4180,2020150360,202301,153,0.85
4181,2020150365,202301,23,0.85
4182,2020150370,202301,30,0.85
4183,2020150375,202301,38,0.85
4184,2020150380,202301,145,0.85
4185,2020150381,202301,140,0.85
4186,2020150382,202301,56,0.85
4187,2020150385,202301,28,0.85
4188,2020150390,202301,83,0.85
4189,2020150395,202301,90,0.85
4190,2020150400,202301,163,0.85
4191,2020150405,202301,2,0.85
4192,2020150410,202301,25,0.85
4193,2020150415,202301,4,0.85
4194,2020150420,202301,69,0.85
4195,2020150425,202301,136,0.85
4196,2020150426,202301,8,0.85
4197,2020150430,202301,62,0.85
4198,2020150432,202301,98,0.85
4199,2020150440,202301,57,0.85
4200,2020150450,202301,47,0.85
4201,2020150455,202301,19,0.85
4202,2020150456,202301,116,0.85
4203,2020150465,202301,146,0.85
4204,2020150470,202301,54,0.85
4205,2020150472,202301,113,0.85
4206,2020150473,202301,64,0.85
4207,2020150474,202301,36,0.85
4208,2020150475,202301,28,0.85
4209,2020150480,202301,63,0.85
4210,2020150485,202301,0,0.85
4211,2020150490,202301,173,0.85
4212,2020150491,202301,0,0.85
4213,2020150494,202301,47,0.85
4214,2020150495,202301,64,0.85
4215,2020150496,202301,548,0.85
4216,2020150497,202301,53,0.85
4217,2020150500,202301,0,0.85
4218,2020150502,202301,3,0.85
4219,2020150505,202301,26,0.85
4220,2020150506,202301,5,0.85
4221,2020150510,202301,63,0.85
4222,2020150515,202301,85,0.85
4223,2020150520,202301,172,0.85
4224,2020150525,202301,29,0.85
4225,2020150530,202301,100,0.85
4226,2020150531,202301,0,0.85
4227,2020150532,202301,406,0.85
4228,2020150536,202301,185,0.85
4229,2020150540,202301,138,0.85
4230,2020150541,202301,9,0.85
4231,2020150545,202301,43,0.85
4232,2020150550,202301,0,0.85
4233,2020150555,202301,0,0.85
4234,2020150556,202301,12,0.85
4235,2020150565,202301,87,0.85
4236,2020150570,202301,32,0.85
4237,2020150580,202301,87,0.85
4238,2020150585,202301,48,0.85
4239,2020150590,202301,100,0.85
4240,2020150595,202301,0,0.85
4241,2020150600,202301,48,0.85
4242,2020150605,202301,21,0.85
4243,2020150610,202301,97,0.85
4244,2020150615,202301,28,0.85
4245,2020150620,202301,101,0.85
4246,2020150621,202301,162,0.85
4247,2020150622,202301,41,0.85
4248,2020150625,202301,128,0.85
4249,2020150635,202301,24,0.85
4250,2020150640,202301,34,0.85
4251,2020150645,202301,64,0.85
4252,2020150650,202301,74,0.85
4253,2020150652,202301,12,0.85
4254,2020150653,202301,59,0.85
4255,2020150655,202301,44,0.85
4256,2020150656,202301,0,0.85
4257,2020150657,202301,95,0.85
4258,2020150660,202301,38,0.85
4259,2020150661,202301,72,0.85
4260,2020150665,202301,13,0.85
4261,2020150670,202301,65,0.85
4262,2020150675,202301,63,0.85
4263,2020150680,202301,30,0.85
4264,2020150685,202301,31,0.85
4265,2020150690,202301,38,0.85
4266,2020150695,202301,29,0.85
4267,2020150700,202301,68,0.85
4268,2020150705,202301,45,0.85
4269,2020150710,202301,7,0.85
4270,2020150715,202301,53,0.85
4271,2020150720,202301,39,0.85
4272,2020150725,202301,82,0.85
4273,2020150730,202301,27,0.85
4274,2020150735,202301,5,0.85
4275,2020150740,202301,17,0.85
4276,2020150745,202301,79,0.85
4277,2020150750,202301,141,0.85
4278,2020150755,202301,16,0.85
4279,2020150760,202301,166,0.85
4280,2020150765,202301,104,0.85
4281,2020150770,202301,75,0.85
4282,2020150775,202301,3,0.85
4283,2020150780,202301,91,0.85
4284,2020150785,202301,8,0.85
4285,2020150790,202301,123,0.85
4286,2020150795,202301,60,0.85
4287,2020150797,202301,0,0.85
4288,2020150805,202301,4,0.85
4289,2020150810,202301,0,0.85
4290,2020150815,202301,2,0.85
4291,2020150820,202301,20,0.85
4292,2020150823,202301,3,0.85
4293,2020150825,202301,1,0.85
4294,2020150826,202301,0,0.85
4295,2020150830,202301,31,0.85
4296,2020150835,202301,4,0.85
4297,2020150840,202301,39,0.85
4298,2020150845,202301,13,0.85
4299,2020150850,202301,12,0.85
4300,2020150855,202301,20,0.85
4301,2020150860,202301,30,0.85
4302,2020150865,202301,60,0.85
4303,2020150866,202301,35,0.85
4304,2020150867,202301,15,0.85
4305,2020150868,202301,14,0.85
4306,2020150869,202301,12,0.85
4307,2020150870,202301,19,0.85
4308,2020150872,202301,83,0.85
4309,2020150873,202301,34,0.85
4310,2020150874,202301,10,0.85
4311,2020150875,202301,39,0.85
4312,2020150876,202301,20,0.85
4313,2020150880,202301,109,0.85
4314,2020150890,202301,20,0.85
4315,2020150900,202301,60,0.85
4316,2020150910,202301,0,0.85
4317,2020150915,202301,146,0.85
4318,2020150917,202301,34,0.85
4319,2020150918,202301,43,0.85
4320,2020150920,202301,24,0.85
4321,2020150930,202301,15,0.85
4322,2020150940,202301,28,0.85
4323,2020150950,202301,7,0.85
4324,2020150960,202301,40,0.85
4325,2020150961,202301,51,0.85
4326,2020150962,202301,149,0.85
4327,2020150963,202301,0,0.85
4328,2020150964,202301,30,0.85
4329,2020150965,202301,71,0.85
4330,2020150966,202301,10,0.85
4331,2020150970,202301,5,0.85
4332,2020150971,202301,54,0.85
4333,2020150974,202301,55,0.85
4334,2020150975,202301,258,0.85
4335,2020150977,202301,2,0.85
4336,2020150979,202301,45,0.85
4337,2020150980,202301,40,0.85
4338,2020150981,202301,18,0.85
4339,2020150982,202301,117,0.85
4340,2020150990,202301,10,0.85
4341,2020150995,202301,592,0.85
4342,2020150996,202301,69,0.85
4343,2020150998,202301,13,0.85
4344,2020151000,202301,109,0.85
4345,2020151009,202301,5,0.85
4346,2020151010,202301,66,0.85
4347,2020151012,202301,9,0.85
4348,2020151013,202301,44,0.85
4349,2020151014,202301,40,0.85
4350,2020151015,202301,39,0.85
4351,2020151016,202301,7,0.85
4352,2020151018,202301,41,0.85
4353,2020151019,202301,40,0.85
4354,2020151025,202301,50,0.85
4355,2020151026,202301,2,0.85
4356,2020151030,202301,137,0.85
4357,2020151035,202301,105,0.85
4358,2020151036,202301,250,0.85
4359,2020151040,202301,33,0.85
4360,2020151045,202301,0,0.85
4361,2020151050,202301,143,0.85
4362,2020151055,202301,4,0.85
4363,2020151060,202301,9,0.85
4364,2020151065,202301,44,0.85
4365,2020151066,202301,39,0.85
4366,2020151067,202301,34,0.85
4367,2020151068,202301,44,0.85
4368,2020151069,202301,25,0.85
4369,2020151071,202301,42,0.85
4370,2020151072,202301,117,0.85
4371,2020151073,202301,68,0.85
4372,2020151074,202301,73,0.85
4373,2020151075,202301,57,0.85
4374,2020151076,202301,34,0.85
4375,2020151077,202301,63,0.85
4376,2020151078,202301,85,0.85
4377,2020151079,202301,56,0.85
4378,2020151081,202301,79,0.85
4379,2020151082,202301,0,0.85
4380,2020151083,202301,28,0.85
4381,2020151092,202301,122,0.85
4382,2020151093,202301,10,0.85
4383,2020151095,202301,52,0.85
4384,2020151096,202301,34,0.85
4385,2020151097,202301,77,0.85
4386,2020151100,202301,42,0.85
4387,2020151105,202301,38,0.85
4388,2020151110,202301,2,0.85
4389,2020151120,202301,41,0.85
4390,2020151122,202301,23,0.85
4391,2020151124,202301,43,0.85
4392,2020151125,202301,40,0.85
4393,2020151130,202301,27,0.85
4394,2020151135,202301,11,0.85
4395,2020151138,202301,52,0.85
4396,2020151139,202301,14,0.85
4397,2020151140,202301,8,0.85
4398,2020151143,202301,104,0.85
4399,2020151146,202301,49,0.85
4400,2020151150,202301,29,0.85
4401,2020151151,202301,24,0.85
4402,2020151152,202301,42,0.85
4403,2020151153,202301,33,0.85
4404,2020151155,202301,15,0.85
4405,2020151156,202301,2,0.85
4406,2020151157,202301,9,0.85
4407,2020151158,202301,10,0.85
4408,2020151159,202301,19,0.85
4409,2020151160,202301,44,0.85
4410,2020151161,202301,141,0.85
4411,2020151162,202301,7,0.85
4412,2020151163,202301,85,0.85
4413,2020151164,202301,50,0.85
4414,2020151165,202301,32,0.85
4415,2020151166,202301,24,0.85
4416,2020151167,202301,36,0.85
4417,2020151168,202301,11,0.85
4418,2020151169,202301,15,0.85
4419,2020151170,202301,20,0.85
4420,2020151171,202301,0,0.85
4421,2020151172,202301,57,0.85
4422,2020151173,202301,29,0.85
4423,2020151175,202301,83,0.85
4424,2020160010,202301,77,0.85
4425,2020160020,202301,44,0.85
4426,2020160030,202301,0,0.85
4427,2020160040,202301,0,0.85
4428,2020160050,202301,10,0.85
4429,2020160052,202301,2,0.85
4430,2020160053,202301,14,0.85
4431,2020160055,202301,10,0.85
4432,2020160060,202301,19,0.85
4433,2020160070,202301,55,0.85
4434,2020160080,202301,11,0.85
4435,2020160090,202301,2,0.85
4436,2020160100,202301,33,0.85
4437,2020160105,202301,1,0.85
4438,2020160110,202301,10,0.85
4439,2020160115,202301,3,0.85
4440,2020160120,202301,135,0.85
4441,2020160125,202301,19,0.85
4442,2020160130,202301,72,0.85
4443,2020160135,202301,10,0.85
4444,2020160140,202301,61,0.85
4445,2020160141,202301,68,0.85
4446,2020160143,202301,67,0.85
4447,2020160144,202301,27,0.85
4448,2020160145,202301,46,0.85
4449,2020160146,202301,15,0.85
4450,2020160150,202301,21,0.85
4451,2020160155,202301,50,0.85
4452,2020160160,202301,30,0.85
4453,2020160165,202301,55,0.85
4454,2020160170,202301,66,0.85
4455,2020160175,202301,24,0.85
4456,2020160176,202301,15,0.85
4457,2020160179,202301,75,0.85
4458,2020160180,202301,40,0.85
4459,2020160181,202301,33,0.85
4460,2020160182,202301,27,0.85
4461,2020160183,202301,82,0.85
4462,2020160184,202301,47,0.85
4463,2020160185,202301,152,0.85
4464,2020160186,202301,39,0.85
4465,2020160187,202301,22,0.85
4466,2020160188,202301,9,0.85
4467,2020160189,202301,27,0.85
4468,2020160190,202301,2,0.85
4469,2020160191,202301,7,0.85
4470,2020160192,202301,0,0.85
4471,2020160193,202301,36,0.85
4472,2020160194,202301,22,0.85
4473,2020160195,202301,231,0.85
4474,2020160196,202301,21,0.85
4475,2020160197,202301,34,0.85
4476,2020160198,202301,32,0.85
4477,2020160199,202301,50,0.85
4478,2020160200,202301,27,0.85
4479,2020160201,202301,6,0.85
4480,2020160206,202301,14,0.85
4481,2020160210,202301,34,0.85
4482,2020160215,202301,74,0.85
4483,2020160220,202301,3,0.85
4484,2020160221,202301,40,0.85
4485,2020160222,202301,22,0.85
4486,2020160223,202301,7,0.85
4487,2020160224,202301,71,0.85
4488,2020160225,202301,7,0.85
4489,2020160230,202301,20,0.85
4490,2020160235,202301,20,0.85
4491,2020160243,202301,0,0.85
4492,2020160245,202301,0,0.85
4493,2020160250,202301,84,0.85
4494,2020160255,202301,41,0.85
4495,2020160265,202301,82,0.85
4496,2020160270,202301,0,0.85
4497,2020160275,202301,31,0.85
4498,2020160280,202301,60,0.85
4499,2020160285,202301,16,0.85
4500,2020160290,202301,12,0.85
4501,2020160295,202301,32,0.85
4502,2020160300,202301,1,0.85
4503,2020160305,202301,120,0.85
4504,2020160306,202301,102,0.85
4505,2020160310,202301,0,0.85
4506,2020160315,202301,4,0.85
4507,2020160321,202301,54,0.85
4508,2020160325,202301,265,0.85
4509,2020160330,202301,26,0.85
4510,2020160335,202301,11,0.85
4511,2020160340,202301,63,0.85
4512,2020160345,202301,5,0.85
4513,2020160348,202301,44,0.85
4514,2020160349,202301,38,0.85
4515,2020160350,202301,38,0.85
4516,2020160355,202301,0,0.85
4517,2020160360,202301,0,0.85
4518,2020160361,202301,23,0.85
4519,2020160362,202301,69,0.85
4520,2020160364,202301,61,0.85
4521,2020160365,202301,95,0.85
4522,2020160366,202301,53,0.85
4523,2020160367,202301,48,0.85
4524,2020160369,202301,3,0.85
4525,2020160370,202301,138,0.85
4526,2020160371,202301,54,0.85
4527,2020160372,202301,50,0.85
4528,2020160373,202301,15,0.85
4529,2020160375,202301,12,0.85
4530,2020160379,202301,32,0.85
4531,2020160380,202301,22,0.85
4532,2020160381,202301,73,0.85
4533,2020160382,202301,215,0.85
4534,2020160383,202301,7,0.85
4535,2020160384,202301,17,0.85
4536,2020160385,202301,65,0.85
4537,2020160386,202301,108,0.85
4538,2020160387,202301,62,0.85
4539,2020160388,202301,25,0.85
4540,2020160389,202301,1,0.85
4541,2020160390,202301,171,0.85
4542,2020160391,202301,22,0.85
4543,2020160392,202301,19,0.85
4544,2020160393,202301,122,0.85
4545,2020160394,202301,77,0.85
4546,2020160395,202301,20,0.85
4547,2020160396,202301,80,0.85
4548,2020160397,202301,43,0.85
4549,2020160398,202301,10,0.85
4550,2020160399,202301,45,0.85
4551,2020160400,202301,0,0.85
4552,2020160401,202301,9,0.85
4553,2020160403,202301,13,0.85
4554,2020160404,202301,17,0.85
4555,2020160405,202301,3,0.85
4556,2020160406,202301,58,0.85
4557,2020160407,202301,136,0.85
4558,2020160410,202301,4,0.85
4559,2020160415,202301,3,0.85
4560,2020160420,202301,156,0.85
4561,2020160425,202301,523,0.85
4562,2020160430,202301,33,0.85
4563,2020160433,202301,25,0.85
4564,2020160434,202301,63,0.85
4565,2020160435,202301,34,0.85
4566,2020160436,202301,64,0.85
4567,2020160437,202301,40,0.85
4568,2020160438,202301,89,0.85
4569,2020160439,202301,31,0.85
4570,2020160440,202301,93,0.85
4571,2020160441,202301,70,0.85
4572,2020160442,202301,16,0.85
4573,2020160443,202301,131,0.85
4574,2020160444,202301,0,0.85
4575,2020160445,202301,80,0.85
4576,2020160446,202301,17,0.85
4577,2020160447,202301,21,0.85
4578,2020160448,202301,11,0.85
4579,2020160449,202301,46,0.85
4580,2020160450,202301,43,0.85
4581,2020160451,202301,41,0.85
4582,2020160452,202301,11,0.85
4583,2020160453,202301,33,0.85
4584,2020160454,202301,26,0.85
4585,2020160455,202301,81,0.85
4586,2020160456,202301,50,0.85
4587,2020160457,202301,16,0.85
4588,2020160458,202301,44,0.85
4589,2020160460,202301,10,0.85
4590,2020160461,202301,47,0.85
4591,2020160462,202301,81,0.85
4592,2020160463,202301,33,0.85
4593,2020160464,202301,10,0.85
4594,2020160465,202301,65,0.85
4595,2020160466,202301,74,0.85
4596,2020160467,202301,30,0.85
4597,2020160468,202301,35,0.85
4598,2020160469,202301,45,0.85
4599,2020160470,202301,70,0.85
4600,2020160472,202301,51,0.85
4601,2020160473,202301,35,0.85
4602,2020160474,202301,49,0.85
4603,2020160475,202301,46,0.85
4604,2020160477,202301,18,0.85
4605,2020160478,202301,0,0.85
4606,2020160479,202301,72,0.85
4607,2020160480,202301,5,0.85
4608,2020160481,202301,56,0.85
4609,2020160482,202301,0,0.85
4610,2020160484,202301,24,0.85
4611,2020160485,202301,65,0.85
4612,2020160486,202301,13,0.85
4613,2020160487,202301,4,0.85
4614,2020160490,202301,121,0.85
4615,2020160495,202301,57,0.85
4616,2020160500,202301,12,0.85
4617,2020160505,202301,11,0.85
4618,2020160510,202301,49,0.85
4619,2020160515,202301,67,0.85
4620,2020160520,202301,170,0.85
4621,2020160530,202301,65,0.85
4622,2020160534,202301,60,0.85
4623,2020160535,202301,26,0.85
4624,2020160536,202301,93,0.85
4625,2020160537,202301,148,0.85
4626,2020160540,202301,51,0.85
4627,2020160545,202301,43,0.85
4628,2020160550,202301,24,0.85
4629,2020160555,202301,13,0.85
4630,2020160560,202301,50,0.85
4631,2020160565,202301,31,0.85
4632,2020160575,202301,99,0.85
4633,2020160580,202301,64,0.85
4634,2020160581,202301,0,0.85
4635,2020160585,202301,136,0.85
4636,2020160590,202301,139,0.85
4637,2020160595,202301,43,0.85
4638,2020160600,202301,133,0.85
4639,2020160605,202301,112,0.85
4640,2020160610,202301,6,0.85
4641,2020160612,202301,10,0.85
4642,2020160615,202301,70,0.85
4643,2020160616,202301,85,0.85
4644,2020160625,202301,192,0.85
4645,2020160630,202301,31,0.85
4646,2020160635,202301,48,0.85
4647,2020160640,202301,19,0.85
4648,2020160645,202301,40,0.85
4649,2020160650,202301,0,0.85
4650,2020160655,202301,146,0.85
4651,2020160660,202301,25,0.85
4652,2020160665,202301,98,0.85
4653,2020160670,202301,101,0.85
4654,2020160671,202301,0,0.85
4655,2020160672,202301,6,0.85
4656,2020160675,202301,62,0.85
4657,2020160680,202301,65,0.85
4658,2020160681,202301,3,0.85
4659,2020160685,202301,8,0.85
4660,2020160687,202301,23,0.85
4661,2020160690,202301,83,0.85
4662,2020160695,202301,51,0.85
4663,2020160696,202301,10,0.85
4664,2020160697,202301,37,0.85
4665,2020160698,202301,44,0.85
4666,2020160700,202301,21,0.85
4667,2020160705,202301,90,0.85
4668,2020160715,202301,0,0.85
4669,2020160720,202301,199,0.85
4670,2020160725,202301,9,0.85
4671,2020160730,202301,271,0.85
4672,2020160735,202301,25,0.85
4673,2020160740,202301,13,0.85
4674,2020160745,202301,208,0.85
4675,2020160750,202301,51,0.85
4676,2020160755,202301,37,0.85
4677,2020160760,202301,14,0.85
4678,2020160765,202301,3,0.85
4679,2020160770,202301,80,0.85
4680,2020160775,202301,161,0.85
4681,2020160780,202301,1,0.85
4682,2020160784,202301,0,0.85
4683,2020160785,202301,4,0.85
4684,2020160786,202301,109,0.85
4685,2020160787,202301,19,0.85
4686,2020160795,202301,24,0.85
4687,2020160800,202301,18,0.85
4688,2020160805,202301,3,0.85
4689,2020160810,202301,67,0.85
4690,2020160820,202301,36,0.85
4691,2020160822,202301,44,0.85
4692,2020160825,202301,27,0.85
4693,2020160830,202301,46,0.85
4694,2020160835,202301,51,0.85
4695,2020160840,202301,65,0.85
4696,2020160843,202301,115,0.85
4697,2020160845,202301,168,0.85
4698,2020160850,202301,2,0.85
4699,2020160855,202301,157,0.85
4700,2020160860,202301,50,0.85
4701,2020160865,202301,20,0.85
4702,2020160870,202301,4,0.85
4703,2020160875,202301,55,0.85
4704,2020160885,202301,93,0.85
4705,2020160890,202301,24,0.85
4706,2020160892,202301,53,0.85
4707,2020160895,202301,252,0.85
4708,2020160897,202301,31,0.85
4709,2020160905,202301,31,0.85
4710,2020160910,202301,0,0.85
4711,2020160915,202301,82,0.85
4712,2020160925,202301,66,0.85
4713,2020160930,202301,9,0.85
4714,2020160935,202301,38,0.85
4715,2020160940,202301,49,0.85
4716,2020160944,202301,13,0.85
4717,2020160945,202301,52,0.85
4718,2020160950,202301,36,0.85
4719,2020160955,202301,18,0.85
4720,2020160957,202301,10,0.85
4721,2020160958,202301,51,0.85
4722,2020160960,202301,15,0.85
4723,2020160965,202301,61,0.85
4724,2020160971,202301,153,0.85
4725,2020160972,202301,43,0.85
4726,2020160973,202301,48,0.85
4727,2020160974,202301,26,0.85
4728,2020160975,202301,46,0.85
4729,2020160976,202301,19,0.85
4730,2020160977,202301,10,0.85
4731,2020160978,202301,67,0.85
4732,2020160979,202301,44,0.85
4733,2020160980,202301,45,0.85
4734,2020160981,202301,62,0.85
4735,2020160982,202301,26,0.85
4736,2020160983,202301,36,0.85
4737,2020160985,202301,27,0.85
4738,2020160990,202301,203,0.85
4739,2020160995,202301,85,0.85
4740,2020161000,202301,53,0.85
4741,2020161005,202301,5,0.85
4742,2020161010,202301,70,0.85
4743,2020161015,202301,53,0.85
4744,2020161020,202301,12,0.85
4745,2020161025,202301,44,0.85
4746,2020161030,202301,32,0.85
4747,2020161035,202301,49,0.85
4748,2020161045,202301,156,0.85
4749,2020161047,202301,86,0.85
4750,2020161048,202301,13,0.85
4751,2020161049,202301,19,0.85
4752,2020161050,202301,190,0.85
4753,2020161055,202301,20,0.85
4754,2020161060,202301,46,0.85
4755,2020161065,202301,56,0.85
4756,2020161070,202301,61,0.85
4757,2020161075,202301,128,0.85
4758,2020161080,202301,200,0.85
4759,2020161085,202301,71,0.85
4760,2020161088,202301,31,0.85
4761,2020161089,202301,0,0.85
4762,2020161090,202301,317,0.85
4763,2020161091,202301,94,0.85
4764,2020161092,202301,1,0.85
4765,2020161095,202301,27,0.85
4766,2020161096,202301,8,0.85
4767,2020161100,202301,58,0.85
4768,2020161105,202301,14,0.85
4769,2020161110,202301,73,0.85
4770,2020161115,202301,141,0.85
4771,2020161120,202301,85,0.85
4772,2020161125,202301,0,0.85
4773,2020161130,202301,505,0.85
4774,2020161132,202301,101,0.85
4775,2020161133,202301,1,0.85
4776,2020161135,202301,0,0.85
4777,2020161137,202301,279,0.85
4778,2020161140,202301,58,0.85
4779,2020161145,202301,85,0.85
4780,2020161150,202301,14,0.85
4781,2020161155,202301,27,0.85
4782,2020161160,202301,36,0.85
4783,2020161165,202301,20,0.85
4784,2020161170,202301,113,0.85
4785,2020161173,202301,78,0.85
4786,2020161175,202301,74,0.85
4787,2020161180,202301,25,0.85
4788,2020161190,202301,38,0.85
4789,2020161195,202301,48,0.85
4790,2020161200,202301,36,0.85
4791,2020161205,202301,33,0.85
4792,2020161210,202301,34,0.85
4793,2020161215,202301,14,0.85
4794,2020161220,202301,20,0.85
4795,2020161225,202301,94,0.85
4796,2020161230,202301,16,0.85
4797,2020161235,202301,38,0.85
4798,2020161240,202301,55,0.85
4799,2020161245,202301,44,0.85
4800,2020161250,202301,0,0.85
4801,2020161255,202301,77,0.85
4802,2020161260,202301,5,0.85
4803,2020161265,202301,2,0.85
4804,2020161270,202301,0,0.85
4805,2020161275,202301,67,0.85
4806,2020161280,202301,69,0.85
4807,2020161285,202301,13,0.85
4808,2020161290,202301,92,0.85
4809,2020161295,202301,18,0.85
4810,2020161300,202301,27,0.85
4811,2020161305,202301,33,0.85
4812,2020161310,202301,22,0.85
4813,2020161315,202301,7,0.85
4814,2020161320,202301,20,0.85
4815,2020161325,202301,92,0.85
4816,2020161330,202301,0,0.85
4817,2020161335,202301,71,0.85
4818,2020161340,202301,24,0.85
4819,2020161345,202301,40,0.85
4820,2020161350,202301,18,0.85
4821,2020161355,202301,30,0.85
4822,2020161360,202301,92,0.85
4823,2020161365,202301,40,0.85
4824,2020161370,202301,0,0.85
4825,2020161375,202301,0,0.85
4826,2020161380,202301,0,0.85
4827,2020161385,202301,66,0.85
4828,2020161390,202301,53,0.85
4829,2020161395,202301,22,0.85
4830,2020161400,202301,14,0.85
4831,2020161405,202301,22,0.85
4832,2020161410,202301,66,0.85
4833,2020161415,202301,35,0.85
4834,2020161420,202301,22,0.85
4835,2020161425,202301,10,0.85
4836,2020161430,202301,22,0.85
4837,2020161435,202301,20,0.85
4838,2020161440,202301,8,0.85
4839,2020161445,202301,22,0.85
4840,2020161450,202301,16,0.85
4841,2020161455,202301,12,0.85
4842,2020161460,202301,7,0.85
4843,2020161465,202301,31,0.85
4844,2020161470,202301,0,0.85
4845,2020161475,202301,41,0.85
4846,2020161480,202301,30,0.85
4847,2020161481,202301,23,0.85
4848,2020161482,202301,3,0.85
4849,2020161483,202301,41,0.85
4850,2020161484,202301,49,0.85
4851,2020161485,202301,14,0.85
4852,2020161486,202301,5,0.85
4853,2020161488,202301,0,0.85
4854,2020161489,202301,42,0.85
4855,2020161490,202301,11,0.85
4856,2020161491,202301,18,0.85
4857,2020161492,202301,4,0.85
4858,2020161493,202301,66,0.85
4859,2020161494,202301,87,0.85
4860,2020161495,202301,5,0.85
4861,2020161496,202301,143,0.85
4862,2020161497,202301,43,0.85
4863,2020161498,202301,79,0.85
4864,2020161499,202301,0,0.85
4865,2020161500,202301,20,0.85
4866,2020161501,202301,103,0.85
4867,2020161502,202301,59,0.85
4868,2020161503,202301,92,0.85
4869,2020161504,202301,35,0.85
4870,2020170004,202301,537,0.85
4871,2020170010,202301,134,0.85
4872,2020170022,202301,79,0.85
4873,2020170025,202301,86,0.85
4874,2020170040,202301,254,0.85
4875,2020170050,202301,48,0.85
4876,2020170055,202301,109,0.85
4877,2020170057,202301,139,0.85
4878,2020170060,202301,133,0.85
4879,2020170064,202301,54,0.85
4880,2020170065,202301,85,0.85
4881,2020170070,202301,60,0.85
4882,2020170072,202301,62,0.85
4883,2020170073,202301,99,0.85
4884,2020170074,202301,43,0.85
4885,2020170075,202301,11,0.85
4886,2020170076,202301,35,0.85
4887,2020170078,202301,10,0.85
4888,2020170080,202301,45,0.85
4889,2020170090,202301,0,0.85
4890,2020170100,202301,11,0.85
4891,2020170103,202301,99,0.85
4892,2020170107,202301,37,0.85
4893,2020170110,202301,18,0.85
4894,2020170115,202301,5,0.85
4895,2020170120,202301,25,0.85
4896,2020170122,202301,16,0.85
4897,2020170125,202301,60,0.85
4898,2020170130,202301,56,0.85
4899,2020170140,202301,21,0.85
4900,2020170145,202301,62,0.85
4901,2020170150,202301,124,0.85
4902,2020170155,202301,202,0.85
4903,2020170160,202301,2,0.85
4904,2020170163,202301,34,0.85
4905,2020170164,202301,32,0.85
4906,2020170165,202301,35,0.85
4907,2020170166,202301,50,0.85
4908,2020170167,202301,85,0.85
4909,2020170168,202301,0,0.85
4910,2020170169,202301,92,0.85
4911,2020170175,202301,8,0.85
4912,2020170180,202301,20,0.85
4913,2020170185,202301,139,0.85
4914,2020170190,202301,80,0.85
4915,2020170195,202301,0,0.85
4916,2020170205,202301,15,0.85
4917,2020170210,202301,117,0.85
4918,2020170215,202301,28,0.85
4919,2020170225,202301,106,0.85
4920,2020170230,202301,37,0.85
4921,2020170235,202301,75,0.85
4922,2020170240,202301,15,0.85
4923,2020170241,202301,84,0.85
4924,2020170242,202301,23,0.85
4925,2020170243,202301,52,0.85
4926,2020170244,202301,114,0.85
4927,2020170245,202301,41,0.85
4928,2020170246,202301,81,0.85
4929,2020170248,202301,0,0.85
4930,2020170249,202301,102,0.85
4931,2020170250,202301,65,0.85
4932,2020170251,202301,52,0.85
4933,2020170252,202301,33,0.85
4934,2020170253,202301,59,0.85
4935,2020170254,202301,44,0.85
4936,2020170255,202301,20,0.85
4937,2020170256,202301,77,0.85
4938,2020170260,202301,69,0.85
4939,2020170265,202301,55,0.85
4940,2020170269,202301,0,0.85
4941,2020170270,202301,29,0.85
4942,2020170271,202301,36,0.85
4943,2020170272,202301,13,0.85
4944,2020170273,202301,2,0.85
4945,2020170274,202301,188,0.85
4946,2020170275,202301,24,0.85
4947,2020170276,202301,16,0.85
4948,2020170280,202301,11,0.85
4949,2020170281,202301,0,0.85
4950,2020170282,202301,27,0.85
4951,2020170283,202301,7,0.85
4952,2020170285,202301,4,0.85
4953,2020170286,202301,139,0.85
4954,2020170287,202301,45,0.85
4955,2020170288,202301,20,0.85
4956,2020170289,202301,58,0.85
4957,2020170290,202301,65,0.85
4958,2020170295,202301,19,0.85
4959,2020170300,202301,67,0.85
4960,2020170310,202301,5,0.85
4961,2020170315,202301,50,0.85
4962,2020170320,202301,0,0.85
4963,2020170325,202301,19,0.85
4964,2020170330,202301,8,0.85
4965,2020170335,202301,86,0.85
4966,2020170340,202301,81,0.85
4967,2020170345,202301,143,0.85
4968,2020170350,202301,28,0.85
4969,2020170351,202301,25,0.85
4970,2020170352,202301,9,0.85
4971,2020170353,202301,23,0.85
4972,2020170354,202301,12,0.85
4973,2020170355,202301,27,0.85
4974,2020170356,202301,156,0.85
4975,2020170358,202301,10,0.85
4976,2020170359,202301,15,0.85
4977,2020170360,202301,279,0.85
4978,2020170370,202301,148,0.85
4979,2020170375,202301,0,0.85
4980,2020170380,202301,65,0.85
4981,2020170385,202301,57,0.85
4982,2020170395,202301,26,0.85
4983,2020170400,202301,12,0.85
4984,2020170405,202301,0,0.85
4985,2020170410,202301,20,0.85
4986,2020170412,202301,59,0.85
4987,2020170414,202301,2,0.85
4988,2020170415,202301,195,0.85
4989,2020170420,202301,77,0.85
4990,2020170425,202301,3,0.85
4991,2020170430,202301,0,0.85
4992,2020170434,202301,99,0.85
4993,2020170435,202301,183,0.85
4994,2020170436,202301,219,0.85
4995,2020170440,202301,15,0.85
4996,2020170442,202301,35,0.85
4997,2020170443,202301,8,0.85
4998,2020170445,202301,15,0.85
4999,2020170446,202301,6,0.85
5000,2020170447,202301,113,0.85
5001,2020170450,202301,16,0.85
5002,2020170452,202301,81,0.85
5003,2020170453,202301,15,0.85
5004,2020170454,202301,33,0.85
5005,2020170455,202301,0,0.85
5006,2020170456,202301,19,0.85
5007,2020170460,202301,0,0.85
5008,2020170461,202301,32,0.85
5009,2020170465,202301,71,0.85
5010,2020170470,202301,80,0.85
5011,2020170475,202301,39,0.85
5012,2020170476,202301,0,0.85
5013,2020170477,202301,40,0.85
5014,2020170480,202301,37,0.85
5015,2020170485,202301,63,0.85
5016,2020170490,202301,98,0.85
5017,2020170495,202301,39,0.85
5018,2020170497,202301,43,0.85
5019,2020170500,202301,79,0.85
5020,2020170505,202301,22,0.85
5021,2020170510,202301,20,0.85
5022,2020170520,202301,75,0.85
5023,2020170522,202301,0,0.85
5024,2020170523,202301,47,0.85
5025,2020170525,202301,278,0.85
5026,2020170526,202301,6,0.85
5027,2020170535,202301,84,0.85
5028,2020170540,202301,10,0.85
5029,2020170545,202301,36,0.85
5030,2020170548,202301,76,0.85
5031,2020170549,202301,105,0.85
5032,2020170550,202301,76,0.85
5033,2020170551,202301,150,0.85
5034,2020170552,202301,84,0.85
5035,2020170553,202301,94,0.85
5036,2020170554,202301,0,0.85
5037,2020170555,202301,29,0.85
5038,2020170560,202301,21,0.85
5039,2020170561,202301,0,0.85
5040,2020170563,202301,30,0.85
5041,2020170564,202301,71,0.85
5042,2020170570,202301,18,0.85
5043,2020170575,202301,18,0.85
5044,2020170580,202301,91,0.85
5045,2020170585,202301,23,0.85
5046,2020170590,202301,154,0.85
5047,2020170595,202301,52,0.85
5048,2020170610,202301,32,0.85
5049,2020170615,202301,59,0.85
5050,2020170620,202301,201,0.85
5051,2020170624,202301,17,0.85
5052,2020170625,202301,18,0.85
5053,2020170626,202301,32,0.85
5054,2020170627,202301,49,0.85
5055,2020170628,202301,24,0.85
5056,2020170635,202301,17,0.85
5057,2020170640,202301,30,0.85
5058,2020170650,202301,72,0.85
5059,2020170651,202301,18,0.85
5060,2020170655,202301,86,0.85
5061,2020170660,202301,14,0.85
5062,2020170665,202301,22,0.85
5063,2020170666,202301,106,0.85
5064,2020170667,202301,0,0.85
5065,2020170670,202301,40,0.85
5066,2020170675,202301,47,0.85
5067,2020170676,202301,64,0.85
5068,2020170678,202301,68,0.85
5069,2020170685,202301,23,0.85
5070,2020170691,202301,63,0.85
5071,2020170692,202301,26,0.85
5072,2020170693,202301,6,0.85
5073,2020170694,202301,8,0.85
5074,2020170695,202301,0,0.85
5075,2020170696,202301,22,0.85
5076,2020170697,202301,69,0.85
5077,2020170699,202301,0,0.85
5078,2020170700,202301,217,0.85
5079,2020170704,202301,59,0.85
5080,2020170705,202301,43,0.85
5081,2020170706,202301,16,0.85
5082,2020170708,202301,9,0.85
5083,2020170715,202301,14,0.85
5084,2020170720,202301,8,0.85
5085,2020170721,202301,53,0.85
5086,2020170725,202301,28,0.85
5087,2020170730,202301,123,0.85
5088,2020170735,202301,87,0.85
5089,2020170739,202301,16,0.85
5090,2020170740,202301,80,0.85
5091,2020170742,202301,88,0.85
5092,2020170743,202301,13,0.85
5093,2020170744,202301,193,0.85
5094,2020170745,202301,11,0.85
5095,2020170746,202301,6,0.85
5096,2020170747,202301,8,0.85
5097,2020170748,202301,5,0.85
5098,2020170750,202301,7,0.85
5099,2020170751,202301,10,0.85
5100,2020170752,202301,23,0.85
5101,2020170753,202301,86,0.85
5102,2020170755,202301,60,0.85
5103,2020170760,202301,25,0.85
5104,2020170764,202301,24,0.85
5105,2020170765,202301,3,0.85
5106,2020170766,202301,5,0.85
5107,2020170767,202301,74,0.85
5108,2020170768,202301,58,0.85
5109,2020170770,202301,92,0.85
5110,2020170775,202301,16,0.85
5111,2020170777,202301,12,0.85
5112,2020170780,202301,9,0.85
5113,2020170794,202301,52,0.85
5114,2020170795,202301,93,0.85
5115,2020170796,202301,65,0.85
5116,2020170800,202301,50,0.85
5117,2020170801,202301,2,0.85
5118,2020170805,202301,4,0.85
5119,2020170810,202301,43,0.85
5120,2020170811,202301,12,0.85
5121,2020170812,202301,30,0.85
5122,2020170813,202301,2,0.85
5123,2020170815,202301,2,0.85
5124,2020170816,202301,40,0.85
5125,2020170817,202301,8,0.85
5126,2020170819,202301,49,0.85
5127,2020170820,202301,276,0.85
5128,2020170821,202301,0,0.85
5129,2020170825,202301,74,0.85
5130,2020170830,202301,75,0.85
5131,2020170835,202301,48,0.85
5132,2020170845,202301,14,0.85
5133,2020170850,202301,236,0.85
5134,2020170860,202301,5,0.85
5135,2020170865,202301,44,0.85
5136,2020170870,202301,0,0.85
5137,2020170875,202301,25,0.85
5138,2020170880,202301,42,0.85
5139,2020170885,202301,0,0.85
5140,2020170890,202301,14,0.85
5141,2020170893,202301,14,0.85
5142,2020170894,202301,46,0.85
5143,2020170895,202301,44,0.85
5144,2020170896,202301,2,0.85
5145,2020170897,202301,8,0.85
5146,2020170900,202301,53,0.85
5147,2020170902,202301,59,0.85
5148,2020170910,202301,64,0.85
5149,2020170915,202301,54,0.85
5150,2020170920,202301,25,0.85
5151,2020170925,202301,8,0.85
5152,2020170929,202301,26,0.85
5153,2020170930,202301,54,0.85
5154,2020170931,202301,31,0.85
5155,2020170932,202301,166,0.85
5156,2020170933,202301,22,0.85
5157,2020170934,202301,28,0.85
5158,2020170938,202301,23,0.85
5159,2020170940,202301,73,0.85
5160,2020170945,202301,21,0.85
5161,2020170950,202301,70,0.85
5162,2020170955,202301,62,0.85
5163,2020170960,202301,67,0.85
5164,2020170970,202301,137,0.85
5165,2020170975,202301,177,0.85
5166,2020170980,202301,16,0.85
5167,2020170985,202301,245,0.85
5168,2020170986,202301,13,0.85
5169,2020170987,202301,98,0.85
5170,2020170993,202301,9,0.85
5171,2020170994,202301,27,0.85
5172,2020170995,202301,23,0.85
5173,2020170997,202301,39,0.85
5174,2020171000,202301,16,0.85
5175,2020171001,202301,0,0.85
5176,2020171003,202301,28,0.85
5177,2020171005,202301,35,0.85
5178,2020171006,202301,50,0.85
5179,2020171010,202301,13,0.85
5180,2020171015,202301,48,0.85
5181,2020171020,202301,40,0.85
5182,2020171025,202301,7,0.85
5183,2020171030,202301,41,0.85
5184,2020171035,202301,5,0.85
5185,2020171040,202301,9,0.85
5186,2020171045,202301,23,0.85
5187,2020171052,202301,0,0.85
5188,2020171055,202301,40,0.85
5189,2020171059,202301,15,0.85
5190,2020171060,202301,146,0.85
5191,2020171061,202301,81,0.85
5192,2020171065,202301,101,0.85
5193,2020171066,202301,20,0.85
5194,2020171070,202301,14,0.85
5195,2020171072,202301,48,0.85
5196,2020171073,202301,17,0.85
5197,2020171074,202301,38,0.85
5198,2020171075,202301,36,0.85
5199,2020171076,202301,24,0.85
5200,2020171077,202301,21,0.85
5201,2020171078,202301,15,0.85
5202,2020171085,202301,72,0.85
5203,2020171086,202301,34,0.85
5204,2020171088,202301,22,0.85
5205,2020171089,202301,22,0.85
5206,2020171090,202301,24,0.85
5207,2020171091,202301,41,0.85
5208,2020171092,202301,11,0.85
5209,2020171093,202301,50,0.85
5210,2020171094,202301,24,0.85
5211,2020171096,202301,27,0.85
5212,2020171097,202301,32,0.85
5213,2020171098,202301,74,0.85
5214,2020171099,202301,15,0.85
5215,2020171100,202301,16,0.85
5216,2020171101,202301,50,0.85
5217,2020171102,202301,124,0.85
5218,2020171104,202301,23,0.85
5219,2020171105,202301,88,0.85
5220,2020171106,202301,19,0.85
5221,2020171107,202301,16,0.85
5222,2020171108,202301,0,0.85
5223,2020171109,202301,0,0.85
5224,2020171110,202301,11,0.85
5225,2020171111,202301,52,0.85
5226,2020171112,202301,22,0.85
5227,2020171115,202301,31,0.85
5228,2020171116,202301,12,0.85
5229,2020171120,202301,232,0.85
5230,2020171122,202301,20,0.85
5231,2020171123,202301,18,0.85
5232,2020171124,202301,34,0.85
5233,2020171125,202301,8,0.85
5234,2020171126,202301,14,0.85
5235,2020171128,202301,67,0.85
5236,2020171129,202301,74,0.85
5237,2020171130,202301,42,0.85
5238,2020171135,202301,46,0.85
5239,2020171140,202301,38,0.85
5240,2020171141,202301,19,0.85
5241,2020171143,202301,5,0.85
5242,2020171145,202301,142,0.85
5243,2020171147,202301,49,0.85
5244,2020171148,202301,90,0.85
5245,2020171149,202301,0,0.85
5246,2020171150,202301,109,0.85
5247,2020171151,202301,22,0.85
5248,2020171152,202301,18,0.85
5249,2020171153,202301,44,0.85
5250,2020171154,202301,63,0.85
5251,2020171155,202301,3,0.85
5252,2020171160,202301,27,0.85
5253,2020171165,202301,25,0.85
5254,2020171170,202301,60,0.85
5255,2020171172,202301,34,0.85
5256,2020171175,202301,85,0.85
5257,2020171180,202301,32,0.85
5258,2020171185,202301,226,0.85
5259,2020171190,202301,20,0.85
5260,2020171195,202301,14,0.85
5261,2020171200,202301,49,0.85
5262,2020171205,202301,16,0.85
5263,2020171210,202301,44,0.85
5264,2020171215,202301,52,0.85
5265,2020171220,202301,60,0.85
5266,2020171225,202301,34,0.85
5267,2020171230,202301,2,0.85
5268,2020171235,202301,18,0.85
5269,2020171240,202301,28,0.85
5270,2020171245,202301,8,0.85
5271,2020171250,202301,66,0.85
5272,2020171255,202301,35,0.85
5273,2020171260,202301,10,0.85
5274,2020171265,202301,47,0.85
5275,2020171270,202301,45,0.85
5276,2020171275,202301,33,0.85
5277,2020171280,202301,3,0.85
5278,2020171285,202301,11,0.85
5279,2020171290,202301,53,0.85
5280,2020171295,202301,29,0.85
5281,2020171300,202301,0,0.85
5282,2020171305,202301,4,0.85
5283,2020171310,202301,15,0.85
5284,2020171315,202301,11,0.85
5285,2020171320,202301,8,0.85
5286,2020171325,202301,20,0.85
5287,2020171330,202301,0,0.85
5288,2020171335,202301,33,0.85
5289,2020171340,202301,0,0.85
5290,2020171345,202301,2,0.85
5291,2020171350,202301,10,0.85
5292,2020171355,202301,26,0.85
5293,2020171360,202301,7,0.85
5294,2020171365,202301,9,0.85
5295,2020171370,202301,44,0.85
5296,2020171375,202301,23,0.85
5297,2020171380,202301,9,0.85
5298,2020171390,202301,25,0.85
5299,2020171395,202301,23,0.85
5300,2020171405,202301,0,0.85
5301,2020171420,202301,6,0.85
5302,2020171430,202301,3,0.85
5303,2020171435,202301,10,0.85
5304,2020171440,202301,47,0.85
5305,2020171445,202301,13,0.85
5306,2020171450,202301,7,0.85
5307,2020171455,202301,6,0.85
5308,2020171460,202301,14,0.85
5309,2020171465,202301,15,0.85
5310,2020171470,202301,19,0.85
5311,2020171475,202301,7,0.85
5312,2020171480,202301,2,0.85
5313,2020171485,202301,28,0.85
5314,2020171490,202301,0,0.85
5315,2020171495,202301,57,0.85
5316,2020171500,202301,53,0.85
5317,2020171502,202301,21,0.85
5318,2020171504,202301,0,0.85
5319,2020171505,202301,15,0.85
5320,2020171506,202301,3,0.85
5321,2020171507,202301,16,0.85
5322,2020171508,202301,39,0.85
5323,2020171510,202301,8,0.85
5324,2020171511,202301,3,0.85
5325,2020171512,202301,9,0.85
5326,2020171513,202301,93,0.85
5327,2020171514,202301,8,0.85
5328,2020171515,202301,48,0.85
5329,2020171516,202301,10,0.85
5330,2020171517,202301,3,0.85
5331,2020171518,202301,8,0.85
5332,2020171519,202301,63,0.85
5333,2020171520,202301,3,0.85
5334,2020171521,202301,6,0.85
5335,2020171522,202301,7,0.85
5336,2020171524,202301,1,0.85
5337,2020171525,202301,8,0.85
5338,2020171526,202301,0,0.85
5339,2020171527,202301,2,0.85
5340,2020171528,202301,71,0.85
5341,2020171530,202301,32,0.85
5342,2020171531,202301,1,0.85
5343,2020180010,202301,13,0.85
5344,2020180020,202301,63,0.85
5345,2020180030,202301,42,0.85
5346,2020180105,202301,12,0.85
5347,2020180115,202301,13,0.85
5348,2020180125,202301,16,0.85
5349,2020180145,202301,36,0.85
5350,2020180155,202301,47,0.85
5351,2020180165,202301,6,0.85
5352,2020180170,202301,61,0.85
5353,2020180175,202301,71,0.85
5354,2020180180,202301,36,0.85
5355,2020180185,202301,51,0.85
5356,2020180190,202301,37,0.85
5357,2020180195,202301,45,0.85
5358,2020180205,202301,6,0.85
5359,2020180210,202301,12,0.85
5360,2020180215,202301,62,0.85
5361,2020180216,202301,31,0.85
5362,2020180217,202301,15,0.85
5363,2020180220,202301,14,0.85
5364,2020180223,202301,23,0.85
5365,2020180224,202301,75,0.85
5366,2020180225,202301,22,0.85
5367,2020180227,202301,173,0.85
5368,2020180230,202301,7,0.85
5369,2020180235,202301,112,0.85
5370,2020180240,202301,74,0.85
5371,2020180245,202301,125,0.85
5372,2020180255,202301,14,0.85
5373,2020180260,202301,35,0.85
5374,2020180265,202301,0,0.85
5375,2020180270,202301,6,0.85
5376,2020180271,202301,12,0.85
5377,2020180272,202301,52,0.85
5378,2020180274,202301,10,0.85
5379,2020180275,202301,28,0.85
5380,2020180280,202301,7,0.85
5381,2020180283,202301,3,0.85
5382,2020180290,202301,101,0.85
5383,2020180300,202301,29,0.85
5384,2020180305,202301,4,0.85
5385,2020180310,202301,6,0.85
5386,2020180314,202301,16,0.85
5387,2020180316,202301,60,0.85
5388,2020180317,202301,17,0.85
5389,2020180318,202301,17,0.85
5390,2020180320,202301,84,0.85
5391,2020180325,202301,25,0.85
5392,2020180330,202301,28,0.85
5393,2020180335,202301,0,0.85
5394,2020180340,202301,80,0.85
5395,2020180346,202301,64,0.85
5396,2020180350,202301,80,0.85
5397,2020180355,202301,445,0.85
5398,2020180360,202301,96,0.85
5399,2020180365,202301,24,0.85
5400,2020180370,202301,108,0.85
5401,2020180371,202301,32,0.85
5402,2020180375,202301,93,0.85
5403,2020180376,202301,23,0.85
5404,2020180380,202301,5,0.85
5405,2020180385,202301,43,0.85
5406,2020180390,202301,48,0.85
5407,2020180395,202301,21,0.85
5408,2020180401,202301,49,0.85
5409,2020180402,202301,28,0.85
5410,2020180403,202301,108,0.85
5411,2020180404,202301,15,0.85
5412,2020180405,202301,16,0.85
5413,2020180406,202301,64,0.85
5414,2020180408,202301,15,0.85
5415,2020180409,202301,15,0.85
5416,2020180410,202301,14,0.85
5417,2020180411,202301,52,0.85
5418,2020180414,202301,103,0.85
5419,2020180415,202301,0,0.85
5420,2020180420,202301,51,0.85
5421,2020180425,202301,35,0.85
5422,2020180430,202301,37,0.85
5423,2020180435,202301,45,0.85
5424,2020180440,202301,1,0.85
5425,2020180445,202301,40,0.85
5426,2020180446,202301,9,0.85
5427,2020180447,202301,27,0.85
5428,2020180450,202301,91,0.85
5429,2020180451,202301,19,0.85
5430,2020180452,202301,29,0.85
5431,2020180453,202301,30,0.85
5432,2020180456,202301,27,0.85
5433,2020180457,202301,17,0.85
5434,2020180458,202301,26,0.85
5435,2020180459,202301,31,0.85
5436,2020180460,202301,55,0.85
5437,2020180461,202301,41,0.85
5438,2020180462,202301,50,0.85
5439,2020180465,202301,18,0.85
5440,2020180466,202301,37,0.85
5441,2020180467,202301,86,0.85
5442,2020180468,202301,44,0.85
5443,2020180469,202301,59,0.85
5444,2020180470,202301,48,0.85
5445,2020180471,202301,24,0.85
5446,2020180473,202301,17,0.85
5447,2020180474,202301,29,0.85
5448,2020180475,202301,5,0.85
5449,2020180476,202301,46,0.85
5450,2020180477,202301,0,0.85
5451,2020180478,202301,70,0.85
5452,2020180479,202301,9,0.85
5453,2020180480,202301,22,0.85
5454,2020180481,202301,96,0.85
5455,2020180482,202301,38,0.85
5456,2020180483,202301,18,0.85
5457,2020180485,202301,6,0.85
5458,2020180490,202301,46,0.85
5459,2020180495,202301,41,0.85
5460,2020180502,202301,17,0.85
5461,2020180504,202301,29,0.85
5462,2020180505,202301,25,0.85
5463,2020180510,202301,38,0.85
5464,2020180515,202301,0,0.85
5465,2020180516,202301,11,0.85
5466,2020180518,202301,0,0.85
5467,2020180520,202301,93,0.85
5468,2020180525,202301,35,0.85
5469,2020180527,202301,93,0.85
5470,2020180530,202301,11,0.85
5471,2020180531,202301,44,0.85
5472,2020180532,202301,27,0.85
5473,2020180535,202301,21,0.85
5474,2020180540,202301,51,0.85
5475,2020180545,202301,37,0.85
5476,2020180547,202301,43,0.85
5477,2020180550,202301,111,0.85
5478,2020180551,202301,65,0.85
5479,2020180552,202301,9,0.85
5480,2020180553,202301,8,0.85
5481,2020180554,202301,27,0.85
5482,2020180555,202301,52,0.85
5483,2020180556,202301,41,0.85
5484,2020180560,202301,70,0.85
5485,2020180561,202301,5,0.85
5486,2020180562,202301,17,0.85
5487,2020180563,202301,0,0.85
5488,2020180564,202301,51,0.85
5489,2020180565,202301,45,0.85
5490,2020180566,202301,85,0.85
5491,2020180567,202301,5,0.85
5492,2020180570,202301,21,0.85
5493,2020180575,202301,11,0.85
5494,2020180580,202301,7,0.85
5495,2020180585,202301,11,0.85
5496,2020180595,202301,1,0.85
5497,2020180600,202301,108,0.85
5498,2020180605,202301,29,0.85
5499,2020180606,202301,12,0.85
5500,2020180608,202301,45,0.85
5501,2020180610,202301,16,0.85
5502,2020180615,202301,28,0.85
5503,2020180620,202301,108,0.85
5504,2020180625,202301,21,0.85
5505,2020180630,202301,28,0.85
5506,2020180635,202301,0,0.85
5507,2020180640,202301,48,0.85
5508,2020180645,202301,18,0.85
5509,2020180650,202301,74,0.85
5510,2020180655,202301,27,0.85
5511,2020180670,202301,22,0.85
5512,2020180675,202301,0,0.85
5513,2020180676,202301,7,0.85
5514,2020180677,202301,0,0.85
5515,2020180678,202301,50,0.85
5516,2020180679,202301,0,0.85
5517,2020180681,202301,41,0.85
5518,2020180682,202301,18,0.85
5519,2020180683,202301,0,0.85
5520,2020180684,202301,0,0.85
5521,2020180685,202301,2,0.85
5522,2020180686,202301,7,0.85
5523,2020180687,202301,94,0.85
5524,2020180688,202301,3,0.85
5525,2020180689,202301,37,0.85
5526,2020180690,202301,23,0.85
5527,2020180691,202301,14,0.85
5528,2020180692,202301,21,0.85
5529,2020180693,202301,4,0.85
5530,2020180694,202301,0,0.85
5531,2020180695,202301,42,0.85
5532,2020180696,202301,12,0.85
5533,2020190005,202301,44,0.85
5534,2020190010,202301,24,0.85
5535,2020190020,202301,3,0.85
5536,2020190030,202301,55,0.85
5537,2020190035,202301,34,0.85
5538,2020190040,202301,50,0.85
5539,2020190050,202301,104,0.85
5540,2020190070,202301,31,0.85
5541,2020190080,202301,12,0.85
5542,2020190090,202301,79,0.85
5543,2020190100,202301,17,0.85
5544,2020190110,202301,53,0.85
5545,2020190115,202301,5,0.85
5546,2020190120,202301,39,0.85
5547,2020190125,202301,19,0.85
5548,2020190130,202301,94,0.85
5549,2020190135,202301,72,0.85
5550,2020190140,202301,4,0.85
5551,2020190145,202301,101,0.85
5552,2020190150,202301,15,0.85
5553,2020190155,202301,16,0.85
5554,2020190160,202301,75,0.85
5555,2020190165,202301,10,0.85
5556,2020190180,202301,90,0.85
5557,2020190185,202301,18,0.85
5558,2020190190,202301,48,0.85
5559,2020190195,202301,110,0.85
5560,2020190205,202301,48,0.85
5561,2020190210,202301,13,0.85
5562,2020190215,202301,60,0.85
5563,2020190220,202301,32,0.85
5564,2020190225,202301,18,0.85
5565,2020190230,202301,57,0.85
5566,2020190235,202301,27,0.85
5567,2020190240,202301,63,0.85
5568,2020190245,202301,11,0.85
5569,2020190250,202301,15,0.85
5570,2020190260,202301,29,0.85
5571,2020190265,202301,34,0.85
5572,2020190270,202301,71,0.85
5573,2020190275,202301,30,0.85
5574,2020190285,202301,3,0.85
5575,2020190290,202301,41,0.85
5576,2020190295,202301,36,0.85
5577,2020190300,202301,1,0.85
5578,2020190305,202301,9,0.85
5579,2020190310,202301,19,0.85
5580,2020190315,202301,37,0.85
5581,2020190320,202301,0,0.85
5582,2020190325,202301,42,0.85
5583,2020190335,202301,28,0.85
5584,2020190340,202301,11,0.85
5585,2020190345,202301,66,0.85
5586,2020190350,202301,2,0.85
5587,2020190355,202301,89,0.85
5588,2020190360,202301,11,0.85
5589,2020190365,202301,11,0.85
5590,2020190375,202301,112,0.85
5591,2020190385,202301,20,0.85
5592,2020190390,202301,25,0.85
5593,2020190395,202301,29,0.85
5594,2020190400,202301,10,0.85
5595,2020190405,202301,32,0.85
5596,2020190410,202301,41,0.85
5597,2020190415,202301,48,0.85
5598,2020190420,202301,77,0.85
5599,2020190425,202301,523,0.85
5600,2020190430,202301,74,0.85
5601,2020190435,202301,70,0.85
5602,2020190440,202301,165,0.85
5603,2020190445,202301,51,0.85
5604,2020190450,202301,51,0.85
5605,2020190455,202301,52,0.85
5606,2020190460,202301,55,0.85
5607,2020190465,202301,15,0.85
5608,2020190480,202301,15,0.85
5609,2020190485,202301,77,0.85
5610,2020190490,202301,79,0.85
5611,2020190495,202301,44,0.85
5612,2020190500,202301,81,0.85
5613,2020190501,202301,24,0.85
5614,2020190505,202301,103,0.85
5615,2020190510,202301,108,0.85
5616,2020190515,202301,7,0.85
5617,2020190520,202301,0,0.85
5618,2020190525,202301,472,0.85
5619,2020190530,202301,4,0.85
5620,2020190540,202301,14,0.85
5621,2020190541,202301,0,0.85
5622,2020190545,202301,24,0.85
5623,2020190550,202301,2,0.85
5624,2020190555,202301,33,0.85
5625,2020190560,202301,64,0.85
5626,2020190565,202301,26,0.85
5627,2020190570,202301,15,0.85
5628,2020190580,202301,55,0.85
5629,2020190585,202301,64,0.85
5630,2020190590,202301,13,0.85
5631,2020190595,202301,11,0.85
5632,2020190600,202301,74,0.85
5633,2020190605,202301,10,0.85
5634,2020190610,202301,33,0.85
5635,2020190615,202301,8,0.85
5636,2020190620,202301,71,0.85
5637,2020190625,202301,0,0.85
5638,2020190630,202301,0,0.85
5639,2020190635,202301,28,0.85
5640,2020190640,202301,68,0.85
5641,2020190645,202301,0,0.85
5642,2020190650,202301,53,0.85
5643,2020190655,202301,25,0.85
5644,2020190660,202301,51,0.85
5645,2020190665,202301,52,0.85
5646,2020190675,202301,26,0.85
5647,2020190680,202301,6,0.85
5648,2020190690,202301,31,0.85
5649,2020190695,202301,83,0.85
5650,2020190700,202301,10,0.85
5651,2020190705,202301,14,0.85
5652,2020190715,202301,26,0.85
5653,2020190720,202301,0,0.85
5654,2020190725,202301,0,0.85
5655,2020190730,202301,11,0.85
5656,2020190735,202301,10,0.85
5657,2020190740,202301,15,0.85
5658,2020190742,202301,3,0.85
5659,2020190743,202301,9,0.85
5660,2020190750,202301,16,0.85
5661,2020190755,202301,0,0.85
5662,2020190765,202301,20,0.85
5663,2020190770,202301,6,0.85
5664,2020190775,202301,638,0.85
5665,2020190780,202301,13,0.85
5666,2020190785,202301,13,0.85
5667,2020190790,202301,77,0.85
5668,2020190795,202301,18,0.85
5669,2020190800,202301,64,0.85
5670,2020190805,202301,27,0.85
5671,2020190810,202301,41,0.85
5672,2020190815,202301,15,0.85
5673,2020190820,202301,26,0.85
5674,2020190825,202301,9,0.85
5675,2020190830,202301,4,0.85
5676,2020190835,202301,5,0.85
5677,2020190845,202301,0,0.85
5678,2020190850,202301,30,0.85
5679,2020190855,202301,63,0.85
5680,2020190865,202301,0,0.85
5681,2020190875,202301,0,0.85
5682,2020190880,202301,63,0.85
5683,2020190885,202301,14,0.85
5684,2020190900,202301,82,0.85
5685,2020190910,202301,1,0.85
5686,2020190930,202301,1,0.85
5687,2020190940,202301,33,0.85
5688,2020190945,202301,22,0.85
5689,2020190950,202301,3,0.85
5690,2020190960,202301,39,0.85
5691,2020190970,202301,40,0.85
5692,2020190980,202301,34,0.85
5693,2020190990,202301,9,0.85
5694,2020190995,202301,68,0.85
5695,2020191000,202301,125,0.85
5696,2020191005,202301,36,0.85
5697,2020191015,202301,25,0.85
5698,2020191020,202301,51,0.85
5699,2020191025,202301,108,0.85
5700,2020191030,202301,0,0.85
5701,2020191035,202301,84,0.85
5702,2020191040,202301,16,0.85
5703,2020191045,202301,28,0.85
5704,2020191049,202301,33,0.85
5705,2020191050,202301,27,0.85
5706,2020191060,202301,0,0.85
5707,2020191065,202301,26,0.85
5708,2020191070,202301,34,0.85
5709,2020191072,202301,114,0.85
5710,2020191073,202301,29,0.85
5711,2020191074,202301,32,0.85
5712,2020191075,202301,14,0.85
5713,2020191076,202301,10,0.85
5714,2020191077,202301,124,0.85
5715,2020191078,202301,0,0.85
5716,2020191079,202301,14,0.85
5717,2020191081,202301,4,0.85
5718,2020191082,202301,18,0.85
5719,2020200305,202301,87,0.85
5720,2020200409,202301,49,0.85
5721,2020200755,202301,1,0.85
5722,2020240040,202301,54,0.85
5723,2020240050,202301,5,0.85
5724,2020240070,202301,146,0.85
5725,2020240080,202301,1,0.85
5726,2020240090,202301,0,0.85
5727,2020240100,202301,1,0.85
5728,2020240105,202301,8,0.85
5729,2020240120,202301,27,0.85
5730,2020240135,202301,18,0.85
5731,2020240140,202301,4,0.85
5732,2020240145,202301,26,0.85
5733,2020240150,202301,23,0.85
5734,2020240155,202301,22,0.85
5735,2020240160,202301,27,0.85
5736,2020240165,202301,22,0.85
5737,2020240170,202301,64,0.85
5738,2020240175,202301,17,0.85
5739,2020240180,202301,13,0.85
5740,2020240185,202301,38,0.85
5741,2020240190,202301,0,0.85
5742,2020240200,202301,171,0.85
5743,2020240205,202301,8,0.85
5744,2020240210,202301,64,0.85
5745,2020240215,202301,67,0.85
5746,2020240220,202301,32,0.85
5747,2020240225,202301,154,0.85
5748,2020240230,202301,12,0.85
5749,2020240235,202301,0,0.85
5750,2020240240,202301,18,0.85
5751,2020240245,202301,108,0.85
5752,2020240250,202301,55,0.85
5753,2020240255,202301,40,0.85
5754,2020240260,202301,30,0.85
5755,2020240265,202301,61,0.85
5756,2020240270,202301,105,0.85
5757,2020240275,202301,22,0.85
5758,2020240280,202301,49,0.85
5759,2020240285,202301,9,0.85
5760,2020240290,202301,24,0.85
5761,2020240295,202301,1,0.85
5762,2020240300,202301,5,0.85
5763,2020240305,202301,6,0.85
5764,2020240310,202301,22,0.85
5765,2020240315,202301,57,0.85
5766,2020240320,202301,43,0.85
5767,2020240325,202301,7,0.85
5768,2020240330,202301,0,0.85
5769,2020240335,202301,21,0.85
5770,2020240340,202301,31,0.85
5771,2020240345,202301,0,0.85
5772,2020240360,202301,105,0.85
5773,2020240365,202301,16,0.85
5774,2020240370,202301,20,0.85
5775,2020240375,202301,8,0.85
5776,2020240380,202301,23,0.85
5777,2020240385,202301,14,0.85
5778,2020240390,202301,2,0.85
5779,2020240395,202301,0,0.85
5780,2020240405,202301,25,0.85
5781,2020240410,202301,95,0.85
5782,2020240415,202301,0,0.85
5783,2020240420,202301,34,0.85
5784,2020240425,202301,23,0.85
5785,2020240430,202301,11,0.85
5786,2020240435,202301,44,0.85
5787,2020240440,202301,2,0.85
5788,2020240450,202301,327,0.85
5789,2020240455,202301,0,0.85
5790,2020240460,202301,38,0.85
5791,2020240465,202301,37,0.85
5792,2020240470,202301,78,0.85
5793,2020240475,202301,80,0.85
5794,2020240480,202301,358,0.85
5795,2020240485,202301,13,0.85
5796,2020240490,202301,47,0.85
5797,2020240495,202301,3,0.85
5798,2020240500,202301,85,0.85
5799,2020240505,202301,19,0.85
5800,2020240515,202301,0,0.85
5801,2020240520,202301,118,0.85
5802,2020240525,202301,25,0.85
5803,2020240535,202301,25,0.85
5804,2020240540,202301,208,0.85
5805,2020240545,202301,34,0.85
5806,2020240550,202301,121,0.85
5807,2020240555,202301,67,0.85
5808,2020240560,202301,16,0.85
5809,2020240565,202301,0,0.85
5810,2020240575,202301,2,0.85
5811,2020240580,202301,0,0.85
5812,2020240585,202301,14,0.85
5813,2020240590,202301,13,0.85
5814,2020240600,202301,0,0.85
5815,2020240605,202301,59,0.85
5816,2020240610,202301,54,0.85
5817,2020240615,202301,22,0.85
5818,2020240620,202301,92,0.85
5819,2020240625,202301,29,0.85
5820,2020240630,202301,48,0.85
5821,2020240635,202301,11,0.85
5822,2020240640,202301,33,0.85
5823,2020240645,202301,8,0.85
5824,2020240650,202301,20,0.85
5825,2020240655,202301,0,0.85
5826,2020240660,202301,0,0.85
5827,2020240665,202301,25,0.85
5828,2020240670,202301,27,0.85
5829,2020240675,202301,4,0.85
5830,2020240680,202301,29,0.85
5831,2020240685,202301,10,0.85
5832,2020240690,202301,74,0.85
5833,2020240695,202301,71,0.85
5834,2020240700,202301,3,0.85
5835,2020240705,202301,21,0.85
5836,2020240710,202301,108,0.85
5837,2020240715,202301,16,0.85
5838,2020240720,202301,9,0.85
5839,2020240725,202301,19,0.85
5840,2020240730,202301,37,0.85
5841,2020240740,202301,45,0.85
5842,2020240745,202301,4,0.85
5843,2020240750,202301,46,0.85
5844,2020240755,202301,23,0.85
5845,2020240760,202301,48,0.85
5846,2020240765,202301,22,0.85
5847,2020240770,202301,1,0.85
5848,2020240775,202301,105,0.85
5849,2020240780,202301,23,0.85
5850,2020240785,202301,4,0.85
5851,2020240790,202301,7,0.85
5852,2020240795,202301,28,0.85
5853,2020240800,202301,65,0.85
5854,2020240805,202301,4,0.85
5855,2020240810,202301,61,0.85
5856,2020240815,202301,4,0.85
5857,2020240820,202301,31,0.85
5858,2020240830,202301,0,0.85
5859,2020240850,202301,62,0.85
5860,2020240860,202301,0,0.85
5861,2020240870,202301,70,0.85
5862,2020240890,202301,5,0.85
5863,2020240910,202301,207,0.85
5864,2020240920,202301,39,0.85
5865,2020240930,202301,66,0.85
5866,2020240940,202301,68,0.85
5867,2020240950,202301,8,0.85
5868,2020240970,202301,6,0.85
5869,2020240980,202301,40,0.85
5870,2020240990,202301,7,0.85
5871,2020241000,202301,44,0.85
5872,2020241010,202301,4,0.85
5873,2020241020,202301,42,0.85
5874,2020241030,202301,11,0.85
5875,2020241040,202301,110,0.85
5876,2020241050,202301,47,0.85
5877,2020241060,202301,47,0.85
5878,2020241070,202301,26,0.85
5879,2020241080,202301,14,0.85
5880,2020241090,202301,141,0.85
5881,2020241100,202301,39,0.85
5882,2020241110,202301,18,0.85
5883,2020241120,202301,32,0.85
5884,2020241130,202301,9,0.85
5885,2020241140,202301,15,0.85
5886,2020241160,202301,22,0.85
5887,2020241190,202301,28,0.85
5888,2020241200,202301,16,0.85
5889,2020241210,202301,34,0.85
5890,2020241220,202301,40,0.85
5891,2020241230,202301,50,0.85
5892,2020241240,202301,6,0.85
5893,2020241250,202301,13,0.85
5894,2020241260,202301,91,0.85
5895,2020241270,202301,51,0.85
5896,2020241280,202301,26,0.85
5897,2020241290,202301,64,0.85
5898,2020241320,202301,19,0.85
5899,2020241330,202301,9,0.85
5900,2020241340,202301,26,0.85
5901,2020241350,202301,13,0.85
5902,2020241360,202301,15,0.85
5903,2020241370,202301,33,0.85
5904,2020241380,202301,9,0.85
5905,2020241390,202301,10,0.85
5906,2020241400,202301,52,0.85
5907,2020241410,202301,32,0.85
5908,2020241420,202301,5,0.85
5909,2020241430,202301,24,0.85
5910,2020241440,202301,73,0.85
5911,2020241450,202301,4,0.85
5912,2020241460,202301,103,0.85
5913,2020241470,202301,3,0.85
5914,2020241480,202301,5,0.85
5915,2020241490,202301,9,0.85
5916,2020241500,202301,57,0.85
5917,2020241510,202301,23,0.85
5918,2020241520,202301,38,0.85
5919,2020241530,202301,0,0.85
5920,2020241540,202301,20,0.85
5921,2020241550,202301,25,0.85
5922,2020241560,202301,34,0.85
5923,2020241570,202301,0,0.85
5924,2020241580,202301,13,0.85
5925,2020241590,202301,3,0.85
5926,2020241591,202301,1,0.85
5927,2020241592,202301,13,0.85
5928,2020241593,202301,0,0.85
5929,2020241594,202301,10,0.85
5930,2020241595,202301,18,0.85
5931,2020241596,202301,48,0.85
5932,2020241600,202301,0,0.85
5933,2020241601,202301,1,0.85
5934,2020241603,202301,17,0.85
5935,2020241604,202301,53,0.85
5936,2020241605,202301,29,0.85
5937,2020241606,202301,30,0.85
5938,2020241607,202301,26,0.85
5939,2020241608,202301,12,0.85
5940,2020241609,202301,67,0.85
5941,2020241611,202301,0,0.85
5942,2020241612,202301,14,0.85
5943,2020241613,202301,0,0.85
5944,2020241614,202301,90,0.85
5945,2020241615,202301,16,0.85
5946,2020241616,202301,6,0.85
5947,2020241617,202301,15,0.85
5948,2020241618,202301,0,0.85
5949,2020241619,202301,1,0.85
5950,2020241620,202301,2,0.85
5951,2020241621,202301,24,0.85
5952,2020241622,202301,0,0.85
5953,2020241623,202301,11,0.85
5954,2020241624,202301,22,0.85
5955,2020241625,202301,68,0.85
5956,2020241626,202301,6,0.85
5957,2020241627,202301,4,0.85
5958,2020241628,202301,51,0.85
5959,2020241629,202301,0,0.85
5960,2020241630,202301,27,0.85
5961,2020241631,202301,36,0.85
5962,2020241632,202301,0,0.85
5963,2020241633,202301,0,0.85
5964,2020241634,202301,24,0.85
5965,2020241635,202301,54,0.85
5966,2020241636,202301,26,0.85
5967,2020241637,202301,0,0.85
5968,2020241638,202301,13,0.85
5969,2020241639,202301,16,0.85
5970,2020241640,202301,0,0.85
5971,2020241641,202301,3,0.85
5972,2020241642,202301,63,0.85
5973,2020241643,202301,49,0.85
5974,2020241644,202301,26,0.85
5975,2020241645,202301,13,0.85
5976,2020241646,202301,27,0.85
5977,2020241647,202301,100,0.85
5978,2020241648,202301,19,0.85
5979,2020241649,202301,2,0.85
5980,2020241650,202301,31,0.85
5981,2020241651,202301,10,0.85
5982,2020241652,202301,18,0.85
5983,2020241653,202301,3,0.85
5984,2020241654,202301,13,0.85
5985,2020241655,202301,8,0.85
5986,2020241656,202301,28,0.85
5987,2020241657,202301,21,0.85
5988,2020241658,202301,13,0.85
5989,2020241659,202301,65,0.85
5990,2020241660,202301,58,0.85
5991,2020241661,202301,42,0.85
5992,2020241662,202301,0,0.85
5993,2020241663,202301,13,0.85
5994,2020241664,202301,15,0.85
5995,2020241665,202301,31,0.85
5996,2020241666,202301,18,0.85
5997,2020241667,202301,0,0.85
5998,2020241668,202301,6,0.85
5999,2020241669,202301,44,0.85
6000,2020250040,202301,13,0.85
6001,2020250050,202301,13,0.85
6002,2020250060,202301,79,0.85
6003,2020250070,202301,13,0.85
6004,2020250080,202301,25,0.85
6005,2020250090,202301,5,0.85
6006,2020250100,202301,22,0.85
6007,2020250105,202301,87,0.85
6008,2020250110,202301,38,0.85
6009,2020250115,202301,68,0.85
6010,2020250120,202301,26,0.85
6011,2020250125,202301,14,0.85
6012,2020250130,202301,0,0.85
6013,2020250135,202301,50,0.85
6014,2020250140,202301,0,0.85
6015,2020250145,202301,60,0.85
6016,2020250150,202301,36,0.85
6017,2020250155,202301,13,0.85
6018,2020250160,202301,24,0.85
6019,2020250165,202301,3,0.85
6020,2020250170,202301,0,0.85
6021,2020250180,202301,62,0.85
6022,2020250185,202301,15,0.85
6023,2020250190,202301,7,0.85
6024,2020250195,202301,80,0.85
6025,2020250200,202301,8,0.85
6026,2020250205,202301,7,0.85
6027,2020250210,202301,5,0.85
6028,2020250215,202301,59,0.85
6029,2020250220,202301,25,0.85
6030,2020250225,202301,24,0.85
6031,2020250230,202301,45,0.85
6032,2020250235,202301,30,0.85
6033,2020250240,202301,26,0.85
6034,2020250245,202301,9,0.85
6035,2020250250,202301,0,0.85
6036,2020250255,202301,0,0.85
6037,2020250260,202301,18,0.85
6038,2020250270,202301,23,0.85
6039,2020250275,202301,18,0.85
6040,2020250280,202301,12,0.85
6041,2020250285,202301,21,0.85
6042,2020250290,202301,48,0.85
6043,2020250295,202301,2,0.85
6044,2020250300,202301,1,0.85
6045,2020250305,202301,25,0.85
6046,2020250310,202301,21,0.85
6047,2020250315,202301,6,0.85
6048,2020250320,202301,18,0.85
6049,2020250325,202301,36,0.85
6050,2020250330,202301,0,0.85
6051,2020250335,202301,7,0.85
6052,2020250340,202301,18,0.85
6053,2020250350,202301,35,0.85
6054,2020250360,202301,0,0.85
6055,2020250362,202301,6,0.85
6056,2020250363,202301,3,0.85
6057,2020250364,202301,4,0.85
6058,2020250365,202301,23,0.85
6059,2020250366,202301,86,0.85
6060,2020250367,202301,16,0.85
6061,2020260100,202301,70,0.85
6062,2020260105,202301,67,0.85
6063,2020260110,202301,37,0.85
6064,2020260115,202301,0,0.85
6065,2020260120,202301,15,0.85
6066,2020260125,202301,0,0.85
6067,2020260130,202301,75,0.85
6068,2020260135,202301,3,0.85
6069,2020260140,202301,11,0.85
6070,2020260145,202301,11,0.85
6071,2020260150,202301,22,0.85
6072,2020260155,202301,20,0.85
6073,2020260160,202301,31,0.85
6074,2020260165,202301,46,0.85
6075,2020260170,202301,25,0.85
6076,2020260175,202301,37,0.85
6077,2020260180,202301,25,0.85
6078,2020260185,202301,0,0.85
6079,2020260190,202301,29,0.85
6080,2020260195,202301,74,0.85
6081,2020260200,202301,65,0.85
6082,2020260205,202301,49,0.85
6083,2020260210,202301,118,0.85
6084,2020260215,202301,86,0.85
6085,2020260220,202301,17,0.85
6086,2020260225,202301,41,0.85
6087,2020260230,202301,18,0.85
6088,2020260235,202301,75,0.85
6089,2020260240,202301,20,0.85
6090,2020260245,202301,46,0.85
6091,2020260250,202301,187,0.85
6092,2020260255,202301,0,0.85
6093,2020260256,202301,6,0.85
6094,2020270100,202301,0,0.85
6095,2020270105,202301,34,0.85
6096,2020270110,202301,0,0.85
6097,2020270115,202301,56,0.85
6098,2020270120,202301,18,0.85
6099,2020270125,202301,23,0.85
6100,2020270130,202301,50,0.85
6101,2020270135,202301,32,0.85
6102,2020270140,202301,42,0.85
6103,2020270145,202301,18,0.85
6104,2020270150,202301,24,0.85
6105,2020270155,202301,56,0.85
6106,2020270160,202301,27,0.85
6107,2020270165,202301,0,0.85
6108,2020270170,202301,12,0.85
6109,2020270175,202301,32,0.85
6110,2020270180,202301,54,0.85
6111,2020270185,202301,34,0.85
6112,2020270190,202301,43,0.85
6113,2020270195,202301,4,0.85
6114,2020270200,202301,13,0.85
6115,2020270205,202301,36,0.85
6116,2020270210,202301,14,0.85
6117,2020270215,202301,36,0.85
6118,2020270220,202301,97,0.85
6119,2020270225,202301,13,0.85
6120,2020270230,202301,9,0.85
6121,2020270235,202301,34,0.85
6122,2020270240,202301,137,0.85
6123,2020270245,202301,0,0.85
6124,2020270250,202301,15,0.85
6125,2020270255,202301,23,0.85
6126,2020270260,202301,41,0.85
6127,2020270265,202301,63,0.85
6128,2020270270,202301,57,0.85
6129,2020270275,202301,2,0.85
6130,2020270280,202301,34,0.85
6131,2020270285,202301,28,0.85
6132,2020270290,202301,2,0.85
6133,2020270295,202301,14,0.85
6134,2020270300,202301,66,0.85
6135,2020270305,202301,17,0.85
6136,2020270310,202301,48,0.85
6137,2020270315,202301,76,0.85
6138,2020270320,202301,21,0.85
6139,2020270325,202301,47,0.85
6140,2020270330,202301,29,0.85
6141,2020270335,202301,9,0.85
6142,2020270340,202301,36,0.85
6143,2020270345,202301,51,0.85
6144,2020270350,202301,33,0.85
6145,2020270355,202301,71,0.85
6146,2020270360,202301,133,0.85
6147,2020270365,202301,18,0.85
6148,2020270370,202301,19,0.85
6149,2020270375,202301,41,0.85
6150,2020270380,202301,24,0.85
6151,2020270385,202301,48,0.85
6152,2020270390,202301,7,0.85
6153,2020270395,202301,0,0.85
6154,2020270400,202301,0,0.85
6155,2020270405,202301,15,0.85
6156,2020270410,202301,25,0.85
6157,2020270415,202301,126,0.85
6158,2020270420,202301,39,0.85
6159,2020270425,202301,12,0.85
6160,2020270435,202301,23,0.85
6161,2020270440,202301,0,0.85
6162,2020270445,202301,0,0.85
6163,2020270450,202301,19,0.85
6164,2020270452,202301,30,0.85
6165,2020270453,202301,25,0.85
6166,2020270454,202301,20,0.85
6167,2020270455,202301,37,0.85
6168,2020270456,202301,24,0.85
6169,2020270457,202301,12,0.85
6170,2020270458,202301,18,0.85
6171,2020270459,202301,105,0.85
6172,2020270460,202301,35,0.85
6173,2020270461,202301,3,0.85
6174,2020270462,202301,139,0.85
6175,2020270463,202301,0,0.85
6176,2020270464,202301,20,0.85
6177,2020270465,202301,50,0.85
6178,2020300100,202301,86,0.85
6179,2020300110,202301,24,0.85
6180,2020300115,202301,0,0.85
6181,2020300120,202301,32,0.85
6182,2020300130,202301,20,0.85
6183,2020300140,202301,61,0.85
6184,2020300145,202301,0,0.85
6185,2020300150,202301,0,0.85
6186,2020300155,202301,14,0.85
6187,2020300160,202301,41,0.85
6188,2020300165,202301,196,0.85
6189,2020300170,202301,6,0.85
6190,2020300175,202301,23,0.85
6191,2020300180,202301,24,0.85
6192,2020300185,202301,17,0.85
6193,2020300190,202301,54,0.85
6194,2020300195,202301,5,0.85
6195,2020300200,202301,6,0.85
6196,2020300205,202301,44,0.85
6197,2020300210,202301,13,0.85
6198,2020300215,202301,5,0.85
6199,2020300220,202301,123,0.85
6200,2020300225,202301,26,0.85
6201,2020300230,202301,0,0.85
6202,2020300235,202301,0,0.85
6203,2020300245,202301,100,0.85
6204,2020300250,202301,49,0.85
6205,2020300255,202301,146,0.85
6206,2020300256,202301,30,0.85
6207,2020310370,202301,0,0.85
6208,2020320100,202301,1,0.85
6209,2020320105,202301,43,0.85
6210,2020320110,202301,38,0.85
6211,2020320115,202301,85,0.85
6212,2020320120,202301,1,0.85
6213,2020320125,202301,16,0.85
6214,2020320135,202301,5,0.85
6215,2020320140,202301,33,0.85
6216,2020320145,202301,5,0.85
6217,2020330100,202301,0,0.85
6218,2020330110,202301,0,0.85
6219,2020330120,202301,5,0.85
6220,2020330130,202301,1,0.85
6221,2020330150,202301,0,0.85
6222,2020330160,202301,0,0.85
6223,2020330165,202301,13,0.85
6224,2020330170,202301,0,0.85
6225,2020330175,202301,30,0.85
6226,2020330180,202301,0,0.85
6227,2020330187,202301,0,0.85
6228,2020330188,202301,11,0.85
6229,2020340100,202301,69,0.85
6230,2020340105,202301,19,0.85
6231,2020340110,202301,0,0.85
6232,2020340115,202301,58,0.85
6233,2020340120,202301,32,0.85
6234,2020340125,202301,29,0.85
6235,2020340130,202301,27,0.85
6236,2020340135,202301,52,0.85
6237,2020340140,202301,15,0.85
6238,2020340145,202301,109,0.85
6239,2020340150,202301,24,0.85
6240,2020340155,202301,19,0.85
6241,2020340160,202301,35,0.85
6242,2020340165,202301,12,0.85
6243,2020340170,202301,37,0.85
6244,2020340175,202301,0,0.85
6245,2020340180,202301,0,0.85
6246,2020340185,202301,49,0.85
6247,2020340190,202301,4,0.85
6248,2020340195,202301,5,0.85
6249,2020340200,202301,29,0.85
6250,2020340205,202301,40,0.85
6251,2020340210,202301,4,0.85
6252,2020340215,202301,52,0.85
6253,2020340220,202301,75,0.85
6254,2020340225,202301,12,0.85
6255,2020340230,202301,205,0.85
6256,2020340235,202301,32,0.85
6257,2020340245,202301,33,0.85
6258,2020340250,202301,21,0.85
6259,2020340255,202301,57,0.85
6260,2020340260,202301,18,0.85
6261,2020340265,202301,295,0.85
6262,2020340270,202301,88,0.85
6263,2020340275,202301,119,0.85
6264,2020340280,202301,47,0.85
6265,2020340285,202301,67,0.85
6266,2020340290,202301,17,0.85
6267,2020340295,202301,30,0.85
6268,2020340300,202301,13,0.85
6269,2020340305,202301,184,0.85
6270,2020340310,202301,30,0.85
6271,2020340315,202301,8,0.85
6272,2020340320,202301,13,0.85
6273,2020340325,202301,16,0.85
6274,2020340330,202301,49,0.85
6275,2020340335,202301,43,0.85
6276,2020340340,202301,10,0.85
6277,2020340345,202301,48,0.85
6278,2020340350,202301,21,0.85
6279,2020340355,202301,0,0.85
6280,2020340360,202301,6,0.85
6281,2020340365,202301,26,0.85
6282,2020340370,202301,116,0.85
6283,2020340375,202301,27,0.85
6284,2020340380,202301,21,0.85
6285,2020340385,202301,143,0.85
6286,2020340390,202301,18,0.85
6287,2020340395,202301,16,0.85
6288,2020340400,202301,0,0.85
6289,2020340405,202301,34,0.85
6290,2020340410,202301,41,0.85
6291,2020340420,202301,57,0.85
6292,2020340425,202301,8,0.85
6293,2020340435,202301,18,0.85
6294,2020340440,202301,51,0.85
6295,2020340445,202301,47,0.85
6296,2020340450,202301,22,0.85
6297,2020340455,202301,35,0.85
6298,2020340460,202301,19,0.85
6299,2020340465,202301,21,0.85
6300,2020340470,202301,4,0.85
6301,2020340475,202301,49,0.85
6302,2020340480,202301,3,0.85
6303,2020340500,202301,48,0.85
6304,2020340505,202301,41,0.85
6305,2020340510,202301,90,0.85
6306,2020340515,202301,22,0.85
6307,2020340520,202301,14,0.85
6308,2020340525,202301,42,0.85
6309,2020340540,202301,0,0.85
6310,2020340545,202301,103,0.85
6311,2020340555,202301,1,0.85
6312,2020340560,202301,19,0.85
6313,2020340565,202301,30,0.85
6314,2020340570,202301,43,0.85
6315,2020340575,202301,14,0.85
6316,2020340580,202301,1,0.85
6317,2020340585,202301,22,0.85
6318,2020340590,202301,8,0.85
6319,2020340595,202301,15,0.85
6320,2020340605,202301,38,0.85
6321,2020340610,202301,3,0.85
6322,2020340615,202301,205,0.85
6323,2020340620,202301,78,0.85
6324,2020340625,202301,0,0.85
6325,2020340630,202301,22,0.85
6326,2020340635,202301,5,0.85
6327,2020340640,202301,75,0.85
6328,2020340645,202301,0,0.85
6329,2020340650,202301,0,0.85
6330,2020340655,202301,19,0.85
6331,2020340660,202301,117,0.85
6332,2020340665,202301,11,0.85
6333,2020340670,202301,3,0.85
6334,2020340675,202301,0,0.85
6335,2020340680,202301,14,0.85
6336,2020340685,202301,6,0.85
6337,2020340690,202301,141,0.85
6338,2020340701,202301,18,0.85
6339,2020340702,202301,20,0.85
6340,2020340703,202301,51,0.85
6341,2020340704,202301,87,0.85
6342,2020340705,202301,5,0.85
6343,2020340706,202301,62,0.85
6344,2020340707,202301,3,0.85
6345,2020340710,202301,10,0.85
6346,2020340712,202301,1,0.85
6347,2020340713,202301,63,0.85
6348,2020340714,202301,47,0.85
6349,2020340715,202301,64,0.85
6350,2020340716,202301,1,0.85
6351,2020350100,202301,9,0.85
6352,2020350105,202301,8,0.85
6353,2020350110,202301,17,0.85
6354,2020350115,202301,19,0.85
6355,2020350120,202301,56,0.85
6356,2020350125,202301,35,0.85
6357,2020350130,202301,2,0.85
6358,2020350135,202301,18,0.85
6359,2020350140,202301,30,0.85
6360,2020350145,202301,3,0.85
6361,2020350150,202301,41,0.85
6362,2020350155,202301,9,0.85
6363,2020350160,202301,53,0.85
6364,2020350161,202301,122,0.85
6365,2020350162,202301,102,0.85
6366,2020360100,202301,63,0.85
6367,2020360105,202301,50,0.85
6368,2020360110,202301,60,0.85
6369,2020360115,202301,178,0.85
6370,2020360120,202301,8,0.85
6371,2020360125,202301,39,0.85
6372,2020360130,202301,15,0.85
6373,2020360135,202301,3,0.85
6374,2020360140,202301,17,0.85
6375,2020360145,202301,25,0.85
6376,2020360150,202301,13,0.85
6377,2020360155,202301,74,0.85
6378,2020360160,202301,28,0.85
6379,2020360165,202301,9,0.85
6380,2020360170,202301,34,0.85
6381,2020360175,202301,0,0.85
6382,2020360180,202301,58,0.85
6383,2020360185,202301,85,0.85
6384,2020360190,202301,74,0.85
6385,2020360195,202301,67,0.85
6386,2020360200,202301,62,0.85
6387,2020360205,202301,61,0.85
6388,2020360210,202301,24,0.85
6389,2020360215,202301,25,0.85
6390,2020360220,202301,102,0.85
6391,2020360225,202301,7,0.85
6392,2020360230,202301,27,0.85
6393,2020360240,202301,604,0.85
6394,2020360245,202301,142,0.85
6395,2020360250,202301,62,0.85
6396,2020360255,202301,43,0.85
6397,2020360260,202301,10,0.85
6398,2020360265,202301,27,0.85
6399,2020360270,202301,21,0.85
6400,2020360275,202301,10,0.85
6401,2020360280,202301,0,0.85
6402,2020360285,202301,0,0.85
6403,2020360290,202301,52,0.85
6404,2020360295,202301,33,0.85
6405,2020360300,202301,40,0.85
6406,2020360305,202301,38,0.85
6407,2020360310,202301,31,0.85
6408,2020360315,202301,71,0.85
6409,2020360320,202301,22,0.85
6410,2020360325,202301,90,0.85
6411,2020360330,202301,41,0.85
6412,2020360335,202301,26,0.85
6413,2020360340,202301,28,0.85
6414,2020360345,202301,14,0.85
6415,2020360350,202301,16,0.85
6416,2020360355,202301,38,0.85
6417,2020360360,202301,26,0.85
6418,2020360361,202301,110,0.85
6419,2020360362,202301,50,0.85
6420,2020360363,202301,16,0.85
6421,2020360364,202301,215,0.85
6422,2020360365,202301,20,0.85
6423,2020360366,202301,20,0.85
6424,2020360367,202301,0,0.85
6425,2020360368,202301,38,0.85
6426,2020360369,202301,0,0.85
6427,2020360370,202301,32,0.85
6428,2020360371,202301,13,0.85
6429,2020360372,202301,19,0.85
6430,2020360373,202301,37,0.85
6431,2020360374,202301,0,0.85
6432,2020360375,202301,41,0.85
6433,2020390100,202301,72,0.85
6434,2020390105,202301,32,0.85
6435,2020390110,202301,30,0.85
6436,2020390115,202301,25,0.85
6437,2020390125,202301,23,0.85
6438,2020390130,202301,63,0.85
6439,2020390135,202301,5,0.85
6440,2020390140,202301,4,0.85
6441,2020390145,202301,240,0.85
6442,2020390150,202301,21,0.85
6443,2020390155,202301,47,0.85
6444,2020390160,202301,50,0.85
6445,2020390165,202301,20,0.85
6446,2020390170,202301,89,0.85
6447,2020390175,202301,33,0.85
6448,2020390180,202301,5,0.85
6449,2020390185,202301,22,0.85
6450,2020390190,202301,28,0.85
6451,2020390195,202301,12,0.85
6452,2020390200,202301,60,0.85
6453,2020390205,202301,23,0.85
6454,2020390210,202301,27,0.85
6455,2020390215,202301,0,0.85
6456,2020390220,202301,22,0.85
6457,2020390225,202301,16,0.85
6458,2020390230,202301,9,0.85
6459,2020390235,202301,19,0.85
6460,2020390245,202301,20,0.85
6461,2020390250,202301,98,0.85
6462,2020390255,202301,111,0.85
6463,2020390270,202301,26,0.85
6464,2020390275,202301,124,0.85
6465,2020390280,202301,0,0.85
6466,2020390285,202301,3,0.85
6467,2020390290,202301,100,0.85
6468,2020390295,202301,86,0.85
6469,2020390300,202301,8,0.85
6470,2020390305,202301,7,0.85
6471,2020390310,202301,186,0.85
6472,2020390315,202301,120,0.85
6473,2020390320,202301,0,0.85
6474,2020390330,202301,22,0.85
6475,2020390331,202301,0,0.85
6476,2020390333,202301,5,0.85
6477,2020390334,202301,76,0.85
6478,2020390335,202301,44,0.85
6479,2020390336,202301,0,0.85
6480,2020390337,202301,862,0.85
6481,2020390338,202301,108,0.85
6482,2020390339,202301,8,0.85
6483,2020390340,202301,14,0.85
6484,2020400100,202301,7,0.85
6485,2020400105,202301,44,0.85
6486,2020400110,202301,118,0.85
6487,2020400115,202301,28,0.85
6488,2020400120,202301,9,0.85
6489,2020400125,202301,26,0.85
6490,2020400130,202301,9,0.85
6491,2020400140,202301,22,0.85
6492,2020400145,202301,16,0.85
6493,2020400150,202301,41,0.85
6494,2020400155,202301,40,0.85
6495,2020400160,202301,17,0.85
6496,2020400165,202301,11,0.85
6497,2020400170,202301,13,0.85
6498,2020400175,202301,96,0.85
6499,2020400180,202301,16,0.85
6500,2020400185,202301,15,0.85
6501,2020400190,202301,0,0.85
6502,2020400195,202301,31,0.85
6503,2020400200,202301,11,0.85
6504,2020400205,202301,4,0.85
6505,2020400210,202301,10,0.85
6506,2020400215,202301,31,0.85
6507,2020400220,202301,5,0.85
6508,2020400225,202301,49,0.85
6509,2020400230,202301,41,0.85
6510,2020400235,202301,7,0.85
6511,2020400240,202301,13,0.85
6512,2020400245,202301,51,0.85
6513,2020400250,202301,17,0.85
6514,2020400255,202301,60,0.85
6515,2020400260,202301,4,0.85
6516,2020400265,202301,50,0.85
6517,2020400270,202301,21,0.85
6518,2020400275,202301,0,0.85
6519,2020400280,202301,18,0.85
6520,2020400285,202301,50,0.85
6521,2020400290,202301,40,0.85
6522,2020400295,202301,76,0.85
6523,2020400300,202301,43,0.85
6524,2020400305,202301,49,0.85
6525,2020400310,202301,21,0.85
6526,2020400315,202301,25,0.85
6527,2020400320,202301,45,0.85
6528,2020400325,202301,36,0.85
6529,2020400330,202301,25,0.85
6530,2020400335,202301,56,0.85
6531,2020400340,202301,11,0.85
6532,2020400345,202301,15,0.85
6533,2020400350,202301,25,0.85
6534,2020400355,202301,84,0.85
6535,2020400360,202301,41,0.85
6536,2020400365,202301,55,0.85
6537,2020400370,202301,64,0.85
6538,2020400375,202301,5,0.85
6539,2020400380,202301,9,0.85
6540,2020400385,202301,31,0.85
6541,2020400390,202301,30,0.85
6542,2020400395,202301,17,0.85
6543,2020400400,202301,26,0.85
6544,2020400405,202301,151,0.85
6545,2020400410,202301,66,0.85
6546,2020400415,202301,48,0.85
6547,2020400420,202301,124,0.85
6548,2020400425,202301,40,0.85
6549,2020400430,202301,83,0.85
6550,2020400435,202301,44,0.85
6551,2020400440,202301,11,0.85
6552,2020400445,202301,0,0.85
6553,2020400450,202301,23,0.85
6554,2020400455,202301,11,0.85
6555,2020400460,202301,19,0.85
6556,2020400465,202301,19,0.85
6557,2020400470,202301,75,0.85
6558,2020400475,202301,11,0.85
6559,2020400480,202301,5,0.85
6560,2020400485,202301,1,0.85
6561,2020400490,202301,9,0.85
6562,2020400495,202301,12,0.85
6563,2020400500,202301,60,0.85
6564,2020400505,202301,49,0.85
6565,2020400510,202301,65,0.85
6566,2020400515,202301,58,0.85
6567,2020400520,202301,66,0.85
6568,2020400525,202301,83,0.85
6569,2020400530,202301,29,0.85
6570,2020400535,202301,121,0.85
6571,2020400540,202301,10,0.85
6572,2020400545,202301,0,0.85
6573,2020400550,202301,15,0.85
6574,2020400555,202301,0,0.85
6575,2020400556,202301,3,0.85
6576,2020400557,202301,8,0.85
6577,2020400558,202301,65,0.85
6578,2020400559,202301,12,0.85
6579,2020400560,202301,31,0.85
6580,2020400561,202301,0,0.85
6581,2020400562,202301,111,0.85
6582,2020400563,202301,30,0.85
6583,2020400564,202301,13,0.85
6584,2020400565,202301,14,0.85
6585,2020400566,202301,38,0.85
6586,2020400567,202301,15,0.85
6587,2020410100,202301,43,0.85
6588,2020410105,202301,19,0.85
6589,2020410110,202301,27,0.85
6590,2020410115,202301,35,0.85
6591,2020410120,202301,31,0.85
6592,2020410125,202301,38,0.85
6593,2020410130,202301,52,0.85
6594,2020410135,202301,8,0.85
6595,2020410140,202301,40,0.85
6596,2020410145,202301,10,0.85
6597,2020410150,202301,5,0.85
6598,2020410155,202301,35,0.85
6599,2020410160,202301,19,0.85
6600,2020410165,202301,38,0.85
6601,2020410170,202301,10,0.85
6602,2020410175,202301,54,0.85
6603,2020410180,202301,24,0.85
6604,2020410185,202301,43,0.85
6605,2020410190,202301,87,0.85
6606,2020410195,202301,15,0.85
6607,2020410205,202301,21,0.85
6608,2020410210,202301,42,0.85
6609,2020410215,202301,24,0.85
6610,2020410220,202301,64,0.85
6611,2020410225,202301,53,0.85
6612,2020410230,202301,77,0.85
6613,2020410235,202301,26,0.85
6614,2020410240,202301,342,0.85
6615,2020410245,202301,124,0.85
6616,2020410250,202301,132,0.85
6617,2020410255,202301,336,0.85
6618,2020410260,202301,39,0.85
6619,2020410265,202301,57,0.85
6620,2020410270,202301,59,0.85
6621,2020410275,202301,33,0.85
6622,2020410280,202301,22,0.85
6623,2020410285,202301,41,0.85
6624,2020410290,202301,18,0.85
6625,2020410295,202301,29,0.85
6626,2020410300,202301,5,0.85
6627,2020410305,202301,33,0.85
6628,2020410310,202301,86,0.85
6629,2020410315,202301,26,0.85
6630,2020410320,202301,36,0.85
6631,2020410325,202301,28,0.85
6632,2020410330,202301,13,0.85
6633,2020410335,202301,14,0.85
6634,2020410340,202301,70,0.85
6635,2020410345,202301,21,0.85
6636,2020410350,202301,35,0.85
6637,2020410355,202301,5,0.85
6638,2020410360,202301,163,0.85
6639,2020410365,202301,38,0.85
6640,2020410370,202301,11,0.85
6641,2020410375,202301,59,0.85
6642,2020410380,202301,8,0.85
6643,2020410385,202301,119,0.85
6644,2020410390,202301,54,0.85
6645,2020410395,202301,97,0.85
6646,2020410400,202301,33,0.85
6647,2020410405,202301,18,0.85
6648,2020410410,202301,37,0.85
6649,2020410415,202301,10,0.85
6650,2020410420,202301,11,0.85
6651,2020410425,202301,17,0.85
6652,2020410430,202301,106,0.85
6653,2020410435,202301,114,0.85
6654,2020410440,202301,37,0.85
6655,2020410445,202301,30,0.85
6656,2020410450,202301,15,0.85
6657,2020410455,202301,31,0.85
6658,2020410460,202301,10,0.85
6659,2020410465,202301,19,0.85
6660,2020410470,202301,10,0.85
6661,2020410475,202301,40,0.85
6662,2020410480,202301,23,0.85
6663,2020410485,202301,38,0.85
6664,2020410490,202301,36,0.85
6665,2020410495,202301,24,0.85
6666,2020410500,202301,12,0.85
6667,2020410505,202301,128,0.85
6668,2020410510,202301,80,0.85
6669,2020410515,202301,22,0.85
6670,2020410520,202301,27,0.85
6671,2020410525,202301,22,0.85
6672,2020410530,202301,30,0.85
6673,2020410535,202301,21,0.85
6674,2020410540,202301,119,0.85
6675,2020410545,202301,88,0.85
6676,2020410550,202301,119,0.85
6677,2020410565,202301,45,0.85
6678,2020410570,202301,25,0.85
6679,2020410575,202301,59,0.85
6680,2020410580,202301,132,0.85
6681,2020410585,202301,38,0.85
6682,2020410590,202301,68,0.85
6683,2020410595,202301,0,0.85
6684,2020410600,202301,43,0.85
6685,2020410610,202301,56,0.85
6686,2020410615,202301,16,0.85
6687,2020410620,202301,8,0.85
6688,2020410625,202301,32,0.85
6689,2020410630,202301,3,0.85
6690,2020410635,202301,28,0.85
6691,2020410640,202301,19,0.85
6692,2020410645,202301,22,0.85
6693,2020410650,202301,26,0.85
6694,2020410655,202301,59,0.85
6695,2020410660,202301,2,0.85
6696,2020410665,202301,80,0.85
6697,2020410667,202301,15,0.85
6698,2020410668,202301,19,0.85
6699,2020410669,202301,21,0.85
6700,2020410672,202301,42,0.85
6701,2020410673,202301,17,0.85
6702,2020410674,202301,78,0.85
6703,2020410675,202301,8,0.85
6704,2020410676,202301,15,0.85
6705,2020410678,202301,14,0.85
6706,2020410679,202301,19,0.85
6707,2020410680,202301,0,0.85
6708,2020410681,202301,16,0.85
6709,2020410682,202301,87,0.85
6710,2020410683,202301,18,0.85
6711,2020410684,202301,61,0.85
6712,2020410685,202301,85,0.85
6713,2020410686,202301,35,0.85
6714,2020420100,202301,44,0.85
6715,2020420105,202301,4,0.85
6716,2020420110,202301,15,0.85
6717,2020420115,202301,7,0.85
6718,2020420120,202301,3,0.85
6719,2020420125,202301,5,0.85
6720,2020420130,202301,14,0.85
6721,2020420135,202301,19,0.85
6722,2020420140,202301,58,0.85
6723,2020420145,202301,7,0.85
6724,2020420150,202301,3,0.85
6725,2020420155,202301,6,0.85
6726,2020420160,202301,1,0.85
6727,2020420165,202301,7,0.85
6728,2020420170,202301,12,0.85
6729,2020420175,202301,3,0.85
6730,2020420180,202301,4,0.85
6731,2020420185,202301,257,0.85
6732,2020420190,202301,76,0.85
6733,2020420195,202301,73,0.85
6734,2020420200,202301,31,0.85
6735,2020420201,202301,19,0.85
6736,2020420202,202301,0,0.85
6737,2020420203,202301,12,0.85
6738,2020430100,202301,0,0.85
6739,2020430105,202301,36,0.85
6740,2020430110,202301,8,0.85
6741,2020430115,202301,53,0.85
6742,2020430120,202301,24,0.85
6743,2020430125,202301,1,0.85
6744,2020430130,202301,17,0.85
6745,2020430135,202301,0,0.85
6746,2020430140,202301,16,0.85
6747,2020430145,202301,23,0.85
6748,2020430150,202301,16,0.85
6749,2020430156,202301,24,0.85
6750,2020440100,202301,45,0.85
6751,2020440105,202301,65,0.85
6752,2020440115,202301,140,0.85
6753,2020440120,202301,0,0.85
6754,2020440125,202301,46,0.85
6755,2020440135,202301,17,0.85
6756,2020440140,202301,14,0.85
6757,2020440145,202301,84,0.85
6758,2020440150,202301,16,0.85
6759,2020440155,202301,95,0.85
6760,2020440160,202301,119,0.85
6761,2020440165,202301,9,0.85
6762,2020440170,202301,26,0.85
6763,2020440175,202301,3,0.85
6764,2020440180,202301,122,0.85
6765,2020440185,202301,0,0.85
6766,2020440190,202301,20,0.85
6767,2020440195,202301,18,0.85
6768,2020440200,202301,52,0.85
6769,2020440205,202301,0,0.85
6770,2020440210,202301,35,0.85
6771,2020440215,202301,16,0.85
6772,2020440220,202301,14,0.85
6773,2020440225,202301,46,0.85
6774,2020440230,202301,15,0.85
6775,2020440235,202301,32,0.85
6776,2020440240,202301,18,0.85
6777,2020440245,202301,62,0.85
6778,2020440250,202301,24,0.85
6779,2020440255,202301,19,0.85
6780,2020440260,202301,34,0.85
6781,2020440265,202301,20,0.85
6782,2020440270,202301,4,0.85
6783,2020440275,202301,31,0.85
6784,2020440280,202301,88,0.85
6785,2020440291,202301,32,0.85
6786,2020440292,202301,35,0.85
6787,2020440293,202301,54,0.85
6788,2020440294,202301,31,0.85
6789,2020460100,202301,42,0.85
6790,2020460105,202301,0,0.85
6791,2020460110,202301,70,0.85
6792,2020460115,202301,1,0.85
6793,2020460120,202301,5,0.85
6794,2020460125,202301,39,0.85
6795,2020460130,202301,16,0.85
6796,2020460135,202301,41,0.85
6797,2020460140,202301,14,0.85
6798,2020460145,202301,3,0.85
6799,2020460150,202301,9,0.85
6800,2020460160,202301,0,0.85
6801,2020460165,202301,45,0.85
6802,2020460175,202301,0,0.85
6803,2020460180,202301,88,0.85
6804,2020460185,202301,143,0.85
6805,2020460190,202301,53,0.85
6806,2020460195,202301,65,0.85
6807,2020460200,202301,36,0.85
6808,2020460205,202301,29,0.85
6809,2020460210,202301,13,0.85
6810,2020460215,202301,31,0.85
6811,2020460220,202301,112,0.85
6812,2020460225,202301,125,0.85
6813,2020460230,202301,491,0.85
6814,2020460235,202301,37,0.85
6815,2020460240,202301,20,0.85
6816,2020460245,202301,107,0.85
6817,2020460250,202301,70,0.85
6818,2020460255,202301,55,0.85
6819,2020460260,202301,45,0.85
6820,2020460265,202301,22,0.85
6821,2020460270,202301,95,0.85
6822,2020460275,202301,159,0.85
6823,2020460280,202301,49,0.85
6824,2020460285,202301,102,0.85
6825,2020460290,202301,5,0.85
6826,2020460295,202301,153,0.85
6827,2020460300,202301,341,0.85
6828,2020460305,202301,0,0.85
6829,2020460310,202301,26,0.85
6830,2020460315,202301,42,0.85
6831,2020460320,202301,106,0.85
6832,2020460325,202301,49,0.85
6833,2020460330,202301,98,0.85
6834,2020460335,202301,2,0.85
6835,2020460340,202301,0,0.85
6836,2020460345,202301,6,0.85
6837,2020460350,202301,19,0.85
6838,2020460355,202301,0,0.85
6839,2020460360,202301,7,0.85
6840,2020460365,202301,37,0.85
6841,2020460370,202301,11,0.85
6842,2020460375,202301,76,0.85
6843,2020460380,202301,301,0.85
6844,2020460385,202301,78,0.85
6845,2020460390,202301,82,0.85
6846,2020460395,202301,0,0.85
6847,2020460400,202301,36,0.85
6848,2020460405,202301,0,0.85
6849,2020460410,202301,19,0.85
6850,2020460415,202301,10,0.85
6851,2020460420,202301,107,0.85
6852,2020460425,202301,80,0.85
6853,2020460430,202301,2,0.85
6854,2020460435,202301,26,0.85
6855,2020460440,202301,35,0.85
6856,2020460445,202301,155,0.85
6857,2020460450,202301,29,0.85
6858,2020460455,202301,102,0.85
6859,2020460460,202301,7,0.85
6860,2020460465,202301,31,0.85
6861,2020460470,202301,21,0.85
6862,2020460475,202301,14,0.85
6863,2020460480,202301,156,0.85
6864,2020460485,202301,0,0.85
6865,2020460490,202301,13,0.85
6866,2020460495,202301,23,0.85
6867,2020460500,202301,0,0.85
6868,2020460505,202301,0,0.85
6869,2020460510,202301,2,0.85
6870,2020460515,202301,0,0.85
6871,2020460520,202301,10,0.85
6872,2020460525,202301,20,0.85
6873,2020460530,202301,75,0.85
6874,2020460535,202301,107,0.85
6875,2020460540,202301,10,0.85
6876,2020460545,202301,14,0.85
6877,2020460550,202301,6,0.85
6878,2020460555,202301,55,0.85
6879,2020460560,202301,37,0.85
6880,2020460565,202301,44,0.85
6881,2020460570,202301,57,0.85
6882,2020460575,202301,0,0.85
6883,2020460580,202301,0,0.85
6884,2020460585,202301,7,0.85
6885,2020460590,202301,22,0.85
6886,2020460595,202301,13,0.85
6887,2020460605,202301,0,0.85
6888,2020460610,202301,18,0.85
6889,2020460611,202301,11,0.85
6890,2020460612,202301,11,0.85
6891,2020460613,202301,32,0.85
6892,2020460614,202301,210,0.85
6893,2020460615,202301,72,0.85
6894,2020460616,202301,29,0.85
6895,2020460617,202301,0,0.85
6896,2020460618,202301,19,0.85
6897,2020460619,202301,279,0.85
6898,2020460622,202301,17,0.85
6899,2020460623,202301,15,0.85
6900,2020460624,202301,35,0.85
6901,2020460625,202301,12,0.85
6902,2020460626,202301,0,0.85
6903,2020460627,202301,0,0.85
6904,2020460628,202301,11,0.85
6905,2020460629,202301,21,0.85
6906,2020460630,202301,88,0.85
6907,2020460631,202301,44,0.85
6908,2020460632,202301,0,0.85
6909,2020460633,202301,46,0.85
6910,2020460634,202301,55,0.85
6911,2020460635,202301,19,0.85
6912,2020460636,202301,2,0.85
6913,2020460637,202301,2,0.85
6914,2020460638,202301,15,0.85
6915,2020480100,202301,33,0.85
6916,2020480105,202301,72,0.85
6917,2020480110,202301,43,0.85
6918,2020480115,202301,18,0.85
6919,2020480120,202301,28,0.85
6920,2020480125,202301,31,0.85
6921,2020480130,202301,43,0.85
6922,2020480135,202301,26,0.85
6923,2020480140,202301,40,0.85
6924,2020480145,202301,22,0.85
6925,2020480150,202301,70,0.85
6926,2020480155,202301,14,0.85
6927,2020480160,202301,14,0.85
6928,2020480165,202301,45,0.85
6929,2020480170,202301,24,0.85
6930,2020480175,202301,50,0.85
6931,2020480180,202301,13,0.85
6932,2020480185,202301,56,0.85
6933,2020480190,202301,0,0.85
6934,2020480195,202301,15,0.85
6935,2020480200,202301,37,0.85
6936,2020480205,202301,0,0.85
6937,2020480210,202301,177,0.85
6938,2020480215,202301,193,0.85
6939,2020480220,202301,18,0.85
6940,2020480225,202301,21,0.85
6941,2020480230,202301,56,0.85
6942,2020480235,202301,42,0.85
6943,2020480245,202301,255,0.85
6944,2020480250,202301,33,0.85
6945,2020480255,202301,8,0.85
6946,2020480265,202301,129,0.85
6947,2020480270,202301,67,0.85
6948,2020480275,202301,6,0.85
6949,2020480280,202301,74,0.85
6950,2020480285,202301,16,0.85
6951,2020480290,202301,12,0.85
6952,2020480295,202301,6,0.85
6953,2020480300,202301,27,0.85
6954,2020480305,202301,15,0.85
6955,2020480315,202301,20,0.85
6956,2020480320,202301,12,0.85
6957,2020480325,202301,55,0.85
6958,2020480330,202301,35,0.85
6959,2020480335,202301,53,0.85
6960,2020480340,202301,129,0.85
6961,2020480345,202301,49,0.85
6962,2020480350,202301,11,0.85
6963,2020480355,202301,20,0.85
6964,2020480360,202301,120,0.85
6965,2020480365,202301,67,0.85
6966,2020480366,202301,46,0.85
6967,2020480367,202301,11,0.85
6968,2020480368,202301,0,0.85
6969,2020480369,202301,21,0.85
6970,2020480370,202301,24,0.85
6971,2020480371,202301,20,0.85
6972,2020480373,202301,9,0.85
6973,2020480374,202301,68,0.85
6974,2020480376,202301,79,0.85
6975,2020480377,202301,38,0.85
6976,2020480379,202301,28,0.85
6977,2020480380,202301,28,0.85
6978,2020480381,202301,14,0.85
6979,2020480382,202301,15,0.85
6980,2020480383,202301,10,0.85
6981,2020480384,202301,270,0.85
6982,2020480385,202301,29,0.85
6983,2020480386,202301,98,0.85
6984,2020490001,202301,40,0.85
6985,2020490002,202301,100,0.85
6986,2020490003,202301,35,0.85
6987,2020490004,202301,43,0.85
6988,2020490005,202301,27,0.85
6989,2020490006,202301,9,0.85
6990,2020490007,202301,7,0.85
6991,2020490008,202301,9,0.85
6992,2020490009,202301,3,0.85
6993,2020490010,202301,44,0.85
6994,2020490011,202301,5,0.85
6995,2020490012,202301,72,0.85
6996,2020490013,202301,22,0.85
6997,2020510001,202301,28,0.85
6998,2020510002,202301,0,0.85
6999,2020510003,202301,22,0.85
7000,2020510004,202301,1,0.85
7001,2020510005,202301,23,0.85
7002,2020510006,202301,20,0.85
7003,2020510007,202301,10,0.85
7004,2020510008,202301,6,0.85
7005,2020510009,202301,32,0.85
7006,2020510010,202301,0,0.85
7007,2020510011,202301,12,0.85
7008,2020510012,202301,20,0.85
7009,2020510016,202301,4,0.85
7010,2020520001,202301,0,0.85
7011,2020520002,202301,19,0.85
7012,2020520003,202301,14,0.85
7013,2020520004,202301,2,0.85
7014,2020520005,202301,7,0.85
7015,2020520006,202301,20,0.85
7016,2020520007,202301,3,0.85
7017,2020520008,202301,2,0.85
7018,2020520009,202301,0,0.85
7019,2020520010,202301,0,0.85
7020,2020520011,202301,27,0.85
7021,2020520012,202301,0,0.85
7022,2020520013,202301,43,0.85
7023,2020520015,202301,23,0.85
7024,2020520016,202301,43,0.85
7025,2020520017,202301,0,0.85
7026,2020520018,202301,110,0.85
7027,2020520019,202301,31,0.85
7028,2020520020,202301,24,0.85
7029,2020520022,202301,41,0.85
7030,2020520023,202301,22,0.85
7031,2020520024,202301,22,0.85
7032,2020520025,202301,84,0.85
7033,2020520026,202301,0,0.85
7034,2020520027,202301,0,0.85
7035,2020540001,202301,7,0.85
7036,2020540002,202301,92,0.85
7037,2020540003,202301,33,0.85
7038,2020540004,202301,33,0.85
7039,2020540005,202301,57,0.85
7040,2020540006,202301,1,0.85
7041,2020540007,202301,138,0.85
7042,2020540008,202301,13,0.85
7043,2020540009,202301,43,0.85
7044,2020540010,202301,44,0.85
7045,2020540011,202301,0,0.85
7046,2020540012,202301,20,0.85
7047,2020540013,202301,78,0.85
7048,2020540014,202301,10,0.85
7049,2020540015,202301,112,0.85
7050,2020540016,202301,66,0.85
7051,2020540017,202301,6,0.85
7052,2020540018,202301,46,0.85
7053,2020540019,202301,57,0.85
7054,2020540020,202301,22,0.85
7055,2020540021,202301,29,0.85
7056,2020540022,202301,19,0.85
7057,2020540023,202301,33,0.85
7058,2020540024,202301,64,0.85
7059,2020540025,202301,29,0.85
7060,2020540026,202301,101,0.85
7061,2020540027,202301,64,0.85
7062,2020540028,202301,49,0.85
7063,2020540029,202301,15,0.85
7064,2020540030,202301,10,0.85
7065,2020540031,202301,51,0.85
7066,2020540032,202301,69,0.85
7067,2020540033,202301,46,0.85
7068,2020540034,202301,130,0.85
7069,2020540035,202301,43,0.85
7070,2020540036,202301,3,0.85
7071,2020540037,202301,0,0.85
7072,2020540038,202301,43,0.85
7073,2020540039,202301,39,0.85
7074,2020540040,202301,0,0.85
7075,2020540041,202301,0,0.85
7076,2020540042,202301,14,0.85
7077,2020540043,202301,56,0.85
7078,2020540044,202301,35,0.85
7079,2020540045,202301,42,0.85
7080,2020540046,202301,38,0.85
7081,2020540047,202301,12,0.85
7082,2020540048,202301,21,0.85
7083,2020540049,202301,38,0.85
7084,2020550349,202301,15,0.85
7085,2020550359,202301,29,0.85
7086,2020550403,202301,19,0.85
7087,2020720011,202301,284,0.85
7088,2020720015,202301,72,0.85
7089,2020720017,202301,1045,0.85
7090,2020720018,202301,6480,0.85
7091,2020720020,202301,41,0.85
7092,2020720025,202301,209,0.85
7093,2020720055,202301,2460,0.85
7094,2020720100,202301,130,0.85
7095,2020720125,202301,144,0.85
7096,2020720130,202301,170,0.85
7097,2020720160,202301,130,0.85
7098,2020720165,202301,38,0.85
7099,2020720240,202301,69,0.85
7100,2020720245,202301,277,0.85
7101,2020720250,202301,56,0.85
7102,2020720255,202301,0,0.85
7103,2020720260,202301,132,0.85
7104,2020720270,202301,189,0.85
7105,2020720275,202301,20,0.85
7106,2020720277,202301,37,0.85
7107,2020720285,202301,322,0.85
7108,2020720300,202301,51,0.85
7109,2020720310,202301,367,0.85
7110,2020720335,202301,159,0.85
7111,2020720345,202301,3540,0.85
7112,2020720360,202301,9086,0.85
7113,2020720370,202301,20,0.85
7114,2020720375,202301,9800,0.85
7115,2020720385,202301,0,0.85
7116,2020720420,202301,8040,0.85
7117,2020720455,202301,984,0.85
7118,2020720465,202301,1033,0.85
7119,2020720475,202301,38,0.85
7120,2020720530,202301,2097,0.85
7121,2020720540,202301,2278,0.85
7122,2020720560,202301,738,0.85
7123,2020720610,202301,28,0.85
7124,2020720622,202301,4740,0.85
7125,2020720632,202301,12,0.85
7126,2020720634,202301,36,0.85
7127,2020900010,202301,4348,0.85
7128,2020900035,202301,83,0.85
7129,2020900115,202301,248,0.85
7130,2020900125,202301,479,0.85
7131,2020900143,202301,397,0.85
7132,2020900144,202301,230,0.85
7133,2020900145,202301,316,0.85
7134,2020900147,202301,552,0.85
7135,2020900148,202301,394,0.85
7136,2020900149,202301,61,0.85
7137,3030041572,202301,3,0.85
7138,3030070049,202301,31,0.85
7139,3030070351,202301,4,0.85
7140,3030120040,202301,19,0.85
7141,3030120050,202301,12,0.85
7142,3030120070,202301,19,0.85
7143,3030120080,202301,41,0.85
7144,3030120090,202301,17,0.85
7145,3030120100,202301,14,0.85
7146,3030120105,202301,25,0.85
7147,3030120110,202301,31,0.85
7148,3030120115,202301,6,0.85
7149,3030120120,202301,30,0.85
7150,3030120125,202301,17,0.85
7151,3030120130,202301,45,0.85
7152,3030120135,202301,70,0.85
7153,3030120145,202301,40,0.85
7154,3030120165,202301,0,0.85
7155,3030120175,202301,18,0.85
7156,3030120180,202301,3,0.85
7157,3030120185,202301,3,0.85
7158,3030120190,202301,49,0.85
7159,3030120195,202301,4,0.85
7160,3030120200,202301,30,0.85
7161,3030120205,202301,36,0.85
7162,3030120210,202301,56,0.85
7163,3030120215,202301,21,0.85
7164,3030120220,202301,31,0.85
7165,3030120225,202301,22,0.85
7166,3030120240,202301,13,0.85
7167,3030120245,202301,30,0.85
7168,3030120255,202301,56,0.85
7169,3030120260,202301,49,0.85
7170,3030120265,202301,34,0.85
7171,3030120270,202301,2,0.85
7172,3030120280,202301,11,0.85
7173,3030120285,202301,37,0.85
7174,3030120290,202301,32,0.85
7175,3030120295,202301,3,0.85
7176,3030120300,202301,20,0.85
7177,3030120310,202301,20,0.85
7178,3030120315,202301,6,0.85
7179,3030120320,202301,15,0.85
7180,3030120330,202301,70,0.85
7181,3030120335,202301,45,0.85
7182,3030120345,202301,45,0.85
7183,3030120355,202301,65,0.85
7184,3030120360,202301,42,0.85
7185,3030120370,202301,137,0.85
7186,3030120380,202301,75,0.85
7187,3030120390,202301,27,0.85
7188,3030120400,202301,0,0.85
7189,3030120410,202301,80,0.85
7190,3030120420,202301,27,0.85
7191,3030120430,202301,38,0.85
7192,3030120460,202301,51,0.85
7193,3030120461,202301,53,0.85
7194,3030120462,202301,9,0.85
7195,3030120463,202301,14,0.85
7196,3030120464,202301,24,0.85
7197,3030120466,202301,40,0.85
7198,3030200490,202301,0,0.85
7199,3030200535,202301,35,0.85
7200,3030340001,202301,91,0.85
7201,3030340002,202301,146,0.85
7202,3030340003,202301,13,0.85
7203,3030340004,202301,165,0.85
7204,3030340005,202301,101,0.85
7205,3030340006,202301,60,0.85
7206,3030340007,202301,2,0.85
7207,3030340008,202301,0,0.85
7208,3030340009,202301,47,0.85
7209,3030340010,202301,87,0.85
7210,3030340011,202301,4,0.85
7211,3030340012,202301,87,0.85
7212,3030340013,202301,56,0.85
7213,3030340014,202301,47,0.85
7214,3030340015,202301,5,0.85
7215,3030340017,202301,39,0.85
7216,3030340018,202301,126,0.85
7217,3030340019,202301,88,0.85
7218,3030340020,202301,87,0.85
7219,3030340021,202301,3,0.85
7220,3030340022,202301,42,0.85
7221,3030340023,202301,99,0.85
7222,3030340024,202301,99,0.85
7223,3030340025,202301,12,0.85
7224,3030340026,202301,19,0.85
7225,3030340027,202301,81,0.85
7226,3030340028,202301,113,0.85
7227,3030340029,202301,20,0.85
7228,3030340030,202301,0,0.85
7229,3030340031,202301,8,0.85
7230,3030340032,202301,326,0.85
7231,3030340033,202301,75,0.85
7232,3030340034,202301,4,0.85
7233,3030340035,202301,36,0.85
7234,3030340036,202301,44,0.85
7235,3030340037,202301,93,0.85
7236,3030340038,202301,44,0.85
7237,3030340039,202301,58,0.85
7238,3030340041,202301,0,0.85
7239,3030340042,202301,123,0.85
7240,3030340043,202301,107,0.85
7241,3030340044,202301,119,0.85
7242,3030340045,202301,38,0.85
7243,3030340046,202301,44,0.85
7244,3030340047,202301,130,0.85
7245,3030340048,202301,45,0.85
7246,3030340049,202301,10,0.85
7247,3030340050,202301,34,0.85
7248,3030340051,202301,233,0.85
7249,3030340052,202301,4,0.85
7250,3030340053,202301,77,0.85
7251,3030340054,202301,84,0.85
7252,3030340055,202301,14,0.85
7253,3030340056,202301,13,0.85
7254,3030340057,202301,56,0.85
7255,3030340058,202301,5,0.85
7256,3030340059,202301,142,0.85
7257,3030340060,202301,24,0.85
7258,3030340061,202301,32,0.85
7259,3030340062,202301,54,0.85
7260,3030340063,202301,47,0.85
7261,3030340064,202301,18,0.85
7262,3030340065,202301,43,0.85
7263,3030340066,202301,34,0.85
7264,3030340067,202301,16,0.85
7265,3030340068,202301,88,0.85
7266,3030340069,202301,22,0.85
7267,3030340070,202301,70,0.85
7268,3030340071,202301,47,0.85
7269,3030340072,202301,0,0.85
7270,3030340074,202301,177,0.85
7271,3030340075,202301,162,0.85
7272,3030340076,202301,82,0.85
7273,3030340078,202301,19,0.85
7274,3030340079,202301,93,0.85
7275,3030340080,202301,75,0.85
7276,3030340081,202301,40,0.85
7277,3030340082,202301,145,0.85
7278,3030340083,202301,38,0.85
7279,3030340084,202301,0,0.85
7280,3030340085,202301,0,0.85
7281,3030340087,202301,0,0.85
7282,3030340088,202301,82,0.85
7283,3030340089,202301,0,0.85
7284,3030340090,202301,95,0.85
7285,3030340091,202301,33,0.85
7286,3030340092,202301,137,0.85
7287,3030340093,202301,144,0.85
7288,3030340094,202301,31,0.85
7289,3030340095,202301,78,0.85
7290,3030340096,202301,111,0.85
7291,3030340097,202301,3,0.85
7292,3030340098,202301,23,0.85
7293,3030340099,202301,36,0.85
7294,3030340101,202301,54,0.85
7295,3030340102,202301,240,0.85
7296,3030340103,202301,0,0.85
7297,3030340104,202301,94,0.85
7298,3030340105,202301,115,0.85
7299,3030340106,202301,0,0.85
7300,3030340107,202301,81,0.85
7301,3030340108,202301,0,0.85
7302,3030340109,202301,73,0.85
7303,3030340110,202301,146,0.85
7304,3030340111,202301,71,0.85
7305,3030340112,202301,166,0.85
7306,3030340114,202301,48,0.85
7307,3030340115,202301,9,0.85
7308,3030340116,202301,50,0.85
7309,3030340117,202301,0,0.85
7310,3030340118,202301,61,0.85
7311,3030340119,202301,31,0.85
7312,3030340120,202301,133,0.85
7313,3030340121,202301,92,0.85
7314,3030340122,202301,243,0.85
7315,3030340123,202301,101,0.85
7316,3030340124,202301,10,0.85
7317,3030340125,202301,71,0.85
7318,3030340126,202301,24,0.85
7319,3030340127,202301,96,0.85
7320,3030340129,202301,14,0.85
7321,3030340130,202301,95,0.85
7322,3030340131,202301,84,0.85
7323,3030340132,202301,14,0.85
7324,3030340133,202301,5,0.85
7325,3030340134,202301,26,0.85
7326,3030340135,202301,338,0.85
7327,3030340136,202301,12,0.85
7328,3030340137,202301,76,0.85
7329,3030340138,202301,65,0.85
7330,3030340139,202301,103,0.85
7331,3030340140,202301,19,0.85
7332,3030340141,202301,55,0.85
7333,3030340142,202301,107,0.85
7334,3030340143,202301,63,0.85
7335,3030340144,202301,45,0.85
7336,3030340146,202301,45,0.85
7337,3030340147,202301,55,0.85
7338,3030340148,202301,97,0.85
7339,3030340149,202301,86,0.85
7340,3030340150,202301,143,0.85
7341,3030340151,202301,63,0.85
7342,3030340152,202301,141,0.85
7343,3030340153,202301,26,0.85
7344,3030340154,202301,56,0.85
7345,3030340155,202301,15,0.85
7346,3030340156,202301,10,0.85
7347,3030340157,202301,65,0.85
7348,3030340158,202301,95,0.85
7349,3030340159,202301,14,0.85
7350,3030340160,202301,21,0.85
7351,3030340161,202301,26,0.85
7352,3030340162,202301,129,0.85
7353,3030340163,202301,348,0.85
7354,3030340164,202301,87,0.85
7355,3030340165,202301,10,0.85
7356,3030340166,202301,164,0.85
7357,3030340167,202301,67,0.85
7358,3030340168,202301,82,0.85
7359,3030340169,202301,52,0.85
7360,3030340170,202301,55,0.85
7361,3030340171,202301,145,0.85
7362,3030340172,202301,0,0.85
7363,3030340173,202301,18,0.85
7364,3030340174,202301,0,0.85
7365,3030340175,202301,3,0.85
7366,3030340176,202301,151,0.85
7367,3030340177,202301,56,0.85
7368,3030340178,202301,5,0.85
7369,3030340179,202301,39,0.85
7370,3030340180,202301,29,0.85
7371,3030340181,202301,62,0.85
7372,3030340182,202301,15,0.85
7373,3030340183,202301,19,0.85
7374,3030340185,202301,146,0.85
7375,3030340186,202301,9,0.85
7376,3030340187,202301,31,0.85
7377,3030340188,202301,0,0.85
7378,3030340190,202301,216,0.85
7379,3030340191,202301,43,0.85
7380,3030340192,202301,47,0.85
7381,3030340193,202301,13,0.85
7382,3030340194,202301,14,0.85
7383,3030340195,202301,23,0.85
7384,3030340197,202301,19,0.85
7385,3030340198,202301,246,0.85
7386,3030340199,202301,310,0.85
7387,3030340200,202301,25,0.85
7388,4040041115,202301,12,0.85
7389,5050010010,202301,166,0.85
7390,5050010020,202301,42,0.85
7391,5050010021,202301,0,0.85
7392,5050010026,202301,38,0.85
7393,5050010030,202301,6,0.85
7394,5050010040,202301,234,0.85
7395,5050010060,202301,4,0.85
7396,5050010065,202301,3,0.85
7397,5050010080,202301,63,0.85
7398,5050010081,202301,219,0.85
7399,5050010085,202301,61,0.85
7400,5050010090,202301,29,0.85
7401,5050010100,202301,355,0.85
7402,5050010101,202301,5,0.85
7403,5050010102,202301,65,0.85
7404,5050010105,202301,128,0.85
7405,5050010110,202301,51,0.85
7406,5050010112,202301,18,0.85
7407,5050010115,202301,120,0.85
7408,5050010120,202301,131,0.85
7409,5050010125,202301,9,0.85
7410,5050010130,202301,7,0.85
7411,5050010131,202301,84,0.85
7412,5050010140,202301,40,0.85
7413,5050010145,202301,62,0.85
7414,5050010155,202301,207,0.85
7415,5050010163,202301,4,0.85
7416,5050010164,202301,68,0.85
7417,5050010165,202301,31,0.85
7418,5050010169,202301,7,0.85
7419,5050010171,202301,32,0.85
7420,5050010173,202301,213,0.85
7421,5050010174,202301,34,0.85
7422,5050010175,202301,66,0.85
7423,5050010177,202301,15,0.85
7424,5050010179,202301,37,0.85
7425,5050010184,202301,32,0.85
7426,5050010186,202301,71,0.85
7427,5050010187,202301,29,0.85
7428,5050010188,202301,28,0.85
7429,5050010191,202301,43,0.85
7430,5050010194,202301,18,0.85
7431,5050010199,202301,91,0.85
7432,5050010205,202301,174,0.85
7433,5050010206,202301,175,0.85
7434,5050010207,202301,94,0.85
7435,5050010208,202301,18,0.85
7436,5050010209,202301,35,0.85
7437,5050010215,202301,17,0.85
7438,5050010220,202301,104,0.85
7439,5050010240,202301,52,0.85
7440,5050010252,202301,46,0.85
7441,5050010253,202301,16,0.85
7442,5050010254,202301,58,0.85
7443,5050010255,202301,254,0.85
7444,5050010258,202301,60,0.85
7445,5050010260,202301,123,0.85
7446,5050010264,202301,25,0.85
7447,5050010266,202301,28,0.85
7448,5050010267,202301,61,0.85
7449,5050010284,202301,54,0.85
7450,5050010285,202301,26,0.85
7451,5050010286,202301,19,0.85
7452,5050010291,202301,15,0.85
7453,5050010300,202301,12,0.85
7454,5050010310,202301,180,0.85
7455,5050010325,202301,112,0.85
7456,5050010355,202301,45,0.85
7457,5050010372,202301,65,0.85
7458,5050010378,202301,20,0.85
7459,5050010379,202301,12,0.85
7460,5050010384,202301,53,0.85
7461,5050010385,202301,77,0.85
7462,5050010386,202301,0,0.85
7463,5050010388,202301,55,0.85
7464,5050010390,202301,142,0.85
7465,5050010395,202301,0,0.85
7466,5050010397,202301,36,0.85
7467,5050010400,202301,126,0.85
7468,5050010405,202301,109,0.85
7469,5050010420,202301,77,0.85
7470,5050010435,202301,127,0.85
7471,5050010440,202301,118,0.85
7472,5050010450,202301,79,0.85
7473,5050010455,202301,23,0.85
7474,5050010460,202301,56,0.85
7475,5050010465,202301,21,0.85
7476,5050010480,202301,0,0.85
7477,5050010490,202301,159,0.85
7478,5050010495,202301,122,0.85
7479,5050010507,202301,41,0.85
7480,5050010508,202301,148,0.85
7481,5050010515,202301,42,0.85
7482,5050010522,202301,46,0.85
7483,5050010524,202301,43,0.85
7484,5050010526,202301,12,0.85
7485,5050010530,202301,10,0.85
7486,5050010535,202301,61,0.85
7487,5050010540,202301,24,0.85
7488,5050010550,202301,50,0.85
7489,5050010551,202301,21,0.85
7490,5050010580,202301,159,0.85
7491,5050010585,202301,22,0.85
7492,5050010590,202301,70,0.85
7493,5050010595,202301,51,0.85
7494,5050010600,202301,0,0.85
7495,5050010605,202301,98,0.85
7496,5050010610,202301,191,0.85
7497,5050010620,202301,360,0.85
7498,5050010625,202301,0,0.85
7499,5050010635,202301,130,0.85
7500,5050010640,202301,65,0.85
7501,5050010645,202301,116,0.85
7502,5050010665,202301,60,0.85
7503,5050010685,202301,18,0.85
7504,5050010695,202301,209,0.85
7505,5050010725,202301,3,0.85
7506,5050010745,202301,71,0.85
7507,5050010785,202301,65,0.85
7508,5050010800,202301,54,0.85
7509,5050010835,202301,128,0.85
7510,5050010925,202301,34,0.85
7511,5050011025,202301,20,0.85
7512,5050011075,202301,28,0.85
7513,5050011085,202301,20,0.85
7514,5050011115,202301,56,0.85
7515,5050011165,202301,14,0.85
7516,5050011195,202301,0,0.85
7517,5050011255,202301,14,0.85
7518,5050011305,202301,70,0.85
7519,5050011315,202301,30,0.85
7520,5050011325,202301,54,0.85
7521,5050011335,202301,20,0.85
7522,5050011345,202301,0,0.85
7523,5050011355,202301,50,0.85
7524,5050011365,202301,174,0.85
7525,5050011375,202301,4,0.85
7526,5050011385,202301,10,0.85
7527,5050011395,202301,45,0.85
7528,5050011405,202301,16,0.85
7529,5050011415,202301,5,0.85
7530,5050011425,202301,19,0.85
7531,5050011435,202301,15,0.85
7532,5050011445,202301,4,0.85
7533,5050011505,202301,17,0.85
7534,5050011525,202301,32,0.85
7535,5050012169,202301,13,0.85
7536,5050012171,202301,12,0.85
7537,5050012172,202301,38,0.85
7538,5050012181,202301,43,0.85
7539,5050012183,202301,8,0.85
7540,5050020240,202301,219,0.85
7541,5050020250,202301,60,0.85
7542,5050020270,202301,235,0.85
7543,5050021685,202301,183,0.85
7544,5050021690,202301,259,0.85
7545,5050021695,202301,54,0.85
7546,5050021794,202301,4,0.85
7547,5050030545,202301,68,0.85
7548,5050030565,202301,0,0.85
7549,5050030706,202301,34,0.85
7550,5050030707,202301,19,0.85
7551,5050030709,202301,83,0.85
7552,5050030710,202301,216,0.85
7553,5050030711,202301,94,0.85
7554,5050030713,202301,120,0.85
7555,5050030714,202301,158,0.85
7556,5050030716,202301,49,0.85
7557,5050030717,202301,24,0.85
7558,5050030718,202301,0,0.85
7559,5050030720,202301,0,0.85
7560,5050030722,202301,30,0.85
7561,5050030725,202301,12,0.85
7562,5050030729,202301,49,0.85
7563,5050030730,202301,33,0.85
7564,5050030731,202301,0,0.85
7565,5050030732,202301,13,0.85
7566,5050030733,202301,18,0.85
7567,5050030735,202301,12,0.85
7568,5050030736,202301,0,0.85
7569,5050030737,202301,49,0.85
7570,5050030738,202301,40,0.85
7571,5050030739,202301,7,0.85
7572,5050030740,202301,63,0.85
7573,5050030741,202301,22,0.85
7574,5050030742,202301,41,0.85
7575,5050030743,202301,7,0.85
7576,5050030744,202301,37,0.85
7577,5050030746,202301,14,0.85
7578,5050030747,202301,47,0.85
7579,5050030748,202301,184,0.85
7580,5050030749,202301,0,0.85
7581,5050030750,202301,27,0.85
7582,5050030751,202301,25,0.85
7583,5050030752,202301,17,0.85
7584,5050030753,202301,13,0.85
7585,5050030754,202301,11,0.85
7586,5050030755,202301,15,0.85
7587,5050030756,202301,139,0.85
7588,5050030757,202301,40,0.85
7589,5050030758,202301,12,0.85
7590,5050030759,202301,40,0.85
7591,5050030760,202301,32,0.85
7592,5050030761,202301,114,0.85
7593,5050030762,202301,2,0.85
7594,5050030763,202301,58,0.85
7595,5050030764,202301,76,0.85
7596,5050030765,202301,17,0.85
7597,5050030766,202301,13,0.85
7598,5050030767,202301,51,0.85
7599,5050030768,202301,37,0.85
7600,5050030769,202301,24,0.85
7601,5050030770,202301,64,0.85
7602,5050030771,202301,34,0.85
7603,5050030772,202301,4,0.85
7604,5050030773,202301,24,0.85
7605,5050030774,202301,47,0.85
7606,5050030775,202301,61,0.85
7607,5050030776,202301,29,0.85
7608,5050030777,202301,23,0.85
7609,5050030778,202301,7,0.85
7610,5050030779,202301,14,0.85
7611,5050030780,202301,31,0.85
7612,5050030781,202301,0,0.85
7613,5050030782,202301,12,0.85
7614,5050030783,202301,17,0.85
7615,5050030785,202301,13,0.85
7616,5050030790,202301,106,0.85
7617,5050030791,202301,0,0.85
7618,5050030795,202301,27,0.85
7619,5050030796,202301,87,0.85
7620,5050030800,202301,9,0.85
7621,5050030802,202301,41,0.85
7622,5050030803,202301,23,0.85
7623,5050030804,202301,19,0.85
7624,5050030810,202301,1,0.85
7625,5050030815,202301,27,0.85
7626,5050030820,202301,37,0.85
7627,5050030840,202301,40,0.85
7628,5050030841,202301,12,0.85
7629,5050030842,202301,40,0.85
7630,5050030844,202301,7,0.85
7631,5050030845,202301,35,0.85
7632,5050030847,202301,37,0.85
7633,5050030848,202301,49,0.85
7634,5050030849,202301,23,0.85
7635,5050030850,202301,45,0.85
7636,5050030851,202301,56,0.85
7637,5050030852,202301,13,0.85
7638,5050030853,202301,17,0.85
7639,5050030854,202301,62,0.85
7640,5050030855,202301,12,0.85
7641,5050030858,202301,92,0.85
7642,5050030859,202301,0,0.85
7643,5050030860,202301,20,0.85
7644,5050030861,202301,10,0.85
7645,5050030862,202301,21,0.85
7646,5050030863,202301,18,0.85
7647,5050030865,202301,6,0.85
7648,5050030895,202301,27,0.85
7649,5050030940,202301,21,0.85
7650,5050030945,202301,27,0.85
7651,5050030980,202301,111,0.85
7652,5050030995,202301,90,0.85
7653,5050031055,202301,18,0.85
7654,5050031095,202301,84,0.85
7655,5050031100,202301,32,0.85
7656,5050031110,202301,23,0.85
7657,5050031120,202301,20,0.85
7658,5050031125,202301,16,0.85
7659,5050031140,202301,29,0.85
7660,5050031150,202301,17,0.85
7661,5050031155,202301,18,0.85
7662,5050031160,202301,35,0.85
7663,5050031175,202301,45,0.85
7664,5050031190,202301,22,0.85
7665,5050031200,202301,26,0.85
7666,5050031205,202301,46,0.85
7667,5050031210,202301,75,0.85
7668,5050031220,202301,17,0.85
7669,5050031230,202301,153,0.85
7670,5050031240,202301,64,0.85
7671,5050031250,202301,19,0.85
7672,5050031255,202301,50,0.85
7673,5050031260,202301,93,0.85
7674,5050031265,202301,5,0.85
7675,5050031280,202301,11,0.85
7676,5050031285,202301,8,0.85
7677,5050031290,202301,4,0.85
7678,5050031295,202301,25,0.85
7679,5050031300,202301,16,0.85
7680,5050031305,202301,22,0.85
7681,5050031320,202301,46,0.85
7682,5050031402,202301,119,0.85
7683,5050031403,202301,14,0.85
7684,5050031406,202301,0,0.85
7685,5050031410,202301,67,0.85
7686,5050031411,202301,158,0.85
7687,5050040022,202301,44,0.85
7688,5050040023,202301,6,0.85
7689,5050040025,202301,1,0.85
7690,5050040027,202301,289,0.85
7691,5050040028,202301,27,0.85
7692,5050040029,202301,82,0.85
7693,5050040030,202301,178,0.85
7694,5050040031,202301,0,0.85
7695,5050040032,202301,3,0.85
7696,5050040033,202301,0,0.85
7697,5050040034,202301,15,0.85
7698,5050040035,202301,300,0.85
7699,5050040040,202301,9,0.85
7700,5050040044,202301,55,0.85
7701,5050040046,202301,40,0.85
7702,5050040050,202301,84,0.85
7703,5050040053,202301,3,0.85
7704,5050040055,202301,136,0.85
7705,5050040056,202301,62,0.85
7706,5050040065,202301,38,0.85
7707,5050040070,202301,61,0.85
7708,5050040080,202301,50,0.85
7709,5050040085,202301,37,0.85
7710,5050040090,202301,18,0.85
7711,5050040105,202301,110,0.85
7712,5050040110,202301,41,0.85
7713,5050040111,202301,88,0.85
7714,5050040112,202301,39,0.85
7715,5050040113,202301,14,0.85
7716,5050040114,202301,23,0.85
7717,5050040115,202301,35,0.85
7718,5050040116,202301,175,0.85
7719,5050040120,202301,47,0.85
7720,5050040125,202301,12,0.85
7721,5050040126,202301,118,0.85
7722,5050040127,202301,3,0.85
7723,5050040128,202301,65,0.85
7724,5050040129,202301,19,0.85
7725,5050040130,202301,0,0.85
7726,5050040135,202301,68,0.85
7727,5050040140,202301,17,0.85
7728,5050040150,202301,14,0.85
7729,5050040155,202301,21,0.85
7730,5050040160,202301,102,0.85
7731,5050040163,202301,38,0.85
7732,5050040164,202301,22,0.85
7733,5050040165,202301,42,0.85
7734,5050040166,202301,23,0.85
7735,5050040168,202301,40,0.85
7736,5050040169,202301,47,0.85
7737,5050040170,202301,36,0.85
7738,5050040175,202301,30,0.85
7739,5050040180,202301,95,0.85
7740,5050040190,202301,23,0.85
7741,5050040200,202301,3,0.85
7742,5050040210,202301,55,0.85
7743,5050040225,202301,94,0.85
7744,5050040230,202301,27,0.85
7745,5050040231,202301,141,0.85
7746,5050040232,202301,0,0.85
7747,5050040233,202301,15,0.85
7748,5050040235,202301,285,0.85
7749,5050040237,202301,139,0.85
7750,5050040245,202301,28,0.85
7751,5050040260,202301,28,0.85
7752,5050040270,202301,28,0.85
7753,5050040280,202301,146,0.85
7754,5050040285,202301,22,0.85
7755,5050040290,202301,30,0.85
7756,5050040305,202301,33,0.85
7757,5050040310,202301,72,0.85
7758,5050040320,202301,0,0.85
7759,5050040330,202301,23,0.85
7760,5050040334,202301,66,0.85
7761,5050040336,202301,61,0.85
7762,5050040337,202301,0,0.85
7763,5050040338,202301,80,0.85
7764,5050040339,202301,52,0.85
7765,5050040340,202301,78,0.85
7766,5050040341,202301,10,0.85
7767,5050040342,202301,13,0.85
7768,5050040360,202301,15,0.85
7769,5050040362,202301,64,0.85
7770,5050040364,202301,6,0.85
7771,5050040365,202301,9,0.85
7772,5050040370,202301,361,0.85
7773,5050040377,202301,94,0.85
7774,5050040380,202301,94,0.85
7775,5050040386,202301,52,0.85
7776,5050040399,202301,36,0.85
7777,5050040400,202301,0,0.85
7778,5050040401,202301,20,0.85
7779,5050040402,202301,63,0.85
7780,5050040403,202301,56,0.85
7781,5050040404,202301,278,0.85
7782,5050040405,202301,132,0.85
7783,5050040406,202301,128,0.85
7784,5050040407,202301,39,0.85
7785,5050040408,202301,29,0.85
7786,5050040410,202301,221,0.85
7787,5050040415,202301,65,0.85
7788,5050040417,202301,17,0.85
7789,5050040418,202301,21,0.85
7790,5050040420,202301,96,0.85
7791,5050040430,202301,215,0.85
7792,5050040440,202301,22,0.85
7793,5050040445,202301,2,0.85
7794,5050040450,202301,93,0.85
7795,5050040455,202301,38,0.85
7796,5050040515,202301,31,0.85
7797,5050040535,202301,21,0.85
7798,5050040555,202301,96,0.85
7799,5050040580,202301,0,0.85
7800,5050040585,202301,18,0.85
7801,5050040600,202301,123,0.85
7802,5050040605,202301,126,0.85
7803,5050040635,202301,0,0.85
7804,5050040650,202301,7,0.85
7805,5050040656,202301,53,0.85
7806,5050040676,202301,19,0.85
7807,5050040687,202301,113,0.85
7808,5050040715,202301,0,0.85
7809,5050040720,202301,65,0.85
7810,5050040753,202301,45,0.85
7811,5050040754,202301,74,0.85
7812,5050040760,202301,135,0.85
7813,5050040770,202301,116,0.85
7814,5050040775,202301,34,0.85
7815,5050040785,202301,10,0.85
7816,5050040790,202301,130,0.85
7817,5050040795,202301,145,0.85
7818,5050040806,202301,120,0.85
7819,5050040844,202301,82,0.85
7820,5050040855,202301,0,0.85
7821,5050040875,202301,125,0.85
7822,5050040885,202301,9,0.85
7823,5050040895,202301,126,0.85
7824,5050040901,202301,88,0.85
7825,5050040912,202301,189,0.85
7826,5050040929,202301,22,0.85
7827,5050040932,202301,11,0.85
7828,5050040940,202301,57,0.85
7829,5050040942,202301,136,0.85
7830,5050040943,202301,0,0.85
7831,5050040960,202301,0,0.85
7832,5050040964,202301,20,0.85
7833,5050040969,202301,40,0.85
7834,5050040990,202301,57,0.85
7835,5050040999,202301,4,0.85
7836,5050041007,202301,40,0.85
7837,5050041012,202301,49,0.85
7838,5050041015,202301,46,0.85
7839,5050041035,202301,36,0.85
7840,5050041055,202301,26,0.85
7841,5050041073,202301,111,0.85
7842,5050041077,202301,22,0.85
7843,5050041079,202301,40,0.85
7844,5050041095,202301,129,0.85
7845,5050041115,202301,0,0.85
7846,5050041125,202301,41,0.85
7847,5050041135,202301,42,0.85
7848,5050041145,202301,28,0.85
7849,5050041163,202301,4,0.85
7850,5050041164,202301,128,0.85
7851,5050041170,202301,0,0.85
7852,5050041175,202301,40,0.85
7853,5050041182,202301,0,0.85
7854,5050041185,202301,159,0.85
7855,5050041186,202301,0,0.85
7856,5050041210,202301,48,0.85
7857,5050041211,202301,58,0.85
7858,5050041215,202301,137,0.85
7859,5050041225,202301,25,0.85
7860,5050041230,202301,35,0.85
7861,5050041235,202301,0,0.85
7862,5050041240,202301,42,0.85
7863,5050041250,202301,25,0.85
7864,5050041265,202301,118,0.85
7865,5050041280,202301,9,0.85
7866,5050041290,202301,129,0.85
7867,5050041305,202301,2,0.85
7868,5050041310,202301,13,0.85
7869,5050041315,202301,136,0.85
7870,5050041320,202301,14,0.85
7871,5050041325,202301,17,0.85
7872,5050041330,202301,23,0.85
7873,5050041335,202301,14,0.85
7874,5050041345,202301,13,0.85
7875,5050041673,202301,26,0.85
7876,5050041677,202301,54,0.85
7877,5050041678,202301,203,0.85
7878,5050041691,202301,323,0.85
7879,5050041693,202301,12,0.85
7880,5050041694,202301,15,0.85
7881,5050041696,202301,152,0.85
7882,5050041699,202301,27,0.85
7883,5050041700,202301,69,0.85
7884,5050041701,202301,5,0.85
7885,5050041702,202301,9,0.85
7886,5050041703,202301,7,0.85
7887,5050041704,202301,38,0.85
7888,5050041705,202301,31,0.85
7889,5050041706,202301,21,0.85
7890,5050041707,202301,19,0.85
7891,5050041708,202301,7,0.85
7892,5050041709,202301,24,0.85
7893,5050041710,202301,21,0.85
7894,5050041711,202301,44,0.85
7895,5050041712,202301,25,0.85
7896,5050041713,202301,18,0.85
7897,5050041714,202301,25,0.85
7898,5050041715,202301,0,0.85
7899,5050041716,202301,12,0.85
7900,5050041717,202301,91,0.85
7901,5050041718,202301,27,0.85
7902,5050041719,202301,11,0.85
7903,5050041720,202301,0,0.85
7904,5050041722,202301,66,0.85
7905,5050041723,202301,70,0.85
7906,5050041724,202301,148,0.85
7907,5050041727,202301,27,0.85
7908,5050041730,202301,33,0.85
7909,5050060105,202301,7,0.85
7910,5050060110,202301,19,0.85
7911,5050060115,202301,1,0.85
7912,5050060120,202301,31,0.85
7913,5050060125,202301,0,0.85
7914,5050060130,202301,37,0.85
7915,5050060135,202301,0,0.85
7916,5050060140,202301,75,0.85
7917,5050060145,202301,22,0.85
7918,5050060150,202301,93,0.85
7919,5050060155,202301,61,0.85
7920,5050060160,202301,0,0.85
7921,5050060165,202301,35,0.85
7922,5050060170,202301,5,0.85
7923,5050060175,202301,11,0.85
7924,5050060180,202301,48,0.85
7925,5050060185,202301,63,0.85
7926,5050060190,202301,26,0.85
7927,5050060195,202301,25,0.85
7928,5050060200,202301,37,0.85
7929,5050060205,202301,3,0.85
7930,5050060210,202301,0,0.85
7931,5050060215,202301,78,0.85
7932,5050060220,202301,9,0.85
7933,5050060225,202301,0,0.85
7934,5050060230,202301,0,0.85
7935,5050060235,202301,0,0.85
7936,5050060255,202301,30,0.85
7937,5050060260,202301,12,0.85
7938,5050060265,202301,34,0.85
7939,5050060270,202301,0,0.85
7940,5050060275,202301,7,0.85
7941,5050060282,202301,10,0.85
7942,5050060283,202301,0,0.85
7943,5050060284,202301,15,0.85
7944,5050060287,202301,4,0.85
7945,5050060288,202301,29,0.85
7946,5050060289,202301,0,0.85
7947,5050720055,202301,0,0.85
7948,5050900080,202301,458,0.85
7949,6060110777,202301,0,0.85
7950,20-2084-0054,202301,32.30,0.85
7951,20-2084-0055,202301,32.30,0.85
7952,20-2084-0056,202301,32.30,0.85
7953,20-2084-0057,202301,32.30,0.85
7954,20-2084-0058,202301,32.30,0.85
7955,20-2084-0059,202301,32.30,0.85
7956,20-2084-0062,202301,32.30,0.85
7957,20-2084-0063,202301,32.30,0.85
7958,20-2084-0064,202301,32.30,0.85
7959,20-2084-0065,202301,32.30,0.85
7960,20-2084-0067,202301,32.30,0.85
7961,20-2084-0068,202301,32.30,0.85
7962,20-2084-0069,202301,32.30,0.85
7963,20-2084-0070,202301,32.30,0.85
7964,20-2084-0071,202301,32.30,0.85
7965,20-2084-0072,202301,32.30,0.85
7966,20-2084-0073,202301,32.30,0.85
7967,20-2084-0074,202301,32.30,0.85
7968,20-2084-0075,202301,32.30,0.85
7969,20-2084-0076,202301,32.30,0.85
7970,20-2084-0077,202301,32.30,0.85
7971,20-2084-0078,202301,32.30,0.85
7972,20-2084-0080,202301,32.30,0.85
7973,20-2084-0084,202301,32.30,0.85
7974,20-2084-0085,202301,32.30,0.85
7975,20-2084-0086,202301,32.30,0.85
7976,20-2084-0087,202301,32.30,0.85
7977,20-2085-0035,202301,60.49,0.85
7978,20-2085-0036,202301,60.49,0.85
7979,20-2085-0037,202301,60.49,0.85
7980,20-2085-0038,202301,60.49,0.85
7981,20-2085-0039,202301,60.49,0.85
7982,20-2085-0040,202301,60.49,0.85
7983,20-2085-0041,202301,60.49,0.85
7984,20-2085-0042,202301,60.49,0.85
7985,20-2085-0043,202301,60.49,0.85
7986,20-2085-0044,202301,60.49,0.85
7987,20-2085-0045,202301,60.49,0.85
7988,20-2085-0046,202301,60.49,0.85
7989,20-2085-0047,202301,60.49,0.85
7990,20-2085-0048,202301,60.49,0.85
7991,20-2085-0049,202301,60.49,0.85
7992,20-2085-0051,202301,60.49,0.85
7993,20-2085-0052,202301,60.49,0.85
7994,20-2085-0053,202301,60.49,0.85
7995,20-2085-0054,202301,60.49,0.85
7996,20-2085-0055,202301,60.49,0.85
7997,20-2085-0056,202301,60.49,0.85
7998,20-2085-0057,202301,60.49,0.85
7999,20-2085-0058,202301,60.49,0.85
8000,20-2085-0059,202301,60.49,0.85
8001,20-2085-0060,202301,60.49,0.85
8002,20-2085-0061,202301,60.49,0.85
8003,20-2085-0062,202301,60.49,0.85
8004,20-2085-0063,202301,60.49,0.85
8005,20-2085-0064,202301,60.49,0.85
8006,20-2085-0065,202301,60.49,0.85
8007,20-2085-0066,202301,60.49,0.85
8008,20-2085-0067,202301,60.49,0.85
8009,20-2085-0068,202301,60.49,0.85
8010,20-2085-0069,202301,60.49,0.85
8011,20-2085-0070,202301,60.49,0.85
8012,20-2085-0071,202301,60.49,0.85
8013,20-2085-0072,202301,60.49,0.85
8014,20-2085-0073,202301,60.49,0.85
8015,20-2085-0074,202301,60.49,0.85
8016,20-2085-0075,202301,60.49,0.85
8017,20-2085-0076,202301,60.49,0.85
8018,20-2085-0077,202301,60.49,0.85
8019,20-2085-0078,202301,60.49,0.85
8020,20-2085-0079,202301,60.49,0.85
8021,20-2085-0080,202301,60.49,0.85
8022,20-2085-0081,202301,60.49,0.85
8023,20-2085-0082,202301,60.49,0.85
8024,20-2085-0083,202301,60.49,0.85
8025,20-2085-0084,202301,60.49,0.85
8026,20-2085-0085,202301,60.49,0.85
8027,20-2085-0086,202301,60.49,0.85
8028,20-2085-0087,202301,60.49,0.85
8029,20-2085-0088,202301,60.49,0.85
8030,20-2085-0089,202301,60.49,0.85
8031,20-2085-0090,202301,60.49,0.85
8032,20-2085-0091,202301,60.49,0.85
8033,20-2085-0092,202301,60.49,0.85
8034,20-2085-0093,202301,60.49,0.85
8035,20-2085-0094,202301,60.49,0.85
8036,20-2085-0095,202301,60.49,0.85
8037,20-2085-0096,202301,60.49,0.85
8038,20-2085-0097,202301,60.49,0.85
8039,20-2085-0098,202301,60.49,0.85
8040,20-2085-0099,202301,60.49,0.85
8041,20-2085-0100,202301,60.49,0.85
8042,20-2085-0101,202301,60.49,0.85
8043,20-2085-0102,202301,60.49,0.85
8044,20-2085-0103,202301,60.49,0.85
8045,20-2085-0104,202301,60.49,0.85
8046,20-2085-0105,202301,60.49,0.85
8047,20-2085-0106,202301,60.49,0.85
8048,20-2085-0107,202301,60.49,0.85
8049,20-2085-0108,202301,60.49,0.85
8050,20-2085-0109,202301,60.49,0.85
8051,20-2085-0110,202301,60.49,0.85
8052,20-2085-0111,202301,60.49,0.85
8053,20-2085-0112,202301,60.49,0.85
8054,20-2085-0113,202301,60.49,0.85
8055,20-2085-0114,202301,60.49,0.85
8056,20-2085-0115,202301,60.49,0.85
8057,20-2086-0101,202301,34.82,0.85
8058,20-2086-0102,202301,34.82,0.85
8059,20-2086-0103,202301,34.82,0.85
8060,20-2086-0104,202301,34.82,0.85
8061,20-2086-0105,202301,34.82,0.85
8062,20-2086-0106,202301,34.82,0.85
8063,20-2086-0107,202301,34.82,0.85
8064,20-2086-0108,202301,34.82,0.85
8065,20-2086-0109,202301,34.82,0.85
8066,20-2086-0110,202301,34.82,0.85
8067,20-2086-0111,202301,34.82,0.85
8068,20-2086-0112,202301,34.82,0.85
8069,20-2086-0113,202301,34.82,0.85
8070,20-2086-0114,202301,34.82,0.85
8071,20-2086-0115,202301,34.82,0.85
8072,20-2086-0116,202301,34.82,0.85
8073,20-2086-0117,202301,34.82,0.85
8074,20-2086-0118,202301,34.82,0.85
8075,20-2086-0119,202301,34.82,0.85
8076,20-2086-0120,202301,34.82,0.85
8077,20-2086-0121,202301,34.82,0.85
8078,20-2086-0122,202301,34.82,0.85
8079,20-2086-0123,202301,34.82,0.85
8080,20-2086-0124,202301,34.82,0.85
8081,20-2086-0125,202301,34.82,0.85
8082,20-2086-0126,202301,34.82,0.85
8083,20-2086-0127,202301,34.82,0.85
8084,20-2086-0128,202301,34.82,0.85
8085,20-2086-0129,202301,34.82,0.85
8086,20-2086-0130,202301,34.82,0.85
8087,20-2086-0131,202301,34.82,0.85
8088,20-2086-0132,202301,34.82,0.85
8089,20-2086-0133,202301,34.82,0.85
8090,20-2086-0134,202301,34.82,0.85
8091,20-2087-0001,202301,171.58,0.85
8092,20-2087-0002,202301,171.58,0.85
8093,20-2087-0003,202301,171.58,0.85
8094,20-2087-0004,202301,171.58,0.85
8095,20-2087-0005,202301,171.58,0.85
8096,20-2087-0006,202301,171.58,0.85
8097,20-2087-0007,202301,171.58,0.85
8098,20-2087-0008,202301,171.58,0.85
8099,20-2087-0009,202301,171.58,0.85
8100,20-2087-0010,202301,171.58,0.85
8101,20-2087-0011,202301,171.58,0.85
8102,20-2087-0012,202301,171.58,0.85
8103,20-2087-0013,202301,171.58,0.85
8104,20-2087-0014,202301,171.58,0.85
8105,20-2087-0015,202301,171.58,0.85
8106,20-2087-0016,202301,171.58,0.85
8107,20-2087-0017,202301,171.58,0.85
8108,20-2087-0018,202301,171.58,0.85
8109,20-2087-0019,202301,171.58,0.85
8110,20-2087-0020,202301,171.58,0.85
8111,20-2087-0021,202301,171.58,0.85
8112,20-2087-0022,202301,171.58,0.85
8113,20-2087-0023,202301,171.58,0.85
8114,20-2087-0024,202301,171.58,0.85
8115,20-2087-0025,202301,171.58,0.85
8116,20-2087-0026,202301,171.58,0.85
8117,20-2087-0027,202301,171.58,0.85
8118,20-2087-0028,202301,171.58,0.85
8119,20-2087-0029,202301,171.58,0.85
8120,20-2087-0030,202301,171.58,0.85
8121,20-2087-0031,202301,171.58,0.85
8122,20-2087-0032,202301,171.58,0.85
8123,20-2087-0033,202301,171.58,0.85
8124,20-2087-0034,202301,171.58,0.85
8125,20-2087-0035,202301,171.58,0.85
8126,20-2087-0036,202301,171.58,0.85
8127,20-2087-0037,202301,171.58,0.85
8128,20-2087-0038,202301,171.58,0.85
8129,20-2087-0039,202301,171.58,0.85
8130,20-2087-0040,202301,171.58,0.85
8131,20-2087-0041,202301,171.58,0.85
8132,20-2087-0042,202301,171.58,0.85
8133,20-2087-0043,202301,171.58,0.85
8134,20-2087-0044,202301,171.58,0.85
8135,20-2087-0045,202301,171.58,0.85
8136,20-2087-0046,202301,171.58,0.85
8137,20-2087-0047,202301,171.58,0.85
8138,20-2087-0048,202301,171.58,0.85
8139,20-2087-0049,202301,171.58,0.85
8140,20-2087-0050,202301,171.58,0.85
8141,20-2087-0051,202301,171.58,0.85
8142,20-2087-0052,202301,171.58,0.85
8143,20-2087-0053,202301,171.58,0.85
8144,20-2087-0054,202301,171.58,0.85
8145,20-2087-0055,202301,171.58,0.85
8146,20-2087-0056,202301,171.58,0.85
8147,20-2087-0057,202301,171.58,0.85
8148,20-2087-0058,202301,171.58,0.85
8149,20-2087-0059,202301,171.58,0.85
8150,20-2087-0060,202301,171.58,0.85
8151,20-2087-0061,202301,171.58,0.85
8152,20-2087-0062,202301,171.58,0.85
8153,20-2087-0063,202301,171.58,0.85
8154,20-2087-0064,202301,171.58,0.85
8155,20-2087-0065,202301,171.58,0.85
8156,20-2087-0066,202301,171.58,0.85
8157,20-2087-0067,202301,171.58,0.85
8158,20-2087-0068,202301,171.58,0.85
8159,20-2087-0069,202301,171.58,0.85
8160,20-2087-0070,202301,171.58,0.85
8161,20-2087-0071,202301,171.58,0.85
8162,20-2087-0072,202301,171.58,0.85
8163,20-2087-0073,202301,171.58,0.85
8164,20-2087-0074,202301,171.58,0.85
8165,20-2087-0075,202301,171.58,0.85
8166,20-2087-0076,202301,171.58,0.85
8167,20-2087-0077,202301,171.58,0.85
8168,20-2087-0078,202301,171.58,0.85
8169,20-2087-0079,202301,171.58,0.85
8170,20-2087-0080,202301,171.58,0.85
8171,20-2087-0081,202301,171.58,0.85
8172,20-2087-0082,202301,171.58,0.85
8173,20-2087-0083,202301,171.58,0.85
8174,20-2087-0084,202301,171.58,0.85
8175,20-2087-0085,202301,171.58,0.85
8176,20-2087-0086,202301,171.58,0.85
8177,20-2087-0087,202301,171.58,0.85
8178,20-2087-0088,202301,171.58,0.85
8179,20-2087-0089,202301,171.58,0.85
8180,20-2087-0090,202301,171.58,0.85
8181,20-2087-0091,202301,171.58,0.85
8182,20-2087-0092,202301,171.58,0.85
8183,20-2087-0093,202301,171.58,0.85
8184,20-2087-0094,202301,171.58,0.85
8185,20-2087-0095,202301,171.58,0.85
8186,20-2087-0096,202301,171.58,0.85
8187,20-2087-0097,202301,171.58,0.85
8188,20-2087-0098,202301,171.58,0.85
8189,20-2087-0099,202301,171.58,0.85
8190,20-2087-0100,202301,171.58,0.85
8191,20-2087-0101,202301,171.58,0.85
8192,20-2087-0102,202301,171.58,0.85
8193,20-2087-0103,202301,171.58,0.85
8194,20-2087-0104,202301,171.58,0.85
8195,20-2087-0105,202301,171.58,0.85
8196,20-2087-0106,202301,171.58,0.85
8197,20-2087-0107,202301,171.58,0.85
8198,20-2087-0108,202301,171.58,0.85
8199,20-2087-0109,202301,171.58,0.85
8200,20-2087-0110,202301,171.58,0.85
8201,20-2087-0111,202301,171.58,0.85
8202,20-2087-0112,202301,171.58,0.85
8203,20-2087-0113,202301,171.58,0.85
8204,20-2087-0114,202301,171.58,0.85
8205,20-2087-0115,202301,171.58,0.85
8206,20-2087-0116,202301,171.58,0.85
8207,20-2087-0117,202301,171.58,0.85
8208,20-2088-0066,202301,36.02,0.85
8209,20-2088-0067,202301,36.02,0.85
8210,20-2088-0068,202301,36.02,0.85
8211,20-2088-0069,202301,36.02,0.85
8212,20-2088-0070,202301,36.02,0.85
8213,20-2088-0071,202301,36.02,0.85
8214,20-2088-0072,202301,36.02,0.85
8215,20-2088-0073,202301,36.02,0.85
8216,20-2088-0074,202301,36.02,0.85
8217,20-2088-0075,202301,36.02,0.85
8218,20-2088-0076,202301,36.02,0.85
8219,20-2088-0077,202301,36.02,0.85
8220,20-2088-0078,202301,36.02,0.85
8221,20-2088-0079,202301,36.02,0.85
8222,20-2088-0080,202301,36.02,0.85
8223,20-2088-0081,202301,36.02,0.85
8224,20-2088-0082,202301,36.02,0.85
8225,20-2088-0083,202301,36.02,0.85
8226,20-2088-0084,202301,36.02,0.85
8227,20-2088-0085,202301,36.02,0.85
8228,20-2088-0086,202301,36.02,0.85
8229,20-2088-0087,202301,36.02,0.85
8230,20-2088-0088,202301,36.02,0.85
8231,20-2088-0089,202301,36.02,0.85
8232,20-2088-0090,202301,36.02,0.85
8233,20-2088-0091,202301,36.02,0.85
8234,20-2088-0092,202301,36.02,0.85
8235,20-2088-0093,202301,36.02,0.85
8236,20-2088-0094,202301,36.02,0.85
8237,20-2088-0095,202301,36.02,0.85
8238,20-2088-0096,202301,36.02,0.85
8239,20-2088-0097,202301,36.02,0.85
8240,20-2088-0098,202301,36.02,0.85
8241,20-2088-0099,202301,36.02,0.85
8242,20-2088-0100,202301,36.02,0.85
8243,20-2088-0101,202301,36.02,0.85
8244,20-2088-0102,202301,36.02,0.85
8245,20-2088-0103,202301,36.02,0.85
8246,20-2088-0104,202301,36.02,0.85
8247,20-2088-0105,202301,36.02,0.85
8248,20-2088-0106,202301,36.02,0.85
8249,20-2088-0107,202301,36.02,0.85
8250,20-2089-0036,202301,72.21,0.85
8251,20-2089-0037,202301,72.21,0.85
8252,20-2089-0038,202301,72.21,0.85
8253,20-2089-0039,202301,72.21,0.85
8254,20-2089-0040,202301,72.21,0.85
8255,20-2089-0041,202301,72.21,0.85
8256,20-2089-0042,202301,72.21,0.85
8257,20-2089-0043,202301,72.21,0.85
8258,20-2089-0044,202301,72.21,0.85
8259,20-2089-0045,202301,72.21,0.85
8260,20-2089-0046,202301,72.21,0.85
8261,20-2089-0047,202301,72.21,0.85
8262,20-2089-0048,202301,72.21,0.85
8263,20-2089-0049,202301,72.21,0.85
8264,20-2089-0050,202301,72.21,0.85
8265,20-2089-0051,202301,72.21,0.85
8266,20-2089-0052,202301,72.21,0.85
8267,20-2089-0053,202301,72.21,0.85
8268,20-2089-0054,202301,72.21,0.85
8269,20-2089-0055,202301,72.21,0.85
8270,20-2089-0056,202301,72.21,0.85
8271,20-2089-0057,202301,72.21,0.85
8272,20-2089-0058,202301,72.21,0.85
8273,20-2089-0059,202301,72.21,0.85
8274,20-2089-0060,202301,72.21,0.85
8275,20-2089-0061,202301,72.21,0.85
8276,20-2089-0062,202301,72.21,0.85
8277,20-2089-0063,202301,72.21,0.85
8278,20-2089-0064,202301,72.21,0.85
8279,20-2089-0065,202301,72.21,0.85
8280,20-2089-0066,202301,72.21,0.85
8281,20-2089-0067,202301,72.21,0.85
8282,20-2089-0068,202301,72.21,0.85
8283,20-2089-0069,202301,72.21,0.85
8284,20-2089-0070,202301,72.21,0.85
8285,20-2089-0071,202301,72.21,0.85
8286,20-2089-0072,202301,72.21,0.85
8287,20-2089-0073,202301,72.21,0.85
8288,20-2091-0042,202301,58.31,0.85
8289,20-2091-0043,202301,58.31,0.85
8290,20-2091-0044,202301,58.31,0.85
8291,20-2091-0046,202301,58.31,0.85
8292,20-2091-0047,202301,58.31,0.85
8293,20-2091-0048,202301,58.31,0.85
8294,20-2091-0049,202301,58.31,0.85
8295,20-2091-0050,202301,58.31,0.85
8296,20-2091-0051,202301,58.31,0.85
8297,20-2091-0052,202301,58.31,0.85
8298,20-2091-0053,202301,58.31,0.85
8299,20-2091-0054,202301,58.31,0.85
8300,20-2091-0055,202301,58.31,0.85
8301,20-2091-0056,202301,58.31,0.85
8302,20-2091-0057,202301,58.31,0.85
8303,20-2091-0059,202301,58.31,0.85
8304,20-2091-0060,202301,58.31,0.85
8305,20-2091-0061,202301,58.31,0.85
8306,20-2091-0062,202301,58.31,0.85
8307,20-2091-0063,202301,58.31,0.85
8308,20-2091-0064,202301,58.31,0.85
8309,20-2091-0065,202301,58.31,0.85
8310,20-2091-0066,202301,58.31,0.85
8311,20-2091-0067,202301,58.31,0.85
8312,20-2091-0068,202301,58.31,0.85
8313,20-2091-0069,202301,58.31,0.85
8314,20-2091-0070,202301,58.31,0.85
8315,20-2091-0071,202301,58.31,0.85
8316,20-2091-0072,202301,58.31,0.85
8317,20-2091-0073,202301,58.31,0.85
8318,20-2091-0074,202301,58.31,0.85
8319,20-2091-0075,202301,58.31,0.85
8320,30-3083-0168,202301,8.00,0.85
8321,30-3083-0169,202301,8.00,0.85
8322,30-3083-0170,202301,8.00,0.85
8323,30-3083-0171,202301,8.00,0.85
8324,30-3083-0172,202301,8.00,0.85
8325,30-3083-0173,202301,8.00,0.85
8326,30-3083-0175,202301,8.00,0.85
8327,30-3083-0176,202301,8.00,0.85
8328,30-3083-0177,202301,8.00,0.85
8329,30-3083-0178,202301,8.00,0.85
8330,30-3083-0179,202301,8.00,0.85
8331,30-3083-0180,202301,8.00,0.85
8332,30-3083-0181,202301,8.00,0.85
8333,30-3083-0182,202301,8.00,0.85
8334,30-3083-0183,202301,8.00,0.85
8335,30-3083-0184,202301,8.00,0.85
8336,30-3083-0185,202301,8.00,0.85
8337,30-3083-0186,202301,8.00,0.85
8338,30-3084-0080,202301,78.16,0.85
8339,30-3084-0081,202301,78.16,0.85
8340,30-3084-0082,202301,78.16,0.85
8341,30-3084-0083,202301,78.16,0.85
8342,30-3084-0084,202301,78.16,0.85
8343,30-3084-0085,202301,78.16,0.85
8344,30-3084-0086,202301,78.16,0.85
8345,30-3084-0087,202301,78.16,0.85
8346,30-3084-0088,202301,78.16,0.85
8347,30-3084-0089,202301,78.16,0.85
8348,30-3084-0090,202301,78.16,0.85
8349,30-3084-0091,202301,78.16,0.85
8350,30-3084-0092,202301,78.16,0.85
8351,30-3084-0093,202301,78.16,0.85
8352,30-3084-0094,202301,78.16,0.85
8353,30-3084-0095,202301,78.16,0.85
8354,30-3084-0096,202301,78.16,0.85
8355,30-3084-0097,202301,78.16,0.85
8356,30-3084-0098,202301,78.16,0.85
8357,30-3084-0099,202301,78.16,0.85
8358,30-3084-0100,202301,78.16,0.85
8359,30-3084-0101,202301,78.16,0.85
8360,30-3084-0102,202301,78.16,0.85
8361,30-3084-0103,202301,78.16,0.85
8362,30-3084-0104,202301,78.16,0.85
8363,30-3084-0105,202301,78.16,0.85
8364,30-3084-0106,202301,78.16,0.85
8365,30-3084-0107,202301,78.16,0.85
8366,30-3084-0108,202301,78.16,0.85
8367,30-3084-0109,202301,78.16,0.85
8368,30-3084-0111,202301,78.16,0.85
8369,30-3084-0112,202301,78.16,0.85
8370,30-3084-0113,202301,78.16,0.85
8371,30-3084-0114,202301,78.16,0.85
8372,30-3084-0115,202301,78.16,0.85
8373,30-3084-0116,202301,78.16,0.85
8374,30-3084-0117,202301,78.16,0.85
8375,30-3084-0118,202301,78.16,0.85
8376,30-3084-0119,202301,78.16,0.85
8377,30-3084-0120,202301,78.16,0.85
8378,30-3084-0121,202301,78.16,0.85
8379,30-3084-0122,202301,78.16,0.85
8380,30-3084-0123,202301,78.16,0.85
8381,30-3084-0124,202301,78.16,0.85
8382,30-3084-0125,202301,78.16,0.85
8383,30-3084-0126,202301,78.16,0.85
8384,30-3084-0127,202301,78.16,0.85
8385,30-3084-0128,202301,78.16,0.85
8386,30-3084-0129,202301,78.16,0.85
8387,30-3084-0130,202301,78.16,0.85
8388,30-3084-0131,202301,78.16,0.85
8389,30-3084-0132,202301,78.16,0.85
8390,30-3084-0133,202301,78.16,0.85
8391,30-3084-0134,202301,78.16,0.85
8392,30-3084-0135,202301,78.16,0.85
8393,30-3084-0136,202301,78.16,0.85
8394,30-3084-0137,202301,78.16,0.85
8395,30-3084-0138,202301,78.16,0.85
8396,30-3084-0139,202301,78.16,0.85
8397,30-3084-0140,202301,78.16,0.85
8398,30-3084-0141,202301,78.16,0.85
8399,30-3084-0142,202301,78.16,0.85
8400,30-3084-0143,202301,78.16,0.85
8401,50-5083-0031,202301,42.89,0.85
8402,50-5083-0032,202301,42.89,0.85
8403,50-5083-0033,202301,42.89,0.85
8404,50-5083-0034,202301,42.89,0.85
8405,50-5083-0035,202301,42.89,0.85
8406,50-5083-0036,202301,42.89,0.85
8407,50-5083-0037,202301,42.89,0.85
8408,50-5083-0038,202301,42.89,0.85
8409,50-5083-0039,202301,42.89,0.85
8410,50-5084-0021,202301,132.27,0.85
8411,50-5084-0025,202301,132.27,0.85
8412,50-5084-0026,202301,132.27,0.85
8413,50-5084-0027,202301,132.27,0.85
8414,50-5084-0028,202301,132.27,0.85
8415,50-5084-0029,202301,132.27,0.85
8416,50-5084-0030,202301,132.27,0.85
8417,50-5084-0031,202301,132.27,0.85
8418,50-5084-0032,202301,132.27,0.85
8419,50-5084-0033,202301,132.27,0.85
8420,50-5084-0034,202301,132.27,0.85
8421,2020720637,202301,26040,0.85
8422,2020720470,202301,7000,0.85
8423,2020071499,202301,1749,0.85
8424,5050720030,202301,41,0.85
8425,5050720230,202301,542,0.85
8426,2020720643,202301,116,0.85
8427,2020021682,202301,28,0.85
8428,2020201135,202301,24,0.85
8429,2020210359,202301,8,0.85
8430,5050080145,202301,0,0.85
8431,2020200615,202301,54,0.85
8432,2020141869,202301,59,0.85
8433,2020550025,202301,31,0.85
8434,2020550035,202301,4,0.85
8435,2020210235,202301,4,0.85
8436,2020470180,202301,0,0.85
8437,2020210345,202301,43,0.85
8438,2020151195,202301,45,0.85
8439,2020280175,202301,21,0.85
8440,2020470165,202301,33,0.85
8441,2020151217,202301,91,0.85
8442,3030340189,202301,80,0.85
8443,2020550227,202301,1,0.85
8444,2020141944,202301,52,0.85
8445,5050070110,202301,16,0.85
8446,2020161522,202301,21,0.85
8447,2020151179,202301,0,0.85
8448,2020550006,202301,4,0.85
8449,5050012228,202301,0,0.85
8450,2020280200,202301,40,0.85
8451,2020450220,202301,144,0.85
8452,2020200223,202301,62,0.85
8453,2020201152,202301,11,0.85
8454,2020200224,202301,108,0.85
8455,2020200197,202301,13,0.85
8456,2020200221,202301,30,0.85
8457,5050012226,202301,49,0.85
8458,2020021679,202301,98,0.85
8459,2020161547,202301,3,0.85
8460,2020151187,202301,5,0.85
8461,2020201134,202301,13,0.85
8462,2020550082,202301,27,0.85
8463,2020171410,202301,0,0.85
8464,2020141914,202301,19,0.85
8465,2020091593,202301,89,0.85
8466,2020041661,202301,0,0.85
8467,2020161557,202301,0,0.85
8468,2020151181,202301,0,0.85
8469,2020190475,202301,139,0.85
8470,2020191100,202301,5,0.85
8471,2020310551,202301,6,0.85
8472,2020171556,202301,0,0.85
8473,2020141923,202301,33,0.85
8474,2020200329,202301,11,0.85
8475,2020200308,202301,76,0.85
8476,2020200865,202301,8,0.85
8477,2020200234,202301,37,0.85
8478,2020200235,202301,97,0.85
8479,5050031439,202301,12,0.85
8480,2020210215,202301,28,0.85
8481,2020032003,202301,35,0.85
8482,2020012352,202301,421,0.85
8483,2020270468,202301,74,0.85
8484,2020270471,202301,46,0.85
8485,2020550210,202301,18,0.85
8486,2020550136,202301,0,0.85
8487,2020550033,202301,0,0.85
8488,2020550120,202301,34,0.85
8489,2020550162,202301,54,0.85
8490,2020550021,202301,17,0.85
8491,2020141924,202301,18,0.85
8492,2020550014,202301,10,0.85
8493,2020550194,202301,27,0.85
8494,2020550060,202301,6,0.85
8495,2020550046,202301,38,0.85
8496,2020550019,202301,63,0.85
8497,2020520028,202301,44,0.85
8498,2020550174,202301,23,0.85
8499,3030120476,202301,20,0.85
8500,2020091599,202301,31,0.85
8501,2020171574,202301,21,0.85
8502,2020310375,202301,12,0.85
8503,2020032009,202301,12,0.85
8504,2020550229,202301,17,0.85
8505,2020550156,202301,43,0.85
8506,2020340718,202301,56,0.85
8507,2020280195,202301,16,0.85
8508,2020280408,202301,23,0.85
8509,2020550154,202301,1,0.85
8510,2020550196,202301,9,0.85
8511,2020151208,202301,47,0.85
8512,2020200390,202301,10,0.85
8513,2020021676,202301,45,0.85
8514,2020151196,202301,22,0.85
8515,2020510017,202301,54,0.85
8516,2020550224,202301,1,0.85
8517,2020550059,202301,0,0.85
8518,2020310255,202301,0,0.85
8519,2020191087,202301,0,0.85
8520,2020171415,202301,1,0.85
8521,2020161525,202301,23,0.85
8522,5050060286,202301,19,0.85
8523,5050041740,202301,13,0.85
8524,2020091576,202301,17,0.85
8525,2020180698,202301,9,0.85
8526,2020450260,202301,60,0.85
8527,2020151202,202301,40,0.85
8528,2020370461,202301,10,0.85
8529,2020141916,202301,37,0.85
8530,5050080171,202301,59,0.85
8531,2020201167,202301,12,0.85
8532,2020550087,202301,24,0.85
8533,5050040002,202301,36,0.85
8534,2020200066,202301,105,0.85
8535,2020121720,202301,0,0.85
8536,2020310390,202301,6,0.85
8537,2020310569,202301,43,0.85
8538,2020550230,202301,10,0.85
8539,2020171549,202301,6,0.85
8540,2020091574,202301,28,0.85
8541,2020210010,202301,130,0.85
8542,2020210349,202301,14,0.85
8543,5050070150,202301,98,0.85
8544,2020530005,202301,0,0.85
8545,2020091580,202301,0,0.85
8546,5050012220,202301,0,0.85
8547,2020091581,202301,0,0.85
8548,2020171576,202301,5,0.85
8549,2020280404,202301,0,0.85
8550,5050040021,202301,89,0.85
8551,5050040020,202301,19,0.85
8552,2020200098,202301,10,0.85
8553,5050031430,202301,2,0.85
8554,2020550049,202301,21,0.85
8555,2020550005,202301,45,0.85
8556,2020550228,202301,4,0.85
8557,2020550111,202301,43,0.85
8558,2020550239,202301,15,0.85
8559,2020550186,202301,46,0.85
8560,5050041739,202301,0,0.85
8561,3030340209,202301,33,0.85
8562,5050031408,202301,69,0.85
8563,2020550193,202301,51,0.85
8564,2020550233,202301,29,0.85
8565,2020550125,202301,14,0.85
8566,2020151203,202301,1,0.85
8567,2020550099,202301,48,0.85
8568,2020450422,202301,2,0.85
8569,2020410688,202301,0,0.85
8570,2020210340,202301,40,0.85
8571,2020151205,202301,24,0.85
8572,2020141912,202301,70,0.85
8573,2020191102,202301,15,0.85
8574,2020550040,202301,46,0.85
8575,2020460645,202301,33,0.85
8576,2020460646,202301,46,0.85
8577,2020191099,202301,0,0.85
8578,2020550248,202301,35,0.85
8579,2020280295,202301,69,0.85
8580,2020470100,202301,1,0.85
8581,2020270473,202301,0,0.85
8582,2020480260,202301,270,0.85
8583,2020550001,202301,10,0.85
8584,2020550003,202301,27,0.85
8585,2020550092,202301,58,0.85
8586,2020550165,202301,74,0.85
8587,2020201153,202301,11,0.85
8588,2020550017,202301,34,0.85
8589,5050012230,202301,22,0.85
8590,2020550128,202301,77,0.85
8591,5050012232,202301,177,0.85
8592,2020550115,202301,50,0.85
8593,5050012213,202301,23,0.85
8594,2020550164,202301,43,0.85
8595,5050031429,202301,6,0.85
8596,2020141926,202301,0,0.85
8597,2020030805,202301,31,0.85
8598,2020550234,202301,26,0.85
8599,2020171547,202301,1,0.85
8600,2020081135,202301,130,0.85
8601,2020171571,202301,37,0.85
8602,2020550055,202301,17,0.85
8603,2020201111,202301,219,0.85
8604,5050040003,202301,113,0.85
8605,2020550101,202301,3,0.85
8606,2020141903,202301,47,0.85
8607,2020400568,202301,10,0.85
8608,2020550118,202301,0,0.85
8609,2020171568,202301,89,0.85
8610,2020062091,202301,983,0.85
8611,2020370235,202301,59,0.85
8612,2020200232,202301,61,0.85
8613,2020550243,202301,15,0.85
8614,2020201125,202301,46,0.85
8615,2020200585,202301,0,0.85
8616,2020200039,202301,92,0.85
8617,2020200435,202301,8,0.85
8618,5050041728,202301,42,0.85
8619,2020200414,202301,11,0.85
8620,2020200800,202301,5,0.85
8621,2020080735,202301,0,0.85
8622,2020080685,202301,101,0.85
8623,2020550201,202301,29,0.85
8624,2020200273,202301,213,0.85
8625,2020210245,202301,93,0.85
8626,2020550188,202301,29,0.85
8627,2020151186,202301,1,0.85
8628,2020280305,202301,38,0.85
8629,2020171425,202301,9,0.85
8630,2020200530,202301,75,0.85
8631,2020200560,202301,67,0.85
8632,2020011545,202301,46,0.85
8633,2020280395,202301,17,0.85
8634,2020280385,202301,23,0.85
8635,3030340184,202301,4,0.85
8636,2020550212,202301,0,0.85
8637,3030340207,202301,66,0.85
8638,2020370410,202301,10,0.85
8639,2020200783,202301,12,0.85
8640,2020440290,202301,24,0.85
8641,2020370440,202301,15,0.85
8642,2020200595,202301,28,0.85
8643,2020310557,202301,59,0.85
8644,2020550043,202301,88,0.85
8645,2020200791,202301,65,0.85
8646,2020370200,202301,9,0.85
8647,2020200445,202301,19,0.85
8648,2020200955,202301,24,0.85
8649,2020370210,202301,45,0.85
8650,2020200940,202301,6,0.85
8651,2020450105,202301,1,0.85
8652,2020310120,202301,73,0.85
8653,2020550038,202301,20,0.85
8654,2020550041,202301,0,0.85
8655,2020310430,202301,49,0.85
8656,2020290170,202301,5,0.85
8657,2020200222,202301,17,0.85
8658,2020200805,202301,0,0.85
8659,2020450165,202301,24,0.85
8660,2020450170,202301,12,0.85
8661,2020380270,202301,36,0.85
8662,2020900165,202301,93,0.85
8663,5050900070,202301,197,0.85
8664,2020200535,202301,392,0.85
8665,2020210265,202301,92,0.85
8666,2020200152,202301,0,0.85
8667,2020460600,202301,25,0.85
8668,2020390332,202301,19,0.85
8669,2020141881,202301,0,0.85
8670,2020151180,202301,0,0.85
8671,2020201149,202301,6,0.85
8672,2020550133,202301,24,0.85
8673,2020200226,202301,76,0.85
8674,2020201129,202301,9,0.85
8675,2020200214,202301,19,0.85
8676,2020200242,202301,72,0.85
8677,5050030880,202301,3,0.85
8678,2020201166,202301,10,0.85
8679,2020200238,202301,37,0.85
8680,2020141947,202301,72,0.85
8681,2020051962,202301,19,0.85
8682,2020201105,202301,42,0.85
8683,2020201115,202301,21,0.85
8684,2020200290,202301,24,0.85
8685,2020200213,202301,15,0.85
8686,2020200260,202301,113,0.85
8687,2020200303,202301,44,0.85
8688,2020200337,202301,25,0.85
8689,2020200336,202301,123,0.85
8690,2020270430,202301,34,0.85
8691,2020210185,202301,17,0.85
8692,2020210135,202301,5,0.85
8693,2020201050,202301,13,0.85
8694,2020201160,202301,23,0.85
8695,2020210355,202301,18,0.85
8696,2020210020,202301,33,0.85
8697,2020200330,202301,46,0.85
8698,2020200370,202301,29,0.85
8699,2020200097,202301,212,0.85
8700,2020200333,202301,14,0.85
8701,2020310210,202301,64,0.85
8702,2020550112,202301,18,0.85
8703,2020550145,202301,68,0.85
8704,2020161566,202301,29,0.85
8705,2020171578,202301,19,0.85
8706,2020550022,202301,26,0.85
8707,2020200765,202301,8,0.85
8708,2020200090,202301,118,0.85
8709,5050012211,202301,83,0.85
8710,2020390341,202301,0,0.85
8711,2020370220,202301,23,0.85
8712,2020161526,202301,19,0.85
8713,2020550051,202301,20,0.85
8714,2020161529,202301,13,0.85
8715,2020550166,202301,46,0.85
8716,2020470229,202301,100,0.85
8717,2020081393,202301,196,0.85
8718,2020080450,202301,12,0.85
8719,2020420204,202301,999,0.85
8720,2020550226,202301,14,0.85
8721,2020240060,202301,117,0.85
8722,2020550074,202301,35,0.85
8723,2020280190,202301,31,0.85
8724,2020010835,202301,66,0.85
8725,2020550093,202301,111,0.85
8726,2020141900,202301,10,0.85
8727,2020141919,202301,6,0.85
8728,5050012223,202301,13,0.85
8729,2020310250,202301,26,0.85
8730,5050080130,202301,12,0.85
8731,2020310245,202301,40,0.85
8732,2020200485,202301,0,0.85
8733,2020200960,202301,25,0.85
8734,2020200185,202301,2,0.85
8735,2020200332,202301,0,0.85
8736,2020310240,202301,22,0.85
8737,2020200160,202301,33,0.85
8738,2020200395,202301,34,0.85
8739,2020201113,202301,12,0.85
8740,2020200212,202301,43,0.85
8741,2020200331,202301,64,0.85
8742,5050080120,202301,7,0.85
8743,5050080125,202301,5,0.85
8744,2020201159,202301,21,0.85
8745,2020200715,202301,69,0.85
8746,2020201045,202301,21,0.85
8747,2020550214,202301,39,0.85
8748,2020200740,202301,81,0.85
8749,2020201090,202301,0,0.85
8750,2020200231,202301,1,0.85
8751,2020161558,202301,13,0.85
8752,2020550122,202301,15,0.85
8753,2020161510,202301,131,0.85
8754,2020201128,202301,11,0.85
8755,2020081371,202301,22,0.85
8756,2020550187,202301,20,0.85
8757,2020161543,202301,9,0.85
8758,2020550002,202301,26,0.85
8759,2020550095,202301,18,0.85
8760,2020012353,202301,59,0.85
8761,2020141902,202301,0,0.85
8762,5050080110,202301,0,0.85
8763,2020021681,202301,68,0.85
8764,2020280360,202301,31,0.85
8765,2020370000,202301,7,0.85
8766,2020470195,202301,0,0.85
8767,2020111154,202301,47,0.85
8768,2020200150,202301,34,0.85
8769,2020200095,202301,96,0.85
8770,2020200665,202301,75,0.85
8771,2020200103,202301,16,0.85
8772,2020530003,202301,11,0.85
8773,2020161507,202301,153,0.85
8774,2020550221,202301,16,0.85
8775,2020200325,202301,71,0.85
8776,2020280388,202301,0,0.85
8777,2020200810,202301,0,0.85
8778,2020201065,202301,8,0.85
8779,2020200815,202301,0,0.85
8780,2020380285,202301,46,0.85
8781,2020380280,202301,3,0.85
8782,2020280401,202301,31,0.85
8783,2020081389,202301,22,0.85
8784,2020280365,202301,79,0.85
8785,2020080705,202301,15,0.85
8786,2020310556,202301,18,0.85
8787,2020310495,202301,7,0.85
8788,2020310215,202301,1,0.85
8789,2020171577,202301,363,0.85
8790,2020200147,202301,67,0.85
8791,2020012344,202301,67,0.85
8792,2020550029,202301,0,0.85
8793,2020171569,202301,48,0.85
8794,2020310165,202301,50,0.85
8795,2020250175,202301,1,0.85
8796,2020550131,202301,16,0.85
8797,2020200780,202301,1353,0.85
8798,2020550050,202301,11,0.85
8799,2020012349,202301,11,0.85
8800,2020550096,202301,32,0.85
8801,2020200068,202301,61,0.85
8802,2020091589,202301,12,0.85
8803,2020200164,202301,24,0.85
8804,3030340208,202301,127,0.85
8805,5050040005,202301,21,0.85
8806,5050041725,202301,4,0.85
8807,2020380301,202301,2,0.85
8808,5050041726,202301,12,0.85
8809,2020201130,202301,0,0.85
8810,2020290180,202301,12,0.85
8811,2020091591,202301,38,0.85
8812,2020041662,202301,123,0.85
8813,2020210030,202301,50,0.85
8814,2020091605,202301,15,0.85
8815,2020550081,202301,59,0.85
8816,2020081384,202301,5,0.85
8817,2020141946,202301,6,0.85
8818,2020141941,202301,0,0.85
8819,2020051963,202301,44,0.85
8820,2020050855,202301,73,0.85
8821,2020720624,202301,92,0.85
8822,3030340205,202301,209,0.85
8823,5050040001,202301,29,0.85
8824,2020550016,202301,32,0.85
8825,2020550077,202301,15,0.85
8826,2020460643,202301,13,0.85
8827,2020161540,202301,13,0.85
8828,2020210225,202301,70,0.85
8829,2020171529,202301,21,0.85
8830,2020241180,202301,122,0.85
8831,2020171535,202301,114,0.85
8832,2020200085,202301,17,0.85
8833,2020550205,202301,10,0.85
8834,2020280345,202301,379,0.85
8835,3030120477,202301,0,0.85
8836,2020480388,202301,39,0.85
8837,2020241677,202301,4,0.85
8838,2020240445,202301,21,0.85
8839,2020171532,202301,35,0.85
8840,5050041688,202301,8,0.85
8841,2020141911,202301,3,0.85
8842,2020550177,202301,28,0.85
8843,5050030727,202301,11,0.85
8844,5050080135,202301,24,0.85
8845,5050030726,202301,49,0.85
8846,5050080115,202301,11,0.85
8847,2020210205,202301,2,0.85
8848,5050030835,202301,194,0.85
8849,2020141945,202301,25,0.85
8850,2020011565,202301,46,0.85
8851,2020012342,202301,11,0.85
8852,5050080140,202301,39,0.85
8853,2020151201,202301,7,0.85
8854,2020151198,202301,20,0.85
8855,2020310160,202301,83,0.85
8856,2020200161,202301,8,0.85
8857,2020370395,202301,17,0.85
8858,2020370240,202301,29,0.85
8859,2020151211,202301,46,0.85
8860,2020370390,202301,45,0.85
8861,2020210210,202301,21,0.85
8862,5050012219,202301,34,0.85
8863,2020440110,202301,55,0.85
8864,2020440296,202301,32,0.85
8865,2020310500,202301,18,0.85
8866,2020310195,202301,19,0.85
8867,2020310490,202301,2,0.85
8868,2020200229,202301,21,0.85
8869,2020370405,202301,15,0.85
8870,2020550147,202301,40,0.85
8871,2020550085,202301,20,0.85
8872,2020550191,202301,0,0.85
8873,2020141888,202301,86,0.85
8874,2020141932,202301,27,0.85
8875,2020171562,202301,0,0.85
8876,2020370215,202301,47,0.85
8877,5050080100,202301,95,0.85
8878,2020210040,202301,59,0.85
8879,2020161553,202301,4,0.85
8880,2020141931,202301,54,0.85
8881,2020141943,202301,63,0.85
8882,2020370310,202301,53,0.85
8883,2020310420,202301,0,0.85
8884,2020200227,202301,0,0.85
8885,2020440295,202301,43,0.85
8886,2020241672,202301,3,0.85
8887,2020051966,202301,3,0.85
8888,2020141910,202301,12,0.85
8889,2020071240,202301,55,0.85
8890,2020201121,202301,79,0.85
8891,2020200410,202301,28,0.85
8892,2020550114,202301,0,0.85
8893,2020021678,202301,19,0.85
8894,2020021671,202301,53,0.85
8895,2020171539,202301,15,0.85
8896,2020171545,202301,0,0.85
8897,2020200475,202301,21,0.85
8898,2020310325,202301,56,0.85
8899,2020310110,202301,44,0.85
8900,2020310505,202301,13,0.85
8901,2020310540,202301,22,0.85
8902,2020310115,202301,40,0.85
8903,2020550023,202301,48,0.85
8904,2020021672,202301,0,0.85
8905,2020091602,202301,2,0.85
8906,5050031436,202301,3,0.85
8907,2020200315,202301,43,0.85
8908,2020200071,202301,23,0.85
8909,2020310405,202301,22,0.85
8910,2020550134,202301,0,0.85
8911,2020550195,202301,26,0.85
8912,2020200685,202301,0,0.85
8913,2020012338,202301,58,0.85
8914,2020091586,202301,71,0.85
8915,2020550244,202301,6,0.85
8916,2020011455,202301,175,0.85
8917,2020171533,202301,84,0.85
8918,2020071505,202301,0,0.85
8919,2020550108,202301,0,0.85
8920,2020550109,202301,0,0.85
8921,2020171566,202301,4,0.85
8922,2020550142,202301,75,0.85
8923,2020081394,202301,30,0.85
8924,2020161533,202301,12,0.85
8925,2020550137,202301,53,0.85
8926,2020201035,202301,37,0.85
8927,2020200513,202301,42,0.85
8928,2020201146,202301,19,0.85
8929,2020200087,202301,45,0.85
8930,2020310535,202301,50,0.85
8931,5050070125,202301,4,0.85
8932,2020550080,202301,13,0.85
8933,2020450255,202301,19,0.85
8934,2020450280,202301,8,0.85
8935,5050041697,202301,51,0.85
8936,2020111153,202301,38,0.85
8937,2020141949,202301,80,0.85
8938,2020201156,202301,34,0.85
8939,2020200209,202301,33,0.85
8940,2020270467,202301,0,0.85
8941,2020270470,202301,80,0.85
8942,2020180699,202301,19,0.85
8943,2020012350,202301,35,0.85
8944,2020151177,202301,101,0.85
8945,5050041731,202301,64,0.85
8946,2020200570,202301,16,0.85
8947,2020200796,202301,12,0.85
8948,2020201015,202301,21,0.85
8949,2020201010,202301,11,0.85
8950,2020200580,202301,10,0.85
8951,2020201020,202301,54,0.85
8952,3030340204,202301,67,0.85
8953,2020310415,202301,51,0.85
8954,2020310568,202301,0,0.85
8955,2020310460,202301,13,0.85
8956,2020450155,202301,43,0.85
8957,2020490014,202301,99,0.85
8958,2020200230,202301,56,0.85
8959,3030120474,202301,0,0.85
8960,2020200125,202301,109,0.85
8961,2020062089,202301,26,0.85
8962,2020161535,202301,4,0.85
8963,2020191105,202301,101,0.85
8964,2020200170,202301,73,0.85
8965,2020241310,202301,10,0.85
8966,2020161527,202301,17,0.85
8967,3030340203,202301,8,0.85
8968,2020161538,202301,51,0.85
8969,2020370295,202301,32,0.85
8970,2020171572,202301,1,0.85
8971,2020171553,202301,10,0.85
8972,2020550170,202301,29,0.85
8973,2020091585,202301,0,0.85
8974,2020550192,202301,47,0.85
8975,2020370365,202301,21,0.85
8976,5050012221,202301,4,0.85
8977,2020460642,202301,43,0.85
8978,2020141938,202301,55,0.85
8979,2020012341,202301,33,0.85
8980,2020290183,202301,21,0.85
8981,2020141907,202301,31,0.85
8982,2020091588,202301,13,0.85
8983,2020021659,202301,12,0.85
8984,5050012210,202301,146,0.85
8985,2020241150,202301,3,0.85
8986,2020280397,202301,40,0.85
8987,2020470218,202301,0,0.85
8988,2020470135,202301,37,0.85
8989,2020450135,202301,19,0.85
8990,2020470105,202301,93,0.85
8991,2020191083,202301,12,0.85
8992,2020191095,202301,2,0.85
8993,2020450415,202301,7,0.85
8994,2020290165,202301,13,0.85
8995,2020241610,202301,7,0.85
8996,2020171554,202301,23,0.85
8997,2020290110,202301,30,0.85
8998,2020070235,202301,0,0.85
8999,5050070155,202301,30,0.85
9000,2020470160,202301,444,0.85
9001,2020280155,202301,24,0.85
9002,2020470185,202301,40,0.85
9003,2020200565,202301,20,0.85
9004,2020012354,202301,0,0.85
9005,2020171541,202301,7,0.85
9006,2020310315,202301,94,0.85
9007,2020310175,202301,67,0.85
9008,2020550054,202301,13,0.85
9009,2020012343,202301,20,0.85
9010,2020370345,202301,5,0.85
9011,2020310567,202301,15,0.85
9012,2020310305,202301,35,0.85
9013,2020310295,202301,15,0.85
9014,2020360376,202301,0,0.85
9015,2020310140,202301,27,0.85
9016,2020310220,202301,17,0.85
9017,2020370350,202301,3,0.85
9018,2020450360,202301,33,0.85
9019,2020310470,202301,10,0.85
9020,2020550037,202301,33,0.85
9021,2020191084,202301,1,0.85
9022,2020550223,202301,64,0.85
9023,2020191098,202301,55,0.85
9024,2020550182,202301,69,0.85
9025,3030340077,202301,1,0.85
9026,2020151182,202301,57,0.85
9027,2020550184,202301,31,0.85
9028,2020550159,202301,24,0.85
9029,2020550153,202301,55,0.85
9030,2020550064,202301,40,0.85
9031,2020200086,202301,19,0.85
9032,2020550160,202301,61,0.85
9033,2020550044,202301,56,0.85
9034,2020191101,202301,36,0.85
9035,2020201137,202301,24,0.85
9036,2020201075,202301,0,0.85
9037,2020021668,202301,203,0.85
9038,2020200355,202301,13,0.85
9039,2020091590,202301,19,0.85
9040,2020071502,202301,19,0.85
9041,2020370170,202301,701,0.85
9042,2020550103,202301,56,0.85
9043,2020550072,202301,10,0.85
9044,2020201025,202301,39,0.85
9045,2020280402,202301,0,0.85
9046,2020280235,202301,22,0.85
9047,2020280245,202301,18,0.85
9048,2020280220,202301,38,0.85
9049,2020200806,202301,9,0.85
9050,2020200135,202301,14,0.85
9051,2020280389,202301,34,0.85
9052,2020280350,202301,7,0.85
9053,5050070160,202301,0,0.85
9054,2020191097,202301,19,0.85
9055,2020241676,202301,18,0.85
9056,2020141925,202301,124,0.85
9057,2020370270,202301,4,0.85
9058,2020200680,202301,62,0.85
9059,2020200470,202301,0,0.85
9060,2020200586,202301,50,0.85
9061,2020370430,202301,18,0.85
9062,2020450380,202301,8,0.85
9063,2020200760,202301,168,0.85
9064,2020200660,202301,62,0.85
9065,2020200965,202301,214,0.85
9066,2020450370,202301,0,0.85
9067,2020450375,202301,4,0.85
9068,2020450190,202301,43,0.85
9069,2020141906,202301,0,0.85
9070,5050030784,202301,39,0.85
9071,5050012225,202301,81,0.85
9072,2020550213,202301,9,0.85
9073,2020200511,202301,9,0.85
9074,2020191089,202301,22,0.85
9075,2020200512,202301,14,0.85
9076,2020200406,202301,65,0.85
9077,2020201120,202301,50,0.85
9078,2020200720,202301,5,0.85
9079,2020450385,202301,5,0.85
9080,2020191103,202301,2,0.85
9081,2020450215,202301,46,0.85
9082,2020450345,202301,23,0.85
9083,2020450421,202301,12,0.85
9084,2020470130,202301,8,0.85
9085,2020450429,202301,2,0.85
9086,2020161542,202301,0,0.85
9087,2020200522,202301,12,0.85
9088,2020290155,202301,20,0.85
9089,2020241674,202301,5,0.85
9090,2020370155,202301,8,0.85
9091,5050012233,202301,8,0.85
9092,2020310155,202301,9,0.85
9093,2020310515,202301,8,0.85
9094,2020550012,202301,17,0.85
9095,2020370260,202301,111,0.85
9096,2020370325,202301,51,0.85
9097,2020370315,202301,216,0.85
9098,2020370330,202301,109,0.85
9099,2020370415,202301,0,0.85
9100,2020200154,202301,37,0.85
9101,2020200195,202301,18,0.85
9102,2020200010,202301,118,0.85
9103,2020200190,202301,6,0.85
9104,2020450120,202301,19,0.85
9105,2020450125,202301,5,0.85
9106,2020450195,202301,39,0.85
9107,2020161505,202301,222,0.85
9108,2020450424,202301,26,0.85
9109,2020450423,202301,34,0.85
9110,2020460640,202301,28,0.85
9111,2020460641,202301,25,0.85
9112,5050041734,202301,14,0.85
9113,5050041736,202301,10,0.85
9114,2020550007,202301,0,0.85
9115,2020550130,202301,52,0.85
9116,2020070605,202301,33,0.85
9117,2020081382,202301,2,0.85
9118,2020081392,202301,56,0.85
9119,2020550088,202301,36,0.85
9120,2020200860,202301,171,0.85
9121,2020032012,202301,18,0.85
9122,2020012340,202301,59,0.85
9123,2020550155,202301,16,0.85
9124,5050080170,202301,46,0.85
9125,2020280380,202301,57,0.85
9126,2020370225,202301,1,0.85
9127,2020161512,202301,12,0.85
9128,2020550076,202301,0,0.85
9129,2020151183,202301,12,0.85
9130,2020081395,202301,0,0.85
9131,2020141915,202301,112,0.85
9132,2020171523,202301,17,0.85
9133,2020300257,202301,0,0.85
9134,2020161508,202301,15,0.85
9135,2020200405,202301,43,0.85
9136,2020210310,202301,20,0.85
9137,2020071503,202301,134,0.85
9138,2020071504,202301,304,0.85
9139,2020151212,202301,61,0.85
9140,2020151213,202301,2,0.85
9141,2020201158,202301,13,0.85
9142,2020161559,202301,14,0.85
9143,5050070135,202301,72,0.85
9144,2020031993,202301,22,0.85
9145,2020161520,202301,0,0.85
9146,2020550032,202301,38,0.85
9147,2020550100,202301,25,0.85
9148,2020190535,202301,45,0.85
9149,2020370195,202301,42,0.85
9150,2020012321,202301,29,0.85
9151,2020200104,202301,70,0.85
9152,2020201131,202301,22,0.85
9153,2020200100,202301,17,0.85
9154,2020200155,202301,1,0.85
9155,2020200159,202301,5,0.85
9156,2020200099,202301,33,0.85
9157,2020310385,202301,91,0.85
9158,2020201110,202301,15,0.85
9159,2020200092,202301,64,0.85
9160,2020210050,202301,146,0.85
9161,5050012231,202301,25,0.85
9162,2020210060,202301,101,0.85
9163,2020200148,202301,45,0.85
9164,2020200096,202301,39,0.85
9165,3030340145,202301,29,0.85
9166,2020141928,202301,0,0.85
9167,2020290100,202301,0,0.85
9168,2020200794,202301,46,0.85
9169,2020450140,202301,35,0.85
9170,2020450185,202301,70,0.85
9171,2020200792,202301,30,0.85
9172,2020290115,202301,14,0.85
9173,2020200205,202301,8,0.85
9174,2020200799,202301,29,0.85
9175,2020290145,202301,0,0.85
9176,2020201168,202301,180,0.85
9177,2020450175,202301,43,0.85
9178,2020280315,202301,175,0.85
9179,2020200803,202301,18,0.85
9180,2020200275,202301,55,0.85
9181,2020280240,202301,102,0.85
9182,2020450150,202301,28,0.85
9183,2020290120,202301,2,0.85
9184,2020290185,202301,26,0.85
9185,2020200807,202301,0,0.85
9186,2020200797,202301,28,0.85
9187,2020290105,202301,0,0.85
9188,2020200300,202301,27,0.85
9189,2020200064,202301,30,0.85
9190,2020200070,202301,153,0.85
9191,2020310260,202301,1,0.85
9192,2020310440,202301,17,0.85
9193,2020310265,202301,41,0.85
9194,2020370130,202301,27,0.85
9195,2020370135,202301,101,0.85
9196,2020310520,202301,28,0.85
9197,2020310525,202301,16,0.85
9198,2020310285,202301,20,0.85
9199,2020310275,202301,37,0.85
9200,2020310170,202301,104,0.85
9201,2020280275,202301,47,0.85
9202,2020280280,202301,2,0.85
9203,2020280290,202301,6,0.85
9204,2020280330,202301,27,0.85
9205,2020161562,202301,30,0.85
9206,2020280375,202301,17,0.85
9207,2020280140,202301,55,0.85
9208,2020012339,202301,19,0.85
9209,2020200211,202301,14,0.85
9210,2020310425,202301,8,0.85
9211,2020310480,202301,4,0.85
9212,2020310130,202301,6,0.85
9213,2020201132,202301,27,0.85
9214,2020200361,202301,43,0.85
9215,2020200365,202301,6,0.85
9216,2020290160,202301,0,0.85
9217,2020200362,202301,30,0.85
9218,2020201133,202301,12,0.85
9219,2020200885,202301,37,0.85
9220,2020550146,202301,3,0.85
9221,2020200217,202301,40,0.85
9222,2020200201,202301,1,0.85
9223,2020200360,202301,12,0.85
9224,2020370275,202301,123,0.85
9225,2020280215,202301,9,0.85
9226,2020280386,202301,16,0.85
9227,2020280265,202301,71,0.85
9228,2020310185,202301,25,0.85
9229,2020370115,202301,41,0.85
9230,2020201162,202301,27,0.85
9231,2020280230,202301,43,0.85
9232,2020201100,202301,23,0.85
9233,2020280403,202301,19,0.85
9234,2020080715,202301,39,0.85
9235,2020280160,202301,7,0.85
9236,2020280135,202301,6,0.85
9237,2020200210,202301,60,0.85
9238,2020280130,202301,13,0.85
9239,2020550042,202301,10,0.85
9240,2020280145,202301,24,0.85
9241,2020280392,202301,53,0.85
9242,2020280180,202301,68,0.85
9243,2020280355,202301,24,0.85
9244,2020280406,202301,1,0.85
9245,2020201070,202301,65,0.85
9246,2020280393,202301,43,0.85
9247,2020280225,202301,31,0.85
9248,2020290140,202301,10,0.85
9249,2020141312,202301,0,0.85
9250,2020550052,202301,14,0.85
9251,2020151210,202301,6,0.85
9252,2020151221,202301,0,0.85
9253,2020550053,202301,24,0.85
9254,2020460639,202301,0,0.85
9255,2020550069,202301,75,0.85
9256,2020200735,202301,12,0.85
9257,2020200705,202301,30,0.85
9258,2020310105,202301,63,0.85
9259,2020191085,202301,5,0.85
9260,2020310125,202301,9,0.85
9261,2020200397,202301,2,0.85
9262,2020200237,202301,0,0.85
9263,2020190760,202301,65,0.85
9264,2020200239,202301,39,0.85
9265,2020310100,202301,138,0.85
9266,2020200675,202301,5,0.85
9267,2020310235,202301,10,0.85
9268,2020201150,202301,6,0.85
9269,2020310552,202301,1,0.85
9270,2020161509,202301,2,0.85
9271,2020440130,202301,23,0.85
9272,2020450265,202301,5,0.85
9273,2020021675,202301,104,0.85
9274,2020200695,202301,8,0.85
9275,2020180706,202301,22,0.85
9276,2020200750,202301,23,0.85
9277,2020201060,202301,140,0.85
9278,2020201147,202301,13,0.85
9279,2020200650,202301,18,0.85
9280,2020200690,202301,29,0.85
9281,2020121719,202301,0,0.85
9282,5050041732,202301,75,0.85
9283,2020071498,202301,0,0.85
9284,2020390265,202301,0,0.85
9285,2020280150,202301,24,0.85
9286,2020091578,202301,32,0.85
9287,2020280300,202301,29,0.85
9288,2020200915,202301,18,0.85
9289,2020280205,202301,36,0.85
9290,2020200825,202301,23,0.85
9291,2020210070,202301,99,0.85
9292,2020450365,202301,0,0.85
9293,2020450420,202301,38,0.85
9294,2020280320,202301,50,0.85
9295,2020151197,202301,42,0.85
9296,2020450295,202301,16,0.85
9297,2020200793,202301,19,0.85
9298,2020450425,202301,23,0.85
9299,2020200610,202301,44,0.85
9300,2020450405,202301,20,0.85
9301,2020200241,202301,83,0.85
9302,2020200855,202301,0,0.85
9303,2020210352,202301,23,0.85
9304,2020210080,202301,59,0.85
9305,2020210348,202301,13,0.85
9306,2020550045,202301,4,0.85
9307,2020290150,202301,0,0.85
9308,5050030805,202301,38,0.85
9309,2020550124,202301,24,0.85
9310,2020091579,202301,95,0.85
9311,2020550231,202301,44,0.85
9312,2020550150,202301,24,0.85
9313,2020141921,202301,8,0.85
9314,2020141922,202301,33,0.85
9315,2020370335,202301,14,0.85
9316,2020370455,202301,0,0.85
9317,2020550204,202301,37,0.85
9318,2020210090,202301,105,0.85
9319,2020210240,202301,30,0.85
9320,2020480372,202301,61,0.85
9321,2020310400,202301,131,0.85
9322,2020370385,202301,37,0.85
9323,2020370380,202301,45,0.85
9324,2020530002,202301,2,0.85
9325,5050041285,202301,19,0.85
9326,2020171575,202301,19,0.85
9327,2020241300,202301,40,0.85
9328,2020210100,202301,74,0.85
9329,2020370290,202301,78,0.85
9330,2020141918,202301,11,0.85
9331,2020180665,202301,50,0.85
9332,2020041666,202301,36,0.85
9333,2020470219,202301,3,0.85
9334,2020550200,202301,11,0.85
9335,2020550097,202301,30,0.85
9336,2020550198,202301,29,0.85
9337,2020550219,202301,28,0.85
9338,2020550217,202301,32,0.85
9339,2020170566,202301,30,0.85
9340,2020310475,202301,3,0.85
9341,2020310340,202301,37,0.85
9342,2020550172,202301,49,0.85
9343,5050720314,202301,122,0.85
9344,5050041735,202301,96,0.85
9345,2020161560,202301,51,0.85
9346,2020171550,202301,6,0.85
9347,2020340719,202301,61,0.85
9348,5050030708,202301,66,0.85
9349,2020200795,202301,15,0.85
9350,2020180707,202301,19,0.85
9351,2020200168,202301,1,0.85
9352,2020200925,202301,37,0.85
9353,2020200935,202301,10,0.85
9354,2020180701,202301,59,0.85
9355,2020450432,202301,24,0.85
9356,2020200625,202301,10,0.85
9357,2020240350,202301,65,0.85
9358,2020490015,202301,38,0.85
9359,2020210110,202301,31,0.85
9360,2020200407,202301,28,0.85
9361,2020200412,202301,54,0.85
9362,2020200408,202301,8,0.85
9363,2020200403,202301,29,0.85
9364,2020151220,202301,26,0.85
9365,2020200411,202301,0,0.85
9366,2020141937,202301,30,0.85
9367,2020200700,202301,19,0.85
9368,2020151219,202301,39,0.85
9369,2020151189,202301,4,0.85
9370,2020141904,202301,10,0.85
9371,2020171559,202301,29,0.85
9372,2020081386,202301,20,0.85
9373,2020550157,202301,0,0.85
9374,2020091604,202301,41,0.85
9375,2020290184,202301,11,0.85
9376,2020171563,202301,14,0.85
9377,2020171546,202301,24,0.85
9378,2020240595,202301,74,0.85
9379,2020021670,202301,0,0.85
9380,2020161545,202301,50,0.85
9381,2020161506,202301,22,0.85
9382,2020241675,202301,52,0.85
9383,3030340128,202301,8,0.85
9384,2020550222,202301,16,0.85
9385,2020180708,202301,13,0.85
9386,2020171567,202301,1,0.85
9387,2020550004,202301,0,0.85
9388,2020151194,202301,71,0.85
9389,2020200975,202301,42,0.85
9390,2020200149,202301,39,0.85
9391,2020200083,202301,6,0.85
9392,2020180704,202301,61,0.85
9393,2020200088,202301,76,0.85
9394,2020200310,202301,33,0.85
9395,2020200306,202301,24,0.85
9396,2020200285,202301,5,0.85
9397,2020200515,202301,0,0.85
9398,2020201155,202301,16,0.85
9399,2020200302,202301,18,0.85
9400,2020201154,202301,7,0.85
9401,2020201112,202301,20,0.85
9402,2020200830,202301,26,0.85
9403,2020200280,202301,29,0.85
9404,2020280399,202301,0,0.85
9405,2020550132,202301,3,0.85
9406,2020550056,202301,24,0.85
9407,2020470227,202301,36,0.85
9408,5050070115,202301,32,0.85
9409,5050070130,202301,94,0.85
9410,5050031445,202301,14,0.85
9411,5050070164,202301,22,0.85
9412,2020280394,202301,3,0.85
9413,5050070161,202301,21,0.85
9414,2020470200,202301,41,0.85
9415,2020210120,202301,31,0.85
9416,2020201114,202301,7,0.85
9417,2020470120,202301,5,0.85
9418,2020071500,202301,3,0.85
9419,2020071506,202301,44,0.85
9420,2020171561,202301,0,0.85
9421,2020400569,202301,28,0.85
9422,2020241170,202301,10,0.85
9423,2020241671,202301,93,0.85
9424,2020081383,202301,17,0.85
9425,2020540050,202301,0,0.85
9426,2020200532,202301,154,0.85
9427,2020161521,202301,17,0.85
9428,2020081398,202301,0,0.85
9429,2020180700,202301,75,0.85
9430,2020032002,202301,129,0.85
9431,2020470225,202301,22,0.85
9432,2020550107,202301,24,0.85
9433,2020081396,202301,0,0.85
9434,2020032011,202301,55,0.85
9435,2020450350,202301,29,0.85
9436,2020141933,202301,36,0.85
9437,2020450225,202301,22,0.85
9438,2020550242,202301,10,0.85
9439,2020450355,202301,35,0.85
9440,2020071492,202301,0,0.85
9441,2020200151,202301,9,0.85
9442,2020450431,202301,0,0.85
9443,2020310300,202301,16,0.85
9444,2020191086,202301,4,0.85
9445,2020171558,202301,23,0.85
9446,2020470110,202301,47,0.85
9447,5050041698,202301,4,0.85
9448,2020200146,202301,18,0.85
9449,2020200265,202301,24,0.85
9450,2020310335,202301,62,0.85
9451,2020450395,202301,29,0.85
9452,2020200611,202301,15,0.85
9453,2020200093,202301,15,0.85
9454,2020141905,202301,38,0.85
9455,2020550015,202301,8,0.85
9456,2020310280,202301,103,0.85
9457,2020200425,202301,21,0.85
9458,5050012218,202301,15,0.85
9459,2020550149,202301,87,0.85
9460,2020550066,202301,63,0.85
9461,2020550158,202301,25,0.85
9462,2020550152,202301,23,0.85
9463,2020550179,202301,0,0.85
9464,2020151200,202301,16,0.85
9465,2020550079,202301,31,0.85
9466,2020151199,202301,9,0.85
9467,2020370460,202301,23,0.85
9468,2020550169,202301,58,0.85
9469,2020200228,202301,39,0.85
9470,2020030825,202301,53,0.85
9471,2020550098,202301,37,0.85
9472,2020091554,202301,0,0.85
9473,3030120475,202301,14,0.85
9474,2020141936,202301,13,0.85
9475,2020210115,202301,13,0.85
9476,2020550084,202301,29,0.85
9477,2020550086,202301,52,0.85
9478,2020032004,202301,39,0.85
9479,2020201124,202301,0,0.85
9480,2020200440,202301,46,0.85
9481,2020200490,202301,74,0.85
9482,2020200521,202301,60,0.85
9483,2020550218,202301,6,0.85
9484,2020550008,202301,37,0.85
9485,2020550011,202301,30,0.85
9486,2020550236,202301,0,0.85
9487,2020161563,202301,7,0.85
9488,2020200394,202301,24,0.85
9489,2020200396,202301,17,0.85
9490,5050012205,202301,23,0.85
9491,2020161569,202301,0,0.85
9492,2020210130,202301,7,0.85
9493,2020081397,202301,0,0.85
9494,2020210350,202301,35,0.85
9495,2020210351,202301,12,0.85
9496,2020210358,202301,23,0.85
9497,2020210195,202301,4,0.85
9498,2020210320,202301,68,0.85
9499,5050012227,202301,15,0.85
9500,2020550138,202301,5,0.85
9501,5050012215,202301,44,0.85
9502,2020201095,202301,37,0.85
9503,2020550104,202301,7,0.85
9504,2020141879,202301,167,0.85
9505,2020062090,202301,795,0.85
9506,2020051969,202301,0,0.85
9507,2020550106,202301,17,0.85
9508,2020550225,202301,6,0.85
9509,2020141940,202301,0,0.85
9510,2020550207,202301,27,0.85
9511,2020550171,202301,12,0.85
9512,2020550110,202301,78,0.85
9513,2020210105,202301,4,0.85
9514,2020550013,202301,24,0.85
9515,2020550189,202301,25,0.85
9516,2020550161,202301,38,0.85
9517,2020081388,202301,16,0.85
9518,2020280255,202301,0,0.85
9519,2020121728,202301,7,0.85
9520,2020091596,202301,49,0.85
9521,2020550123,202301,9,0.85
9522,2020550144,202301,8,0.85
9523,2020280325,202301,37,0.85
9524,2020171548,202301,1,0.85
9525,2020171543,202301,8,0.85
9526,2020190060,202301,81,0.85
9527,2020200340,202301,8,0.85
9528,2020200334,202301,29,0.85
9529,2020091603,202301,30,0.85
9530,2020200351,202301,33,0.85
9531,2020200890,202301,45,0.85
9532,2020171570,202301,43,0.85
9533,2020200255,202301,68,0.85
9534,2020550135,202301,11,0.85
9535,2020430157,202301,7,0.85
9536,2020161552,202301,16,0.85
9537,2020201085,202301,8,0.85
9538,2020171555,202301,14,0.85
9539,2020200245,202301,16,0.85
9540,2020310561,202301,74,0.85
9541,2020091583,202301,42,0.85
9542,2020280391,202301,94,0.85
9543,2020201118,202301,37,0.85
9544,2020450160,202301,27,0.85
9545,2020200480,202301,63,0.85
9546,2020201148,202301,2,0.85
9547,2020201145,202301,2,0.85
9548,2020151207,202301,29,0.85
9549,2020200486,202301,5,0.85
9550,2020201117,202301,26,0.85
9551,2020200243,202301,22,0.85
9552,2020200244,202301,34,0.85
9553,2020370400,202301,25,0.85
9554,2020210250,202301,76,0.85
9555,2020550102,202301,0,0.85
9556,2020210356,202301,7,0.85
9557,2020171536,202301,24,0.85
9558,2020550139,202301,20,0.85
9559,2020161551,202301,23,0.85
9560,2020161548,202301,0,0.85
9561,2020280260,202301,47,0.85
9562,2020280387,202301,0,0.85
9563,2020171557,202301,36,0.85
9564,2020210335,202301,61,0.85
9565,2020210145,202301,3,0.85
9566,2020210295,202301,5,0.85
9567,2020550089,202301,30,0.85
9568,2020141892,202301,14,0.85
9569,5050012206,202301,0,0.85
9570,2020151185,202301,74,0.85
9571,5050070163,202301,97,0.85
9572,2020161541,202301,21,0.85
9573,2020060105,202301,87,0.85
9574,2020550143,202301,47,0.85
9575,2020081390,202301,169,0.85
9576,2020310395,202301,23,0.85
9577,2020141920,202301,17,0.85
9578,2020141929,202301,0,0.85
9579,2020410555,202301,56,0.85
9580,2020550247,202301,22,0.85
9581,2020410560,202301,98,0.85
9582,2020550105,202301,53,0.85
9583,2020121727,202301,61,0.85
9584,2020550245,202301,32,0.85
9585,2020141950,202301,153,0.85
9586,2020151190,202301,12,0.85
9587,2020201123,202301,44,0.85
9588,2020210155,202301,66,0.85
9589,5050012207,202301,0,0.85
9590,2020141913,202301,70,0.85
9591,2020141934,202301,0,0.85
9592,2020171564,202301,46,0.85
9593,2020200645,202301,31,0.85
9594,2020200120,202301,79,0.85
9595,2020550083,202301,22,0.85
9596,2020550113,202301,12,0.85
9597,2020370180,202301,33,0.85
9598,2020370190,202301,0,0.85
9599,2020370205,202301,49,0.85
9600,2020290125,202301,67,0.85
9601,2020280185,202301,23,0.85
9602,2020290130,202301,4,0.85
9603,2020200082,202301,24,0.85
9604,2020081391,202301,0,0.85
9605,2020550026,202301,29,0.85
9606,2020310564,202301,3,0.85
9607,2020091587,202301,10,0.85
9608,2020550232,202301,4,0.85
9609,2020550065,202301,2,0.85
9610,2020550251,202301,1,0.85
9611,2020141917,202301,15,0.85
9612,2020121721,202301,24,0.85
9613,2020161561,202301,49,0.85
9614,2020450145,202301,54,0.85
9615,5050041737,202301,4,0.85
9616,2020550178,202301,12,0.85
9617,5050012208,202301,5,0.85
9618,2020550061,202301,58,0.85
9619,2020161549,202301,88,0.85
9620,2020370375,202301,18,0.85
9621,2020280100,202301,42,0.85
9622,2020550067,202301,86,0.85
9623,2020310135,202301,110,0.85
9624,2020180705,202301,11,0.85
9625,2020200042,202301,43,0.85
9626,2020210290,202301,9,0.85
9627,2020210275,202301,22,0.85
9628,2020270472,202301,528,0.85
9629,2020161516,202301,14,0.85
9630,2020200166,202301,29,0.85
9631,2020200157,202301,31,0.85
9632,2020200970,202301,19,0.85
9633,2020200990,202301,16,0.85
9634,2020200215,202301,8,0.85
9635,2020191090,202301,5,0.85
9636,2020200158,202301,4,0.85
9637,2020200180,202301,28,0.85
9638,2020200252,202301,88,0.85
9639,2020370160,202301,22,0.85
9640,2020370150,202301,79,0.85
9641,2020200335,202301,42,0.85
9642,2020200233,202301,33,0.85
9643,2020050815,202301,152,0.85
9644,2020550235,202301,31,0.85
9645,2020270469,202301,15,0.85
9646,2020240530,202301,16,0.85
9647,2020550168,202301,57,0.85
9648,2020240130,202301,45,0.85
9649,2020380275,202301,73,0.85
9650,2020200620,202301,91,0.85
9651,2020200590,202301,103,0.85
9652,2020200510,202301,84,0.85
9653,2020200945,202301,28,0.85
9654,2020200545,202301,23,0.85
9655,2020390120,202301,21,0.85
9656,2020200710,202301,13,0.85
9657,2020380300,202301,19,0.85
9658,2020200450,202301,29,0.85
9659,2020450290,202301,27,0.85
9660,2020450340,202301,6,0.85
9661,2020051964,202301,799,0.85
9662,2020191092,202301,4,0.85
9663,2020191096,202301,94,0.85
9664,2020550119,202301,55,0.85
9665,2020370285,202301,33,0.85
9666,2020161515,202301,5,0.85
9667,2020161514,202301,34,0.85
9668,2020200162,202301,54,0.85
9669,2020410687,202301,4,0.85
9670,5050012212,202301,25,0.85
9671,2020091385,202301,0,0.85
9672,2020450115,202301,4,0.85
9673,2020340717,202301,143,0.85
9674,2020520029,202301,9,0.85
9675,2020450427,202301,13,0.85
9676,2020450230,202301,39,0.85
9677,2020380296,202301,51,0.85
9678,2020201163,202301,23,0.85
9679,2020450210,202301,121,0.85
9680,2020200540,202301,68,0.85
9681,2020200730,202301,16,0.85
9682,2020450330,202301,3,0.85
9683,2020470228,202301,42,0.85
9684,2020380290,202301,40,0.85
9685,2020450240,202301,0,0.85
9686,2020450325,202301,6,0.85
9687,2020200770,202301,57,0.85
9688,2020200481,202301,69,0.85
9689,2020380297,202301,21,0.85
9690,2020200835,202301,47,0.85
9691,2020200094,202301,26,0.85
9692,2020200920,202301,8,0.85
9693,2020450200,202301,21,0.85
9694,2020141942,202301,59,0.85
9695,2020470222,202301,32,0.85
9696,2020450310,202301,37,0.85
9697,2020280165,202301,0,0.85
9698,2020450110,202301,66,0.85
9699,5050040019,202301,14,0.85
9700,2020450205,202301,57,0.85
9701,5050041738,202301,43,0.85
9702,2020450335,202301,60,0.85
9703,2020200520,202301,101,0.85
9704,2020450320,202301,23,0.85
9705,2020450235,202301,15,0.85
9706,2020200550,202301,47,0.85
9707,5050012216,202301,48,0.85
9708,2020370340,202301,44,0.85
9709,2020550010,202301,56,0.85
9710,2020111150,202301,108,0.85
9711,2020101089,202301,20,0.85
9712,2020101088,202301,135,0.85
9713,2020210360,202301,28,0.85
9714,2020210255,202301,147,0.85
9715,2020550090,202301,14,0.85
9716,2020200542,202301,56,0.85
9717,2020200575,202301,44,0.85
9718,2020200153,202301,18,0.85
9719,2020091555,202301,0,0.85
9720,2020310555,202301,31,0.85
9721,2020370105,202301,40,0.85
9722,2020151193,202301,54,0.85
9723,2020310570,202301,3,0.85
9724,2020310145,202301,3,0.85
9725,2020370100,202301,16,0.85
9726,2020310150,202301,0,0.85
9727,2020012313,202301,123,0.85
9728,2020030765,202301,7,0.85
9729,2020030445,202301,49,0.85
9730,2020310445,202301,0,0.85
9731,5050080160,202301,31,0.85
9732,3030340206,202301,18,0.85
9733,2020310485,202301,43,0.85
9734,2020041659,202301,113,0.85
9735,2020550129,202301,31,0.85
9736,2020200145,202301,66,0.85
9737,2020241670,202301,87,0.85
9738,2020161556,202301,7,0.85
9739,2020031995,202301,29,0.85
9740,2020151218,202301,144,0.85
9741,2020041660,202301,29,0.85
9742,2020161567,202301,98,0.85
9743,2020012345,202301,49,0.85
9744,2020121726,202301,0,0.85
9745,2020161528,202301,13,0.85
9746,2020200352,202301,8,0.85
9747,2020460644,202301,26,0.85
9748,2020200375,202301,10,0.85
9749,2020161523,202301,17,0.85
9750,2020161524,202301,32,0.85
9751,2020200790,202301,32,0.85
9752,2020430158,202301,12,0.85
9753,2020450315,202301,64,0.85
9754,2020021652,202301,28,0.85
9755,2020550215,202301,17,0.85
9756,2020410689,202301,32,0.85
9757,2020550091,202301,39,0.85
9758,2020550206,202301,36,0.85
9759,2020550176,202301,9,0.85
9760,2020310230,202301,388,0.85
9761,2020550121,202301,33,0.85
9762,2020280125,202301,41,0.85
9763,2020440297,202301,24,0.85
9764,2020161534,202301,0,0.85
9765,2020300258,202301,28,0.85
9766,2020161537,202301,8,0.85
9767,2020550151,202301,25,0.85
9768,2020280407,202301,12,0.85
9769,2020201144,202301,3,0.85
9770,2020201143,202301,9,0.85
9771,2020550028,202301,53,0.85
9772,2020071501,202301,0,0.85
9773,2020091601,202301,39,0.85
9774,2020550116,202301,16,0.85
9775,2020091594,202301,10,0.85
9776,2020550140,202301,16,0.85
9777,2020081372,202301,66,0.85
9778,2020370435,202301,0,0.85
9779,2020151192,202301,28,0.85
9780,2020201055,202301,22,0.85
9781,2020201142,202301,13,0.85
9782,2020201141,202301,61,0.85
9783,2020201140,202301,13,0.85
9784,2020550058,202301,0,0.85
9785,2020550203,202301,2,0.85
9786,2020370125,202301,22,0.85
9787,2020200200,202301,198,0.85
9788,2020200980,202301,11,0.85
9789,2020200165,202301,10,0.85
9790,2020370464,202301,14,0.85
9791,2020210260,202301,77,0.85
9792,2020370140,202301,52,0.85
9793,2020201161,202301,7,0.85
9794,2020210140,202301,71,0.85
9795,2020370145,202301,50,0.85
9796,2020370420,202301,22,0.85
9797,2020081385,202301,18,0.85
9798,5050070120,202301,21,0.85
9799,2020310365,202301,34,0.85
9800,2020310553,202301,41,0.85
9801,2020200236,202301,9,0.85
9802,2020310510,202301,11,0.85
9803,2020310360,202301,9,0.85
9804,2020310355,202301,10,0.85
9805,2020310350,202301,74,0.85
9806,2020310563,202301,24,0.85
9807,2020310554,202301,32,0.85
9808,2020310530,202301,44,0.85
9809,2020310330,202301,35,0.85
9810,2020310559,202301,24,0.85
9811,2020310566,202301,19,0.85
9812,2020310200,202301,7,0.85
9813,2020310225,202301,7,0.85
9814,2020310345,202301,46,0.85
9815,2020280210,202301,0,0.85
9816,2020370425,202301,34,0.85
9817,2020370250,202301,75,0.85
9818,2020180680,202301,123,0.85
9819,2020450428,202301,13,0.85
9820,2020290181,202301,56,0.85
9821,2020450285,202301,13,0.85
9822,2020290186,202301,20,0.85
9823,2020450410,202301,1,0.85
9824,2020161564,202301,0,0.85
9825,2020190685,202301,18,0.85
9826,2020370450,202301,73,0.85
9827,2020310180,202301,29,0.85
9828,2020210361,202301,44,0.85
9829,2020141901,202301,13,0.85
9830,2020450300,202301,60,0.85
9831,2020450275,202301,16,0.85
9832,2020450305,202301,83,0.85
9833,2020201151,202301,15,0.85
9834,2020151188,202301,36,0.85
9835,2020091598,202301,32,0.85
9836,2020200105,202301,67,0.85
9837,2020171552,202301,21,0.85
9838,2020161513,202301,67,0.85
9839,2020171551,202301,26,0.85
9840,2020550163,202301,13,0.85
9841,2020310565,202301,7,0.85
9842,2020201030,202301,40,0.85
9843,2020081387,202301,38,0.85
9844,2020161532,202301,8,0.85
9845,2020380302,202301,6,0.85
9846,2020310562,202301,12,0.85
9847,2020151216,202301,12,0.85
9848,2020200745,202301,9,0.85
9849,2020550199,202301,17,0.85
9850,2020450430,202301,9,0.85
9851,2020161531,202301,4,0.85
9852,2020200605,202301,44,0.85
9853,2020200320,202301,48,0.85
9854,2020380299,202301,24,0.85
9855,2020380295,202301,7,0.85
9856,2020450426,202301,5,0.85
9857,2020140422,202301,141,0.85
9858,2020380298,202301,2,0.85
9859,2020012347,202301,88,0.85
9860,2020191094,202301,1,0.85
9861,2020200270,202301,15,0.85
9862,2020062093,202301,0,0.85
9863,2020240735,202301,36,0.85
9864,2020201139,202301,43,0.85
9865,2020200670,202301,61,0.85
9866,2020380303,202301,11,0.85
9867,2020161539,202301,3,0.85
9868,2020310190,202301,10,0.85
9869,2020310435,202301,48,0.85
9870,2020550009,202301,29,0.85
9871,2020370360,202301,85,0.85
9872,2020550034,202301,30,0.85
9873,2020550063,202301,32,0.85
9874,2020171544,202301,38,0.85
9875,2020171538,202301,61,0.85
9876,2020171537,202301,27,0.85
9877,2020031990,202301,48,0.85
9878,2020550073,202301,0,0.85
9879,2020151184,202301,113,0.85
9880,2020310205,202301,28,0.85
9881,2020062092,202301,40,0.85
9882,2020030815,202301,5,0.85
9883,2020201080,202301,55,0.85
9884,2020161555,202301,0,0.85
9885,2020161536,202301,22,0.85
9886,2020040160,202301,69,0.85
9887,2020151206,202301,13,0.85
9888,2020151191,202301,14,0.85
9889,2020151214,202301,6,0.85
9890,5050012229,202301,56,0.85
9891,2020550209,202301,12,0.85
9892,2020550185,202301,19,0.85
9893,2020550208,202301,10,0.85
9894,2020310380,202301,29,0.85
9895,2020310465,202301,34,0.85
9896,2020030795,202301,31,0.85
9897,2020550220,202301,43,0.85
9898,2020550039,202301,0,0.85
9899,2020550246,202301,6,0.85
9900,2020370463,202301,0,0.85
9901,2020201157,202301,15,0.85
9902,2020210125,202301,95,0.85
9903,2020091582,202301,98,0.85
9904,2020091577,202301,12,0.85
9905,2020550167,202301,11,0.85
9906,2020550117,202301,28,0.85
9907,2020101090,202301,26,0.85
9908,5050012222,202301,0,0.85
9909,2020550250,202301,35,0.85
9910,2020200163,202301,130,0.85
9911,2020161546,202301,2,0.85
9912,2020470215,202301,33,0.85
9913,2020012307,202301,29,0.85
9914,2020180703,202301,34,0.85
9915,2020161554,202301,27,0.85
9916,3030340201,202301,0,0.85
9917,2020450100,202301,70,0.85
9918,2020200430,202301,5,0.85
9919,2020550173,202301,0,0.85
9920,2020550175,202301,5,0.85
9921,2020550018,202301,11,0.85
9922,2020210280,202301,35,0.85
9923,2020210346,202301,9,0.85
9924,2020201119,202301,30,0.85
9925,2020210175,202301,25,0.85
9926,2020210353,202301,4,0.85
9927,2020200016,202301,169,0.85
9928,2020201164,202301,8,0.85
9929,2020201126,202301,121,0.85
9930,2020201127,202301,12,0.85
9931,5050080155,202301,38,0.85
9932,2020550094,202301,80,0.85
9933,2020550148,202301,40,0.85
9934,2020091575,202301,38,0.85
9935,2020161568,202301,272,0.85
9936,2020450390,202301,43,0.85
9937,2020161511,202301,2,0.85
9938,2020161517,202301,60,0.85
9939,2020171573,202301,1,0.85
9940,2020032008,202301,59,0.85
9941,2020032007,202301,4,0.85
9942,2020550127,202301,18,0.85
9943,2020032005,202301,0,0.85
9944,2020081381,202301,21,0.85
9945,2020241673,202301,14,0.85
9946,2020191104,202301,3,0.85
9947,2020091600,202301,12,0.85
9948,2020390240,202301,10,0.85
9949,2020091606,202301,14,0.85
9950,2020840117,202301,410,0.85
9951,2020210150,202301,3,0.85
9952,2020210165,202301,13,0.85
9953,5050070100,202301,19,0.85
9954,5050070145,202301,51,0.85
9955,5050031444,202301,52,0.85
9956,2020550238,202301,26,0.85
9957,2020470115,202301,45,0.85
9958,2020200380,202301,1,0.85
9959,2020370370,202301,16,0.85
9960,2020200402,202301,45,0.85
9961,2020200446,202301,3,0.85
9962,2020280170,202301,189,0.85
9963,2020171560,202301,0,0.85
9964,5050012224,202301,147,0.85
9965,2020141935,202301,11,0.85
9966,2020200376,202301,12,0.85
9967,2020200385,202301,1,0.85
9968,5050040010,202301,0,0.85
9969,5050040015,202301,61,0.85
9970,5050041733,202301,24,0.85
9971,5050031427,202301,10,0.85
9972,5050070140,202301,35,0.85
9973,2020201136,202301,64,0.85
9974,2020201165,202301,114,0.85
9975,2020550024,202301,24,0.85
9976,2020121729,202301,0,0.85
9977,2020550027,202301,44,0.85
9978,2020051965,202301,1,0.85
9979,2020171565,202301,8,0.85
9980,2020141948,202301,0,0.85
9981,2020151215,202301,7,0.85
9982,2020051967,202301,0,0.85
9983,2020210325,202301,55,0.85
9984,2020310310,202301,85,0.85
9985,2020210160,202301,10,0.85
9986,2020470223,202301,8,0.85
9987,2020450130,202301,11,0.85
9988,2020200995,202301,16,0.85
9989,2020201138,202301,0,0.85
9990,2020310410,202301,2,0.85
9991,2020280398,202301,32,0.85
9992,2020470224,202301,29,0.85
9993,2020370185,202301,10,0.85
9994,2020550237,202301,26,0.85
9995,2020060545,202301,20,0.85
9996,2020450250,202301,90,0.85
9997,3030340113,202301,1,0.85
9998,2020151209,202301,24,0.85
9999,5050041729,202301,188,0.85
10000,2020011625,202301,0,0.85
10001,2020200763,202301,46,0.85
10002,2020210180,202301,89,0.85
10003,2020370255,202301,215,0.85
10004,2020370230,202301,5,0.85
10005,2020370245,202301,127,0.85
10006,2020550036,202301,13,0.85
10007,2020200110,202301,44,0.85
10008,2020200460,202301,0,0.85
10009,2020200487,202301,71,0.85
10010,2020550211,202301,10,0.85
10011,2020180702,202301,60,0.85
10012,2020151204,202301,5,0.85
10013,5050060285,202301,0,0.85
10014,2020550078,202301,46,0.85
10015,5050040006,202301,27,0.85
10016,5050060290,202301,0,0.85
10017,2020720623,202301,78,0.85
10018,2020200156,202301,0,0.85
10019,2020550070,202301,76,0.85
10020,2020550068,202301,11,0.85
10021,2020520021,202301,30,0.85
10022,2020280110,202301,214,0.85
10023,2020280400,202301,0,0.85
10024,2020280340,202301,107,0.85
10025,2020210354,202301,10,0.85
10026,2020280285,202301,68,0.85
10027,2020280405,202301,1,0.85
10028,2020280120,202301,58,0.85
10029,2020280115,202301,162,0.85
10030,2020032010,202301,93,0.85
10031,2020151176,202301,4,0.85
10032,2020161565,202301,37,0.85
10033,2020550180,202301,29,0.85
10034,2020200115,202301,36,0.85
10035,2020200140,202301,18,0.85
10036,2020210330,202301,14,0.85
10037,2020161518,202301,9,0.85
10038,2020200130,202301,19,0.85
10039,2020550183,202301,3,0.85
10040,2020111151,202301,31,0.85
10041,2020310270,202301,19,0.85
10042,2020200798,202301,20,0.85
10043,2020161544,202301,34,0.85
10044,2020550057,202301,20,0.85
10045,2020171542,202301,0,0.85
10046,2020091595,202301,20,0.85
10047,2020091592,202301,0,0.85
10048,2020270466,202301,149,0.85
10049,2020470155,202301,6,0.85
10050,2020370305,202301,47,0.85
10051,2020191093,202301,31,0.85
10052,2020370265,202301,62,0.85
10053,2020450270,202301,43,0.85
10054,2020370300,202301,53,0.85
10055,2020310571,202301,37,0.85
10056,2020161530,202301,8,0.85
10057,2020180709,202301,26,0.85
10058,2020340711,202301,0,0.85
10059,2020021680,202301,0,0.85
10060,2020161550,202301,10,0.85
10061,2020062086,202301,61,0.85
10062,2020550071,202301,89,0.85
10063,2020550202,202301,3,0.85
10064,2020111152,202301,18,0.85
10065,2020550020,202301,20,0.85
10066,3030340202,202301,11,0.85
10067,2020550197,202301,4,0.85
10068,2020210347,202301,115,0.85
10069,2020161519,202301,162,0.85
10070,2020200398,202301,73,0.85
10071,5050030801,202301,43,0.85
10072,2020720631,202301,612,0.85
10073,2020470175,202301,87,0.85
10074,2020280250,202301,17,0.85
10075,2020470220,202301,13,0.85
10076,2020470150,202301,22,0.85
10077,5050012217,202301,20,0.85
10078,2020470140,202301,61,0.85
10079,2020470125,202301,23,0.85
10080,2020470190,202301,19,0.85
10081,2020191091,202301,45,0.85
10082,2020280390,202301,13,0.85
10083,2020470221,202301,49,0.85
10084,2020290182,202301,16,0.85
10085,2020470210,202301,5,0.85
10086,2020470170,202301,6,0.85
10087,2020450245,202301,63,0.85
10088,2020280370,202301,26,0.85
10089,2020470145,202301,28,0.85
10090,2020470205,202301,3,0.85
10091,2020280105,202301,30,0.85
10092,2020200219,202301,45,0.85
10093,2020450180,202301,44,0.85
10094,5050012209,202301,103,0.85
10095,2020550190,202301,42,0.85
10096,2020550241,202301,8,0.85
10097,2020550031,202301,27,0.85
10098,2020480387,202301,0,0.85
10099,2020081380,202301,129,0.85
10100,2020550216,202301,9,0.85
10101,2020370110,202301,51,0.85
10102,2020370120,202301,65,0.85
10103,2020310320,202301,1,0.85
10104,2020032015,202301,58,0.85
10105,2020032014,202301,461,0.85
10106,2020032016,202301,116,0.85
10107,2020041669,202301,59,0.85
10108,2020041668,202301,116,0.85
10109,2020062094,202301,225,0.85
10110,2020071507,202301,35,0.85
10111,2020081399,202301,99,0.85
10112,2020121730,202301,0,0.85
10113,2020161570,202301,15,0.85
10114,2020340720,202301,23,0.85
10115,2020390342,202301,12,0.85
10116,2020460647,202301,2,0.85
10117,2020480389,202301,27,0.85
10118,2020550256,202301,0,0.85
10119,2020550254,202301,8,0.85
10120,2020550262,202301,47,0.85
10121,2020550253,202301,21,0.85
10122,2020550257,202301,34,0.85
10123,2020550255,202301,6,0.85
10124,2020550259,202301,14,0.85
10125,2020550260,202301,30,0.85
10126,2020550252,202301,1,0.85
10127,2020550258,202301,2,0.85
10128,2020550261,202301,0,0.85
10129,2020720640,202301,1160,0.85
10130,3030340211,202301,10,0.85
10131,3030340210,202301,135,0.85
10132,5050012234,202301,254,0.85
10133,5050031446,202301,73,0.85
10134,5050041741,202301,8,0.85
10135,5050010250,202301,70,0.85
10136,3030120325,202301,26,0.85
10137,3030060505,202301,109,0.85
10138,3030060633,202301,38,0.85
10139,5050031360,202301,7,0.85
10140,5050010234,202301,39,0.85
10141,3030060631,202301,60,0.85
10142,5050010615,202301,25,0.85
10143,5050010795,202301,70,0.85
10144,5050010200,202301,70,0.85
10145,5050010210,202301,1,0.85
10146,5050010320,202301,94,0.85
10147,5050010415,202301,743,0.85
10148,3030050265,202301,38,0.85
10149,5050010350,202301,82,0.85
10150,3030060535,202301,66,0.85
10151,5050010195,202301,30,0.85
10152,5050010189,202301,0,0.85
10153,3030060675,202301,33,0.85
10154,5050010211,202301,50,0.85
10155,5050010955,202301,21,0.85
10156,5050010232,202301,53,0.85
10157,2020200218,202301,15,0.85
10158,3030060573,202301,314,0.85
10159,5050040710,202301,44,0.85
10160,3030120471,202301,10,0.85
10161,5050010183,202301,0,0.85
10162,5050010182,202301,0,0.85
10163,3030060567,202301,8,0.85
10164,5050010335,202301,13,0.85
10165,3030060817,202301,39,0.85
10166,5050011265,202301,22,0.85
10167,5050031413,202301,30,0.85
10168,3030120305,202301,17,0.85
10169,3030120155,202301,5,0.85
10170,5050010470,202301,74,0.85
10171,5050010176,202301,41,0.85
10172,5050011175,202301,9,0.85
10173,3030060525,202301,119,0.85
10174,5050010425,202301,55,0.85
10175,5050012192,202301,31,0.85
10176,5050012198,202301,44,0.85
10177,5050010245,202301,17,0.85
10178,3030120468,202301,13,0.85
10179,3030120469,202301,21,0.85
10180,5050010505,202301,195,0.85
10181,5050012193,202301,20,0.85
10182,5050010375,202301,241,0.85
10183,5050010485,202301,0,0.85
10184,5050010135,202301,0,0.85
10185,5050010235,202301,8,0.85
10186,5050010376,202301,0,0.85
10187,3030120465,202301,15,0.85
10188,3030730240,202301,158,0.85
10189,3030060502,202301,49,0.85
10190,3030120473,202301,131,0.85
10191,5050010445,202301,80,0.85
10192,5050010203,202301,76,0.85
10193,5050012197,202301,77,0.85
10194,5050010204,202301,22,0.85
10195,5050010225,202301,22,0.85
10196,5050010295,202301,16,0.85
10197,3030060575,202301,6,0.85
10198,5050010345,202301,184,0.85
10199,5050010202,202301,87,0.85
10200,5050010170,202301,1150,0.85
10201,5050010365,202301,91,0.85
10202,5050010230,202301,152,0.85
10203,3030120472,202301,16,0.85
10204,5050010805,202301,69,0.85
10205,5050010475,202301,30,0.85
10206,5050010545,202301,123,0.85
10207,5050010150,202301,465,0.85
10208,5050012203,202301,50,0.85
10209,5050010180,202301,55,0.85
10210,5050011095,202301,12,0.85
10211,5050010275,202301,53,0.85
10212,5050010160,202301,192,0.85
10213,5050010172,202301,0,0.85
10214,3030120479,202301,95,0.85
10215,3030830173,202301,132,0.85
10216,3030060530,202301,80,0.85
10217,5050010370,202301,80,0.85
10218,5050010387,202301,164,0.85
10219,5050010190,202301,166,0.85
10220,5050011055,202301,9,0.85
10221,5050010305,202301,0,0.85
10222,2020021684,202301,8,0.85
10223,2020051970,202301,27,0.85
10224,2020081400,202301,16,0.85
10225,2020091607,202301,40,0.85
10226,2020121731,202301,6,0.85
10227,2020141951,202301,2,0.85
10228,2020161571,202301,13,0.85
10229,2020171580,202301,19,0.85
10230,2020201169,202301,0,0.85
10231,2020280409,202301,36,0.85
10232,2020480390,202301,45,0.85
10233,2020550384,202301,28,0.85
10234,2020550269,202301,46,0.85
10235,2020550272,202301,20,0.85
10236,2020550282,202301,36,0.85
10237,2020550288,202301,29,0.85
10238,2020550291,202301,43,0.85
10239,2020550297,202301,99,0.85
10240,2020550305,202301,28,0.85
10241,2020550329,202301,31,0.85
10242,2020550337,202301,63,0.85
10243,2020550340,202301,11,0.85
10244,2020550358,202301,42,0.85
10245,2020550363,202301,57,0.85
10246,2020550364,202301,39,0.85
10247,2020550371,202301,0,0.85
10248,2020550268,202301,0,0.85
10249,2020550293,202301,0,0.85
10250,2020550320,202301,22,0.85
10251,2020550381,202301,0,0.85
10252,2020550278,202301,25,0.85
10253,2020550279,202301,18,0.85
10254,2020550289,202301,51,0.85
10255,2020550290,202301,37,0.85
10256,2020550306,202301,58,0.85
10257,2020550383,202301,61,0.85
10258,2020550328,202301,21,0.85
10259,2020550330,202301,83,0.85
10260,2020550339,202301,66,0.85
10261,2020550348,202301,15,0.85
10262,2020550365,202301,38,0.85
10263,2020550373,202301,22,0.85
10264,2020550374,202301,2,0.85
10265,2020550265,202301,181,0.85
10266,2020550338,202301,30,0.85
10267,2020550352,202301,32,0.85
10268,2020550286,202301,22,0.85
10269,2020550304,202301,0,0.85
10270,2020550362,202301,2,0.85
10271,2020550378,202301,8,0.85
10272,2020550303,202301,4,0.85
10273,2020550316,202301,38,0.85
10274,2020550327,202301,2,0.85
10275,2020550357,202301,30,0.85
10276,2020550361,202301,0,0.85
10277,2020550276,202301,47,0.85
10278,2020550295,202301,13,0.85
10279,2020550382,202301,15,0.85
10280,2020550298,202301,70,0.85
10281,2020550299,202301,105,0.85
10282,2020550302,202301,63,0.85
10283,2020550313,202301,25,0.85
10284,2020550368,202301,43,0.85
10285,2020550370,202301,17,0.85
10286,2020550380,202301,35,0.85
10287,2020550389,202301,57,0.85
10288,2020550379,202301,25,0.85
10289,2020550388,202301,7,0.85
10290,2020550266,202301,12,0.85
10291,2020550301,202301,39,0.85
10292,2020550315,202301,31,0.85
10293,2020550270,202301,26,0.85
10294,2020550307,202301,11,0.85
10295,2020550325,202301,0,0.85
10296,2020550333,202301,44,0.85
10297,2020550264,202301,25,0.85
10298,2020550296,202301,35,0.85
10299,2020550300,202301,19,0.85
10300,2020550309,202301,3,0.85
10301,2020550312,202301,14,0.85
10302,2020550326,202301,21,0.85
10303,2020550345,202301,15,0.85
10304,2020550356,202301,26,0.85
10305,2020550387,202301,90,0.85
10306,2020550292,202301,42,0.85
10307,2020550314,202301,20,0.85
10308,2020550336,202301,2,0.85
10309,2020550360,202301,22,0.85
10310,2020550369,202301,32,0.85
10311,2020550377,202301,11,0.85
10312,2020550274,202301,0,0.85
10313,2020550284,202301,40,0.85
10314,2020550308,202301,19,0.85
10315,2020550311,202301,16,0.85
10316,2020550335,202301,22,0.85
10317,2020550346,202301,17,0.85
10318,2020550367,202301,32,0.85
10319,2020550271,202301,15,0.85
10320,2020550277,202301,22,0.85
10321,2020550280,202301,18,0.85
10322,2020550287,202301,50,0.85
10323,2020550318,202301,33,0.85
10324,2020550334,202301,28,0.85
10325,2020550343,202301,30,0.85
10326,2020550355,202301,28,0.85
10327,2020550267,202301,30,0.85
10328,2020550273,202301,22,0.85
10329,2020550281,202301,154,0.85
10330,2020550283,202301,44,0.85
10331,2020550310,202301,4,0.85
10332,2020550319,202301,59,0.85
10333,2020550323,202301,10,0.85
10334,2020550324,202301,0,0.85
10335,2020550331,202301,26,0.85
10336,2020550344,202301,0,0.85
10337,2020550353,202301,0,0.85
10338,2020550390,202301,31,0.85
10339,2020550385,202301,15,0.85
10340,2020550285,202301,8,0.85
10341,2020550294,202301,34,0.85
10342,2020550321,202301,14,0.85
10343,2020550322,202301,26,0.85
10344,2020550342,202301,18,0.85
10345,2020550351,202301,18,0.85
10346,2020550366,202301,33,0.85
10347,2020550375,202301,34,0.85
10348,2020550386,202301,0,0.85
10349,2020550263,202301,27,0.85
10350,2020550275,202301,32,0.85
10351,2020550317,202301,40,0.85
10352,2020550332,202301,0,0.85
10353,2020550341,202301,81,0.85
10354,2020550354,202301,2,0.85
10355,2020550376,202301,1,0.85
10356,3030340212,202301,158,0.85
10357,5050031447,202301,93,0.85
10358,5050041743,202301,14,0.85
10359,5050041742,202301,11,0.85
10360,2020091597,202301,15,0.85
10361,2020012356,202301,84,0.85
10362,2020021686,202301,43,0.85
10363,2020032017,202301,64,0.85
10364,2020062095,202301,188,0.85
10365,2020091608,202301,11,0.85
10366,2020151222,202301,62,0.85
10367,2020171579,202301,0,0.85
10368,2020180710,202301,53,0.85
10369,2020191108,202301,0,0.85
10370,2020191106,202301,7,0.85
10371,2020191107,202301,0,0.85
10372,2020210362,202301,17,0.85
10373,2020550372,202301,37,0.85
10374,2020550400,202301,38,0.85
10375,2020550395,202301,0,0.85
10376,2020550396,202301,0,0.85
10377,2020550401,202301,5,0.85
10378,2020550408,202301,122,0.85
10379,2020550394,202301,16,0.85
10380,2020550393,202301,19,0.85
10381,2020550402,202301,16,0.85
10382,2020550398,202301,9,0.85
10383,2020550407,202301,2,0.85
10384,2020550391,202301,16,0.85
10385,2020550392,202301,0,0.85
10386,2020550409,202301,3,0.85
10387,2020550399,202301,20,0.85
10388,2020550397,202301,7,0.85
10389,2020900797,202301,0,0.85
10390,5050012236,202301,44,0.85
10391,5050031448,202301,47,0.85
10392,5050041744,202301,11,0.85
10393,2020210220,202301,59,0.85
10394,2020141930,202301,0,0.85
10395,2020171540,202301,26,0.85
10396,2020062096,202301,766,0.85
10397,2020081402,202301,94,0.85
10398,2020151224,202301,0,0.85
10399,2020151223,202301,18,0.85
10400,2020161572,202301,30,0.85
10401,2020171581,202301,0,0.85
10402,2020171582,202301,10,0.85
10403,2020180711,202301,20,0.85
10404,2020201170,202301,41,0.85
10405,2020290187,202301,22,0.85
10406,2020340723,202301,44,0.85
10407,2020340721,202301,0,0.85
10408,2020460649,202301,14,0.85
10409,2020460650,202301,27,0.85
10410,2020460648,202301,141,0.85
10411,2020550406,202301,32,0.85
10412,2020550413,202301,9,0.85
10413,2020550425,202301,10,0.85
10414,2020550429,202301,75,0.85
10415,2020550434,202301,32,0.85
10416,2020550445,202301,5,0.85
10417,2020550459,202301,61,0.85
10418,2020550461,202301,0,0.85
10419,2020550468,202301,7,0.85
10420,2020550410,202301,0,0.85
10421,2020550424,202301,43,0.85
10422,2020550444,202301,15,0.85
10423,2020550455,202301,2,0.85
10424,2020550472,202301,4,0.85
10425,2020550435,202301,31,0.85
10426,2020550449,202301,0,0.85
10427,2020550457,202301,6,0.85
10428,2020550427,202301,0,0.85
10429,2020550439,202301,23,0.85
10430,2020550447,202301,68,0.85
10431,2020550466,202301,23,0.85
10432,2020550471,202301,13,0.85
10433,2020550416,202301,0,0.85
10434,2020550454,202301,13,0.85
10435,2020550462,202301,19,0.85
10436,2020550477,202301,8,0.85
10437,2020550411,202301,23,0.85
10438,2020550418,202301,0,0.85
10439,2020550423,202301,43,0.85
10440,2020550430,202301,5,0.85
10441,2020550443,202301,47,0.85
10442,2020550469,202301,0,0.85
10443,2020550474,202301,29,0.85
10444,2020550433,202301,5,0.85
10445,2020550467,202301,0,0.85
10446,2020550475,202301,13,0.85
10447,2020550404,202301,25,0.85
10448,2020550417,202301,0,0.85
10449,2020550426,202301,7,0.85
10450,2020550431,202301,14,0.85
10451,2020550456,202301,106,0.85
10452,2020550473,202301,130,0.85
10453,2020550405,202301,25,0.85
10454,2020550438,202301,23,0.85
10455,2020550446,202301,62,0.85
10456,2020550420,202301,0,0.85
10457,2020550440,202301,18,0.85
10458,2020550453,202301,67,0.85
10459,2020550465,202301,20,0.85
10460,2020550412,202301,20,0.85
10461,2020550436,202301,45,0.85
10462,2020550450,202301,7,0.85
10463,2020550464,202301,6,0.85
10464,2020550419,202301,0,0.85
10465,2020550421,202301,35,0.85
10466,2020550428,202301,26,0.85
10467,2020550441,202301,30,0.85
10468,2020550448,202301,2,0.85
10469,2020550470,202301,30,0.85
10470,2020550415,202301,21,0.85
10471,2020550432,202301,89,0.85
10472,2020550451,202301,23,0.85
10473,2020550458,202301,90,0.85
10474,2020550463,202301,19,0.85
10475,2020550422,202301,22,0.85
10476,2020550452,202301,30,0.85
10477,2020550476,202301,0,0.85
10478,2020550414,202301,66,0.85
10479,2020550437,202301,29,0.85
10480,2020550442,202301,0,0.85
10481,2020550460,202301,135,0.85
10482,5050012237,202301,66,0.85
10483,5050041745,202301,4,0.85
10484,5050041746,202301,73,0.85
10485,5050040959,202301,136,0.85
10486,2020012358,202301,53,0.85
10487,2020032020,202301,145,0.85
10488,2020032018,202301,156,0.85
10489,2020032019,202301,1771,0.85
10490,2020041671,202301,28,0.85
10491,2020041670,202301,175,0.85
10492,2020051971,202301,143,0.85
10493,2020051972,202301,64,0.85
10494,2020062097,202301,0,0.85
10495,2020091610,202301,0,0.85
10496,2020091609,202301,58,0.85
10497,2020091611,202301,0,0.85
10498,2020101091,202301,92,0.85
10499,2020121733,202301,16,0.85
10500,2020141953,202301,32,0.85
10501,2020141952,202301,24,0.85
10502,2020171583,202301,8,0.85
10503,2020171584,202301,112,0.85
10504,2020171585,202301,21,0.85
10505,2020340724,202301,50,0.85
10506,2020340722,202301,5,0.85
10507,2020410690,202301,27,0.85
10508,2020480392,202301,1,0.85
10509,2020550482,202301,9,0.85
10510,2020550481,202301,21,0.85
10511,2020550479,202301,7,0.85
10512,2020550485,202301,22,0.85
10513,2020550484,202301,13,0.85
10514,2020550483,202301,60,0.85
10515,2020550480,202301,33,0.85
10516,2020550486,202301,15,0.85
10517,5050012238,202301,81,0.85
10518,5050031449,202301,146,0.85
10519,5050031450,202301,6,0.85
10520,5050041747,202301,150,0.85
10521,5050041748,202301,74,0.85
10522,5050070165,202301,0,0.85
10523,2020200196,202301,31,0.85
10524,2020071508,202301,811,0.85
10525,2020081403,202301,34,0.85
10526,2020081404,202301,111,0.85
10527,2020081405,202301,6,0.85
10528,2020141956,202301,56,0.85
10529,2020141955,202301,57,0.85
10530,2020141954,202301,34,0.85
10531,2020161575,202301,34,0.85
10532,2020161573,202301,10,0.85
10533,2020171587,202301,21,0.85
10534,2020171586,202301,92,0.85
10535,2020180712,202301,42,0.85
10536,2020210363,202301,15,0.85
10537,2020250368,202301,3,0.85
10538,2020310572,202301,7,0.85
10539,2020320146,202301,43,0.85
10540,2020400571,202301,84,0.85
10541,2020400570,202301,25,0.85
10542,2020410691,202301,0,0.85
10543,2020450433,202301,0,0.85
10544,2020480391,202301,254,0.85
10545,2020550490,202301,48,0.85
10546,2020550488,202301,2,0.85
10547,2020550493,202301,94,0.85
10548,2020550504,202301,14,0.85
10549,2020550503,202301,25,0.85
10550,2020550496,202301,45,0.85
10551,2020550506,202301,12,0.85
10552,2020550487,202301,50,0.85
10553,2020550500,202301,27,0.85
10554,2020550502,202301,34,0.85
10555,2020550489,202301,5,0.85
10556,2020550491,202301,0,0.85
10557,2020550498,202301,0,0.85
10558,2020550499,202301,22,0.85
10559,2020550505,202301,0,0.85
10560,2020550497,202301,24,0.85
10561,2020550507,202301,33,0.85
10562,2020550492,202301,44,0.85
10563,2020550495,202301,28,0.85
10564,2020550494,202301,5,0.85
10565,2020550501,202301,42,0.85
10566,2020720644,202301,1800,0.85
10567,3030340213,202301,30,0.85
10568,5050012239,202301,94,0.85
10569,5050012240,202301,60,0.85
10570,5050031451,202301,5,0.85
10571,2020012359,202301,53,0.85
10572,2020012360,202301,704,0.85
10573,2020051973,202301,21,0.85
10574,2020062098,202301,203,0.85
10575,2020121734,202301,29,0.85
10576,2020141957,202301,10,0.85
10577,2020141958,202301,188,0.85
10578,2020151226,202301,9,0.85
10579,2020151225,202301,8,0.85
10580,2020161574,202301,25,0.85
10581,2020180713,202301,43,0.85
10582,2020280410,202301,31,0.85
10583,2020550509,202301,37,0.85
10584,2020550535,202301,12,0.85
10585,2020550513,202301,72,0.85
10586,2020550525,202301,13,0.85
10587,2020550527,202301,25,0.85
10588,2020550511,202301,0,0.85
10589,2020550519,202301,13,0.85
10590,2020550521,202301,42,0.85
10591,2020550514,202301,13,0.85
10592,2020550531,202301,103,0.85
10593,2020550510,202301,26,0.85
10594,2020550512,202301,23,0.85
10595,2020550533,202301,8,0.85
10596,2020550534,202301,30,0.85
10597,2020550508,202301,18,0.85
10598,2020550529,202301,44,0.85
10599,2020550530,202301,57,0.85
10600,2020550532,202301,33,0.85
10601,2020550516,202301,0,0.85
10602,2020550523,202301,0,0.85
10603,2020550524,202301,56,0.85
10604,2020550536,202301,20,0.85
10605,2020550517,202301,42,0.85
10606,2020550520,202301,134,0.85
10607,2020550522,202301,51,0.85
10608,2020550526,202301,40,0.85
10609,2020550515,202301,24,0.85
10610,2020550518,202301,30,0.85
10611,2020560015,202301,124,0.85
10612,2020560018,202301,10,0.85
10613,2020560043,202301,1,0.85
10614,2020560097,202301,13,0.85
10615,2020560012,202301,36,0.85
10616,2020560001,202301,253,0.85
10617,2020560004,202301,24,0.85
10618,2020560017,202301,34,0.85
10619,2020560023,202301,1,0.85
10620,2020560053,202301,3,0.85
10621,2020560100,202301,0,0.85
10622,2020560026,202301,31,0.85
10623,2020560033,202301,7,0.85
10624,2020560056,202301,31,0.85
10625,2020560060,202301,67,0.85
10626,2020560061,202301,70,0.85
10627,2020560064,202301,101,0.85
10628,2020560079,202301,57,0.85
10629,2020560089,202301,42,0.85
10630,2020560095,202301,10,0.85
10631,2020560098,202301,21,0.85
10632,2020560116,202301,41,0.85
10633,2020560007,202301,3,0.85
10634,2020560046,202301,1,0.85
10635,2020560071,202301,67,0.85
10636,2020560081,202301,23,0.85
10637,2020560084,202301,18,0.85
10638,2020560119,202301,38,0.85
10639,2020560013,202301,0,0.85
10640,2020560029,202301,46,0.85
10641,2020560065,202301,5,0.85
10642,2020560068,202301,32,0.85
10643,2020560087,202301,28,0.85
10644,2020560102,202301,37,0.85
10645,2020560109,202301,24,0.85
10646,2020560123,202301,96,0.85
10647,2020560021,202301,90,0.85
10648,2020560049,202301,11,0.85
10649,2020560050,202301,40,0.85
10650,2020560051,202301,16,0.85
10651,2020560054,202301,63,0.85
10652,2020560072,202301,2,0.85
10653,2020560077,202301,0,0.85
10654,2020560082,202301,7,0.85
10655,2020560085,202301,39,0.85
10656,2020560088,202301,106,0.85
10657,2020560093,202301,45,0.85
10658,2020560101,202301,65,0.85
10659,2020560108,202301,46,0.85
10660,2020560120,202301,60,0.85
10661,2020560059,202301,142,0.85
10662,2020560067,202301,40,0.85
10663,2020560106,202301,20,0.85
10664,2020560124,202301,71,0.85
10665,2020560125,202301,1,0.85
10666,2020560002,202301,26,0.85
10667,2020560005,202301,54,0.85
10668,2020560008,202301,20,0.85
10669,2020560036,202301,62,0.85
10670,2020560074,202301,1,0.85
10671,2020560080,202301,19,0.85
10672,2020560111,202301,32,0.85
10673,2020560117,202301,41,0.85
10674,2020560118,202301,17,0.85
10675,2020560034,202301,42,0.85
10676,2020560096,202301,10,0.85
10677,2020560003,202301,64,0.85
10678,2020560031,202301,21,0.85
10679,2020560016,202301,13,0.85
10680,2020560020,202301,177,0.85
10681,2020560024,202301,8,0.85
10682,2020560039,202301,3,0.85
10683,2020560040,202301,0,0.85
10684,2020560041,202301,53,0.85
10685,2020560044,202301,6,0.85
10686,2020560075,202301,75,0.85
10687,2020560078,202301,38,0.85
10688,2020560107,202301,0,0.85
10689,2020560006,202301,21,0.85
10690,2020560022,202301,76,0.85
10691,2020560027,202301,63,0.85
10692,2020560047,202301,0,0.85
10693,2020560052,202301,0,0.85
10694,2020560055,202301,24,0.85
10695,2020560058,202301,6,0.85
10696,2020560063,202301,34,0.85
10697,2020560114,202301,47,0.85
10698,2020560030,202301,74,0.85
10699,2020560057,202301,10,0.85
10700,2020560115,202301,40,0.85
10701,2020560009,202301,0,0.85
10702,2020560076,202301,16,0.85
10703,2020560103,202301,20,0.85
10704,2020560121,202301,60,0.85
10705,2020560086,202301,67,0.85
10706,2020560090,202301,33,0.85
10707,2020560094,202301,38,0.85
10708,2020560104,202301,32,0.85
10709,2020560122,202301,33,0.85
10710,2020560019,202301,56,0.85
10711,2020560025,202301,44,0.85
10712,2020560028,202301,143,0.85
10713,2020560037,202301,57,0.85
10714,2020560042,202301,81,0.85
10715,2020560045,202301,52,0.85
10716,2020560073,202301,68,0.85
10717,2020560083,202301,0,0.85
10718,2020560099,202301,20,0.85
10719,2020560113,202301,0,0.85
10720,2020560010,202301,62,0.85
10721,2020560011,202301,38,0.85
10722,2020560014,202301,1,0.85
10723,2020560032,202301,6,0.85
10724,2020560035,202301,67,0.85
10725,2020560038,202301,145,0.85
10726,2020560066,202301,54,0.85
10727,2020560105,202301,64,0.85
10728,2020560110,202301,11,0.85
10729,2020012361,202301,21,0.85
10730,2020051975,202301,520,0.85
10731,2020101087,202301,51,0.85
10732,2020110735,202301,226,0.85
10733,2020111146,202301,113,0.85
10734,2020111142,202301,47,0.85
10735,2020111148,202301,42,0.85
10736,2020111147,202301,0,0.85
10737,2020111149,202301,190,0.85
10738,2020111144,202301,147,0.85
10739,2020111143,202301,61,0.85
10740,2020111145,202301,60,0.85
10741,2020121717,202301,9,0.85
10742,2020121736,202301,76,0.85
10743,2020121683,202301,21,0.85
10744,2020121735,202301,22,0.85
10745,2020121723,202301,14,0.85
10746,2020121716,202301,0,0.85
10747,2020121661,202301,29,0.85
10748,2020121640,202301,35,0.85
10749,2020121669,202301,0,0.85
10750,2020121666,202301,39,0.85
10751,2020141959,202301,16,0.85
10752,2020141960,202301,12,0.85
10753,2020161576,202301,11,0.85
10754,2020171588,202301,60,0.85
10755,2020171589,202301,19,0.85
10756,2020180714,202301,30,0.85
10757,2020180715,202301,42,0.85
10758,2020201172,202301,16,0.85
10759,2020201171,202301,23,0.85
10760,2020250369,202301,2,0.85
10761,2020340725,202301,140,0.85
10762,2020360377,202301,63,0.85
10763,2020410692,202301,30,0.85
10764,2020430159,202301,26,0.85
10765,2020550562,202301,23,0.85
10766,2020550538,202301,14,0.85
10767,2020550547,202301,21,0.85
10768,2020550560,202301,30,0.85
10769,2020550545,202301,0,0.85
10770,2020550548,202301,0,0.85
10771,2020550557,202301,45,0.85
10772,2020550537,202301,0,0.85
10773,2020550541,202301,52,0.85
10774,2020550555,202301,1,0.85
10775,2020550558,202301,79,0.85
10776,2020550551,202301,0,0.85
10777,2020550559,202301,0,0.85
10778,2020550561,202301,35,0.85
10779,2020550549,202301,0,0.85
10780,2020550554,202301,44,0.85
10781,2020550543,202301,19,0.85
10782,2020550539,202301,30,0.85
10783,2020550544,202301,5,0.85
10784,2020550553,202301,39,0.85
10785,2020550540,202301,186,0.85
10786,2020550542,202301,29,0.85
10787,2020550546,202301,20,0.85
10788,2020550550,202301,0,0.85
10789,2020550552,202301,67,0.85
10790,2020550564,202301,0,0.85
10791,2020550563,202301,54,0.85
10792,2020560128,202301,18,0.85
10793,2020560048,202301,5,0.85
10794,2020560126,202301,103,0.85
10795,2020570008,202301,23,0.85
10796,2020570060,202301,143,0.85
10797,2020570102,202301,38,0.85
10798,2020570002,202301,0,0.85
10799,2020570009,202301,0,0.85
10800,2020570101,202301,0,0.85
10801,2020570108,202301,102,0.85
10802,2020570014,202301,6,0.85
10803,2020570057,202301,1,0.85
10804,2020570061,202301,26,0.85
10805,2020570023,202301,53,0.85
10806,2020570068,202301,33,0.85
10807,2020570072,202301,54,0.85
10808,2020570018,202301,42,0.85
10809,2020570036,202301,78,0.85
10810,2020570063,202301,21,0.85
10811,2020570098,202301,0,0.85
10812,2020570065,202301,27,0.85
10813,2020570003,202301,74,0.85
10814,2020570010,202301,28,0.85
10815,2020570024,202301,23,0.85
10816,2020570026,202301,39,0.85
10817,2020570005,202301,0,0.85
10818,2020570011,202301,9,0.85
10819,2020570012,202301,0,0.85
10820,2020570019,202301,0,0.85
10821,2020570044,202301,24,0.85
10822,2020570092,202301,44,0.85
10823,2020570099,202301,43,0.85
10824,2020570021,202301,30,0.85
10825,2020570028,202301,35,0.85
10826,2020570041,202301,36,0.85
10827,2020570042,202301,0,0.85
10828,2020570049,202301,133,0.85
10829,2020570058,202301,50,0.85
10830,2020570074,202301,29,0.85
10831,2020570084,202301,33,0.85
10832,2020570103,202301,27,0.85
10833,2020570013,202301,8,0.85
10834,2020570030,202301,24,0.85
10835,2020570031,202301,34,0.85
10836,2020570039,202301,37,0.85
10837,2020570048,202301,0,0.85
10838,2020570076,202301,47,0.85
10839,2020570104,202301,22,0.85
10840,2020570007,202301,104,0.85
10841,2020570095,202301,46,0.85
10842,2020570093,202301,0,0.85
10843,2020570100,202301,160,0.85
10844,2020570020,202301,34,0.85
10845,2020570022,202301,7,0.85
10846,2020570029,202301,63,0.85
10847,2020570035,202301,95,0.85
10848,2020570040,202301,45,0.85
10849,2020570051,202301,27,0.85
10850,2020570064,202301,60,0.85
10851,2020570055,202301,0,0.85
10852,2020570071,202301,8,0.85
10853,2020570088,202301,29,0.85
10854,2020570004,202301,50,0.85
10855,2020570006,202301,134,0.85
10856,2020570025,202301,30,0.85
10857,2020570033,202301,3,0.85
10858,3030051847,202301,0,0.85
10859,3030051845,202301,3,0.85
10860,3030051852,202301,17,0.85
10861,3030051849,202301,83,0.85
10862,3030051851,202301,6,0.85
10863,3030051844,202301,17,0.85
10864,3030051843,202301,25,0.85
10865,3030051846,202301,48,0.85
10866,3030051850,202301,2,0.85
10867,3030051848,202301,25,0.85
10868,3030340214,202301,0,0.85
10869,5050012241,202301,27,0.85
10870,5050012242,202301,48,0.85
10871,2020012362,202301,62,0.85
10872,2020051974,202301,19,0.85
10873,2020062099,202301,249,0.85
10874,2020121738,202301,2,0.85
10875,2020151227,202301,3,0.85
10876,2020340727,202301,0,0.85
10877,2020480393,202301,207,0.85
10878,2020550566,202301,44,0.85
10879,2020550567,202301,54,0.85
10880,2020550565,202301,110,0.85
10881,2020550568,202301,10,0.85
10882,2020550556,202301,17,0.85
10883,2020570062,202301,41,0.85
10884,2020570073,202301,97,0.85
10885,2020570027,202301,13,0.85
10886,2020570079,202301,147,0.85
10887,2020570082,202301,1,0.85
10888,2020570089,202301,25,0.85
10889,2020570087,202301,10,0.85
10890,2020570091,202301,0,0.85
10891,2020570034,202301,20,0.85
10892,2020570119,202301,38,0.85
10893,2020570120,202301,86,0.85
10894,2020570083,202301,0,0.85
10895,2020570046,202301,12,0.85
10896,2020570067,202301,55,0.85
10897,2020570111,202301,36,0.85
10898,2020570112,202301,23,0.85
10899,2020570118,202301,51,0.85
10900,2020570017,202301,38,0.85
10901,2020570122,202301,60,0.85
10902,2020570032,202301,46,0.85
10903,2020570059,202301,31,0.85
10904,2020570121,202301,30,0.85
10905,2020570052,202301,7,0.85
10906,2020570043,202301,15,0.85
10907,2020570110,202301,5,0.85
10908,2020570045,202301,32,0.85
10909,2020570113,202301,10,0.85
10910,2020580002,202301,9,0.85
10911,2020580008,202301,9,0.85
10912,2020580023,202301,13,0.85
10913,2020580024,202301,5,0.85
10914,2020580001,202301,1,0.85
10915,2020580015,202301,1,0.85
10916,2020580017,202301,1,0.85
10917,2020580013,202301,3,0.85
10918,2020580014,202301,1,0.85
10919,2020580007,202301,0,0.85
10920,2020580020,202301,9,0.85
10921,2020580026,202301,2,0.85
10922,2020580005,202301,6,0.85
10923,2020580003,202301,20,0.85
10924,2020580004,202301,32,0.85
10925,2020580021,202301,30,0.85
10926,2020580028,202301,68,0.85
10927,2020580022,202301,46,0.85
10928,2020580010,202301,3,0.85
10929,2020580016,202301,28,0.85
10930,2020580019,202301,71,0.85
10931,2020580011,202301,66,0.85
10932,2020580012,202301,0,0.85
10933,2020580018,202301,9,0.85
10934,2020580025,202301,47,0.85
10935,2020580006,202301,3,0.85
10936,2020580009,202301,11,0.85
10937,2020580027,202301,16,0.85
10938,2020012363,202301,0,0.85
10939,2020012364,202301,44,0.85
10940,2020012283,202301,38,0.85
10941,2020021687,202301,104,0.85
10942,2020021168,202301,0,0.85
10943,2020021688,202301,75,0.85
10944,2020021689,202301,131,0.85
10945,2020030110,202301,0,0.85
10946,2020041672,202301,23,0.85
10947,2020051976,202301,186,0.85
10948,2020060930,202301,2,0.85
10949,2020062100,202301,95,0.85
10950,2020062101,202301,35,0.85
10951,2020071509,202301,2,0.85
10952,2020081407,202301,21,0.85
10953,2020081406,202301,100,0.85
10954,2020091612,202301,0,0.85
10955,2020091613,202301,15,0.85
10956,2020100295,202301,24,0.85
10957,2020100470,202301,0,0.85
10958,2020111156,202301,20,0.85
10959,2020111157,202301,74,0.85
10960,2020120555,202301,36,0.85
10961,2020121725,202301,45,0.85
10962,2020121740,202301,8,0.85
10963,2020121722,202301,41,0.85
10964,2020121600,202301,0,0.85
10965,2020121724,202301,24,0.85
10966,2020121712,202301,23,0.85
10967,2020121739,202301,45,0.85
10968,2020121737,202301,186,0.85
10969,2020141962,202301,9,0.85
10970,2020141961,202301,54,0.85
10971,2020141385,202301,0,0.85
10972,2020151228,202301,46,0.85
10973,2020150111,202301,124,0.85
10974,2020151229,202301,42,0.85
10975,2020161594,202301,8,0.85
10976,2020161577,202301,26,0.85
10977,2020161593,202301,271,0.85
10978,2020161582,202301,13,0.85
10979,2020161591,202301,17,0.85
10980,2020161586,202301,27,0.85
10981,2020161589,202301,3,0.85
10982,2020161590,202301,40,0.85
10983,2020161592,202301,16,0.85
10984,2020161578,202301,14,0.85
10985,2020161585,202301,5,0.85
10986,2020161587,202301,6,0.85
10987,2020161581,202301,129,0.85
10988,2020161579,202301,86,0.85
10989,2020161584,202301,9,0.85
10990,2020161580,202301,59,0.85
10991,2020161588,202301,27,0.85
10992,2020161583,202301,17,0.85
10993,2020171592,202301,50,0.85
10994,2020171590,202301,29,0.85
10995,2020171591,202301,8,0.85
10996,2020171593,202301,3,0.85
10997,2020171594,202301,7,0.85
10998,2020180716,202301,12,0.85
10999,2020180717,202301,55,0.85
11000,2020190575,202301,22,0.85
11001,2020191119,202301,14,0.85
11002,2020190170,202301,48,0.85
11003,2020191109,202301,16,0.85
11004,2020191113,202301,5,0.85
11005,2020191114,202301,17,0.85
11006,2020191120,202301,4,0.85
11007,2020191110,202301,6,0.85
11008,2020191112,202301,13,0.85
11009,2020191115,202301,26,0.85
11010,2020191118,202301,4,0.85
11011,2020191111,202301,16,0.85
11012,2020191117,202301,12,0.85
11013,2020191116,202301,5,0.85
11014,2020201175,202301,47,0.85
11015,2020201173,202301,13,0.85
11016,2020200782,202301,12,0.85
11017,2020201174,202301,10,0.85
11018,2020241678,202301,17,0.85
11019,2020241679,202301,1,0.85
11020,2020240400,202301,0,0.85
11021,2020241680,202301,42,0.85
11022,2020250370,202301,3,0.85
11023,2020270474,202301,9,0.85
11024,2020350163,202301,35,0.85
11025,2020400572,202301,27,0.85
11026,2020480394,202301,26,0.85
11027,2020480240,202301,0,0.85
11028,2020550586,202301,0,0.85
11029,2020550593,202301,124,0.85
11030,2020550839,202301,20,0.85
11031,2020550840,202301,35,0.85
11032,2020550062,202301,5,0.85
11033,2020550609,202301,34,0.85
11034,2020550616,202301,69,0.85
11035,2020550624,202301,30,0.85
11036,2020550630,202301,28,0.85
11037,2020550644,202301,28,0.85
11038,2020550665,202301,58,0.85
11039,2020550667,202301,29,0.85
11040,2020550673,202301,4,0.85
11041,2020550682,202301,0,0.85
11042,2020550696,202301,17,0.85
11043,2020550707,202301,63,0.85
11044,2020550793,202301,38,0.85
11045,2020550796,202301,18,0.85
11046,2020550827,202301,1,0.85
11047,2020550594,202301,66,0.85
11048,2020550849,202301,4,0.85
11049,2020550350,202301,0,0.85
11050,2020550640,202301,2,0.85
11051,2020550654,202301,27,0.85
11052,2020550662,202301,51,0.85
11053,2020550683,202301,0,0.85
11054,2020550691,202301,0,0.85
11055,2020550709,202301,1,0.85
11056,2020550713,202301,22,0.85
11057,2020550716,202301,18,0.85
11058,2020550790,202301,127,0.85
11059,2020550792,202301,19,0.85
11060,2020550801,202301,13,0.85
11061,2020550818,202301,12,0.85
11062,2020550829,202301,56,0.85
11063,2020550834,202301,0,0.85
11064,2020550570,202301,57,0.85
11065,2020550572,202301,20,0.85
11066,2020550576,202301,16,0.85
11067,2020550580,202301,11,0.85
11068,2020550582,202301,39,0.85
11069,2020550601,202301,39,0.85
11070,2020550847,202301,35,0.85
11071,2020550618,202301,0,0.85
11072,2020550634,202301,0,0.85
11073,2020550672,202301,38,0.85
11074,2020550675,202301,105,0.85
11075,2020550685,202301,15,0.85
11076,2020550687,202301,0,0.85
11077,2020550700,202301,2,0.85
11078,2020550702,202301,20,0.85
11079,2020550715,202301,7,0.85
11080,2020550724,202301,48,0.85
11081,2020550751,202301,28,0.85
11082,2020550754,202301,49,0.85
11083,2020550758,202301,0,0.85
11084,2020550769,202301,40,0.85
11085,2020550823,202301,17,0.85
11086,2020550830,202301,0,0.85
11087,2020550669,202301,67,0.85
11088,2020550677,202301,8,0.85
11089,2020550837,202301,26,0.85
11090,2020550843,202301,24,0.85
11091,2020550569,202301,6,0.85
11092,2020550698,202301,43,0.85
11093,2020550703,202301,54,0.85
11094,2020550706,202301,14,0.85
11095,2020550721,202301,0,0.85
11096,2020550728,202301,3,0.85
11097,2020550741,202301,21,0.85
11098,2020550744,202301,35,0.85
11099,2020550748,202301,53,0.85
11100,2020550767,202301,4,0.85
11101,2020550779,202301,0,0.85
11102,2020550789,202301,14,0.85
11103,2020550795,202301,2,0.85
11104,2020550808,202301,25,0.85
11105,2020550812,202301,18,0.85
11106,2020550814,202301,22,0.85
11107,2020550826,202301,14,0.85
11108,2020550602,202301,26,0.85
11109,2020550842,202301,9,0.85
11110,2020550619,202301,0,0.85
11111,2020550638,202301,38,0.85
11112,2020550717,202301,19,0.85
11113,2020550735,202301,4,0.85
11114,2020550774,202301,49,0.85
11115,2020550781,202301,11,0.85
11116,2020550784,202301,25,0.85
11117,2020550788,202301,45,0.85
11118,2020550822,202301,0,0.85
11119,2020550824,202301,0,0.85
11120,2020550030,202301,41,0.85
11121,2020550844,202301,4,0.85
11122,2020550611,202301,44,0.85
11123,2020550620,202301,34,0.85
11124,2020550650,202301,9,0.85
11125,2020550663,202301,35,0.85
11126,2020550699,202301,28,0.85
11127,2020550710,202301,45,0.85
11128,2020550712,202301,17,0.85
11129,2020550771,202301,47,0.85
11130,2020550778,202301,50,0.85
11131,2020550797,202301,29,0.85
11132,2020550832,202301,27,0.85
11133,2020550599,202301,28,0.85
11134,2020550605,202301,0,0.85
11135,2020550607,202301,13,0.85
11136,2020550615,202301,65,0.85
11137,2020550617,202301,22,0.85
11138,2020550628,202301,58,0.85
11139,2020550646,202301,68,0.85
11140,2020550658,202301,31,0.85
11141,2020550684,202301,50,0.85
11142,2020550692,202301,0,0.85
11143,2020550695,202301,1,0.85
11144,2020550736,202301,0,0.85
11145,2020550743,202301,16,0.85
11146,2020550755,202301,37,0.85
11147,2020550805,202301,0,0.85
11148,2020550806,202301,46,0.85
11149,2020550575,202301,0,0.85
11150,2020550578,202301,19,0.85
11151,2020550587,202301,104,0.85
11152,2020550590,202301,9,0.85
11153,2020550592,202301,14,0.85
11154,2020550596,202301,62,0.85
11155,2020550838,202301,33,0.85
11156,2020550240,202301,24,0.85
11157,2020550577,202301,0,0.85
11158,2020550603,202301,78,0.85
11159,2020550697,202301,0,0.85
11160,2020550719,202301,39,0.85
11161,2020550725,202301,40,0.85
11162,2020550733,202301,28,0.85
11163,2020550745,202301,8,0.85
11164,2020550761,202301,22,0.85
11165,2020550764,202301,37,0.85
11166,2020550768,202301,5,0.85
11167,2020550799,202301,3,0.85
11168,2020550811,202301,20,0.85
11169,2020550636,202301,32,0.85
11170,2020550648,202301,0,0.85
11171,2020550674,202301,60,0.85
11172,2020550841,202301,34,0.85
11173,2020550714,202301,88,0.85
11174,2020550718,202301,60,0.85
11175,2020550749,202301,4,0.85
11176,2020550757,202301,50,0.85
11177,2020550785,202301,25,0.85
11178,2020550794,202301,1,0.85
11179,2020550809,202301,0,0.85
11180,2020550821,202301,8,0.85
11181,2020550629,202301,69,0.85
11182,2020550635,202301,12,0.85
11183,2020550659,202301,43,0.85
11184,2020550688,202301,0,0.85
11185,2020550711,202301,25,0.85
11186,2020550600,202301,12,0.85
11187,2020550581,202301,3,0.85
11188,2020550604,202301,17,0.85
11189,2020550637,202301,51,0.85
11190,2020550649,202301,66,0.85
11191,2020550651,202301,37,0.85
11192,2020550678,202301,33,0.85
11193,2020550727,202301,19,0.85
11194,2020550739,202301,6,0.85
11195,2020550747,202301,2,0.85
11196,2020550750,202301,46,0.85
11197,2020550752,202301,10,0.85
11198,2020550775,202301,21,0.85
11199,2020550791,202301,0,0.85
11200,2020550798,202301,17,0.85
11201,2020550800,202301,62,0.85
11202,2020550815,202301,35,0.85
11203,2020550816,202301,27,0.85
11204,2020550585,202301,71,0.85
11205,2020550588,202301,68,0.85
11206,2020550732,202301,15,0.85
11207,2020550746,202301,95,0.85
11208,2020550612,202301,2,0.85
11209,2020550626,202301,41,0.85
11210,2020550631,202301,25,0.85
11211,2020550656,202301,23,0.85
11212,2020550664,202301,20,0.85
11213,2020550670,202301,7,0.85
11214,2020550680,202301,34,0.85
11215,2020550693,202301,0,0.85
11216,2020550701,202301,9,0.85
11217,2020550704,202301,2,0.85
11218,2020550708,202301,24,0.85
11219,2020550723,202301,0,0.85
11220,2020550726,202301,30,0.85
11221,2020550730,202301,54,0.85
11222,2020550848,202301,65,0.85
11223,2020550613,202301,6,0.85
11224,2020550621,202301,22,0.85
11225,2020550639,202301,22,0.85
11226,2020550641,202301,4,0.85
11227,2020550660,202301,0,0.85
11228,2020550720,202301,0,0.85
11229,2020550722,202301,33,0.85
11230,2020550737,202301,30,0.85
11231,2020550740,202301,38,0.85
11232,2020550742,202301,0,0.85
11233,2020550753,202301,25,0.85
11234,2020550756,202301,34,0.85
11235,2020550803,202301,13,0.85
11236,2020550807,202301,52,0.85
11237,2020550828,202301,21,0.85
11238,2020550831,202301,0,0.85
11239,2020550571,202301,0,0.85
11240,2020550075,202301,36,0.85
11241,2020550627,202301,5,0.85
11242,2020550632,202301,5,0.85
11243,2020550645,202301,42,0.85
11244,2020550647,202301,0,0.85
11245,2020550668,202301,1,0.85
11246,2020550676,202301,7,0.85
11247,2020550686,202301,25,0.85
11248,2020550694,202301,9,0.85
11249,2020550729,202301,3,0.85
11250,2020550765,202301,0,0.85
11251,2020550773,202301,49,0.85
11252,2020550776,202301,24,0.85
11253,2020550783,202301,2,0.85
11254,2020550804,202301,13,0.85
11255,2020550813,202301,28,0.85
11256,2020550817,202301,22,0.85
11257,2020550573,202301,7,0.85
11258,2020550597,202301,62,0.85
11259,2020550249,202301,10,0.85
11260,2020550666,202301,20,0.85
11261,2020550671,202301,7,0.85
11262,2020550759,202301,54,0.85
11263,2020550770,202301,25,0.85
11264,2020550772,202301,11,0.85
11265,2020550786,202301,0,0.85
11266,2020550802,202301,75,0.85
11267,2020550810,202301,53,0.85
11268,2020550574,202301,0,0.85
11269,2020550583,202301,0,0.85
11270,2020550584,202301,2,0.85
11271,2020550595,202301,61,0.85
11272,2020550598,202301,1,0.85
11273,2020550614,202301,8,0.85
11274,2020550622,202301,11,0.85
11275,2020550625,202301,22,0.85
11276,2020550633,202301,21,0.85
11277,2020550642,202301,14,0.85
11278,2020550655,202301,0,0.85
11279,2020550657,202301,26,0.85
11280,2020550653,202301,9,0.85
11281,2020550661,202301,20,0.85
11282,2020550689,202301,33,0.85
11283,2020550731,202301,0,0.85
11284,2020550734,202301,27,0.85
11285,2020550760,202301,16,0.85
11286,2020550762,202301,53,0.85
11287,2020550787,202301,1,0.85
11288,2020550579,202301,86,0.85
11289,2020550589,202301,8,0.85
11290,2020550591,202301,32,0.85
11291,2020550606,202301,0,0.85
11292,2020550845,202301,17,0.85
11293,2020550846,202301,20,0.85
11294,2020550825,202301,21,0.85
11295,2020550833,202301,4,0.85
11296,2020550608,202301,28,0.85
11297,2020550610,202301,44,0.85
11298,2020550623,202301,107,0.85
11299,2020550643,202301,0,0.85
11300,2020550652,202301,0,0.85
11301,2020550679,202301,0,0.85
11302,2020550681,202301,19,0.85
11303,2020550690,202301,154,0.85
11304,2020550705,202301,38,0.85
11305,2020550836,202301,18,0.85
11306,2020550738,202301,0,0.85
11307,2020550763,202301,118,0.85
11308,2020550766,202301,43,0.85
11309,2020550777,202301,8,0.85
11310,2020550780,202301,31,0.85
11311,2020550782,202301,25,0.85
11312,2020550819,202301,23,0.85
11313,2020550835,202301,2,0.85
11314,2020560130,202301,0,0.85
11315,2020560133,202301,206,0.85
11316,2020560132,202301,27,0.85
11317,2020560129,202301,10,0.85
11318,2020570106,202301,0,0.85
11319,2020570133,202301,13,0.85
11320,2020570155,202301,5,0.85
11321,2020570001,202301,0,0.85
11322,2020570085,202301,0,0.85
11323,2020570123,202301,0,0.85
11324,2020570124,202301,0,0.85
11325,2020570130,202301,7,0.85
11326,2020570143,202301,0,0.85
11327,2020570154,202301,19,0.85
11328,2020570016,202301,13,0.85
11329,2020570069,202301,48,0.85
11330,2020570134,202301,116,0.85
11331,2020570145,202301,3,0.85
11332,2020570161,202301,9,0.85
11333,2020570162,202301,1,0.85
11334,2020570168,202301,0,0.85
11335,2020570047,202301,0,0.85
11336,2020570053,202301,40,0.85
11337,2020570070,202301,28,0.85
11338,2020570081,202301,38,0.85
11339,2020570096,202301,2,0.85
11340,2020570135,202301,13,0.85
11341,2020570166,202301,0,0.85
11342,2020570169,202301,1,0.85
11343,2020570171,202301,14,0.85
11344,2020570150,202301,80,0.85
11345,2020570077,202301,16,0.85
11346,2020570107,202301,99,0.85
11347,2020570140,202301,3,0.85
11348,2020570153,202301,1,0.85
11349,2020570056,202301,47,0.85
11350,2020570117,202301,0,0.85
11351,2020570165,202301,18,0.85
11352,2020570173,202301,2,0.85
11353,2020570174,202301,38,0.85
11354,2020570090,202301,2,0.85
11355,2020570175,202301,5,0.85
11356,2020570086,202301,47,0.85
11357,2020570128,202301,41,0.85
11358,2020570129,202301,2,0.85
11359,2020570137,202301,23,0.85
11360,2020570141,202301,15,0.85
11361,2020570148,202301,40,0.85
11362,2020570156,202301,0,0.85
11363,2020570159,202301,0,0.85
11364,2020570097,202301,28,0.85
11365,2020570131,202301,16,0.85
11366,2020570138,202301,29,0.85
11367,2020570142,202301,16,0.85
11368,2020570146,202301,0,0.85
11369,2020570149,202301,2,0.85
11370,2020570160,202301,0,0.85
11371,2020570054,202301,2,0.85
11372,2020570164,202301,0,0.85
11373,2020570170,202301,0,0.85
11374,2020570015,202301,19,0.85
11375,2020570038,202301,75,0.85
11376,2020570105,202301,57,0.85
11377,2020570132,202301,2,0.85
11378,2020570136,202301,0,0.85
11379,2020570139,202301,0,0.85
11380,2020570066,202301,8,0.85
11381,2020570115,202301,50,0.85
11382,2020570127,202301,24,0.85
11383,2020570147,202301,123,0.85
11384,2020570151,202301,2,0.85
11385,2020570152,202301,10,0.85
11386,2020570158,202301,0,0.85
11387,2020570050,202301,83,0.85
11388,2020570114,202301,23,0.85
11389,2020570157,202301,18,0.85
11390,2020570037,202301,15,0.85
11391,2020570078,202301,6,0.85
11392,2020570178,202301,0,0.85
11393,2020570179,202301,11,0.85
11394,2020570176,202301,17,0.85
11395,2020720645,202301,2720,0.85
11396,3030120483,202301,27,0.85
11397,3030120440,202301,33,0.85
11398,3030120482,202301,38,0.85
11399,3030340217,202301,37,0.85
11400,3030340215,202301,58,0.85
11401,3030340216,202301,19,0.85
11402,3030340218,202301,0,0.85
11403,5050012251,202301,11,0.85
11404,5050012250,202301,27,0.85
11405,5050012244,202301,9,0.85
11406,5050012247,202301,50,0.85
11407,5050012245,202301,46,0.85
11408,5050031457,202301,6,0.85
11409,5050031460,202301,11,0.85
11410,5050031454,202301,53,0.85
11411,5050031455,202301,18,0.85
11412,5050031459,202301,22,0.85
11413,5050031458,202301,7,0.85
11414,5050041752,202301,13,0.85
11415,5050040167,202301,14,0.85
11416,5050041751,202301,8,0.85
11417,5050040991,202301,41,0.85
11418,5050060100,202301,0,0.85
11419,5050060291,202301,10,0.85
11420,5050070105,202301,37,0.85
11421,5050080174,202301,20,0.85
11422,5050080173,202301,32,0.85
11423,5050080172,202301,32,0.85
11424,2020012368,202301,81,0.85
11425,2020012348,202301,4,0.85
11426,2020012366,202301,25,0.85
11427,2020012367,202301,125,0.85
11428,2020012365,202301,11,0.85
11429,2020010855,202301,0,0.85
11430,2020010225,202301,0,0.85
11431,2020020885,202301,0,0.85
11432,2020021692,202301,63,0.85
11433,2020021691,202301,56,0.85
11434,2020032022,202301,23,0.85
11435,2020032021,202301,52,0.85
11436,2020030360,202301,0,0.85
11437,2020041674,202301,608,0.85
11438,2020041676,202301,142,0.85
11439,2020041677,202301,302,0.85
11440,2020050487,202301,0,0.85
11441,2020050940,202301,67,0.85
11442,2020050355,202301,417,0.85
11443,2020051979,202301,0,0.85
11444,2020051978,202301,35,0.85
11445,2020051977,202301,0,0.85
11446,2020062102,202301,0,0.85
11447,2020071519,202301,11,0.85
11448,2020071511,202301,18,0.85
11449,2020071512,202301,84,0.85
11450,2020071518,202301,12,0.85
11451,2020071517,202301,5,0.85
11452,2020071516,202301,35,0.85
11453,2020071510,202301,13,0.85
11454,2020071513,202301,21,0.85
11455,2020071515,202301,50,0.85
11456,2020071514,202301,42,0.85
11457,2020081408,202301,158,0.85
11458,2020091618,202301,13,0.85
11459,2020091345,202301,0,0.85
11460,2020091614,202301,32,0.85
11461,2020091152,202301,0,0.85
11462,2020091615,202301,37,0.85
11463,2020091616,202301,23,0.85
11464,2020101092,202301,36,0.85
11465,2020110500,202301,88,0.85
11466,2020111158,202301,17,0.85
11467,2020121742,202301,21,0.85
11468,2020121749,202301,0,0.85
11469,2020121753,202301,3,0.85
11470,2020121743,202301,5,0.85
11471,2020121754,202301,7,0.85
11472,2020120041,202301,181,0.85
11473,2020121624,202301,0,0.85
11474,2020121744,202301,15,0.85
11475,2020120101,202301,15,0.85
11476,2020121751,202301,90,0.85
11477,2020121741,202301,5,0.85
11478,2020121748,202301,78,0.85
11479,2020121750,202301,0,0.85
11480,2020121756,202301,0,0.85
11481,2020121746,202301,4,0.85
11482,2020121745,202301,12,0.85
11483,2020121747,202301,12,0.85
11484,2020140425,202301,48,0.85
11485,2020141963,202301,0,0.85
11486,2020140046,202301,10,0.85
11487,2020141964,202301,56,0.85
11488,2020140295,202301,79,0.85
11489,2020140340,202301,19,0.85
11490,2020141572,202301,5,0.85
11491,2020140280,202301,0,0.85
11492,2020151231,202301,32,0.85
11493,2020151234,202301,29,0.85
11494,2020150841,202301,116,0.85
11495,2020151230,202301,31,0.85
11496,2020151232,202301,23,0.85
11497,2020151235,202301,85,0.85
11498,2020151233,202301,1,0.85
11499,2020161596,202301,21,0.85
11500,2020161599,202301,0,0.85
11501,2020161595,202301,3,0.85
11502,2020161604,202301,7,0.85
11503,2020161597,202301,4,0.85
11504,2020161602,202301,15,0.85
11505,2020161601,202301,16,0.85
11506,2020161598,202301,39,0.85
11507,2020161600,202301,75,0.85
11508,2020170416,202301,0,0.85
11509,2020171595,202301,76,0.85
11510,2020171600,202301,33,0.85
11511,2020171598,202301,15,0.85
11512,2020171596,202301,16,0.85
11513,2020170257,202301,32,0.85
11514,2020171597,202301,1,0.85
11515,2020171599,202301,5,0.85
11516,2020170473,202301,48,0.85
11517,2020180719,202301,33,0.85
11518,2020180718,202301,39,0.85
11519,2020191121,202301,26,0.85
11520,2020190870,202301,15,0.85
11521,2020200555,202301,69,0.85
11522,2020201177,202301,9,0.85
11523,2020201184,202301,70,0.85
11524,2020201182,202301,18,0.85
11525,2020201183,202301,77,0.85
11526,2020201179,202301,5,0.85
11527,2020201176,202301,41,0.85
11528,2020201000,202301,9,0.85
11529,2020200220,202301,8,0.85
11530,2020201178,202301,0,0.85
11531,2020201181,202301,6,0.85
11532,2020210170,202301,95,0.85
11533,2020210357,202301,0,0.85
11534,2020210364,202301,24,0.85
11535,2020241681,202301,0,0.85
11536,2020240840,202301,0,0.85
11537,2020250371,202301,26,0.85
11538,2020250372,202301,0,0.85
11539,2020270476,202301,47,0.85
11540,2020270475,202301,85,0.85
11541,2020270477,202301,35,0.85
11542,2020270478,202301,18,0.85
11543,2020290135,202301,0,0.85
11544,2020300259,202301,30,0.85
11545,2020310574,202301,16,0.85
11546,2020310575,202301,24,0.85
11547,2020340730,202301,2,0.85
11548,2020340728,202301,19,0.85
11549,2020340733,202301,26,0.85
11550,2020340732,202301,0,0.85
11551,2020340731,202301,26,0.85
11552,2020390260,202301,0,0.85
11553,2020400573,202301,4,0.85
11554,2020410699,202301,14,0.85
11555,2020410697,202301,12,0.85
11556,2020410700,202301,17,0.85
11557,2020410698,202301,69,0.85
11558,2020430160,202301,0,0.85
11559,2020450436,202301,3,0.85
11560,2020450435,202301,31,0.85
11561,2020450434,202301,47,0.85
11562,2020460653,202301,0,0.85
11563,2020470232,202301,54,0.85
11564,2020470231,202301,31,0.85
11565,2020480397,202301,3,0.85
11566,2020480396,202301,0,0.85
11567,2020480398,202301,20,0.85
11568,2020480395,202301,48,0.85
11569,2020510018,202301,82,0.85
11570,2020510020,202301,35,0.85
11571,2020510022,202301,24,0.85
11572,2020510019,202301,17,0.85
11573,2020510021,202301,8,0.85
11574,2020510023,202301,107,0.85
11575,2020550967,202301,0,0.85
11576,2020550973,202301,54,0.85
11577,2020550983,202301,93,0.85
11578,2020550996,202301,31,0.85
11579,2020551024,202301,52,0.85
11580,2020551026,202301,36,0.85
11581,2020551051,202301,2,0.85
11582,2020551061,202301,3,0.85
11583,2020551094,202301,0,0.85
11584,2020550862,202301,59,0.85
11585,2020550864,202301,0,0.85
11586,2020550893,202301,0,0.85
11587,2020550916,202301,13,0.85
11588,2020550960,202301,0,0.85
11589,2020550977,202301,32,0.85
11590,2020550987,202301,12,0.85
11591,2020551025,202301,6,0.85
11592,2020551031,202301,46,0.85
11593,2020551042,202301,70,0.85
11594,2020550858,202301,31,0.85
11595,2020550882,202301,24,0.85
11596,2020550896,202301,13,0.85
11597,2020550904,202301,48,0.85
11598,2020551049,202301,3,0.85
11599,2020551050,202301,20,0.85
11600,2020551073,202301,0,0.85
11601,2020550869,202301,62,0.85
11602,2020550872,202301,11,0.85
11603,2020550874,202301,0,0.85
11604,2020550884,202301,26,0.85
11605,2020550895,202301,86,0.85
11606,2020550912,202301,17,0.85
11607,2020550921,202301,20,0.85
11608,2020551019,202301,15,0.85
11609,2020551030,202301,56,0.85
11610,2020551044,202301,23,0.85
11611,2020551046,202301,0,0.85
11612,2020551057,202301,0,0.85
11613,2020551067,202301,19,0.85
11614,2020551089,202301,45,0.85
11615,2020550951,202301,1,0.85
11616,2020550955,202301,27,0.85
11617,2020550958,202301,36,0.85
11618,2020550970,202301,27,0.85
11619,2020550980,202301,0,0.85
11620,2020551002,202301,22,0.85
11621,2020551006,202301,67,0.85
11622,2020551012,202301,47,0.85
11623,2020551016,202301,7,0.85
11624,2020551037,202301,0,0.85
11625,2020551045,202301,2,0.85
11626,2020551068,202301,24,0.85
11627,2020550860,202301,59,0.85
11628,2020550889,202301,30,0.85
11629,2020550906,202301,32,0.85
11630,2020550925,202301,82,0.85
11631,2020550928,202301,0,0.85
11632,2020550929,202301,19,0.85
11633,2020550941,202301,0,0.85
11634,2020550945,202301,21,0.85
11635,2020550948,202301,1,0.85
11636,2020550959,202301,1,0.85
11637,2020550964,202301,13,0.85
11638,2020550992,202301,40,0.85
11639,2020551004,202301,0,0.85
11640,2020551014,202301,3,0.85
11641,2020550963,202301,50,0.85
11642,2020550975,202301,29,0.85
11643,2020550978,202301,7,0.85
11644,2020550979,202301,5,0.85
11645,2020550989,202301,27,0.85
11646,2020551022,202301,1,0.85
11647,2020551078,202301,19,0.85
11648,2020550851,202301,32,0.85
11649,2020550890,202301,8,0.85
11650,2020550897,202301,41,0.85
11651,2020550900,202301,17,0.85
11652,2020550969,202301,1,0.85
11653,2020550971,202301,14,0.85
11654,2020550981,202301,26,0.85
11655,2020550985,202301,49,0.85
11656,2020550988,202301,49,0.85
11657,2020550994,202301,9,0.85
11658,2020551029,202301,31,0.85
11659,2020551077,202301,6,0.85
11660,2020550878,202301,0,0.85
11661,2020550888,202301,46,0.85
11662,2020550899,202301,17,0.85
11663,2020550907,202301,0,0.85
11664,2020550914,202301,0,0.85
11665,2020550932,202301,48,0.85
11666,2020550952,202301,20,0.85
11667,2020550990,202301,19,0.85
11668,2020551003,202301,8,0.85
11669,2020551013,202301,41,0.85
11670,2020551034,202301,0,0.85
11671,2020551036,202301,0,0.85
11672,2020550871,202301,0,0.85
11673,2020550881,202301,1,0.85
11674,2020550892,202301,45,0.85
11675,2020550894,202301,23,0.85
11676,2020550909,202301,53,0.85
11677,2020550910,202301,2,0.85
11678,2020550936,202301,3,0.85
11679,2020551054,202301,1,0.85
11680,2020551056,202301,0,0.85
11681,2020551065,202301,78,0.85
11682,2020551071,202301,56,0.85
11683,2020551083,202301,0,0.85
11684,2020550868,202301,56,0.85
11685,2020550903,202301,23,0.85
11686,2020550922,202301,8,0.85
11687,2020550961,202301,0,0.85
11688,2020550965,202301,141,0.85
11689,2020550968,202301,27,0.85
11690,2020551035,202301,20,0.85
11691,2020551055,202301,23,0.85
11692,2020551070,202301,31,0.85
11693,2020550944,202301,36,0.85
11694,2020550972,202301,0,0.85
11695,2020550995,202301,3,0.85
11696,2020550998,202301,6,0.85
11697,2020550999,202301,27,0.85
11698,2020551007,202301,1,0.85
11699,2020551048,202301,15,0.85
11700,2020551075,202301,3,0.85
11701,2020551087,202301,21,0.85
11702,2020551093,202301,26,0.85
11703,2020550853,202301,49,0.85
11704,2020550857,202301,53,0.85
11705,2020550919,202301,29,0.85
11706,2020550954,202301,1,0.85
11707,2020550982,202301,41,0.85
11708,2020550991,202301,29,0.85
11709,2020551000,202301,2,0.85
11710,2020551010,202301,28,0.85
11711,2020551011,202301,74,0.85
11712,2020551047,202301,34,0.85
11713,2020551074,202301,99,0.85
11714,2020551076,202301,0,0.85
11715,2020551080,202301,31,0.85
11716,2020551081,202301,0,0.85
11717,2020550850,202301,15,0.85
11718,2020550875,202301,0,0.85
11719,2020550898,202301,53,0.85
11720,2020550911,202301,125,0.85
11721,2020550915,202301,21,0.85
11722,2020550918,202301,49,0.85
11723,2020550924,202301,51,0.85
11724,2020550930,202301,0,0.85
11725,2020550956,202301,2,0.85
11726,2020550993,202301,0,0.85
11727,2020551008,202301,12,0.85
11728,2020551017,202301,21,0.85
11729,2020551018,202301,1,0.85
11730,2020551062,202301,24,0.85
11731,2020551069,202301,39,0.85
11732,2020551088,202301,5,0.85
11733,2020550861,202301,95,0.85
11734,2020550913,202301,25,0.85
11735,2020550926,202301,29,0.85
11736,2020550934,202301,21,0.85
11737,2020550855,202301,73,0.85
11738,2020550856,202301,70,0.85
11739,2020550901,202301,50,0.85
11740,2020550905,202301,35,0.85
11741,2020550908,202301,0,0.85
11742,2020550917,202301,2,0.85
11743,2020551066,202301,3,0.85
11744,2020550478,202301,0,0.85
11745,2020550946,202301,64,0.85
11746,2020550997,202301,22,0.85
11747,2020551032,202301,14,0.85
11748,2020551039,202301,6,0.85
11749,2020551043,202301,42,0.85
11750,2020551052,202301,17,0.85
11751,2020551064,202301,34,0.85
11752,2020550947,202301,9,0.85
11753,2020550950,202301,19,0.85
11754,2020550976,202301,40,0.85
11755,2020550986,202301,91,0.85
11756,2020551079,202301,9,0.85
11757,2020550865,202301,10,0.85
11758,2020550866,202301,52,0.85
11759,2020550873,202301,10,0.85
11760,2020550883,202301,24,0.85
11761,2020550891,202301,80,0.85
11762,2020550920,202301,19,0.85
11763,2020550933,202301,70,0.85
11764,2020550962,202301,12,0.85
11765,2020551001,202301,0,0.85
11766,2020551028,202301,1,0.85
11767,2020551040,202301,33,0.85
11768,2020551041,202301,33,0.85
11769,2020551072,202301,10,0.85
11770,2020551098,202301,0,0.85
11771,2020550859,202301,56,0.85
11772,2020550876,202301,0,0.85
11773,2020550885,202301,40,0.85
11774,2020550886,202301,80,0.85
11775,2020550937,202301,34,0.85
11776,2020550940,202301,4,0.85
11777,2020550966,202301,34,0.85
11778,2020551020,202301,108,0.85
11779,2020551033,202301,15,0.85
11780,2020551053,202301,35,0.85
11781,2020551090,202301,5,0.85
11782,2020550852,202301,35,0.85
11783,2020550854,202301,44,0.85
11784,2020550870,202301,0,0.85
11785,2020550877,202301,122,0.85
11786,2020550887,202301,19,0.85
11787,2020550902,202301,62,0.85
11788,2020550927,202301,60,0.85
11789,2020550939,202301,11,0.85
11790,2020550943,202301,33,0.85
11791,2020550949,202301,22,0.85
11792,2020550953,202301,20,0.85
11793,2020550957,202301,26,0.85
11794,2020550974,202301,71,0.85
11795,2020550984,202301,25,0.85
11796,2020551005,202301,37,0.85
11797,2020551015,202301,1,0.85
11798,2020551021,202301,0,0.85
11799,2020551038,202301,49,0.85
11800,2020551063,202301,4,0.85
11801,2020551085,202301,9,0.85
11802,2020551091,202301,46,0.85
11803,2020550863,202301,92,0.85
11804,2020550867,202301,37,0.85
11805,2020550879,202301,15,0.85
11806,2020550880,202301,13,0.85
11807,2020550923,202301,54,0.85
11808,2020550931,202301,10,0.85
11809,2020550935,202301,39,0.85
11810,2020550938,202301,2,0.85
11811,2020560136,202301,25,0.85
11812,2020560139,202301,9,0.85
11813,2020560091,202301,10,0.85
11814,2020560092,202301,0,0.85
11815,2020560137,202301,44,0.85
11816,2020560069,202301,9,0.85
11817,2020560138,202301,21,0.85
11818,2020560134,202301,0,0.85
11819,2020560135,202301,4,0.85
11820,2020560062,202301,91,0.85
11821,2020560070,202301,5,0.85
11822,2020570126,202301,0,0.85
11823,2020570163,202301,67,0.85
11824,2020570180,202301,0,0.85
11825,2020570183,202301,27,0.85
11826,2020570195,202301,1,0.85
11827,2020570193,202301,56,0.85
11828,2020570194,202301,1,0.85
11829,2020570182,202301,0,0.85
11830,2020570186,202301,32,0.85
11831,2020570189,202301,101,0.85
11832,2020570190,202301,105,0.85
11833,2020570075,202301,1,0.85
11834,2020570109,202301,95,0.85
11835,2020570167,202301,23,0.85
11836,2020570094,202301,5,0.85
11837,2020570187,202301,5,0.85
11838,2020570080,202301,0,0.85
11839,2020570177,202301,32,0.85
11840,2020570181,202301,24,0.85
11841,2020570188,202301,0,0.85
11842,2020570192,202301,21,0.85
11843,2020570191,202301,26,0.85
11844,2020570184,202301,98,0.85
11845,2020720646,202301,2280,0.85
11846,3030160195,202301,4,0.85
11847,3030340219,202301,115,0.85
11848,5050011155,202301,21,0.85
11849,5050031396,202301,0,0.85
11850,5050030825,202301,24,0.85
11851,5050031461,202301,147,0.85
11852,5050031435,202301,17,0.85
11853,5050031468,202301,28,0.85
11854,5050031464,202301,20,0.85
11855,5050031465,202301,31,0.85
11856,5050041759,202301,45,0.85
11857,5050040145,202301,59,0.85
11858,5050041753,202301,65,0.85
11859,5050041757,202301,15,0.85
11860,5050041100,202301,3,0.85
11861,5050041721,202301,0,0.85
11862,5050041754,202301,451,0.85
11863,5050041758,202301,128,0.85
11864,5050060292,202301,20,0.85
11865,5050060294,202301,38,0.85
11866,5050060293,202301,4,0.85
11867,5050070166,202301,73,0.85
11868,3030120484,202301,14,0.85
11869,2020551131,202301,27,0.85
11870,2020551132,202301,62,0.85
11871,2020551133,202301,1,0.85
11872,2020551134,202301,9,0.85
11873,2020551135,202301,18,0.85
11874,2020551136,202301,0,0.85
11875,2020551137,202301,14,0.85
11876,2020551138,202301,11,0.85
11877,2020551142,202301,0,0.85
11878,2020551143,202301,142,0.85
11879,2020551186,202301,0,0.85
11880,2020551154,202301,115,0.85
11881,2020551155,202301,30,0.85
11882,2020551156,202301,113,0.85
11883,2020551157,202301,2,0.85
11884,2020551158,202301,4,0.85
11885,2020551159,202301,0,0.85
11886,2020551160,202301,1,0.85
11887,2020551161,202301,93,0.85
11888,2020551162,202301,21,0.85
11889,2020480399,202301,21,0.85
11890,2020161606,202301,63,0.85
11891,2020032025,202301,62,0.85
11892,2020551181,202301,17,0.85
11893,2020551182,202301,42,0.85
11894,2020551183,202301,15,0.85
11895,2020551184,202301,29,0.85
11896,2020551185,202301,45,0.85
11897,2020551166,202301,33,0.85
11898,2020551167,202301,3,0.85
11899,2020551168,202301,42,0.85
11900,2020551175,202301,0,0.85
11901,2020551163,202301,0,0.85
11902,2020551164,202301,34,0.85
11903,2020551165,202301,13,0.85
11904,2020180720,202301,51,0.85
11905,5050031470,202301,39,0.85
11906,5050041761,202301,48,0.85
11907,2020161607,202301,125,0.85
11908,2020151236,202301,35,0.85
11909,6060051821,202301,98,0.85
11910,4040011196,202301,14,0.85
11911,2020201186,202301,16,0.85
11912,2020071522,202301,0,0.85
11913,2020071523,202301,254,0.85
11914,5050031472,202301,154,0.85
11915,2020570200,202301,40,0.85
11916,2020551216,202301,1,0.85
11917,2020551215,202301,0,0.85
11918,2020551214,202301,70,0.85
11919,2020551213,202301,49,0.85
11920,2020081410,202301,66,0.85
11921,2020390344,202301,12,0.85
11922,2020180721,202301,21,0.85
11923,2020012370,202301,17,0.85
11924,2020141966,202301,158,0.85
11925,2020121758,202301,29,0.85
11926,2020390345,202301,21,0.85
11927,2020570204,202301,4,0.85
11928,2020241684,202301,7,0.85
11929,2020161608,202301,43,0.85
11930,6060150872,202301,15,0.85
11931,6060150913,202301,36,0.85
11932,8080610048,202301,144,0.85
11933,6060560021,202301,16,0.85
11934,3030080185,202301,0,0.85
11935,3030080195,202301,482,0.85
11936,3030080285,202301,17,0.85
11937,3030080305,202301,0,0.85
11938,3030080315,202301,29,0.85
11939,3030080325,202301,85,0.85
11940,3030080346,202301,126,0.85
11941,3030080388,202301,4,0.85
11942,3030080389,202301,25,0.85
11943,3030080390,202301,18,0.85
11944,3030080391,202301,9,0.85
11945,3030080392,202301,39,0.85
11946,3030080394,202301,17,0.85
11947,3030080395,202301,25,0.85
11948,3030080396,202301,85,0.85
11949,3030080397,202301,75,0.85
11950,3030080398,202301,45,0.85
11951,3030080399,202301,25,0.85
11952,3030080400,202301,67,0.85
11953,3030080405,202301,0,0.85
11954,3030080406,202301,3,0.85
11955,3030080420,202301,0,0.85
11956,3030080430,202301,7,0.85
11957,3030080435,202301,43,0.85
11958,3030080439,202301,20,0.85
11959,3030080440,202301,72,0.85
11960,3030080441,202301,26,0.85
11961,3030080442,202301,20,0.85
11962,3030080444,202301,12,0.85
11963,3030080445,202301,10,0.85
11964,3030080446,202301,36,0.85
11965,3030080447,202301,16,0.85
11966,3030080448,202301,60,0.85
11967,3030080449,202301,29,0.85
11968,3030080450,202301,37,0.85
11969,3030080455,202301,70,0.85
11970,3030080456,202301,34,0.85
11971,3030080457,202301,28,0.85
11972,3030080460,202301,46,0.85
11973,3030080461,202301,38,0.85
11974,3030080462,202301,41,0.85
11975,3030080463,202301,19,0.85
11976,3030080464,202301,48,0.85
11977,3030080466,202301,62,0.85
11978,3030080467,202301,13,0.85
11979,3030080468,202301,8,0.85
11980,3030080470,202301,11,0.85
11981,3030080475,202301,27,0.85
11982,3030080480,202301,104,0.85
11983,3030080485,202301,19,0.85
11984,3030080486,202301,3,0.85
11985,3030080487,202301,25,0.85
11986,3030080488,202301,41,0.85
11987,3030080489,202301,30,0.85
11988,3030080490,202301,53,0.85
11989,3030080491,202301,64,0.85
11990,3030080495,202301,34,0.85
11991,3030080496,202301,119,0.85
11992,3030080497,202301,22,0.85
11993,3030080498,202301,18,0.85
11994,3030080499,202301,63,0.85
11995,3030080500,202301,142,0.85
11996,3030080502,202301,20,0.85
11997,3030080503,202301,15,0.85
11998,3030080505,202301,38,0.85
11999,3030080506,202301,32,0.85
12000,3030080507,202301,30,0.85
12001,3030080508,202301,124,0.85
12002,3030080510,202301,13,0.85
12003,3030080515,202301,45,0.85
12004,3030080520,202301,58,0.85
12005,3030080525,202301,0,0.85
12006,3030080530,202301,25,0.85
12007,3030080535,202301,59,0.85
12008,3030080537,202301,44,0.85
12009,3030080538,202301,8,0.85
12010,3030080539,202301,28,0.85
12011,3030080540,202301,22,0.85
12012,3030080545,202301,56,0.85
12013,3030080550,202301,11,0.85
12014,3030080551,202301,36,0.85
12015,3030080552,202301,59,0.85
12016,3030080555,202301,55,0.85
12017,3030080556,202301,306,0.85
12018,3030080557,202301,42,0.85
12019,3030080558,202301,71,0.85
12020,3030080559,202301,45,0.85
12021,3030080560,202301,12,0.85
12022,3030080561,202301,3,0.85
12023,3030080562,202301,72,0.85
12024,3030080563,202301,0,0.85
12025,3030080564,202301,36,0.85
12026,3030080565,202301,0,0.85
12027,3030080566,202301,44,0.85
12028,3030080567,202301,34,0.85
12029,3030080569,202301,28,0.85
12030,3030080570,202301,92,0.85
12031,3030080571,202301,14,0.85
12032,3030080572,202301,13,0.85
12033,3030080573,202301,91,0.85
12034,3030080574,202301,16,0.85
12035,3030080575,202301,47,0.85
12036,3030080576,202301,20,0.85
12037,3030080577,202301,66,0.85
12038,3030080579,202301,31,0.85
12039,3030080580,202301,9,0.85
12040,3030080581,202301,26,0.85
12041,3030080582,202301,12,0.85
12042,3030080585,202301,55,0.85
12043,3030080590,202301,8,0.85
12044,3030080600,202301,14,0.85
12045,3030080605,202301,21,0.85
12046,3030080608,202301,128,0.85
12047,3030080615,202301,18,0.85
12048,3030080620,202301,31,0.85
12049,3030080625,202301,31,0.85
12050,3030080630,202301,19,0.85
12051,3030080640,202301,28,0.85
12052,3030080645,202301,4,0.85
12053,3030080650,202301,25,0.85
12054,3030080651,202301,28,0.85
12055,3030080653,202301,16,0.85
12056,3030080656,202301,18,0.85
12057,3030080658,202301,32,0.85
12058,3030080660,202301,25,0.85
12059,3030080670,202301,4,0.85
12060,3030080675,202301,22,0.85
12061,3030080680,202301,63,0.85
12062,3030080685,202301,45,0.85
12063,3030080690,202301,73,0.85
12064,3030080695,202301,19,0.85
12065,3030080700,202301,74,0.85
12066,3030080705,202301,23,0.85
12067,3030080710,202301,25,0.85
12068,3030080715,202301,71,0.85
12069,3030080716,202301,93,0.85
12070,3030080720,202301,53,0.85
12071,3030080725,202301,36,0.85
12072,3030080728,202301,31,0.85
12073,3030080729,202301,54,0.85
12074,3030080730,202301,0,0.85
12075,3030080735,202301,20,0.85
12076,3030080740,202301,35,0.85
12077,3030080745,202301,21,0.85
12078,3030080750,202301,17,0.85
12079,3030080751,202301,83,0.85
12080,3030080752,202301,5,0.85
12081,3030080755,202301,105,0.85
12082,3030080758,202301,20,0.85
12083,3030080759,202301,94,0.85
12084,3030080760,202301,74,0.85
12085,3030080761,202301,99,0.85
12086,3030080765,202301,25,0.85
12087,3030080768,202301,27,0.85
12088,3030080770,202301,80,0.85
12089,3030080775,202301,53,0.85
12090,3030080780,202301,44,0.85
12091,3030080785,202301,26,0.85
12092,3030080790,202301,10,0.85
12093,3030080793,202301,58,0.85
12094,3030080795,202301,42,0.85
12095,3030080798,202301,322,0.85
12096,3030080799,202301,55,0.85
12097,3030080800,202301,75,0.85
12098,3030080805,202301,182,0.85
12099,3030080810,202301,7,0.85
12100,3030080815,202301,52,0.85
12101,3030080820,202301,10,0.85
12102,3030080825,202301,117,0.85
12103,3030080830,202301,28,0.85
12104,3030080835,202301,38,0.85
12105,3030080850,202301,111,0.85
12106,3030080854,202301,21,0.85
12107,3030080855,202301,52,0.85
12108,3030080860,202301,129,0.85
12109,3030080861,202301,46,0.85
12110,3030080863,202301,0,0.85
12111,3030080864,202301,0,0.85
12112,3030080865,202301,108,0.85
12113,3030080868,202301,33,0.85
12114,3030080870,202301,6,0.85
12115,3030080890,202301,3,0.85
12116,3030080895,202301,47,0.85
12117,3030080900,202301,9,0.85
12118,3030080901,202301,49,0.85
12119,3030080903,202301,19,0.85
12120,3030080905,202301,56,0.85
12121,3030080908,202301,11,0.85
12122,3030080910,202301,35,0.85
12123,3030080912,202301,51,0.85
12124,3030080915,202301,17,0.85
12125,3030080920,202301,39,0.85
12126,3030080925,202301,47,0.85
12127,3030080930,202301,57,0.85
12128,3030080935,202301,58,0.85
12129,3030080943,202301,40,0.85
12130,3030080945,202301,0,0.85
12131,3030080946,202301,21,0.85
12132,3030080955,202301,17,0.85
12133,3030080960,202301,5,0.85
12134,3030080965,202301,47,0.85
12135,3030080970,202301,13,0.85
12136,3030080975,202301,54,0.85
12137,3030080980,202301,37,0.85
12138,3030080985,202301,72,0.85
12139,3030081010,202301,125,0.85
12140,3030081015,202301,0,0.85
12141,3030081020,202301,19,0.85
12142,3030081030,202301,64,0.85
12143,3030081035,202301,38,0.85
12144,3030081040,202301,47,0.85
12145,3030081045,202301,21,0.85
12146,3030081050,202301,49,0.85
12147,3030081060,202301,8,0.85
12148,3030081065,202301,61,0.85
12149,3030081080,202301,16,0.85
12150,3030081085,202301,0,0.85
12151,3030081100,202301,60,0.85
12152,3030081105,202301,60,0.85
12153,3030081110,202301,23,0.85
12154,3030081115,202301,20,0.85
12155,3030081120,202301,0,0.85
12156,3030081125,202301,0,0.85
12157,3030081130,202301,37,0.85
12158,3030081135,202301,11,0.85
12159,3030081145,202301,0,0.85
12160,3030081150,202301,53,0.85
12161,3030081165,202301,48,0.85
12162,3030081180,202301,27,0.85
12163,3030081185,202301,88,0.85
12164,3030081190,202301,43,0.85
12165,3030081210,202301,26,0.85
12166,3030081215,202301,17,0.85
12167,3030081220,202301,4,0.85
12168,3030081225,202301,21,0.85
12169,3030081230,202301,22,0.85
12170,3030081235,202301,23,0.85
12171,3030081236,202301,7,0.85
12172,3030081237,202301,15,0.85
12173,3030081239,202301,35,0.85
12174,3030081240,202301,20,0.85
12175,3030081241,202301,12,0.85
12176,3030081243,202301,51,0.85
12177,3030081244,202301,31,0.85
12178,3030081245,202301,4,0.85
12179,3030081247,202301,12,0.85
12180,3030081249,202301,49,0.85
12181,3030081250,202301,15,0.85
12182,3030081253,202301,24,0.85
12183,3030081255,202301,33,0.85
12184,3030081260,202301,60,0.85
12185,3030081261,202301,81,0.85
12186,3030081264,202301,28,0.85
12187,3030081265,202301,21,0.85
12188,3030081266,202301,51,0.85
12189,3030081267,202301,19,0.85
12190,3030081268,202301,16,0.85
12191,3030081270,202301,32,0.85
12192,3030081271,202301,56,0.85
12193,3030081272,202301,8,0.85
12194,3030081273,202301,53,0.85
12195,3030081274,202301,26,0.85
12196,3030081277,202301,37,0.85
12197,3030081278,202301,23,0.85
12198,3030081280,202301,48,0.85
12199,3030081281,202301,37,0.85
12200,3030081282,202301,30,0.85
12201,3030081283,202301,13,0.85
12202,3030081286,202301,12,0.85
12203,3030081288,202301,20,0.85
12204,3030081290,202301,24,0.85
12205,3030081292,202301,115,0.85
12206,3030081293,202301,4,0.85
12207,3030081296,202301,23,0.85
12208,3030081299,202301,42,0.85
12209,3030081300,202301,23,0.85
12210,3030081301,202301,40,0.85
12211,3030081302,202301,86,0.85
12212,3030081303,202301,338,0.85
12213,3030081304,202301,7,0.85
12214,3030081305,202301,41,0.85
12215,3030081306,202301,12,0.85
12216,3030081307,202301,8,0.85
12217,3030081308,202301,38,0.85
12218,3030081309,202301,74,0.85
12219,3030081310,202301,20,0.85
12220,3030081311,202301,15,0.85
12221,3030081312,202301,55,0.85
12222,3030081313,202301,18,0.85
12223,3030081314,202301,17,0.85
12224,3030081315,202301,23,0.85
12225,3030090010,202301,97,0.85
12226,3030090020,202301,95,0.85
12227,3030090030,202301,14,0.85
12228,3030090035,202301,28,0.85
12229,3030090036,202301,53,0.85
12230,3030090037,202301,56,0.85
12231,3030090040,202301,70,0.85
12232,3030090043,202301,58,0.85
12233,3030090045,202301,64,0.85
12234,3030090046,202301,71,0.85
12235,3030090047,202301,93,0.85
12236,3030090050,202301,20,0.85
12237,3030090052,202301,74,0.85
12238,3030090053,202301,20,0.85
12239,3030090055,202301,140,0.85
12240,3030090060,202301,25,0.85
12241,3030090070,202301,44,0.85
12242,3030090075,202301,10,0.85
12243,3030090076,202301,73,0.85
12244,3030090077,202301,65,0.85
12245,3030090079,202301,28,0.85
12246,3030090080,202301,75,0.85
12247,3030090081,202301,103,0.85
12248,3030090082,202301,19,0.85
12249,3030090083,202301,102,0.85
12250,3030090084,202301,79,0.85
12251,3030090085,202301,15,0.85
12252,3030090086,202301,96,0.85
12253,3030090087,202301,61,0.85
12254,3030090090,202301,41,0.85
12255,3030090100,202301,0,0.85
12256,3030090105,202301,69,0.85
12257,3030090110,202301,65,0.85
12258,3030090115,202301,88,0.85
12259,3030090120,202301,16,0.85
12260,3030090125,202301,24,0.85
12261,3030090130,202301,20,0.85
12262,3030090135,202301,26,0.85
12263,3030090140,202301,16,0.85
12264,3030090145,202301,250,0.85
12265,3030090150,202301,50,0.85
12266,3030090151,202301,23,0.85
12267,3030090152,202301,137,0.85
12268,3030090155,202301,60,0.85
12269,3030090156,202301,43,0.85
12270,3030090158,202301,27,0.85
12271,3030090159,202301,319,0.85
12272,3030090160,202301,54,0.85
12273,3030090165,202301,432,0.85
12274,3030090175,202301,60,0.85
12275,3030090180,202301,27,0.85
12276,3030090185,202301,46,0.85
12277,3030090190,202301,5,0.85
12278,3030090195,202301,5,0.85
12279,3030090200,202301,36,0.85
12280,3030090205,202301,52,0.85
12281,3030090206,202301,34,0.85
12282,3030090207,202301,51,0.85
12283,3030090210,202301,36,0.85
12284,3030090211,202301,26,0.85
12285,3030090215,202301,27,0.85
12286,3030090216,202301,84,0.85
12287,3030090225,202301,138,0.85
12288,3030090235,202301,54,0.85
12289,3030090240,202301,94,0.85
12290,3030090245,202301,25,0.85
12291,3030090250,202301,23,0.85
12292,3030090255,202301,13,0.85
12293,3030090256,202301,17,0.85
12294,3030090258,202301,59,0.85
12295,3030090260,202301,42,0.85
12296,3030090261,202301,82,0.85
12297,3030090262,202301,40,0.85
12298,3030090263,202301,18,0.85
12299,3030090264,202301,32,0.85
12300,3030090265,202301,3,0.85
12301,3030090266,202301,72,0.85
12302,3030090267,202301,95,0.85
12303,3030090268,202301,174,0.85
12304,3030090269,202301,32,0.85
12305,3030090271,202301,80,0.85
12306,3030090272,202301,40,0.85
12307,3030090273,202301,20,0.85
12308,3030090276,202301,20,0.85
12309,3030090277,202301,0,0.85
12310,3030090278,202301,46,0.85
12311,3030090279,202301,249,0.85
12312,3030090280,202301,11,0.85
12313,3030090283,202301,129,0.85
12314,3030090285,202301,110,0.85
12315,3030090286,202301,29,0.85
12316,3030090290,202301,45,0.85
12317,3030090295,202301,22,0.85
12318,3030090300,202301,684,0.85
12319,3030090305,202301,16,0.85
12320,3030090310,202301,38,0.85
12321,3030090315,202301,127,0.85
12322,3030090316,202301,12,0.85
12323,3030090320,202301,4,0.85
12324,3030090321,202301,0,0.85
12325,3030090322,202301,195,0.85
12326,3030090323,202301,20,0.85
12327,3030090328,202301,57,0.85
12328,3030090330,202301,28,0.85
12329,3030090335,202301,20,0.85
12330,3030090340,202301,1,0.85
12331,3030090345,202301,139,0.85
12332,3030090350,202301,104,0.85
12333,3030090355,202301,95,0.85
12334,3030090356,202301,61,0.85
12335,3030090358,202301,8,0.85
12336,3030090360,202301,213,0.85
12337,3030090365,202301,5,0.85
12338,3030090371,202301,83,0.85
12339,3030090375,202301,25,0.85
12340,3030090376,202301,32,0.85
12341,3030090380,202301,15,0.85
12342,3030090385,202301,0,0.85
12343,3030090390,202301,48,0.85
12344,3030090395,202301,189,0.85
12345,3030090400,202301,10,0.85
12346,3030090405,202301,82,0.85
12347,3030090410,202301,95,0.85
12348,3030090415,202301,1486,0.85
12349,3030090423,202301,11,0.85
12350,3030090425,202301,89,0.85
12351,3030090429,202301,25,0.85
12352,3030090430,202301,101,0.85
12353,3030090431,202301,208,0.85
12354,3030090433,202301,271,0.85
12355,3030090434,202301,31,0.85
12356,3030090435,202301,82,0.85
12357,3030090436,202301,34,0.85
12358,3030090437,202301,60,0.85
12359,3030090445,202301,74,0.85
12360,3030090450,202301,24,0.85
12361,3030090451,202301,130,0.85
12362,3030090455,202301,13,0.85
12363,3030090460,202301,10,0.85
12364,3030090462,202301,8,0.85
12365,3030090463,202301,56,0.85
12366,3030090464,202301,22,0.85
12367,3030090465,202301,115,0.85
12368,3030090467,202301,4,0.85
12369,3030090470,202301,223,0.85
12370,3030090475,202301,6,0.85
12371,3030090480,202301,262,0.85
12372,3030090485,202301,61,0.85
12373,3030090492,202301,10,0.85
12374,3030090493,202301,42,0.85
12375,3030090494,202301,20,0.85
12376,3030090495,202301,209,0.85
12377,3030090500,202301,39,0.85
12378,3030090505,202301,14,0.85
12379,3030090510,202301,63,0.85
12380,3030090512,202301,67,0.85
12381,3030090515,202301,23,0.85
12382,3030090520,202301,25,0.85
12383,3030090521,202301,167,0.85
12384,3030090522,202301,26,0.85
12385,3030090524,202301,53,0.85
12386,3030090525,202301,22,0.85
12387,3030090526,202301,11,0.85
12388,3030090527,202301,42,0.85
12389,3030090528,202301,25,0.85
12390,3030090529,202301,100,0.85
12391,3030090530,202301,271,0.85
12392,3030090531,202301,265,0.85
12393,3030090532,202301,24,0.85
12394,3030090534,202301,89,0.85
12395,3030090535,202301,53,0.85
12396,3030090537,202301,26,0.85
12397,3030090538,202301,10,0.85
12398,3030090540,202301,73,0.85
12399,3030090541,202301,0,0.85
12400,3030090545,202301,95,0.85
12401,3030090550,202301,18,0.85
12402,3030090553,202301,101,0.85
12403,3030090554,202301,2,0.85
12404,3030090555,202301,135,0.85
12405,3030090556,202301,66,0.85
12406,3030090558,202301,85,0.85
12407,3030090559,202301,95,0.85
12408,3030090565,202301,58,0.85
12409,3030090570,202301,5,0.85
12410,3030090571,202301,39,0.85
12411,3030090572,202301,57,0.85
12412,3030090575,202301,49,0.85
12413,3030090580,202301,26,0.85
12414,3030090581,202301,10,0.85
12415,3030090585,202301,6566,0.85
12416,3030090595,202301,76,0.85
12417,3030090605,202301,49,0.85
12418,3030090610,202301,28,0.85
12419,3030090615,202301,37,0.85
12420,3030090620,202301,45,0.85
12421,3030090625,202301,33,0.85
12422,3030090630,202301,136,0.85
12423,3030090631,202301,19,0.85
12424,3030090632,202301,50,0.85
12425,3030090633,202301,34,0.85
12426,3030090635,202301,50,0.85
12427,3030090640,202301,32,0.85
12428,3030090641,202301,113,0.85
12429,3030090642,202301,79,0.85
12430,3030090643,202301,25,0.85
12431,3030090644,202301,71,0.85
12432,3030090645,202301,168,0.85
12433,3030090646,202301,21,0.85
12434,3030090648,202301,99,0.85
12435,3030090649,202301,24,0.85
12436,3030090650,202301,62,0.85
12437,3030090651,202301,18,0.85
12438,3030090652,202301,34,0.85
12439,3030090653,202301,49,0.85
12440,3030090654,202301,50,0.85
12441,3030090656,202301,32,0.85
12442,3030090658,202301,96,0.85
12443,3030090659,202301,91,0.85
12444,3030090660,202301,54,0.85
12445,3030090661,202301,61,0.85
12446,3030090662,202301,10,0.85
12447,3030090665,202301,39,0.85
12448,3030090670,202301,132,0.85
12449,3030090671,202301,100,0.85
12450,3030090672,202301,103,0.85
12451,3030090673,202301,62,0.85
12452,3030090674,202301,0,0.85
12453,3030090675,202301,71,0.85
12454,3030090680,202301,24,0.85
12455,3030090683,202301,825,0.85
12456,3030090685,202301,57,0.85
12457,3030090690,202301,222,0.85
12458,3030090693,202301,22,0.85
12459,3030090694,202301,34,0.85
12460,3030090695,202301,58,0.85
12461,3030090700,202301,611,0.85
12462,3030090705,202301,157,0.85
12463,3030090715,202301,6,0.85
12464,3030090720,202301,208,0.85
12465,3030090724,202301,38,0.85
12466,3030090725,202301,53,0.85
12467,3030090726,202301,11,0.85
12468,3030090730,202301,123,0.85
12469,3030090735,202301,284,0.85
12470,3030090740,202301,30,0.85
12471,3030090745,202301,216,0.85
12472,3030090750,202301,44,0.85
12473,3030090755,202301,10,0.85
12474,3030090760,202301,19,0.85
12475,3030090763,202301,47,0.85
12476,3030090764,202301,130,0.85
12477,3030090765,202301,9,0.85
12478,3030090766,202301,20,0.85
12479,3030090767,202301,14,0.85
12480,3030090768,202301,114,0.85
12481,3030090770,202301,51,0.85
12482,3030090771,202301,16,0.85
12483,3030090772,202301,0,0.85
12484,3030090775,202301,10,0.85
12485,3030090780,202301,62,0.85
12486,3030090785,202301,41,0.85
12487,3030090790,202301,9,0.85
12488,3030090793,202301,17,0.85
12489,3030090795,202301,144,0.85
12490,3030090800,202301,101,0.85
12491,3030090804,202301,178,0.85
12492,3030090805,202301,64,0.85
12493,3030090806,202301,29,0.85
12494,3030090810,202301,52,0.85
12495,3030090815,202301,28,0.85
12496,3030090820,202301,151,0.85
12497,3030090825,202301,30,0.85
12498,3030090830,202301,87,0.85
12499,3030090835,202301,106,0.85
12500,3030090840,202301,78,0.85
12501,3030090841,202301,52,0.85
12502,3030090845,202301,25,0.85
12503,3030090850,202301,71,0.85
12504,3030090855,202301,5,0.85
12505,3030090860,202301,10,0.85
12506,3030090865,202301,56,0.85
12507,3030090866,202301,0,0.85
12508,3030090870,202301,73,0.85
12509,3030090873,202301,0,0.85
12510,3030090874,202301,393,0.85
12511,3030090875,202301,200,0.85
12512,3030090880,202301,89,0.85
12513,3030090885,202301,84,0.85
12514,3030090890,202301,122,0.85
12515,3030090895,202301,17,0.85
12516,3030090900,202301,246,0.85
12517,3030090905,202301,112,0.85
12518,3030090910,202301,51,0.85
12519,3030090915,202301,95,0.85
12520,3030090920,202301,3,0.85
12521,3030090925,202301,29,0.85
12522,3030090930,202301,148,0.85
12523,3030090935,202301,89,0.85
12524,3030090940,202301,12,0.85
12525,3030090945,202301,20,0.85
12526,3030090950,202301,22,0.85
12527,3030090955,202301,14,0.85
12528,3030090960,202301,29,0.85
12529,3030090965,202301,18,0.85
12530,3030090970,202301,24,0.85
12531,3030090975,202301,128,0.85
12532,3030090983,202301,76,0.85
12533,3030090986,202301,114,0.85
12534,3030090990,202301,16,0.85
12535,3030090995,202301,62,0.85
12536,3030091000,202301,15,0.85
12537,3030091005,202301,66,0.85
12538,3030091015,202301,40,0.85
12539,3030091020,202301,38,0.85
12540,3030091025,202301,19,0.85
12541,3030091030,202301,32,0.85
12542,3030091035,202301,9,0.85
12543,3030091045,202301,82,0.85
12544,3030091050,202301,33,0.85
12545,3030091055,202301,4,0.85
12546,3030091060,202301,55,0.85
12547,3030091065,202301,195,0.85
12548,3030091070,202301,36,0.85
12549,3030091075,202301,16,0.85
12550,3030091080,202301,0,0.85
12551,3030091085,202301,54,0.85
12552,3030091090,202301,20,0.85
12553,3030091095,202301,112,0.85
12554,3030091105,202301,0,0.85
12555,3030091110,202301,14,0.85
12556,3030091115,202301,0,0.85
12557,3030091120,202301,65,0.85
12558,3030091125,202301,63,0.85
12559,3030091130,202301,23,0.85
12560,3030091135,202301,11,0.85
12561,3030091140,202301,62,0.85
12562,3030091150,202301,7,0.85
12563,3030091155,202301,38,0.85
12564,3030091160,202301,0,0.85
12565,3030091165,202301,46,0.85
12566,3030091170,202301,30,0.85
12567,3030091175,202301,5,0.85
12568,3030091180,202301,29,0.85
12569,3030091185,202301,25,0.85
12570,3030091190,202301,109,0.85
12571,3030091195,202301,93,0.85
12572,3030091200,202301,241,0.85
12573,3030091205,202301,61,0.85
12574,3030091210,202301,23,0.85
12575,3030091215,202301,54,0.85
12576,3030091220,202301,20,0.85
12577,3030091225,202301,45,0.85
12578,3030091230,202301,71,0.85
12579,3030091235,202301,7,0.85
12580,3030091240,202301,3,0.85
12581,3030091245,202301,13,0.85
12582,3030091250,202301,11,0.85
12583,3030091255,202301,7,0.85
12584,3030091256,202301,65,0.85
12585,3030091259,202301,14,0.85
12586,3030091262,202301,14,0.85
12587,3030091264,202301,21,0.85
12588,3030091266,202301,72,0.85
12589,3030091267,202301,58,0.85
12590,3030091268,202301,13,0.85
12591,3030091269,202301,30,0.85
12592,3030091270,202301,570,0.85
12593,3030091271,202301,6,0.85
12594,3030091272,202301,18,0.85
12595,3030091273,202301,123,0.85
12596,3030091274,202301,12,0.85
12597,3030091275,202301,37,0.85
12598,3030091276,202301,60,0.85
12599,3030091277,202301,192,0.85
12600,3030091278,202301,10,0.85
12601,3030091279,202301,53,0.85
12602,3030091280,202301,39,0.85
12603,3030091281,202301,16,0.85
12604,3030091282,202301,111,0.85
12605,3030091283,202301,2,0.85
12606,3030091284,202301,127,0.85
12607,3030091285,202301,52,0.85
12608,3030091286,202301,24,0.85
12609,3030091287,202301,2,0.85
12610,3030091288,202301,32,0.85
12611,3030091289,202301,42,0.85
12612,3030091290,202301,57,0.85
12613,3030091291,202301,235,0.85
12614,3030091292,202301,68,0.85
12615,3030091293,202301,281,0.85
12616,3030091294,202301,52,0.85
12617,3030091295,202301,35,0.85
12618,3030091296,202301,30,0.85
12619,3030091297,202301,0,0.85
12620,3030091298,202301,43,0.85
12621,3030091299,202301,0,0.85
12622,3030091300,202301,32,0.85
12623,3030091301,202301,64,0.85
12624,3030091302,202301,0,0.85
12625,3030091303,202301,29,0.85
12626,3030091304,202301,11,0.85
12627,3030091305,202301,33,0.85
12628,3030091306,202301,39,0.85
12629,3030091307,202301,72,0.85
12630,3030091308,202301,94,0.85
12631,3030091309,202301,18,0.85
12632,3030091310,202301,32,0.85
12633,3030091311,202301,3,0.85
12634,3030091312,202301,26,0.85
12635,3030091313,202301,30,0.85
12636,3030091314,202301,24,0.85
12637,3030091315,202301,16,0.85
12638,3030091316,202301,41,0.85
12639,3030091317,202301,41,0.85
12640,3030091318,202301,51,0.85
12641,3030091319,202301,20,0.85
12642,3030091320,202301,87,0.85
12643,3030091321,202301,65,0.85
12644,3030091322,202301,98,0.85
12645,3030091323,202301,9,0.85
12646,3030091324,202301,40,0.85
12647,3030091325,202301,7,0.85
12648,3030091326,202301,67,0.85
12649,3030091327,202301,116,0.85
12650,3030091328,202301,6,0.85
12651,3030091329,202301,43,0.85
12652,3030091330,202301,39,0.85
12653,3030091331,202301,19,0.85
12654,3030091332,202301,34,0.85
12655,3030091333,202301,34,0.85
12656,3030091334,202301,20,0.85
12657,3030091335,202301,7,0.85
12658,3030091336,202301,46,0.85
12659,3030091337,202301,12,0.85
12660,3030100010,202301,73,0.85
12661,3030100020,202301,24,0.85
12662,3030100025,202301,23,0.85
12663,3030100030,202301,21,0.85
12664,3030100040,202301,31,0.85
12665,3030100050,202301,6,0.85
12666,3030100060,202301,29,0.85
12667,3030100070,202301,27,0.85
12668,3030100080,202301,514,0.85
12669,3030100090,202301,61,0.85
12670,3030100100,202301,22,0.85
12671,3030100105,202301,15,0.85
12672,3030100110,202301,50,0.85
12673,3030100115,202301,0,0.85
12674,3030100120,202301,19,0.85
12675,3030100125,202301,27,0.85
12676,3030100130,202301,22,0.85
12677,3030100135,202301,5,0.85
12678,3030100140,202301,184,0.85
12679,3030100145,202301,116,0.85
12680,3030100150,202301,59,0.85
12681,3030100160,202301,8,0.85
12682,3030100170,202301,9,0.85
12683,3030100175,202301,23,0.85
12684,3030100180,202301,44,0.85
12685,3030100200,202301,47,0.85
12686,3030100205,202301,20,0.85
12687,3030100210,202301,98,0.85
12688,3030100220,202301,35,0.85
12689,3030100230,202301,22,0.85
12690,3030100240,202301,53,0.85
12691,3030100250,202301,69,0.85
12692,3030100260,202301,27,0.85
12693,3030100270,202301,63,0.85
12694,3030100290,202301,32,0.85
12695,3030100300,202301,16,0.85
12696,3030100310,202301,0,0.85
12697,3030100320,202301,45,0.85
12698,3030100330,202301,4,0.85
12699,3030100340,202301,40,0.85
12700,3030100341,202301,172,0.85
12701,3030100343,202301,123,0.85
12702,3030200100,202301,52,0.85
12703,3030200105,202301,18,0.85
12704,3030200110,202301,74,0.85
12705,3030200115,202301,11,0.85
12706,3030200120,202301,19,0.85
12707,3030200125,202301,44,0.85
12708,3030200130,202301,44,0.85
12709,3030200135,202301,15,0.85
12710,3030200140,202301,29,0.85
12711,3030200145,202301,57,0.85
12712,3030200150,202301,56,0.85
12713,3030200155,202301,146,0.85
12714,3030200160,202301,8,0.85
12715,3030200165,202301,21,0.85
12716,3030200170,202301,72,0.85
12717,3030200175,202301,54,0.85
12718,3030200180,202301,187,0.85
12719,3030200185,202301,7,0.85
12720,3030200190,202301,89,0.85
12721,3030200195,202301,40,0.85
12722,3030200200,202301,15,0.85
12723,3030200205,202301,165,0.85
12724,3030200210,202301,31,0.85
12725,3030200215,202301,29,0.85
12726,3030200220,202301,95,0.85
12727,3030200225,202301,141,0.85
12728,3030200230,202301,23,0.85
12729,3030200235,202301,101,0.85
12730,3030200240,202301,16,0.85
12731,3030200245,202301,61,0.85
12732,3030200250,202301,92,0.85
12733,3030200255,202301,43,0.85
12734,3030200260,202301,27,0.85
12735,3030200265,202301,0,0.85
12736,3030200270,202301,1,0.85
12737,3030200275,202301,24,0.85
12738,3030200280,202301,22,0.85
12739,3030200285,202301,31,0.85
12740,3030200295,202301,103,0.85
12741,3030200300,202301,31,0.85
12742,3030200305,202301,0,0.85
12743,3030200310,202301,24,0.85
12744,3030200315,202301,117,0.85
12745,3030200320,202301,99,0.85
12746,3030200325,202301,24,0.85
12747,3030200330,202301,37,0.85
12748,3030200335,202301,63,0.85
12749,3030200340,202301,36,0.85
12750,3030200345,202301,207,0.85
12751,3030200350,202301,9,0.85
12752,3030200355,202301,280,0.85
12753,3030200365,202301,2,0.85
12754,3030200370,202301,70,0.85
12755,3030200375,202301,72,0.85
12756,3030200380,202301,4,0.85
12757,3030200385,202301,15,0.85
12758,3030200390,202301,61,0.85
12759,3030200395,202301,10,0.85
12760,3030200400,202301,19,0.85
12761,3030200405,202301,12,0.85
12762,3030200410,202301,21,0.85
12763,3030200415,202301,104,0.85
12764,3030200420,202301,40,0.85
12765,3030200425,202301,32,0.85
12766,3030200430,202301,16,0.85
12767,3030200435,202301,79,0.85
12768,3030200440,202301,33,0.85
12769,3030200445,202301,16,0.85
12770,3030200450,202301,10,0.85
12771,3030200455,202301,24,0.85
12772,3030200460,202301,15,0.85
12773,3030200465,202301,17,0.85
12774,3030200470,202301,38,0.85
12775,3030200475,202301,13,0.85
12776,3030200480,202301,0,0.85
12777,3030200485,202301,8,0.85
12778,3030200495,202301,19,0.85
12779,3030200500,202301,10,0.85
12780,3030200505,202301,28,0.85
12781,3030200510,202301,40,0.85
12782,3030200515,202301,42,0.85
12783,3030200520,202301,3,0.85
12784,3030200525,202301,0,0.85
12785,3030200530,202301,47,0.85
12786,3030200540,202301,18,0.85
12787,3030200545,202301,4,0.85
12788,3030200550,202301,0,0.85
12789,3030200552,202301,16,0.85
12790,3030200555,202301,66,0.85
12791,3030200556,202301,8,0.85
12792,3030200557,202301,21,0.85
12793,3030200558,202301,23,0.85
12794,3030200559,202301,7,0.85
12795,3030200560,202301,0,0.85
12796,3030200561,202301,24,0.85
12797,3030200562,202301,95,0.85
12798,3030200563,202301,1,0.85
12799,3030200564,202301,23,0.85
12800,3030200565,202301,25,0.85
12801,3030200566,202301,54,0.85
12802,3030200567,202301,13,0.85
12803,3030200568,202301,2,0.85
12804,3030200569,202301,20,0.85
12805,3030200570,202301,0,0.85
12806,3030200571,202301,5,0.85
12807,3030250188,202301,89,0.85
12808,3030260100,202301,27,0.85
12809,3030260105,202301,43,0.85
12810,3030260110,202301,27,0.85
12811,3030260115,202301,8,0.85
12812,3030260120,202301,13,0.85
12813,3030260125,202301,0,0.85
12814,3030260130,202301,8,0.85
12815,3030260135,202301,10,0.85
12816,3030260145,202301,61,0.85
12817,3030260150,202301,9,0.85
12818,3030260155,202301,23,0.85
12819,3030260160,202301,3,0.85
12820,3030260165,202301,1,0.85
12821,3030260170,202301,0,0.85
12822,3030260175,202301,29,0.85
12823,3030260185,202301,38,0.85
12824,3030260190,202301,19,0.85
12825,3030260195,202301,5,0.85
12826,3030260201,202301,646,0.85
12827,3030260202,202301,145,0.85
12828,3030260203,202301,24,0.85
12829,3030260204,202301,36,0.85
12830,3030260205,202301,13,0.85
12831,3030260206,202301,10,0.85
12832,3030320001,202301,12,0.85
12833,3030320002,202301,26,0.85
12834,3030320003,202301,20,0.85
12835,3030320004,202301,8,0.85
12836,3030320005,202301,95,0.85
12837,3030320006,202301,18,0.85
12838,3030320007,202301,0,0.85
12839,3030320008,202301,20,0.85
12840,3030320009,202301,10,0.85
12841,3030320010,202301,21,0.85
12842,3030320011,202301,10,0.85
12843,3030320012,202301,81,0.85
12844,3030320013,202301,9,0.85
12845,3030320014,202301,12,0.85
12846,3030320015,202301,10,0.85
12847,3030320016,202301,36,0.85
12848,3030330156,202301,39,0.85
12849,3030730245,202301,156,0.85
12850,30-3094-0161,202301,25.77,0.85
12851,30-3094-0162,202301,25.77,0.85
12852,30-3094-0163,202301,25.77,0.85
12853,30-3094-0164,202301,25.77,0.85
12854,30-3094-0165,202301,25.77,0.85
12855,30-3094-0166,202301,25.77,0.85
12856,30-3094-0167,202301,25.77,0.85
12857,30-3094-0168,202301,25.77,0.85
12858,30-3094-0169,202301,25.77,0.85
12859,30-3094-0170,202301,25.77,0.85
12860,30-3094-0171,202301,25.77,0.85
12861,30-3094-0172,202301,25.77,0.85
12862,30-3094-0173,202301,25.77,0.85
12863,30-3094-0174,202301,25.77,0.85
12864,30-3094-0175,202301,25.77,0.85
12865,30-3094-0177,202301,25.77,0.85
12866,30-3094-0178,202301,25.77,0.85
12867,30-3094-0179,202301,25.77,0.85
12868,30-3094-0180,202301,25.77,0.85
12869,30-3094-0181,202301,25.77,0.85
12870,30-3094-0182,202301,25.77,0.85
12871,30-3094-0183,202301,25.77,0.85
12872,30-3096-0172,202301,10.15,0.85
12873,30-3096-0174,202301,10.15,0.85
12874,30-3096-0175,202301,10.15,0.85
12875,30-3096-0176,202301,10.15,0.85
12876,30-3096-0177,202301,10.15,0.85
12877,30-3096-0178,202301,10.15,0.85
12878,30-3096-0179,202301,10.15,0.85
12879,30-3096-0180,202301,10.15,0.85
12880,30-3096-0181,202301,10.15,0.85
12881,30-3096-0182,202301,10.15,0.85
12882,30-3096-0183,202301,10.15,0.85
12883,30-3096-0184,202301,10.15,0.85
12884,30-3096-0185,202301,10.15,0.85
12885,3030081317,202301,87,0.85
12886,3030091338,202301,39,0.85
12887,3030091340,202301,165,0.85
12888,3030091339,202301,498,0.85
12889,3030091341,202301,24,0.85
12890,3030090655,202301,82,0.85
12891,3030200360,202301,0,0.85
12892,3030200577,202301,12,0.85
12893,3030730309,202301,37,0.85
12894,3030091343,202301,31,0.85
12895,3030091350,202301,16,0.85
12896,3030091349,202301,107,0.85
12897,3030091353,202301,110,0.85
12898,3030091351,202301,103,0.85
12899,3030091342,202301,21,0.85
12900,3030091344,202301,2,0.85
12901,3030091347,202301,109,0.85
12902,3030091345,202301,0,0.85
12903,3030091348,202301,0,0.85
12904,3030091346,202301,24,0.85
12905,3030091352,202301,73,0.85
12906,3030200578,202301,17,0.85
12907,3030200581,202301,3,0.85
12908,3030200579,202301,9,0.85
12909,3030200582,202301,0,0.85
12910,3030200580,202301,9,0.85
12911,3030200290,202301,0,0.85
12912,3030260207,202301,33,0.85
12913,3030081336,202301,10,0.85
12914,3030100344,202301,13,0.85
12915,2020720654,202301,690,0.85
12916,2020720655,202301,1380,0.85
12917,2020720648,202301,0,0.85
