Count,Customer ID,Customer Name,Customer Type,Service Voltage,Phase
1,1010071788,"MICMIC, ALCHER B.",RES2,240,1
2,2020010007,D P W H 2ND LEYTE ENG'G DIST.,PB,240,1
3,2020010010,"JACELA, FEDERICO",RES4,240,1
4,2020010020,"PRECIA, VILMA GRABADOR",RES2,240,1
5,2020010029,"LLOSE, FERNANDO",RES3,240,1
6,2020010030,"SALVACION, ERLINDA/CEMETERY",PB,240,1
7,2020010040,"BACATANO, ISAIAS",RES1,240,1
8,2020010045,"FALGUERA, BERNARDO",RES2,240,1
9,2020010046,"BACATANO, GINA",RES1,240,1
10,2020010050,"FLORENDO, ISABELO",RES3,240,1
11,2020010060,"BACATANO, POLICARPO",RES1,240,1
12,2020010066,"SENECA, ARTEMIO M.                      ",PB,240,1
13,2020010070,"AGUILAR, LINO",RES4,240,1
14,2020010073,"AGUILAR, ANTONIO",RES1,240,1
15,2020010080,"ARINTOK, VIOLETA",RES1,240,1
16,2020010086,"ARINTOK, EDITHA",RES3,240,1
17,2020010090,"QUINTANA, JOSEPH",RES1,240,1
18,2020010100,"NIVAL, FELICITAS",RES2,240,1
19,2020010105,"CABELTIS, LORNA B.",RES3,240,1
20,2020010115,"BACAIO, SUSANA B.",RES2,240,1
21,2020010120,"LLOSE, MILAGROS",RES4,240,1
22,2020010125,"GRABADOR, MANUEL",RES2,240,1
23,2020010126,"BOYO, LEOPOLDO JR.",RES2,240,1
24,2020010130,"GRABADOR, JOSEPH M.",RES3,240,1
25,2020010132,"RECILLA, SUSAN",RES4,240,1
26,2020010133,"GRABADOR, PRESCILA",RES2,240,1
27,2020010140,"OLEDAN, FE",RES1,240,1
28,2020010145,"CABORNIDA, MARLON",RES1,240,1
29,2020010150,"RECILLA, FE",RES3,240,1
30,2020010160,"NEGADO, TRINIDAD",RES3,240,1
31,2020010170,"AGUNOS, GREGORIA",RES1,240,1
32,2020010171,"DOLLETE, NENITA",RES4,240,1
33,2020010175,"OLEDAN, ELISA B./JONATHAN",RES1,240,1
34,2020010180,"HIDALGO, GREGORIA",RES2,240,1
35,2020010185,"HIDALGO, AGAPITO O. JR.",RES4,240,1
36,2020010195,"RAMOS, EDICZAR",RES3,240,1
37,2020010210,"INABANGAN, VISITACION",RES4,240,1
38,2020010215,"FALLORE, FELISA V.",RES1,240,1
39,2020010220,"INABANGAN, CECELIA",RES3,240,1
40,2020010221,"BRILATA, ERLINDA",RES1,240,1
41,2020010235,"OBEJERA, CARMEN L.",RES2,240,1
42,2020010240,"PALMES, PACITA",RES4,240,1
43,2020010245,"BARDELOSA, LEAH E.",RES4,240,1
44,2020010250,"BARDELOSA, ELPIDIO",RES2,240,1
45,2020010255,"ILAD, MYRNA",RES4,240,1
46,2020010260,"INABANGAN, ANACORITA",RES3,240,1
47,2020010270,"RIEL, ADELINA N.",RES3,240,1
48,2020010275,"ENOSARIO, MARIBEL",RES2,240,1
49,2020010280,"ARUTA, CYNTHIA",RES3,240,1
50,2020010283,"CONTAPAY, MARVIN",RES3,240,1
51,2020010290,"RIEL, FRANCISCO",RES1,240,1
52,2020010295,"RIEL, CONRADO, JR.",RES3,240,1
53,2020010296,"NARTEA, CHARLIE",RES4,240,1
54,2020010300,"RIEL, CASTULO",RES4,240,1
55,2020010310,"SANGRANO, CONCHITA",RES2,240,1
56,2020010315,"CABELLO, MA. EDITHA",RES3,240,1
57,2020010320,"CANABE, DOMINGO",RES3,240,1
58,2020010321,"BALDESCO, LEO",RES1,240,1
59,2020010325,"ESQUIBEL, RENE A./CARMEN VIOLETA",RES3,240,1
60,2020010330,"RA?IN, TEODORO",RES4,240,1
61,2020010340,"LIPORADA, GERONIMO C.",RES2,240,1
62,2020010350,"TALUA, TEODORICO",RES1,240,1
63,2020010360,"BASALLAJE, ELEUTERIA",RES4,240,1
64,2020010366,"INDITA, ESTRELLO",RES3,240,1
65,2020010368,"PRADA, PRUDENCIA",RES1,240,1
66,2020010375,"GAW, CORA",RES4,240,1
67,2020010380,"ILAD, NAZARIO",RES4,240,1
68,2020010385,"NICDAO, EVANGELINE G.",RES1,240,1
69,2020010390,"LLOREN, VICENTE",RES4,240,1
70,2020010395,"DIGMAN, EFREN B.",RES2,240,1
71,2020010400,"RA?IN, EUFROCINO",RES3,240,1
72,2020010405,"FLORES, CRISELDA R.",RES1,240,1
73,2020010410,"SALVACION, MARCELINA",RES3,240,1
74,2020010415,"PERIÑA, ELIZABETH P.",RES1,240,1
75,2020010420,"TABADA, ANGELA R.",RES4,240,1
76,2020010425,"PASACAO, LIZA B.",RES1,240,1
77,2020010430,"DE GUZMAN, LUCIANO",RES4,240,1
78,2020010435,"BORRICO, MERCIDITA C.",RES1,240,1
79,2020010440,"CAMPOSANO, TESSIE",RES3,240,1
80,2020010447,"HIDALGO, PAULITO",RES2,240,1
81,2020010450,"FLORENDO, LUZ",RES1,240,1
82,2020010455,"ARMSTRONG, ROLANDO",RES4,240,1
83,2020010460,"RA?IN, JOSE",RES1,240,1
84,2020010465,"GRABADOR, CESARIO A.",RES2,240,1
85,2020010470,"NEGADO, ROMEO",RES4,240,1
86,2020010473,"CAMPOSANO, CRISTINA",RES4,240,1
87,2020010480,"NEGADO, ELEUTROFO",RES4,240,1
88,2020010485,"HORCA, BEN",RES3,240,1
89,2020010490,"PETALLANA, INEGO",RES1,240,1
90,2020010495,"DELA CERNA, RYAN S.",RES1,240,1
91,2020010500,"CASELA, ARTEMIO",RES1,240,1
92,2020010505,"BACTOL, MARIA ESTRELLA P.",RES1,240,1
93,2020010510,"BRAZIL, RAMON",RES4,240,1
94,2020010515,"ALVAREZ, MARECIL C.",RES3,240,1
95,2020010525,"LAGERA, ADELINA",RES1,240,1
96,2020010526,"ECHAVARRIA, GUILBERT",RES1,240,1
97,2020010532,"BRAZIL, ERNIE",RES1,240,1
98,2020010535,"VIOJAN, ALMA",RES4,240,1
99,2020010536,"ABARCA, BIENVINIDA",RES4,240,1
100,2020010537,"ECHAVARRIA, HONORIO",RES1,240,1
101,2020010538,"HORCA, EMELITA",RES1,240,1
102,2020010540,"ECHEVARRIA, GREGORIO",RES1,240,1
103,2020010541,"PETALLANA, PETRONILA",RES1,240,1
104,2020010545,"PETALLANA, VICTOR",RES4,240,1
105,2020010550,"TABADA, NARCISO",RES4,240,1
106,2020010560,"ANOBA, AURORA",RES2,240,1
107,2020010565,"AGUT, CESAR JR. R.",RES1,240,1
108,2020010570,"TABADA, PRAXEDES",RES1,240,1
109,2020010572,"TABADA, GERARDO",RES1,240,1
110,2020010575,"INSEGNE, CARMELITA",RES1,240,1
111,2020010580,"TARREGA, PURIFICACION",RES4,240,1
112,2020010585,"JIMENEZ, JOSE",RES1,240,1
113,2020010586,"RECIPROCO, JOY IAZMIN",RES4,240,1
114,2020010590,"GOLIAT, JOSEFINA",COM1,240,1
115,2020010595,"LOGRONIO, VIOLETA",RES1,240,1
116,2020010600,"AGUILAR, GONZALO",RES3,240,1
117,2020010605,"DACUMA, MA. BELEN N.",RES1,240,1
118,2020010610,"NAZARETA, FELOTEO",RES3,240,1
119,2020010615,"ASPA, WILLIAM P.",RES1,240,1
120,2020010620,"CANABE, WILFREDO",RES3,240,1
121,2020010625,"PARABOLES, MONICA I.",RES1,240,1
122,2020010630,"BAGRO, LUMINOSA",RES3,240,1
123,2020010640,"MABINI ELEM. SCHOOL/BARDIAGO, F.",PB,240,1
124,2020010645,"TABADA, JOHN JESTON B.",RES1,240,1
125,2020010650,"INDINA, CESAR R.",RES2,240,1
126,2020010665,"CAÑAMAQUE, NOEL G.",RES2,240,1
127,2020010666,"RA?IN, NOEL",RES3,240,1
128,2020010670,"DACALLOS, JESUS",RES4,240,1
129,2020010674,CARIGARA NATIONAL HIGH SCHOOL,PB,240,1
130,2020010675,"ASIS, DANILO",RES2,240,1
131,2020010676,"DONZAL, LIZA",RES2,240,1
132,2020010680,"CAPALAR, CAMILIA C.",RES4,240,1
133,2020010685,BRGY. HALL C/O BRGY. CAPTAIN,PB,240,1
134,2020010690,"BORGUETA, BERNABELA N.",RES2,240,1
135,2020010695,"DE LA PENA, ROSA",RES2,240,1
136,2020010696,"DE LA PE?A, PAULO",RES1,240,1
137,2020010698,"QUINTELA, RODOLFO",RES1,240,1
138,2020010700,"MISAGAL, ROGELIO",RES3,240,1
139,2020010705,"ABARCA, ARTURO P.",RES3,240,1
140,2020010710,"OLEDAN, CAYO",RES2,240,1
141,2020010715,"BALDONADO, MANUELITO L.",RES1,240,1
142,2020010720,"BABILONA, GERTRUDES",RES3,240,1
143,2020010730,"CALANDRIA, PABLITO",RES4,240,1
144,2020010732,"ALMOCERA, FRANCISCO",RES1,240,1
145,2020010735,"SALBURO, EDEN",RES3,240,1
146,2020010740,"LUCERNAS, LYDIA",RES4,240,1
147,2020010745,"ARANTE, PROTACIO",RES1,240,1
148,2020010750,"ENFECTANA, ALFREDO",RES2,240,1
149,2020010755,BRGY HALL C/O BRGY CHAIRMAN,PB,240,1
150,2020010765,"JAVINES, EUFRACIO",RES4,240,1
151,2020010770,"BUTALID, FLORDELIS J.",RES2,240,1
152,2020010776,"SORIANO, HERMINIGILDO",RES4,240,1
153,2020010780,"NEW TOWN KITCHEN/CANAMAQUE, LUISA",RES1,240,1
154,2020010785,"CA?AMAQUE, HERMENEGILDO",RES1,240,1
155,2020010793,"OBAOB, NORBERTO",RES2,240,1
156,2020010795,"DEDIL, ROLANDO V",RES4,240,1
157,2020010810,"BABILONA, ROBERTO",RES1,240,1
158,2020010820,"CA?AMAQUE, EPIFANIO",RES4,240,1
159,2020010830,"DE LA PENA, BALDOMERO",RES3,240,1
160,2020010834,"CANAMAQUE, DIEGO S./LEONIDA",RES1,240,1
161,2020010840,"TOLOSA, ALFREDO",RES1,240,1
162,2020010845,"GUIA, NOEL N.",RES1,240,1
163,2020010850,"BACONG, ILUMINADO",RES1,240,1
164,2020010860,"PORTUGAL, FRANCISCA",RES1,240,1
165,2020010865,"BUSANTE, MARY FAITH",RES4,240,1
166,2020010870,"SONON, MARIANO",RES2,240,1
167,2020010875,"MONDAL, EDUARDO R.",RES2,240,1
168,2020010880,"TAMACA, AGUSTIN",RES2,240,1
169,2020010890,"SONON, ROMEO",RES2,240,1
170,2020010895,"GARATA, FLORO S.",RES1,240,1
171,2020010911,"NOCHE, AURORA",RES1,240,1
172,2020010914,"ARMOCILLA, DOMINGO",RES1,240,1
173,2020010915,"BASEA, DIEGO",RES1,240,1
174,2020010920,"SAN MATEO CHAPEL/CANAMAQUE, E.",PB,240,1
175,2020010925,"SAMORANOS, EUGENIA",RES1,240,1
176,2020010926,"CA?AMAQUE, CORAZON",RES2,240,1
177,2020010930,"ABLIHAN, PETRONILO",RES2,240,1
178,2020010940,"BASEA, HERCULANO",RES4,240,1
179,2020010945,"SALVACION, EMMA J.",RES1,240,1
180,2020010950,"NALDA, ROMAN",RES4,240,1
181,2020010955,"MOLO, CYREL CARL JAVINES/TEMP. LIGHTING BUNKHOUSE",RES1,240,1
182,2020010960,"URMENETA, TRIPOLO",RES1,240,1
183,2020010970,"PRADA, ALFREDO",RES2,240,1
184,2020010975,"BACARISAS, IRENE/DIEGO",RES3,240,1
185,2020010980,"PROFETANA, PEDRO",RES4,240,1
186,2020010990,"DELVO, PABLO",RES1,240,1
187,2020010995,"CANAMAQUE, LOLITA B.",RES1,240,1
188,2020011001,"BACTOL, DOLORES L.",RES1,240,1
189,2020011010,"BACARISAS, BERNABE",RES1,240,1
190,2020011015,"ABALLAR, SATURNINA",RES3,240,1
191,2020011040,"INABANGAN, CANOTO",RES2,240,1
192,2020011045,"INALISAN, ALBERTO JR. E.",RES1,240,1
193,2020011050,"PROFETANA, ANASTACIO",RES2,240,1
194,2020011055,"SORIANO, ALMA F.",RES1,240,1
195,2020011060,"ORIOQUE, PABLO",RES1,240,1
196,2020011085,"JAVINES, AMY F.",RES1,240,1
197,2020011088,"MANICANI, ROSALINA D.",RES1,240,1
198,2020011090,"ALMOCERA, GREGORIO",RES2,240,1
199,2020011092,"OLEDAN, DANILO",RES1,240,1
200,2020011093,"FLORES, ROSALEA",RES1,240,1
201,2020011095,"ALVARES, EVELYN",RES1,240,1
202,2020011096,"ROYO, PEDRO",RES4,240,1
203,2020011098,"PILANDE, FELIX",RES1,240,1
204,2020011099,"LABARE?O, WENELITO",RES2,240,1
205,2020011100,"FLORES, SUSANA",RES3,240,1
206,2020011101,"BORRICO, ELVIE",RES2,240,1
207,2020011105,"GOLEZ, FROILAN",RES2,240,1
208,2020011107,"FERNANDEZ, GAUDENCIO",RES4,240,1
209,2020011108,"BARCO, CARLITA",RES3,240,1
210,2020011109,"BORRICO, ROLLY",RES1,240,1
211,2020011110,"PERIDA, JOSE",RES1,240,1
212,2020011111,"BACTOL, CARLITO",RES2,240,1
213,2020011112,"ABAIANZA, JOSE",RES1,240,1
214,2020011114,"BAYANI, EDUARDO",RES1,240,1
215,2020011115,"LOYOLA, SANDY",RES1,240,1
216,2020011117,"TANCINCO, EDGAR",RES1,240,1
217,2020011120,"ALECHA, PEDRO",RES1,240,1
218,2020011123,"CANTIVEROS, ERLINDA",RES1,240,1
219,2020011124,"GARRATA, ROMULO",RES2,240,1
220,2020011125,"TRANI, CHARLYN",RES1,240,1
221,2020011126,"GABON, WENEFREDA",RES1,240,1
222,2020011135,"PORE, JUDE MARINO T.",RES2,240,1
223,2020011145,"DERUPE, MA. FIONA A.",RES2,240,1
224,2020011150,"AGUILAR, LOLITA",RES4,240,1
225,2020011160,"OLEDAN, NORMITA",RES1,240,1
226,2020011163,"GAJARDO, REYNALDO",RES3,240,1
227,2020011164,"DE LA PE?A, DOMINGO",RES1,240,1
228,2020011165,"GAJARDO, WILFREDO",RES2,240,1
229,2020011166,"NALDA, SAMSON",RES3,240,1
230,2020011170,"DIGMAN, ALEJANDRA",RES4,240,1
231,2020011175,"CANESO, ANTONETH F.",RES1,240,1
232,2020011180,"DELVO, ANTONIO",RES1,240,1
233,2020011185,"GAJARDO, TERESITA F.",RES1,240,1
234,2020011190,"CA?AMAQUE, SUSANO",RES1,240,1
235,2020011195,"DELA PENA, CHARING B.",RES1,240,1
236,2020011200,"CA?AMAQUE, LUCIA",RES1,240,1
237,2020011205,"FABI, ELAINE V.",RES4,240,1
238,2020011210,"CA?AMAQUE, JUAN",RES2,240,1
239,2020011220,"CA?AMAQUE, DOMINADOR",RES3,240,1
240,2020011230,"CA?AMAQUE, ANTONIO",RES1,240,1
241,2020011235,"CULAR, NANCY MARIE L.",RES1,240,1
242,2020011240,"CA?AMAQUE, EDUARDO",RES4,240,1
243,2020011245,"OLEDAN, ROBIN B.",RES1,240,1
244,2020011250,"ALECHA, SAMUEL",RES3,240,1
245,2020011255,"DIGMAN, PRUDENCIO O.",COM1,240,1
246,2020011260,"OLEDAN, GUILLERMO",RES1,240,1
247,2020011265,"CANDAZA, HARIZONA N.",RES3,240,1
248,2020011270,"DELVO, ADELFA",RES1,240,1
249,2020011271,"PRECIA, MA. LEOVA",RES2,240,1
250,2020011272,"CA?AMAGUE, BEATRIZ",RES2,240,1
251,2020011275,"DAYOJA, FEDERICO",RES1,240,1
252,2020011276,"INDINA, TREFONA",RES3,240,1
253,2020011280,"LIGUTAN, IRENE",RES2,240,1
254,2020011281,"CANAMAQUE, ANA MARIE N.",RES2,240,1
255,2020011283,"PIAMONTE, REBECCA",RES1,240,1
256,2020011284,"MAKABENTA, DANILO",RES4,240,1
257,2020011285,"TADIFA, ZENAIDA",RES2,240,1
258,2020011286,"CANDAZA, SUSANA",RES1,240,1
259,2020011287,"INDENA, ROMEO",RES1,240,1
260,2020011288,"CA?AMAQUE, DANIEL",RES2,240,1
261,2020011289,"LIGUTAN, KATHELYN G.",RES4,240,1
262,2020011290,"BACTOL, DOLORES",RES3,240,1
263,2020011295,"TAMACA, CRISANTO",RES3,240,1
264,2020011300,"RAAGAS, CLAUDIA",RES3,240,1
265,2020011310,"MULTI PURPOSE PAVEMENT/SONON, ROMEO",PB,240,1
266,2020011325,"GEMENO, ROBERTO",RES1,240,1
267,2020011330,"PRADA, MANUEL",RES2,240,1
268,2020011335,"RAAGAS, PETRA",RES1,240,1
269,2020011340,"DAYOLA, ESTANISLAO",RES2,240,1
270,2020011350,"FALLORE, VIVENCIO",RES1,240,1
271,2020011351,"DE LA PE?A, LEONORA",RES1,240,1
272,2020011352,"LAYAGUE, FELIPE SR.",RES1,240,1
273,2020011353,"BILLONES, AILEEN",RES1,240,1
274,2020011354,"PRECIA, NORIEL",RES3,240,1
275,2020011355,"BILLONES, RODOLFO B.",RES1,240,1
276,2020011360,"CANDAZA, ADELAIDA",RES2,240,1
277,2020011363,"YOBIA, VICENTE",RES1,240,1
278,2020011364,"SIA, EDITHA",RES2,240,1
279,2020011365,"RAAGAS, FRANCISCO",RES1,240,1
280,2020011366,"OLEDAN, ROWENA",RES3,240,1
281,2020011367,"VARGAS, DARIO",RES1,240,1
282,2020011368,"PAESTE, JENNIFER",RES1,240,1
283,2020011369,"DACUMA, SOFIA",RES1,240,1
284,2020011370,"GRABOL, GREGORIO",RES1,240,1
285,2020011383,"ALOB, ALLAN",RES2,240,1
286,2020011385,"TAMACA, RICARDO",RES2,240,1
287,2020011386,"CABELIN, PAULINA",RES1,240,1
288,2020011390,"LAYAGE, MARIA",RES2,240,1
289,2020011391,"BASALLAJE, MYRNA",RES1,240,1
290,2020011395,"OLEDAN, EDWIN",RES4,240,1
291,2020011400,"ABARCA, VICTORIO JR.",RES1,240,1
292,2020011410,"CARLOS, RAUL O.",RES1,240,1
293,2020011415,"RICACHO, SUSANO",RES4,240,1
294,2020011420,"CADIENTE, LUCIANA",RES1,240,1
295,2020011425,"Mendoza, Maribeth C",RES1,240,1
296,2020011430,"LUMBAT, EMMA",RES3,240,1
297,2020011435,"ABORCA, RANILO R.",RES1,240,1
298,2020011445,"VILLAMOR, MARY ROSE B.",RES1,240,1
299,2020011450,"PRADA, DOMINADOR",RES1,240,1
300,2020011460,"OLEDAN, CLEMENTE",RES2,240,1
301,2020011465,"CARLOS, ROWENA C.",RES1,240,1
302,2020011470,"BARCOMA, VICTORINO",RES2,240,1
303,2020011480,"INSIGNE, FAUSTINO JR.",RES1,240,1
304,2020011490,"INSIGNE, FAUSTINO SR.",RES1,240,1
305,2020011495,"BACATANO, GINA D.",RES2,240,1
306,2020011500,"CANDAZA, ILUMINADA",RES2,240,1
307,2020011505,"ARIZO, RUBY",RES2,240,1
308,2020011506,"ORIOQUE, ARNULFO",RES2,240,1
309,2020011510,"DAYOJA, FE",RES1,240,1
310,2020011515,"LABARDA, PURIFICACION",RES2,240,1
311,2020011516,"LABARDA, RAUL",RES3,240,1
312,2020011520,"LABARDA, TERESITA",RES1,240,1
313,2020011525,"SABALBERINO, VIRGINIA B.",RES1,240,1
314,2020011530,"LABARDA, TEMOTEO",RES2,240,1
315,2020011540,"LANO, ADELAIDA",RES2,240,1
316,2020011550,"BASEA, ERNESTO F.",RES1,240,1
317,2020011555,"REYES, ARMELIA B.",RES1,240,1
318,2020011560,"JACELDO, IRENE",RES1,240,1
319,2020011575,"SHROFF, EMERITA C/O VIRAY, JUDITH",RES4,240,1
320,2020011585,"LIPORADA, SERVANDO",RES3,240,1
321,2020011590,"LAYZON, MARCELINA L.",RES1,240,1
322,2020011591,"LAYSON, MARCELINA L.",RES1,240,1
323,2020011595,"VILBAR, GARY EMMANUEL",RES1,240,1
324,2020011600,"OLEDAN, RODOLFO",RES1,240,1
325,2020011605,"OPETINA, LYNETTE N.",RES1,240,1
326,2020011610,"CAALIM, FLORENCIO",RES4,240,1
327,2020011615,"GRANA, ERLINDA V.",RES3,240,1
328,2020011620,"CA?AMALES, ALEJANDRO",RES1,240,1
329,2020011630,"AGUT, DOMINGO",COM1,240,1
330,2020011635,"TABADA, ROLY C.",RES1,240,1
331,2020011640,"AGUT, AMELINA",RES1,240,1
332,2020011645,"ABAINZA, LEONORA A.",RES2,240,1
333,2020011670,"DOROJA, LILIA",RES3,240,1
334,2020011680,"VILLAS, VIRGINIA",RES3,240,1
335,2020011700,"DUMLAO, SIMEON",RES1,240,1
336,2020011710,"PRADA, CORAZON A.",RES3,240,1
337,2020011715,"MONTESCLAROS, MANUEL JR.",COM1,240,1
338,2020011720,"DR. PAMI, GERARDO",RES4,240,1
339,2020011721,"ARCHES, OSCAR B.",RES1,240,1
340,2020011722,"PAMI, GERARDO",RES4,240,1
341,2020011725,"ROCHA, JOSEFINA",RES4,240,1
342,2020011726,"ABARCA, MARIA",RES3,240,1
343,2020011727,"BASILAN, TEODORO",RES1,240,1
344,2020011728,"ROGERO, ROSITA",RES3,240,1
345,2020011729,"SORIANO, MIGUEL",RES1,240,1
346,2020011730,"MALASABAS, CONCORDIA",RES2,240,1
347,2020011731,"MONTESCLAROS, MANUEL JR.",COM1,240,1
348,2020011735,"LIGUTAN, ANECIA",RES3,240,1
349,2020011750,"CA?AMAQUE, ADOLFO",RES4,240,1
350,2020011760,"DIGMAN, PACITA",RES4,240,1
351,2020011770,"ATTY. OLEDAN, VIRGINIO",RES2,240,1
352,2020011775,"BASILAN, MYRNA",RES3,240,1
353,2020011780,"PARENA, PATROCENIA",RES4,240,1
354,2020011795,"BACALTOS, TERESITO",RES4,240,1
355,2020011811,"BACALTOS, TERESITO",RES2,240,1
356,2020011812,"LAYAGUE, DANIEL",RES1,240,1
357,2020011815,"ALOLO, ANTONIO",COM1,240,1
358,2020011816,"RONO, PETER",RES1,240,1
359,2020011820,"ROYO, FELIX",RES1,240,1
360,2020011850,"LABARDA, AGAPITO",RES2,240,1
361,2020011851,"TONOLETE, ASUNCION RHODORA",RES3,240,1
362,2020011860,"VILLABLANCA, SALITA",RES1,240,1
363,2020011865,"JAVINES, RICARDITO",RES4,240,1
364,2020011870,"JAVINES, FELINO",RES4,240,1
365,2020011875,"LABARDA, MARIA",RES3,240,1
366,2020011880,"QUINTELA, RICARDA",RES2,240,1
367,2020011881,"LLOSE, SAMUEL",RES4,240,1
368,2020011882,"PORRAL, ADELFA",RES4,240,1
369,2020011885,"BRAZIL, ALFREDO JR.",RES3,240,1
370,2020011890,"QUINTELA, ALEJANDRO",RES1,240,1
371,2020011900,"GUNABE, CARIDAD",RES1,240,1
372,2020011910,"DE LA PENA, LEOPOLDO",RES1,240,1
373,2020011920,"BORQUETA, ESPERANZA",RES2,240,1
374,2020011925,"BORQUETA, ESPERANZA",RES1,240,1
375,2020011930,"ABARCA, VICTORIO SR.",COM1,240,1
376,2020011940,"MENDOZA, JULIAN",RES4,240,1
377,2020011950,"LLOSE, SAMUEL",RES4,240,1
378,2020011960,"AGUILAR, EUSEBIO",RES2,240,1
379,2020011970,"HERNANDO, PEDRO",RES1,240,1
380,2020011976,"SUELA, ROSALIE A.",RES2,240,1
381,2020011980,"QUEBEC, ADELAIDA",RES3,240,1
382,2020011985,"ABAINZA, RAYMUND IAN A.",RES1,240,1
383,2020011990,"GAJARDO, BENJAMIN",RES4,240,1
384,2020011995,"MABONAY, HELEN",RES3,240,1
385,2020012005,"CALING, ELDEFONSO",RES1,240,1
386,2020012006,"DONZAL, PAULINO",RES1,240,1
387,2020012007,"DONZAL, NICOLAS",RES4,240,1
388,2020012008,"ABAINZA, PORFERIO",RES1,240,1
389,2020012015,"DONZAL, AMY",RES3,240,1
390,2020012020,"DONZAL, BENJAMIN",RES4,240,1
391,2020012021,"BARDELOSA, IMELDA",RES3,240,1
392,2020012040,"BARDELOSA, ANGELES",RES4,240,1
393,2020012042,"GOLEZ, SOCORRO",RES1,240,1
394,2020012045,"LANDRITO, PONCIANO",RES2,240,1
395,2020012050,"ROYO, PABLO",RES2,240,1
396,2020012052,"TABORADA, LORETA",RES2,240,1
397,2020012053,"SA?O, DELIA",RES1,240,1
398,2020012054,"ROYO, PABLO JR.",RES3,240,1
399,2020012057,"ROTAIRO, DOMINADOR",RES3,240,1
400,2020012058,"BAYANI, FELOMINO",RES1,240,1
401,2020012059,"SAPIOT, MARITES",RES1,240,1
402,2020012060,"ABORCA, DANILO",RES1,240,1
403,2020012061,"BARDELOSA, ERVIN",RES2,240,1
404,2020012062,"YUTRAGO, JOY",RES1,240,1
405,2020012065,"BARDELOSA, ARNULFO",RES3,240,1
406,2020012080,"ALVAREZ, JAIME",RES3,240,1
407,2020012083,"SINGAPAN, CONCHITA",RES1,240,1
408,2020012100,"CODERA, GREGORIA",RES2,240,1
409,2020012102,"ABAINZA, EDWIN",RES2,240,1
410,2020012105,"LOSADA, MARCELINO",RES2,240,1
411,2020012110,"SORIANO, TIRZO",RES4,240,1
412,2020012135,"JORGE, BUENAFE",RES2,240,1
413,2020012141,"VALDEZ, MARITA",RES3,240,1
414,2020012145,"PETALLANA, OSCAR",RES2,240,1
415,2020012150,"GIBAN, ANITA",RES3,240,1
416,2020012160,"AVESTRUZ, REMEGIO",RES4,240,1
417,2020012175,"NARISMA, ALBERTA",RES1,240,1
418,2020012190,"MENDOZA, ALBERTO",RES1,240,1
419,2020012205,"BACARISAS, TITO",RES4,240,1
420,2020012220,"NARIDO, MARIA",RES4,240,1
421,2020012230,"AGUIRRE, CLEOFE",RES4,240,1
422,2020012240,"FABI, ERLINDA",RES4,240,1
423,2020012243,"LLOSE, ROSILI",RES1,240,1
424,2020012245,"LAYZON, JUN",RES4,240,1
425,2020012246,ST. FRANCIS OF ASSISI/CONVENT,PB,240,1
426,2020012260,"HERNANDEZ, ESTELA",RES4,240,1
427,2020012270,ST. FRANCIS OF ASSISI /CHURCH,PB,240,1
428,2020012280,"LARRAGA, GREGORIO",RES2,240,1
429,2020012281,"ALVAREZ, MARY JOY",RES1,240,1
430,2020012282,"SASALO, LEONIDES",RES4,240,1
431,2020012285,"BORQUETA, MILAGROS G.",RES1,240,1
432,2020012303,"OBISCORO, JULIA B.",RES1,240,1
433,2020012305,"LUMEN, TERESITA F.",RES1,240,1
434,2020012310,"LAYAGUE, AGAPITO D.",RES1,240,1
435,2020012311,"PRECIA, REBECCA E.",RES1,240,1
436,2020012315,"BACONG, JASMIN BASALLAJE",RES1,240,1
437,2020012316,"IDLISAN, CERELINO CALSA",RES2,240,1
438,2020012317,"IBAÑEZ, LUCILA GARGANERA",RES1,240,1
439,2020012319,"BACATANO, EMELIA DAGANASOL",RES1,240,1
440,2020012320,"ACEBO, ANGELI ABARCA",RES1,240,1
441,2020012322,"TABADA, VIOLETA OBANIL",RES2,240,1
442,2020012323,"JAVINES, RICARDITO",RES1,240,1
443,2020012324,"CAÑAMAQUE, GLEEN NAAGAS",RES3,240,1
444,2020012325,"SORIANO, DENNIS MAKABENTA",RES1,240,1
445,2020012326,"TAMACA, JAKE L",RES1,240,1
446,2020012328,"LAGERA, JUDITH E",RES3,240,1
447,2020012329,"ILAD, NAZARIO A/ CEMETERY",COM1,240,1
448,2020012333,"OSMEÑA, TERESITA MATERNITY CLINIC",COM3,240,1
449,2020012334,"GRABOL, KRISHNA LIGUTAN",RES1,240,1
450,2020012336,"PRADA, MICHELLE M.",RES2,240,1
451,2020012337,"CAÑAMAQUE, MA. LOURDES D.",RES2,240,1
452,2020020010,"INSIGNE, FELIXBERTO",RES4,240,1
453,2020020011,"DE LA PENA, ROSA",RES4,240,1
454,2020020014,"ASTILLO, BENITA",RES4,240,1
455,2020020015,"DRILON, CORONA",RES1,240,1
456,2020020020,"CABADA, POLICARPIO",RES1,240,1
457,2020020030,"DE LA PE?A, PATROCENIO",RES2,240,1
458,2020020040,"CLORES, JUAN",RES3,240,1
459,2020020060,"JAVINES, DOMINADOR",RES2,240,1
460,2020020070,"NARIDO, FELOMINA",RES3,240,1
461,2020020074,"RA?IN, MARIA",RES1,240,1
462,2020020076,"REAMILLO, LEONORA R./ROGELIO",RES4,240,1
463,2020020080,"ESPESO, PERFECTA",RES1,240,1
464,2020020082,"GUNABE, NESTORIA",RES1,240,1
465,2020020085,"SONON, ZENAIDA",RES3,240,1
466,2020020090,"GONZALES, DOMINADOR",RES3,240,1
467,2020020100,"ANEZ, ANGELITO",RES2,240,1
468,2020020115,"IPIL, GLORIA T.",RES1,240,1
469,2020020120,"SAYAS, CONCEPCION",RES4,240,1
470,2020020125,"CAÑEGA, MARIETA C.",RES1,240,1
471,2020020135,"SENILLA, ANTONIO",RES2,240,1
472,2020020140,"ILAD, RAMON",RES4,240,1
473,2020020145,"LAWAAN, NANCY Q.",RES1,240,1
474,2020020150,"BACONG, FLORENCIA",RES1,240,1
475,2020020155,"GERALDO, POL V.",RES4,240,1
476,2020020160,"ESPESO, RAMON",RES3,240,1
477,2020020165,"ESPESO, ROMEO",RES2,240,1
478,2020020175,"COLARTE, BENJAMIN",RES1,240,1
479,2020020185,"SUMICAD, NECITAS P.",RES1,240,1
480,2020020190,"RA?IN, BERNARDITA",RES4,240,1
481,2020020195,"CABELIN, JUVENAL P.",RES1,240,1
482,2020020200,"RA?IN, ISIDRO",RES2,240,1
483,2020020205,"CABELIN, ISAIAS G.",RES1,240,1
484,2020020210,"RICACHO, FIEL",RES1,240,1
485,2020020215,"OPEÑA, JUNAFEL S.",RES1,240,1
486,2020020220,"FALLER, ESTECLA VDA. DE",RES4,240,1
487,2020020235,"BACTOL, BASILIA",RES1,240,1
488,2020020240,"BERNAL, MATEO",RES2,240,1
489,2020020243,"VILLANUEVA, PATROCENA",RES2,240,1
490,2020020244,"CLEMENTE, CRISTINA DELFIN",RES1,240,1
491,2020020255,"CARSON, BUTCH A./RICE MILL",COM1,240,1
492,2020020260,"GARRIDO, GERENCIO",RES1,240,1
493,2020020265,"CLAROS, JESUS",RES4,240,1
494,2020020272,"CANABE, EFREN",RES4,240,1
495,2020020275,"LIPIO, MARCOS JR.",RES4,240,1
496,2020020280,"BASAGAN, LEONCIO",RES1,240,1
497,2020020285,"CABELIS, SALITA",RES1,240,1
498,2020020290,"CABELIS, PACENCIA",RES4,240,1
499,2020020295,"CHU, RANDY S.",RES2,240,1
500,2020020300,"FALLER, ISABEL",RES3,240,1
501,2020020305,"LUMACAD, FELINA T.",RES1,240,1
502,2020020310,"FALLER, ANDREA",RES3,240,1
503,2020020315,"SASALO, DENNIS G.",RES2,240,1
504,2020020325,"DAUPLO, SALVACION D.",RES1,240,1
505,2020020335,"PETALLANA, EDITHA",RES3,240,1
506,2020020340,"ADAPTANTE, FEGURACION",RES2,240,1
507,2020020345,"PETALLANA, PAULINO",RES2,240,1
508,2020020350,"LLOSE, ANACORITA",RES1,240,1
509,2020020355,"DEDIL, RICARDO V.",RES2,240,1
510,2020020360,"CAMPOSANO, REUBEN",RES4,240,1
511,2020020365,"CAMPOSANO, CHRISTINE",RES4,240,1
512,2020020370,"MOLO, MELCHORA",RES3,240,1
513,2020020373,"BRILATA, RUBY",RES2,240,1
514,2020020375,"OBANA, JOSEFA",RES3,240,1
515,2020020380,"CAMPOSANO, MARIA",RES4,240,1
516,2020020381,"LIWANAG, JUDY R.",RES1,240,1
517,2020020385,"DEDIL, TRIUMFO O.",RES2,240,1
518,2020020390,"TABADA, ALFREDO",RES3,240,1
519,2020020395,"RAÑIN, MANUEL A.",RES2,240,1
520,2020020400,"LIWANAG, GLORIA",RES1,240,1
521,2020020405,JUGABAN STREET LIGHTS,ST,240,1
522,2020020410,"TABADA, EMELIANO",RES1,240,1
523,2020020415,"NAZARETA, NATIVIDAD C.",RES1,240,1
524,2020020420,"TABADA, FELOMINO",RES4,240,1
525,2020020430,"ROCHA, MANUEL",RES1,240,1
526,2020020435,"ABORCA, MYLENE N.",RES1,240,1
527,2020020440,"IREA, SEGUNDINO",RES2,240,1
528,2020020441,"TABADA, GERARDO",RES3,240,1
529,2020020445,"RAGAS, WILMA A.",RES1,240,1
530,2020020450,"RAAGAS, ANTONIO",RES1,240,1
531,2020020452,"SALINAS, NEMESIO",RES4,240,1
532,2020020454,"TABADA, ROMULO",RES2,240,1
533,2020020457,"TABADA, MARIO",RES3,240,1
534,2020020460,"CINCO, LEONORA",RES1,240,1
535,2020020465,"FLORENDO, CARIDAD",RES2,240,1
536,2020020470,"CANUDA, FEDERICO",RES4,240,1
537,2020020475,"FERRERAS, ROSABELLA",RES4,240,1
538,2020020485,"CAMPOSANO, RUBENILLO C.",RES3,240,1
539,2020020490,"CANUDA, FRANCISCO",RES4,240,1
540,2020020495,"RECAMADAS, EDWIN V.",RES3,240,1
541,2020020500,"CANUDA, CLARA",RES2,240,1
542,2020020505,"GAVILO, VALERIANO P.",RES1,240,1
543,2020020510,"FAMI, FELIX",RES1,240,1
544,2020020515,"ABALLA, JOY C.",RES1,240,1
545,2020020520,"LLOREN, ALBERTO",RES4,240,1
546,2020020535,"ESING, TERESA",RES1,240,1
547,2020020540,"DEDIL, NICOLAS",RES3,240,1
548,2020020550,"RAAGAS, REYNALDO",RES1,240,1
549,2020020555,"MAKABENTA, ELIZABETH",RES3,240,1
550,2020020560,"RAAGAS, ESTELA",RES2,240,1
551,2020020570,"BABAGAY, FRANCISCO",RES1,240,1
552,2020020575,"RAAGAS, FELIX B.",RES1,240,1
553,2020020580,"GARDON, WILFREDO SR.",RES3,240,1
554,2020020583,"GARDON, WILFREDO JR.",RES1,240,1
555,2020020584,"INDITA, CORSINO",RES1,240,1
556,2020020585,"OBANA, BIENVINIDO",RES1,240,1
557,2020020586,"AGUIRRE, NORA",RES2,240,1
558,2020020590,"ALMARINES, ANECIA",RES2,240,1
559,2020020595,"RIEL, ADELINA /STALL II",COM1,240,1
560,2020020600,"AGUILAR, BUENAVENTURA",RES2,240,1
561,2020020605,"ABAINZA, JACKIELYN V.",RES1,240,1
562,2020020610,"BACUNGAN, SIMPLICIO",RES4,240,1
563,2020020620,"DE LA PE?A, LUCENA",RES4,240,1
564,2020020625,"REMEDIO, HAYDEE CHRISTINA R.",COM1,240,1
565,2020020630,"RENDORA, ANASTACIO",RES1,240,1
566,2020020634,"RENDORA, MYRNA",RES1,240,1
567,2020020635,"PESQUERA, CONSTANCIO",RES2,240,1
568,2020020636,"RENDORA, BERNADETA",RES3,240,1
569,2020020637,"BATOTO, FELECISIMA",RES2,240,1
570,2020020640,"LIANZA, SOLEDAD",RES2,240,1
571,2020020645,"ALMOCERA, MICHAEL E.",RES4,240,1
572,2020020650,"CLEMENTE, BENITO",RES2,240,1
573,2020020655,"CALANDRIA, JOSE",RES2,240,1
574,2020020660,"DASMARINAS, FELIMON",RES2,240,1
575,2020020665,"FABI, ELAINE V.",RES2,240,1
576,2020020670,"RA?IN, ANA",RES2,240,1
577,2020020680,"REMEDIO, CRISTINA HAYDEE",RES4,240,1
578,2020020685,"RAAGAS, FRANCISCO",RES1,240,1
579,2020020690,"PADULLA, PASTOR",RES4,240,1
580,2020020695,"GONZALES, MELANIO JR.",RES2,240,1
581,2020020706,"CONTAPAY, BENJAMIN",RES4,240,1
582,2020020711,"IPIL, NENITA",RES2,240,1
583,2020020720,"CLEMENTE, EDUARDO",RES3,240,1
584,2020020730,"QUEBEC, ARTURO",RES4,240,1
585,2020020735,WENDELL L. SY/GASOLINE STATION,RES4,240,1
586,2020020745,"RECILLA, RICK RISO L. DOOR#1",RES1,240,1
587,2020020750,"TERRADO, JOSEFINA",RES3,240,1
588,2020020755,"CASIS, RICARDO M.",RES1,240,1
589,2020020760,"CABELIN, VIRGINIA",RES3,240,1
590,2020020765,"RANES, NIMFA C.",RES1,240,1
591,2020020770,"ABALLA, MARIA",RES1,240,1
592,2020020785,"PONTE, INECITO B.",RES1,240,1
593,2020020793,"ENGR. CANABE, EFREN",RES1,240,1
594,2020020800,"JAO, BAUDILLO S.",RES2,240,1
595,2020020801,"JAO, BAUDILLO S. M # 3",COM1,240,1
596,2020020802,"JAO, BAUDILLO S. M # 4",COM1,240,1
597,2020020803,"JAO, BAUDILLO S. M # 5",COM1,240,1
598,2020020804,"JAO, BAUDILLO S. M # 6",COM1,240,1
599,2020020805,"ALDERETI, MARINO",RES1,240,1
600,2020020806,"RAMIREZ, ROMULO",RES1,240,1
601,2020020807,"JAO, BAUDILLO S. M # 7",RES2,240,1
602,2020020808,"JAO, BAUDILLO S. M # 2",COM2,240,1
603,2020020809,"JAO, BAUDILLO S. M # 1",COM1,240,1
604,2020020810,"CALANDRIA, FLORENTINO",RES3,240,1
605,2020020820,"RIEL, PATROCENIO",RES4,240,1
606,2020020830,"CUSTODIO, WENEFREDO",RES2,240,1
607,2020020835,"AGUILAR, CHARLES JOHN",RES4,240,1
608,2020020840,"GONZALES, MELANIO",RES3,240,1
609,2020020850,"TRANI, MILAGROS",RES1,240,1
610,2020020860,"CLEMENTE, ANDREA",RES2,240,1
611,2020020870,"NIVAL, EDITHA",RES3,240,1
612,2020020880,"ABAINZA, DOMINGO",RES1,240,1
613,2020020890,"VELARDE, MARILOU",RES2,240,1
614,2020020900,"NADA, LEOPOLDO",RES3,240,1
615,2020020910,"BRILATA, SEVERINO",RES2,240,1
616,2020020920,"BATAN, IDA",RES4,240,1
617,2020020925,"NARIDO, JORGE",RES1,240,1
618,2020020930,"ENCARNACION, PERFECTO",RES4,240,1
619,2020020935,"DE LA CRUZ, ARTEMIO",RES1,240,1
620,2020020940,"GO, BENITO",RES3,240,1
621,2020020950,"DE LOS REYES, FRANCISCO",RES4,240,1
622,2020020955,"DE LA PE?A, DOMINGO",RES4,240,1
623,2020020956,"MUA?A, MECHAEL",RES1,240,1
624,2020020960,"CHRIST OF LATERDAY SAINTS/PENA DE LA, D.",PB,240,1
625,2020020962,"LEYTE NET C/O GOSYCO, HENRY",COM3,240,1
626,2020020965,"DE LA PENA, PIETRO",RES3,240,1
627,2020020980,"LIM, VIVENCIO",COM3,240,1
628,2020020990,"MAKABENTA, MARIA PAZ",RES4,240,1
629,2020021000,"LAURON, CORAZON",RES4,240,1
630,2020021010,"DASMARINAS, ALBERTO",RES1,240,1
631,2020021020,"VILLALINO, FELIX",RES3,240,1
632,2020021025,"VILLALINO, RONALD S.",RES2,240,1
633,2020021030,"CELIS, ROMEO",RES2,240,1
634,2020021040,"PIPINAS, ANDRES",RES1,240,1
635,2020021050,"PIPINAS, LEONIDA",RES2,240,1
636,2020021060,"ARANTE, JUANA",RES2,240,1
637,2020021070,"SONON, FRANCISCO",RES4,240,1
638,2020021071,"DADO, ROBERTO M.",RES2,240,1
639,2020021075,"VILLAFUERTE, RUEL",RES4,240,1
640,2020021080,"SONON, LIBRADA",RES3,240,1
641,2020021083,"PENARANDA, ERMA",RES1,240,1
642,2020021088,"MARCOJAS, ALLAN",RES3,240,1
643,2020021089,"RECAMADAS, ZENON",RES3,240,1
644,2020021090,"PANAL, VICTOR",RES3,240,1
645,2020021091,"RAGA, BLANDINA",RES1,240,1
646,2020021092,"BECARE, MARIA NOVA I.",RES4,240,1
647,2020021093,"RECAMADAS, TEOFILA",RES1,240,1
648,2020021095,"RECAMADAS, AURELIA",RES3,240,1
649,2020021096,"AGUILAY, ANGEL",RES3,240,1
650,2020021097,"MISAGAL, ROGELIO",RES3,240,1
651,2020021098,"VILLASIN, HERCULANO",RES3,240,1
652,2020021099,"BOLITO, TERESITA",RES1,240,1
653,2020021100,"TAMPOL, MARIANITA",RES1,240,1
654,2020021110,"CAYCO, VICENTE",RES1,240,1
655,2020021120,"MABAL, SALVADOR",RES4,240,1
656,2020021121,"JAO, CAMILO",RES3,240,1
657,2020021123,"RECAMADAS, ANICETA",RES2,240,1
658,2020021125,"IRLANDES, VICTORINO",RES1,240,1
659,2020021130,"BRILATA, MARCELIANA Q.",RES2,240,1
660,2020021140,"RECAMADAS, GERONIMA L.",RES2,240,1
661,2020021160,"LOVIANO, FELIX/ DUAVIS, JUAN",RES3,240,1
662,2020021169,"DAANG, ELMA",RES1,240,1
663,2020021171,"PARAGUYA, FRANCISCO",RES4,240,1
664,2020021180,"MIRALLES, MARIO",RES3,240,1
665,2020021190,"SUDARIO, REMEDIOS",RES1,240,1
666,2020021200,"MAKABENTA, SILVESTRE",RES1,240,1
667,2020021220,"NOVEDA, AMELITA  P.",RES1,240,1
668,2020021230,"CORRO, JOVITA",RES1,240,1
669,2020021240,"MISAGAL, JUSTINO",RES4,240,1
670,2020021250,"BRILATA, TEODORO",RES2,240,1
671,2020021260,"BRILATA, HERMINIA",RES3,240,1
672,2020021265,"MISAGAL, TEOFILA",RES4,240,1
673,2020021280,"PEPINAS, MARIO",RES2,240,1
674,2020021290,"BRILATA, RHONA",RES4,240,1
675,2020021295,"GRANADOS, ERIC",RES2,240,1
676,2020021300,"TEJONES, GLECERIO",RES4,240,1
677,2020021310,"REYES, DOLORES",RES2,240,1
678,2020021340,"LAGUNA, CARMELITA",RES3,240,1
679,2020021350,"GUIRINDULA, JUAN",RES4,240,1
680,2020021355,"NEGADO, JOSE JR.",RES3,240,1
681,2020021356,"ZARTIGA, MELECIA",RES2,240,1
682,2020021357,"LIANZA, BERNADETTE",RES4,240,1
683,2020021380,"BAROSA, LORETA",RES2,240,1
684,2020021385,"TABURAZA, CERIACA",RES2,240,1
685,2020021390,"SICAD, ELISITO",COM1,240,1
686,2020021420,"LIANZA, ROLANDO",RES2,240,1
687,2020021422,"ROXAS, RANDY",RES3,240,1
688,2020021425,"LIANZA, SYLVIA",RES1,240,1
689,2020021441,"LIANZA, CRISTY",RES2,240,1
690,2020021445,"LIANZA, MERLA",RES4,240,1
691,2020021447,"VAPOR, IDA JEANNE",RES3,240,1
692,2020021455,"MARQUEZ, MARTIN",RES4,240,1
693,2020021460,"CANASTA, CONRADO",RES3,240,1
694,2020021465,"SABILLO, GARY",RES4,240,1
695,2020021470,"LIANZA, ADELA",RES2,240,1
696,2020021480,"DACARA, VIDAL",RES1,240,1
697,2020021490,"RAMOS, AURORA S.",RES3,240,1
698,2020021500,"CHAN, MELCHOR",RES3,240,1
699,2020021504,"PIAD, GRACE",RES2,240,1
700,2020021505,"CONDALOR, MA. LUDY",RES3,240,1
701,2020021510,"ONG, PELAGIA",RES1,240,1
702,2020021531,"ABORCA, ZALDY",RES2,240,1
703,2020021535,"MAKABENTA, BALDOMERO",RES2,240,1
704,2020021536,"BUENDIA, REMEDIOS",RES3,240,1
705,2020021537,"EMBERSO, MONICA",RES2,240,1
706,2020021540,"PERONA, VIRGINIA",RES1,240,1
707,2020021542,"MORALES, TEOFILO",RES1,240,1
708,2020021543,"SELLOTE, ARIEL",RES2,240,1
709,2020021545,"FLORES, EDNA",RES4,240,1
710,2020021547,"ABALLA, MARICEL",RES1,240,1
711,2020021554,"CUESTA, RUPERTO",RES1,240,1
712,2020021555,"DIOLA, MARINA",RES3,240,1
713,2020021560,"ALEGADO, CARYN",RES1,240,1
714,2020021570,"LANANTE, AMANCIO",RES3,240,1
715,2020021572,"CAUBALEJO, MARICEL",RES1,240,1
716,2020021575,"SALINO, MARILYN",RES1,240,1
717,2020021580,"CABASE, ANTONIO",RES1,240,1
718,2020021590,"VALDEZ, ROSALINDA",RES3,240,1
719,2020021600,"CAUBALEJO, MONINA",RES4,240,1
720,2020021610,"PIAD, ARNEL",RES2,240,1
721,2020021620,"CAUBALEJO, LOLITA",RES2,240,1
722,2020021640,"OLEDAN, DEMETRIA",RES1,240,1
723,2020021650,"SUPREMO, AURING",RES2,240,1
724,2020021653,"PIAD, SATURNINA N.",RES1,240,1
725,2020021654,"LIM, RODOLFO F.",RES2,240,1
726,2020021655,"LIM, CLINTON DELA PEÑA",RES1,240,1
727,2020021657,"SUDARIO, RAMON C.",RES2,240,1
728,2020021658,"INABANGAN, VIRGINIA U.",RES2,240,1
729,2020021660,"LAWAAN, WENDY QUEBEC",RES1,240,1
730,2020021662,"MACALALAG, LIZA V.",RES4,240,1
731,2020021663,"CAMPOSANO, MARLON C",RES3,240,1
732,2020021664,"ALBERCA, BELINDA P.",COM1,240,1
733,2020021665,"BANTACULO, CERILA",RES4,240,1
734,2020021666,"SANGRANO, TERENCIO SALVACION",RES2,240,1
735,2020021667,"BACTOL, SOFIA PEÑARANDA",RES1,240,1
736,2020030015,"CADIENTE, ELISA",RES3,240,1
737,2020030020,"CLAROS, FRUCTOSO",RES2,240,1
738,2020030030,"AGUNOS, FLORENTINA",RES4,240,1
739,2020030050,"TAJANAN, LOPECINO",RES1,240,1
740,2020030060,"GRANADOS, PERLA",RES4,240,1
741,2020030061,"CHAN, ERNESTO JR.",RES2,240,1
742,2020030063,"TAJANAN, LEONARDO",RES1,240,1
743,2020030064,"REGONIOS, RUFFA",RES2,240,1
744,2020030065,"QUEBEC, FEDELINO",RES3,240,1
745,2020030070,"RENDORA, REMEDIOS",RES2,240,1
746,2020030071,"QUEBEC, FEDELINO B.",RES2,240,1
747,2020030073,"OBALLO, GAUDIOSA",RES3,240,1
748,2020030080,"CABALLES, RODRIGO",RES3,240,1
749,2020030090,"ARGUELLES, ROMEO",RES1,240,1
750,2020030105,"AGUILOS, WALTER G.",RES2,240,1
751,2020030120,"MISA, MERCEDES",RES3,240,1
752,2020030125,"QULANETA, CORAZON Q.",RES1,240,1
753,2020030130,"DALOMIAS, JORGE",RES1,240,1
754,2020030135,"BALENDO, JUSTINO L.",RES1,240,1
755,2020030140,"NARTEA, SANTIAGO",RES1,240,1
756,2020030145,"PEREA, MYLA P.",RES1,240,1
757,2020030150,"AGUIRRE, ALBERTO",RES1,240,1
758,2020030165,"PRADA, PATROCENIA C.",RES1,240,1
759,2020030170,"MOLABOLA, REMEDIOS",RES4,240,1
760,2020030175,"MONTESCLAROS, MARIAN P. (KIOSK)",COM1,240,1
761,2020030180,"SALVACION, CONCORDIA",RES1,240,1
762,2020030185,"ARPON, GREGORIO UY",RES4,240,1
763,2020030190,"SALVACION, VICENTE",RES2,240,1
764,2020030195,"PONTILAN, JESUS V.",RES3,240,1
765,2020030200,"PIGAR, MARGARITA",RES4,240,1
766,2020030205,"BACTOL, ELIZABETH A.",RES1,240,1
767,2020030210,"SALVACION, MARIA",RES3,240,1
768,2020030215,"AGERO, LEMUEL L.",RES4,240,1
769,2020030220,"SONON, CLEMENTE",RES1,240,1
770,2020030221,"SALVACION, CAYO",RES1,240,1
771,2020030226,"NARTEA, ALFREDO",RES3,240,1
772,2020030230,"SALVACION, LOURDES",RES4,240,1
773,2020030235,"MAKABENTA, REYNALDO R.",RES2,240,1
774,2020030240,"SALVACION, JUANA",RES1,240,1
775,2020030245,"NIVERA, VICTOR III P.",RES3,240,1
776,2020030250,"PANGILINAN, ROSITA",RES1,240,1
777,2020030255,"LLANETA, MANUEL",RES1,240,1
778,2020030256,"REGULAR, VIRGINIA",RES2,240,1
779,2020030260,"TAMPOL, CLARA",RES2,240,1
780,2020030265,"EMBALSADO, JOSEPH D.",RES3,240,1
781,2020030272,"BASEA, NICOLAS",RES1,240,1
782,2020030273,"CADIENTE, ARNOLD",RES1,240,1
783,2020030275,"RA?IN, BENJAMIN",RES3,240,1
784,2020030279,"LIM, VICENTA",RES3,240,1
785,2020030280,"BASEA, VITO",RES2,240,1
786,2020030281,"ADAZA, HELEN",PB,240,1
787,2020030282,"FLORES, VILMA",RES1,240,1
788,2020030290,"OBAOB, IGNACIO",RES3,240,1
789,2020030295,"BASEA, AHL",RES3,240,1
790,2020030300,"CESAR, FE",RES3,240,1
791,2020030305,"NEGADO, FLORENTINO P.",RES1,240,1
792,2020030315,"BALENDO, LORENZA L.",RES2,240,1
793,2020030320,"TOLOSA, GILDA",RES4,240,1
794,2020030325,"GARILLO, RICKY N.",RES1,240,1
795,2020030330,"NEGADO, JESUS",RES4,240,1
796,2020030335,PHCCI,COM2,240,1
797,2020030340,"URMENETA, SYLVIA",RES4,240,1
798,2020030345,"AMI, ZOSIMA G.",RES1,240,1
799,2020030347,"PERUDA, MELCHOR",RES2,240,1
800,2020030350,"JAVINES, JOVENCIO",RES4,240,1
801,2020030370,"TOLOSA, SERAFINA",RES2,240,1
802,2020030375,"PANALIGAN, MA. ZOLITA N.",RES4,240,1
803,2020030380,"PRECIA, SATURNINO",RES4,240,1
804,2020030385,"NARIDO, MARK NICHOLS S.",RES1,240,1
805,2020030390,"SUDARIO, NATIVIDAD",RES1,240,1
806,2020030392,"ARGUELLES, LEONARDO",RES3,240,1
807,2020030393,"IRLANDEZ, ELMER",RES1,240,1
808,2020030394,"TIZON, RHEA D./REYNAN",RES3,240,1
809,2020030395,"DE LA PENA, RUFINO",RES4,240,1
810,2020030396,"NARTEA, LITO",RES2,240,1
811,2020030398,BRGY. CHAPEL,PB,240,1
812,2020030399,"PICARDAL, JORGIE",RES3,240,1
813,2020030400,"MACALALAG, REYNALDA R.",RES2,240,1
814,2020030401,"PICARDAL, ELSA",RES1,240,1
815,2020030402,"HIDALGO, CONCORDIA",RES1,240,1
816,2020030405,"PERUDA, PASCUAL",RES2,240,1
817,2020030407,"AGUILAR, FLORITA",RES1,240,1
818,2020030408,"COLUMBRETES, PINKY",RES1,240,1
819,2020030409,"CANASTA, BORROMEO",RES1,240,1
820,2020030410,"PERUDA, MANUEL",RES3,240,1
821,2020030411,"QUEBEC, ROMULO",RES1,240,1
822,2020030413,"GOLEZ, ZOSIMA",RES2,240,1
823,2020030414,"PERUDA, MELCHOR",RES1,240,1
824,2020030415,"REBUCAN, TERESITA",RES1,240,1
825,2020030416,"AGUILAR, AMANDO",RES1,240,1
826,2020030417,"CLAROS, ANECITA",RES1,240,1
827,2020030418,"ROTAIRO, ROSARIO",RES1,240,1
828,2020030419,"MAKABENTA, LUCY R.",RES1,240,1
829,2020030435,"CANESO, ZENAIDA",RES2,240,1
830,2020030440,"INALISAN, NIEVES",RES4,240,1
831,2020030450,"PETALLANA, MA. LUISA",RES3,240,1
832,2020030455,"MOLABOLA, RUPERTO",RES1,240,1
833,2020030465,"PENESA, VICTORIA B.",RES2,240,1
834,2020030470,"IRLANDEZ, FELIX",RES2,240,1
835,2020030475,"FORSUELO, VIRGINIA B.",RES2,240,1
836,2020030480,"DADACAY, ADELAIDA",RES1,240,1
837,2020030490,"TONGOL, APOLINARIO JR.",RES2,240,1
838,2020030500,"ABORQUE, CESARIO",RES1,240,1
839,2020030505,"CAPARAS, TITA S.",RES2,240,1
840,2020030510,"PEREA, TRECENA",RES2,240,1
841,2020030515,"CABALLES, SHERLIE SALVACION",RES2,240,1
842,2020030525,"BASEA, LANIELYN A.",RES1,240,1
843,2020030535,"APOSTOL, MYLA L.",RES1,240,1
844,2020030540,"DRILON, ISAURO",RES1,240,1
845,2020030545,"BASEA, ALYSSA MAE A.",RES1,240,1
846,2020030550,"INFANTE, VEDASTO",RES4,240,1
847,2020030560,"RA?IN, REYNALDO",RES3,240,1
848,2020030565,"CABALUNA, JOSEPH Q.",RES1,240,1
849,2020030570,"GO, ANA",RES4,240,1
850,2020030585,"OBAOB, BENIGNO C.",RES2,240,1
851,2020030590,"QUILANETA, SEGUNDO",RES4,240,1
852,2020030595,"ANGAYANGAY, GUILLERMA R.",RES1,240,1
853,2020030600,"AGUIRRE, IRENEA",RES4,240,1
854,2020030605,"MACALALAG, ROWENA R.",RES2,240,1
855,2020030610,"HIDALGO, NECITAS",RES4,240,1
856,2020030615,"SAYAS, RENATO I.",RES2,240,1
857,2020030625,"MANAIT, SHERLY N.",RES1,240,1
858,2020030630,"TAJANAN, MERCEDES",RES4,240,1
859,2020030635,"VERSOZA, ROSALINDA R.",RES2,240,1
860,2020030640,"URMENETA, TIBURCIO",RES3,240,1
861,2020030645,"GOBATAO, JENNIFER I.",RES1,240,1
862,2020030650,"URMENETA, ANTONIO",RES3,240,1
863,2020030655,"MEDINO, JEAN A.",RES4,240,1
864,2020030660,"HIDALGO, NECITAS",RES4,240,1
865,2020030665,"DE LA PENA, ROSITA P.",RES1,240,1
866,2020030670,"QUILANETA, ROSALINO",RES3,240,1
867,2020030675,"DITALO, DANDY",RES3,240,1
868,2020030680,"BACOLOD, L./BACULANTA, TARCELA",RES1,240,1
869,2020030685,"APOSTOL, ARTURO",RES1,240,1
870,2020030690,"PANIM, ANACORITA",RES1,240,1
871,2020030693,"DEQUITO, REBECCA",RES3,240,1
872,2020030700,"BACONG, CONSTANCIA",RES4,240,1
873,2020030710,"CONDALOR, CEFERINO",RES3,240,1
874,2020030715,"SENILLA, ERLINDA N.",RES1,240,1
875,2020030720,"MARQUEZ, HONORATA",RES1,240,1
876,2020030725,"BACTOL, ANTONIO B.",RES1,240,1
877,2020030730,"CEBREROS, TERESITA",RES1,240,1
878,2020030735,"NARCESO, MANILYN F.",RES1,240,1
879,2020030745,"JULI, ELIZABETH S.",RES1,240,1
880,2020030750,"DACARA, VIDAL, JR.",RES3,240,1
881,2020030755,"DARNAYLA, AGAPITO R., JR",RES2,240,1
882,2020030760,"OTIBAR, BERNARDITA",RES3,240,1
883,2020030770,"CANNON, IRENE",RES1,240,1
884,2020030775,"CONDALOR, MARILYN O.",RES2,240,1
885,2020030780,"CANNON, IRENE",RES1,240,1
886,2020030785,"SALVACION, SUSAN B.",RES1,240,1
887,2020030790,"SANTOS, MARCELA",RES3,240,1
888,2020030800,"NEGADO, JUAN",RES4,240,1
889,2020030810,"SAVERET, BONIFACIO",RES3,240,1
890,2020030820,"NEGADO, ANTEA",RES1,240,1
891,2020030840,"LIROM, ANACLITA",RES2,240,1
892,2020030850,"DAGANASOL, MATILDE",RES4,240,1
893,2020030853,"DARANTINAO, ROSALIA",RES3,240,1
894,2020030865,"MARQUEZ, PAULINO",RES1,240,1
895,2020030870,"PARENA, MARCIAL",RES4,240,1
896,2020030875,"CERA, FELOMINA",RES2,240,1
897,2020030880,"PARENA, RODULFO",RES4,240,1
898,2020030890,"ABRIGO, MELINDA",RES1,240,1
899,2020030916,"MENDOZA, JESSIE",RES2,240,1
900,2020030917,"CABASE, VIOLETA",RES1,240,1
901,2020030970,"PEÑARANDA, RUFINA M.",RES4,240,1
902,2020030982,"BRAVO, SALVACION",COM2,240,1
903,2020030984,"BRAVO, SALVACION",RES1,240,1
904,2020030985,MJ CYBER CAFE/GINA C. CLAVECILLAS,COM1,240,1
905,2020030991,"BRAVO, SALVADOR",RES3,240,1
906,2020031000,"BACULANTA, CLARA",COM1,240,1
907,2020031010,"DY, RODULFO",COM1,240,1
908,2020031015,"QUALITY BAKESHOP/GARRIDO, JACINTA",COM3,240,1
909,2020031016,"NUESCA, ANITA",COM1,240,1
910,2020031017,"DY, TERESITA",COM1,240,1
911,2020031018,PURE CASH LENDING,COM1,240,1
912,2020031020,"DY, RODULFO",RES3,240,1
913,2020031040,"MARQUEZ, JOSE",COM3,240,1
914,2020031060,"ENTERESO, REMEGIO",RES1,240,1
915,2020031065,"MORALDE, LYDIA",COM1,240,1
916,2020031080,"ENTERESO, VICTORIA",RES3,240,1
917,2020031090,"BRIER, AMADO",RES4,240,1
918,2020031092,"FALGUERA, VIDA",RES2,240,1
919,2020031095,"GRANADOS, PRIMITIVO",RES3,240,1
920,2020031096,"ARPON, MELNA",RES4,240,1
921,2020031100,"NEGADO, CONRADO",RES2,240,1
922,2020031110,"ARPON, GREGORIO",RES4,240,1
923,2020031130,"BRAVO, ELDEFONSO",RES1,240,1
924,2020031142,"RAPI, ELSA",RES1,240,1
925,2020031145,"NIVERA, VICTOR P., III",RES4,240,1
926,2020031150,"RAPI, PETRA",RES4,240,1
927,2020031151,"ANTONIO, VIRGINIA A.",RES4,240,1
928,2020031160,"NEGADO, RAMON",RES2,240,1
929,2020031170,"CLEMENTE, MIRAFE C.",RES3,240,1
930,2020031200,"IRLANDEZ, FRANCISCO",RES1,240,1
931,2020031210,"BUSTILLO, FLORENTINA",RES1,240,1
932,2020031220,"BALANAY, TERESITA",RES1,240,1
933,2020031230,"NAVAL, POLICARPIO",RES3,240,1
934,2020031233,"DELIMA, SUSANA",RES1,240,1
935,2020031240,"AGUILAR, CARLITO",RES4,240,1
936,2020031250,"OPE?A, MARCELINO",RES1,240,1
937,2020031260,"TANCINCO, DEMETRIA",RES1,240,1
938,2020031268,"MAKABENTA, CLARITA",RES2,240,1
939,2020031269,"MATURAN, MOISES",RES3,240,1
940,2020031271,"NEGADO, RUDY",RES4,240,1
941,2020031280,"TANCINCO, FLORDELIZA",RES3,240,1
942,2020031285,"CAPABLANCA, MARCIANO",RES1,240,1
943,2020031286,"MACALALAG, CECILIA",RES1,240,1
944,2020031291,"DACUMA, AGNES",RES4,240,1
945,2020031295,"MACALALAG, ORLANDO",RES2,240,1
946,2020031296,"BALENDO, ROSALEA",RES3,240,1
947,2020031297,"CAUBALEJO, NOEL",RES1,240,1
948,2020031300,"NALDO, EUFEMIA",RES4,240,1
949,2020031302,"YUTRAGO, THELMA",RES3,240,1
950,2020031303,"NIEGAS, CRISTINE",RES1,240,1
951,2020031305,"CABALTERA, RICARDO",RES3,240,1
952,2020031310,"DACUMA, MAXIMA",RES2,240,1
953,2020031320,"MAKABENTA, RICARDO",RES1,240,1
954,2020031330,"NALDO, EVELYN",RES2,240,1
955,2020031333,"PADRON, ARTURO",RES3,240,1
956,2020031334,"GUMBAN, FELIPA",RES3,240,1
957,2020031335,"SARABIA, FLORA",RES1,240,1
958,2020031336,"SUDARIO, DOMINADOR",RES2,240,1
959,2020031337,"TY, LETECIA/RECAMADAS, ROGER",RES1,240,1
960,2020031338,"QUIDLAT, DELIA",RES3,240,1
961,2020031340,"BUENDIA, REMEDIOS",RES3,240,1
962,2020031341,"DOMINGO, MONICA",RES2,240,1
963,2020031343,"POTOLIN, EVAN",RES1,240,1
964,2020031344,"MAKABENTA, MARILYN A.",RES3,240,1
965,2020031350,"NEGADO, FRANCISCO",RES3,240,1
966,2020031370,"LAGERA, JUANITO",RES3,240,1
967,2020031385,"QUILANETA, CASTULO ADONIS L.",RES4,240,1
968,2020031390,"QUILANETA, ALICIA",RES4,240,1
969,2020031400,"ARPON, ULPIANO, JR.",RES4,240,1
970,2020031405,"MAKABENTA, PEDRO",RES2,240,1
971,2020031410,"YAGUMYUM, DIOMEDES",RES3,240,1
972,2020031415,"ROCHA, PRESCILIANA",RES3,240,1
973,2020031420,"CABALLES, REMEDIOS",RES1,240,1
974,2020031440,"GABRIOLA, ANTHONY",RES3,240,1
975,2020031450,"IBAL, DAMASO",RES3,240,1
976,2020031460,"GUIWAN, ANASTACIA",RES1,240,1
977,2020031490,"QUILANETA, EPIFANIA",RES3,240,1
978,2020031505,"QUILANETA, CORAZON/ DOOR 1",RES1,240,1
979,2020031506,"QUILANETA, CORAZON/ DOOR 2",RES4,240,1
980,2020031510,"QUILANETA, CORAZON",RES4,240,1
981,2020031523,"AGERO, FELIMON",RES3,240,1
982,2020031525,"QUILANETA, CASTULO",RES2,240,1
983,2020031540,"MAJAM, LEONCIA",RES4,240,1
984,2020031550,"MAJAM, TEODORICO",RES4,240,1
985,2020031570,"ARAGON, ALBERTO",COM1,240,1
986,2020031576,"NEGADO, ARVIN",RES3,240,1
987,2020031580,"ENTERESO, ANGEL",RES1,240,1
988,2020031590,"GARRIDO, NIMFA",RES3,240,1
989,2020031600,L B C,COM3,240,1
990,2020031601,"RURAL BANK OF NAVAL C/O ROSEL, E.",COM2,240,1
991,2020031605,"UY, HECTOR",COM1,240,1
992,2020031606,"MONTESCLAROS, MARIAN",RES1,240,1
993,2020031607,"PALAWAN PAWNSHOP C/O CASTRO, BOBBY",COM2,240,1
994,2020031615,"LHUILLER PAWN SHOP/DIGNOS, ELMER",COM3,240,1
995,2020031620,"CABELIN, ELENA",RES2,240,1
996,2020031630,"MAJAM, LEONCIA/CHURCH",PB,240,1
997,2020031640,"MAJAM, LEONCIA  (RES.)",RES4,240,1
998,2020031650,"MAJAM, TEODORICO",RES4,240,1
999,2020031657,"BACTOL, TERESO",RES4,240,1
1000,2020031660,CHURCH OF LATER DAY SAINTS/CONVENT,PB,240,1
1001,2020031670,"DY, CONRADO",RES1,240,1
1002,2020031680,"UY, TARCELA",RES4,240,1
1003,2020031690,"UY, TARCELA",RES4,240,1
1004,2020031695,"TAMACA, VIVENCIO",RES1,240,1
1005,2020031700,"NARIDO, JESUS",RES4,240,1
1006,2020031702,"BOLONG, ROGER",RES4,240,1
1007,2020031710,"ALMOCERA, JOSE",RES3,240,1
1008,2020031720,"PORE, LINO",RES4,240,1
1009,2020031730,"PERUDA, MARIFE M.",RES1,240,1
1010,2020031750,"SEGOVIA, MANUEL",RES1,240,1
1011,2020031760,"BASEA, RICARDO",RES4,240,1
1012,2020031765,"BASEA, RITO",RES2,240,1
1013,2020031770,"BASEA, REYNALDO",RES4,240,1
1014,2020031780,"TORREVILLAS, ALVARO",COM1,240,1
1015,2020031790,"TORREVILLAS, ALVARO",RES4,240,1
1016,2020031800,"MARCOS, SIMON",RES2,240,1
1017,2020031810,"MAKABENTA, ANACLITA",RES2,240,1
1018,2020031815,"LLOVIA, EDGARDO",RES2,240,1
1019,2020031820,"TORREVILLAS, FE",RES4,240,1
1020,2020031830,"ALALID, MANUELITA",RES4,240,1
1021,2020031845,"SAYAS, NOMERIANO",RES1,240,1
1022,2020031850,"MOLABOLA, RUPERTO",RES4,240,1
1023,2020031855,"BROWN, EVELYN",RES3,240,1
1024,2020031860,"REYTOS, TORIBIO",RES2,240,1
1025,2020031870,"TAGPIS, CLARA G.",RES4,240,1
1026,2020031880,"SAVERET, BENJAMIN",RES4,240,1
1027,2020031890,"MOLABOLA, RUPERTO",RES4,240,1
1028,2020031900,"PRECIA, MARCELO",RES3,240,1
1029,2020031905,"MAKABENTA, ISABEL",RES3,240,1
1030,2020031910,"MAKABENTA, OLIGARIO",RES1,240,1
1031,2020031915,"ROSALES, ANGELINE U.",RES1,240,1
1032,2020031920,"PADULLA, SEGUNDINO",RES2,240,1
1033,2020031925,"PADULLA, SEGUNDINO Q. JR.",RES2,240,1
1034,2020031930,"URMENETA, MONICA",RES2,240,1
1035,2020031940,"RIEL, QUIRINO",RES4,240,1
1036,2020031941,"OBALLO, GLENN",RES4,240,1
1037,2020031942,"DE LA PE?A, ALEXANDRO",RES3,240,1
1038,2020031945,"DE LA PE?A, ROMEO",RES3,240,1
1039,2020031950,"ONGUE, DIOSDADO",RES4,240,1
1040,2020031960,"MARQUEZ, NARCISO",RES4,240,1
1041,2020031970,CONDALOR LEO,RES4,240,1
1042,2020031971,"RIGA, RIZALITO I.",RES1,240,1
1043,2020031972,"MOSQUITE, ROLANDO S.",RES3,240,1
1044,2020031973,"RAQUEL, IMELDA A.",RES1,240,1
1045,2020031974,"PANIM, MARITES Q.",RES2,240,1
1046,2020031975,"MENDOZA, CHARLIE CABALTERA",RES2,240,1
1047,2020031976,"VERZOSA, LOURDES RETANAL",RES3,240,1
1048,2020031977,"SUDARIO, DENNIS CORTIS",RES2,240,1
1049,2020031978,"NEGADO, TERESA PERUDA",RES2,240,1
1050,2020031979,"CERA, LETECIA R.",COM1,240,1
1051,2020031980,"potolin, marPOTOLIN, MARK EVAN BUSTILLO",RES1,240,1
1052,2020031981,"GABRIOLA, PATROCENIA C.",RES1,240,1
1053,2020031982,"DRILON, ROGELIO PADULLA",RES1,240,1
1054,2020031983,"GUIWAN, JAIME I",RES3,240,1
1055,2020031984,"BIGMAK C/O SACRIZ, ARIEL",COM1,240,1
1056,2020031985,"CADIENTE, AUREA A",RES1,240,1
1057,2020031986,"RAAGAS, ROSALINDA BUAL",RES1,240,1
1058,2020031987,"ESTRADA, CARMEN QUILANETA/GANDA INDEX",COM1,240,1
1059,2020031988,"ESTRADA, CARMEN QUILANETA/INFINITY RESTOBAR",COM1,240,1
1060,2020031991,"RAÑIN, BELINDA FAJARDO",RES1,240,1
1061,2020031992,"PERUDA, TEOFILO BALDOMAR",RES1,240,1
1062,2020031996,"PERUDA, CARLA MARIE",RES1,240,1
1063,2020031997,"JAVINES, MERLY CHAN",RES1,240,1
1064,2020031998,"DRILON, CATALINO E",RES1,240,1
1065,2020031999,"MABINI, CLARISSA L",RES2,240,1
1066,2020032000,"ENCARNADO, PAMELA PASCUAL",RES2,240,1
1067,2020032001,"FALLORINA, LEONA",RES1,240,1
1068,2020040020,"DAGALEA, PEDRO",RES1,240,1
1069,2020040027,"RAMOS, DOMINADOR",RES1,240,1
1070,2020040028,"BOYO, MELECIO",RES1,240,1
1071,2020040029,"DARANTINAO, NOEL",RES2,240,1
1072,2020040040,"CADIENTE, JOSE",RES4,240,1
1073,2020040050,"LUCELO, ADELAIDA",RES1,240,1
1074,2020040060,"LLOSE, CARLOS",RES1,240,1
1075,2020040070,"LLOSE, ARTEMIO",RES1,240,1
1076,2020040080,"LLOSE, ALEJANDRO",RES1,240,1
1077,2020040090,"LLOSE, CERILA",RES3,240,1
1078,2020040100,"ALDERITE, FLORENTINA",RES4,240,1
1079,2020040110,"PADULLA, JUAN",RES2,240,1
1080,2020040115,"SALVACION, LEONILA",RES1,240,1
1081,2020040120,"ROCHA, FELIPE",RES2,240,1
1082,2020040123,"SALAVEDRA, ANASTACIA",RES4,240,1
1083,2020040124,"ROCHA, FELIX",RES4,240,1
1084,2020040125,"EUGENIO, FELIPA",RES2,240,1
1085,2020040130,"CANASTA, BORROMEO",RES1,240,1
1086,2020040135,"ARINTOK, FERDINAND D./GEMMA",RES1,240,1
1087,2020040155,"ROCHA, HONORIO",RES1,240,1
1088,2020040170,"DRILON, RUSTICO",RES1,240,1
1089,2020040175,"DRILON, LANY",RES3,240,1
1090,2020040190,"QUEBEC, ANACORITA",RES1,240,1
1091,2020040195,"RAAGAS, ERICK I./FRUIT STAND SECTION",COM2,240,1
1092,2020040200,"PERNES, ROSARIO",RES1,240,1
1093,2020040210,"DRILON, ROBERTO",RES2,240,1
1094,2020040215,"TAGPIS, ROWENA R.",RES3,240,1
1095,2020040220,"ROCHA, FELINO",RES4,240,1
1096,2020040230,"SALAVEDRA, JHONAS",RES4,240,1
1097,2020040235,"BELETA, AMADEO B.",COM3,240,1
1098,2020040240,"AGUILON, MATEO SR.",RES1,240,1
1099,2020040245,"PORTERA, RHODORA S.",RES1,240,1
1100,2020040250,"LAGERA, SUSANA",RES3,240,1
1101,2020040260,"LARRAGA, SUSIE",RES4,240,1
1102,2020040270,"QUEBEC, GERUNDIO",RES1,240,1
1103,2020040271,"CUMPA, POLICARPIO",RES1,240,1
1104,2020040273,"JACOBO, ELENA",RES3,240,1
1105,2020040274,"PARENA, MACARIA",RES1,240,1
1106,2020040275,"NIVAL, JUANITA B.",RES2,240,1
1107,2020040276,"LLOSE, MARILYN",RES2,240,1
1108,2020040277,"AGUILAY, COLITA",RES4,240,1
1109,2020040278,"JAO, BAUDILLO",RES4,240,1
1110,2020040280,"IVAL, ANECITA",RES1,240,1
1111,2020040285,"IBAL, WENCES",RES1,240,1
1112,2020040295,"BADIABLE, EVELYN",RES2,240,1
1113,2020040296,"BAUTISTA, CRISTITA",RES2,240,1
1114,2020040300,"EMPERIO, PROCESO",RES2,240,1
1115,2020040305,"RAAGAS, MARIANITO",RES3,240,1
1116,2020040310,"CLAROS, MARVIN",RES4,240,1
1117,2020040320,"PARENA, INOCENCIO",RES4,240,1
1118,2020040330,"SULLA, ALEJANDRO",RES1,240,1
1119,2020040340,"YACAP, ANTONIO",RES4,240,1
1120,2020040345,"PINILI, BERNARDITA Y.",RES2,240,1
1121,2020040350,"INABANGAN, RODRIGO",RES1,240,1
1122,2020040355,"PARENA, METUDIA",RES4,240,1
1123,2020040370,"MAJAM, SATURNINA",RES3,240,1
1124,2020040375,"GO, ROSENDA Y.",RES3,240,1
1125,2020040380,"TORREDES, RAMON CABUG-OS",RES4,240,1
1126,2020040385,"ALBERCA, ARNULFO",RES4,240,1
1127,2020040395,"LUCELO, JUAN A.",RES2,240,1
1128,2020040400,"CABELIN, DYLINDA",RES4,240,1
1129,2020040405,"GABRIOLA, PURIFICACION N.",RES2,240,1
1130,2020040410,"OLEDAN, MARIO",RES4,240,1
1131,2020040415,"GABRIOLA, ARMANDO C.",RES4,240,1
1132,2020040420,"PROFETANA, MATEO",RES4,240,1
1133,2020040430,"TORREDES, MATERNO JR.",RES1,240,1
1134,2020040440,"GERALDO, ELSA",RES4,240,1
1135,2020040450,"MAKABENTA, ANGELES",RES1,240,1
1136,2020040460,"MAKABENTA, ERIBERTO",RES2,240,1
1137,2020040470,"NIVAL, MARIA",RES3,240,1
1138,2020040475,"SILVESTRE, JOCELYN A.",RES1,240,1
1139,2020040480,"MONTILLA, REY A.",COM2,240,1
1140,2020040485,"ROCHA, RENATO S.",RES2,240,1
1141,2020040490,"GIBAN, TEODULO",RES4,240,1
1142,2020040500,"ACERDEN, ANTONIA",RES2,240,1
1143,2020040505,"VILLERO, AMELIA",RES1,240,1
1144,2020040510,"SALAHUDIN, SUSANA",RES3,240,1
1145,2020040520,"DAGALEA, GERONIMO",RES1,240,1
1146,2020040525,"LLOSE, AMANCIO P.",RES1,240,1
1147,2020040530,"AGUILON, MATEO JR.",RES3,240,1
1148,2020040535,"AGUJA, FELINO O. JR./MARILYN",RES1,240,1
1149,2020040540,"DAGALEA, FELICULA",RES3,240,1
1150,2020040545,"TALISIK, CEFERINA",RES3,240,1
1151,2020040546,"GONZALES, ALMEDA",RES2,240,1
1152,2020040550,"COLUMBRETES, YOLANDA",RES2,240,1
1153,2020040555,"BASIERTO, ROBERT T.",RES2,240,1
1154,2020040560,"RA?IN, LEA",RES2,240,1
1155,2020040575,"PERMEJO, ARLENE",RES3,240,1
1156,2020040580,"ATTY. TAMACA, GERARDO",RES3,240,1
1157,2020040590,"POTOLIN, LOURDES",RES4,240,1
1158,2020040605,"MATE, CAMELLA DAWN A.",RES4,240,1
1159,2020040610,"DARANTINAO, ANTONIO",RES2,240,1
1160,2020040630,"SONON, VIRGILIA",RES3,240,1
1161,2020040635,MSGR. SALVADOR MODESTO,RES2,240,1
1162,2020040640,"FUENTES, BASILIA",RES1,240,1
1163,2020040650,"GRAPILON, SALES",RES4,240,1
1164,2020040660,"JAO, NANCY",RES3,240,1
1165,2020040665,LEYTE NET CABLE TV NETWORK POWER SUPPLY,COM1,240,1
1166,2020040670,"JAO, BAUDELIO",RES2,240,1
1167,2020040675,"VERSOZA, ROSALINDA R.",RES1,240,1
1168,2020040680,"ANOPOL, JULIANA",RES2,240,1
1169,2020040685,"HOLY CHILD DEV. CENTER/MAKABENTA, B.",PB,240,1
1170,2020040690,"CA?AMASO, MAXIMA",RES4,240,1
1171,2020040695,"PETALLANA, FRANCISCA",RES2,240,1
1172,2020040700,"TONOLETE, CONSTANCIA",RES1,240,1
1173,2020040710,"BRUM, LOURDES",RES3,240,1
1174,2020040715,"NIVAL, MA. BELLA F.",RES4,240,1
1175,2020040720,"CLEMENTE, MARCELO",RES4,240,1
1176,2020040730,"BOUGH, HECTOR",RES1,240,1
1177,2020040735,"TAMACA, GERARDO JR.",RES3,240,1
1178,2020040745,"SARTO, JANELLA/SARTO, EDILYN",RES3,240,1
1179,2020040750,"BERMUDEZ, RODOLFO D. JR.",RES1,240,1
1180,2020040755,"GARRIDO, CARMELO",COM1,240,1
1181,2020040765,CARIGARA BAY CREDIT COOP/DE LA PENA,COM3,240,1
1182,2020040770,"CO, JESUS",COM1,240,1
1183,2020040775,"MARQUEZ, ANJANETTE DELOS REYES",RES2,240,1
1184,2020040780,"JAO, BERNADITA LEOPARDAS",RES4,240,1
1185,2020040784,"BERNATE, ORVELYN",RES3,240,1
1186,2020040785,"GARRIDO, CARMELO",RES1,240,1
1187,2020040790,"QUILANETA, MANUEL",RES1,240,1
1188,2020040793,"DACARA, MARCELINA",RES1,240,1
1189,2020040795,"TORREVILLAS, CLEOFE",RES4,240,1
1190,2020040801,"TORREVILLAS, AIDA",RES2,240,1
1191,2020040802,"PANGANIBAN, MA. CARMELO",COM1,240,1
1192,2020040803,"LAURON, CORAZON/PAWNSHOP",COM2,240,1
1193,2020040804,"UNTALAN,EMMANUEL",COM1,240,1
1194,2020040805,"JAO, JOEL",COM1,240,1
1195,2020040806,"LAURON, CORAZON/VIDEO CELL",COM2,240,1
1196,2020040807,"LAURON, CORAZON/PAWN SHOP",COM3,240,1
1197,2020040808,"TONOLETE, LUCIO",RES3,240,1
1198,2020040809,"LAURON, CORAZON",COM1,240,1
1199,2020040815,"DE LA CERNA, ENCARNACION",COM1,240,1
1200,2020040820,"BREEDERS AGRIVET SUPPLIES INC/BATOTO, I.",COM1,240,1
1201,2020040825,"TORREVILLAS, AIDA F.",RES1,240,1
1202,2020040830,"OBALLO, MARIANITO",COM3,240,1
1203,2020040835,"DE LA CERNA, ENCARNACION",COM1,240,1
1204,2020040840,"DE LA CERNA, ENCARNACION",COM3,240,1
1205,2020040850,"GRANADOS, SOFRONIO",COM3,240,1
1206,2020040860,"SANDIGAN, PURIZA",RES3,240,1
1207,2020040865,"SENECA, ARNULFO",COM2,240,1
1208,2020040886,"UY, TARCELA",COM1,240,1
1209,2020040900,"CA?AMALES, M./DAGALEA, VALERIANO",COM3,240,1
1210,2020040902,"TRANI, SALVACION M. (DOOR I)",COM1,240,1
1211,2020040903,"TRANI, SALVACION M. (DOOR 2)",COM1,240,1
1212,2020040904,"TRANI, SALVACION M. (DOOR 3)",COM1,240,1
1213,2020040905,UNIVERSAL STORE FRONT SERVICE CORP.,COM2,240,1
1214,2020040907,"GOLDEN DRAGON MKTG.C/O DORMAL, L.JR     ",COM1,240,1
1215,2020040920,"TONOLETE, LOPE",COM1,240,1
1216,2020040921,"GUIA, NOEL/ IMELDA, P.",RES4,240,1
1217,2020040930,"TONOLETE, JOSEFA ANA",COM1,240,1
1218,2020040935,"TONOLETE, JOSEFA ANA/RD PAWNSHOP",COM1,240,1
1219,2020040958,"BELLA MARIZZ PHARMACY C/O ALESNA, G",COM1,240,1
1220,2020041040,"TADEO, AURORA",RES3,240,1
1221,2020041060,"GABRIOLA, ESMERALDO",COM2,240,1
1222,2020041080,"GO, MARIA",COM1,240,1
1223,2020041090,"PONFERRADA, MARIA",RES2,240,1
1224,2020041095,"VILLALINO, JOSE ARVIN",COM1,240,1
1225,2020041100,"PUREZA, RICARDO C.",RES3,240,1
1226,2020041110,"AGUILAR, CELEDONIO",COM1,240,1
1227,2020041120,"URMENETA, WILFREDO",COM3,240,1
1228,2020041125,"MISAGAL, DANILO",RES4,240,1
1229,2020041130,"CLEMENTE, FELIX",RES4,240,1
1230,2020041301,"ARCOSIBA, ROMERO",COM1,240,1
1231,2020041308,"MACALALAG, FLOR",COM1,240,1
1232,2020041336,"OBAOB, MA. PERPETUA SOCORRO",RES3,240,1
1233,2020041380,"SONON, VIRGILIA",COM1,240,1
1234,2020041546,"CULAR, DEMETRIA",COM1,240,1
1235,2020041631,"BATALLA, JIMLY NACIONAL",RES2,240,1
1236,2020041632,"TADEO, CRESENCIO JR. M.",RES1,240,1
1237,2020041634,"CABELIN, RODELIO DAGALEA",RES1,240,1
1238,2020041636,"TABERARA, CHELWIN QUEBEC",COM1,240,1
1239,2020041637,"CLEMENTE, CLEMENT OLEDAN",RES1,240,1
1240,2020041638,"RAMOS, AMANDA MAY NEGADO",RES2,240,1
1241,2020041639,"BASIERTO, RUEL TUALLA",RES1,240,1
1242,2020041640,"MARPA, LORNA A.",RES1,240,1
1243,2020041641,"ARGUELLES, JONALYN GARCIA",RES2,240,1
1244,2020041643,"CLEMENTE, FELICITO R",COM1,240,1
1245,2020041644,"APOSTOL, TRINIDAD GO. PB1",COM1,240,1
1246,2020041645,"APOSTOL, TRINIDAD GO PB 2A & 2B",COM1,240,1
1247,2020041646,"APOSTOL, TRINIDAD GO PB3",COM1,240,1
1248,2020041647,"APOSTOL, TRINIDAD GO PB4",COM1,240,1
1249,2020041648,"APOSTOL, TRINIDAD GO PB5",COM1,240,1
1250,2020041649,"TADEO, ANNABEL FIN",COM1,240,1
1251,2020041652,"GRAPILON, SALVADOR CARTERA",RES1,240,1
1252,2020041653,"GRAPILON,SALVADOR CARTERA DOOR 1",COM1,240,1
1253,2020041654,"GRAPILON, SALVADOR CARTERA DOOR 2",COM1,240,1
1254,2020041655,"GRAPILON, SALVADOR CARTERA DOOR 3",RES1,240,1
1255,2020041656,"GRAPILON, SALVADOR CARTERA DOOR 4",COM1,240,1
1256,2020050020,"METRAN, PRESCILLA",COM1,240,1
1257,2020050030,"ABANILLA, EUNILLA",COM2,240,1
1258,2020050044,"FABILE, ROSALINDA",COM1,240,1
1259,2020050048,"LUMAPAK, JULITO",COM1,240,1
1260,2020050054,"RAAGAS, LYDIA",COM1,240,1
1261,2020050058,"ROSAS, DIEGO E.",RES4,240,1
1262,2020050120,"AGUNOS, SABINO",COM1,240,1
1263,2020050125,"CERA, DAVE C./TEMP. LIGHTING - BANKHOUSE",RES4,240,1
1264,2020050135,"OBAOB, VILMA P.",COM1,240,1
1265,2020050145,"MAKABENTA, JOEL L.",RES4,240,1
1266,2020050150,"OYZON, LETECIA",COM1,240,1
1267,2020050165,"CABELIN, LITA T.",COM1,240,1
1268,2020050175,"CORBE, ELVIE U./VICENTE JR.",RES4,240,1
1269,2020050195,"HANOPOL, TOMASA L.",COM1,240,1
1270,2020050228,"QUEBEC, FEDELINO",COM1,240,1
1271,2020050229,"BOLONG, MA. VICTORIA",COM1,240,1
1272,2020050230,"PIAD, ZENAIDA",COM1,240,1
1273,2020050231,"GO, ALLAN",COM1,240,1
1274,2020050232,"B & E AGRIVET SUPPLY/ QUEBEC, CELSO",COM1,240,1
1275,2020050233,"HAMTIG, SANTIAGO JR.",COM1,240,1
1276,2020050234,"LLOVIA, EVELYN D./BLDG. E STALL #29",COM1,240,1
1277,2020050235,"ADRILYN ENTERPRISES/LLOVIA, E.",COM1,240,1
1278,2020050236,"SICADSICAD, BASANIO",COM1,240,1
1279,2020050241,DJ RAISER POULTRY SUPPLY,COM1,240,1
1280,2020050244,"ENALISAN, EVELYN",COM1,240,1
1281,2020050245,"LARIDO, FLORDELIZA (BAKERY)",COM1,240,1
1282,2020050246,"QUEBEC, CARIDAD",COM3,240,1
1283,2020050260,"LLOREN, RHODORA",RES4,240,1
1284,2020050262,"LASQUITE, ALICIA",COM1,240,1
1285,2020050263,"COMBINIDO, EDUARDO",COM1,240,1
1286,2020050264,AGRIVET ENTERPRISE C/O ARTURO P.,COM1,240,1
1287,2020050266,"AGUILAR, JOSE LINO",COM1,240,1
1288,2020050268,"VILLAS, VIRGINIA",COM1,240,1
1289,2020050275,MONTERY MEATSHOP/WILMA L. MOLINA,COM3,240,1
1290,2020050285,"SICADSICAD, BASANIO R.",COM1,240,1
1291,2020050295,"PILANDE, TERESITA C.",RES2,240,1
1292,2020050300,"JAO, BAUDILLO S. DOOR #1",RES4,240,1
1293,2020050305,"JAO, BAUDILLO S.  DOOR # 2",RES1,240,1
1294,2020050310,"JAO, BAUDILLO S.  DOOR # 3",RES1,240,1
1295,2020050315,"JAO, BAUDILLO S. DOOR # 4",RES1,240,1
1296,2020050335,"JAO, BAUDILLO S.  DOOR # 5",RES4,240,1
1297,2020050365,"SALAHUDIN, SUSANA L. UNIT#2",COM1,240,1
1298,2020050370,"CELES, CLEMENTE/MARTA",COM2,240,1
1299,2020050371,"BERSALES, ROBERTO",RES1,240,1
1300,2020050385,"NUNEZ, FELIX JR.",COM1,240,1
1301,2020050395,"ABEM'S BAKEHAUS C/O LAGERA, ANDREA",COM1,240,1
1302,2020050396,"MAYONG'S BAKESHOP C/O RODRIGO, V.",COM1,240,1
1303,2020050397,"OBAOB, VILMA P.",COM1,240,1
1304,2020050400,"LLOREN, CERIACO",RES3,240,1
1305,2020050410,"CLEMENTE, ANTONIA",COM2,240,1
1306,2020050415,"SALAHUDIN, SUSANA L. UNIT#4",COM1,240,1
1307,2020050420,"CLEMENTE, LOLITA",RES3,240,1
1308,2020050425,"SALAHUDIN, SUSANA L. UNIT#5",COM1,240,1
1309,2020050430,SOLID CORP./OBAOB,RES4,240,1
1310,2020050435,"AFABLE, PEDRO/RAMOS",COM2,240,1
1311,2020050445,"DADULLA, QUETERIO R.",COM2,240,1
1312,2020050450,"SICADSICAD, MERCEDES",COM1,240,1
1313,2020050455,"LABIAL, ANNA MARIE C.",RES2,240,1
1314,2020050470,"LLOREN, DOROTEO",RES4,240,1
1315,2020050475,"NEGADO, ELSA R.",COM1,240,1
1316,2020050480,"CHAPEL/LLOREN, DOROTEO",PB,240,1
1317,2020050485,"GO, ELVIRA",COM3,240,1
1318,2020050495,PARK N' GO C/O RHODORA LLOREN,COM3,240,1
1319,2020050500,GASOLINE STATION,COM2,240,1
1320,2020050505,"SAMORANOS, EMELIO N.",COM1,240,1
1321,2020050510,"GARAY, ANA/MONTILLA",COM1,240,1
1322,2020050520,"BASEA, DELIA MARIA C.",RES3,240,1
1323,2020050525,"TERRADO, JOSEPHINE C.",COM1,240,1
1324,2020050535,"DY, ANTONNIETA",COM1,240,1
1325,2020050540,"DE LA PENA, CLOTILDE",RES3,240,1
1326,2020050545,"IMUS, GERMAN F.",COM2,240,1
1327,2020050550,"DY, ANTONIETA",COM3,240,1
1328,2020050555,"PUREZA, WILMA C.",COM1,240,1
1329,2020050560,"FARMACIA, GENEROSA",COM2,240,1
1330,2020050565,"PETALLANA, MARLON C.",COM2,240,1
1331,2020050570,"SHOPPER'S BUDGET INC./LIM, RODOLFO",COM3,240,1
1332,2020050575,"LIM, VIVENCIO",RES4,240,1
1333,2020050576,"LIM, VIVENCIO F.",RES4,240,1
1334,2020050584,"JULIES BAKESHOP C/O ARGUISOLA, R.",COM3,240,1
1335,2020050587,"TONOLETE, RODOLFO",COM2,240,1
1336,2020050588,"CABALLERO, GERALDINE",RES4,240,1
1337,2020050605,"BENIS, MIMVELOU R.",COM1,240,1
1338,2020050610,"TRENCHERA, BLANCA A.",RES1,240,1
1339,2020050615,"SALVACION, MACARIA T.",RES1,240,1
1340,2020050620,"RIEL, INOCENTES",RES1,240,1
1341,2020050625,"QUEBEC, CELSO M. JR.",RES4,240,1
1342,2020050635,"LUCELO, ADELAIDA R./JUAN",RES3,240,1
1343,2020050650,"ARBIS, SUSAN",RES2,240,1
1344,2020050653,"SONON, FLORILLO",RES4,240,1
1345,2020050656,"LLOREN, JESUS",COM1,240,1
1346,2020050660,"MACALINAO, ELSA",COM1,240,1
1347,2020050665,"PACANA, ABEGAIL O.",RES1,240,1
1348,2020050675,"MAKABENTA, ANGELITA",RES4,240,1
1349,2020050677,"NOGAR, FELOMINO",RES1,240,1
1350,2020050678,"FALLORINA, JENNY",RES4,240,1
1351,2020050680,"BARRETT, MA. GINA",COM1,240,1
1352,2020050685,"ANTONIO, MAJELA CIELO B.",RES3,240,1
1353,2020050690,"HANOPOL, ILUMINADO",RES1,240,1
1354,2020050695,"SANGRANO, TERENCIO S.",COM1,240,1
1355,2020050700,"BABAGAY, RICARDO",RES2,240,1
1356,2020050705,"IRLANDEZ, WILMA A.",RES1,240,1
1357,2020050710,"HANOPOL, ANTONIA",RES4,240,1
1358,2020050715,"TONOLETE, GARNET DAX M.",RES4,240,1
1359,2020050720,"AGUILOS, MARIA",RES2,240,1
1360,2020050725,"LIGUTAN, LONI INALISAN",COM1,240,1
1361,2020050730,"LEWIS, AMALIA U.",RES1,240,1
1362,2020050735,"LLOVIA, EASTER KAYE G.",COM1,240,1
1363,2020050740,"LLANETA, MARIBETH M.",RES2,240,1
1364,2020050745,"IRLANDEZ, SALVADOR",RES1,240,1
1365,2020050750,"MORALES, ISAGANI",RES3,240,1
1366,2020050755,"JAO, BAUDILLO",PB,240,1
1367,2020050760,"CLORES, ROSARIO",RES3,240,1
1368,2020050770,"JAO, BAUDILLO",RES1,240,1
1369,2020050775,"ARTOZA, REBECCA P.",RES1,240,1
1370,2020050780,"DR. PAZ, VICTOR",RES2,240,1
1371,2020050790,"BLANCO, CESAR",RES1,240,1
1372,2020050795,"NIVAL, MA. BELLA F.",RES1,240,1
1373,2020050800,"LLOREN, ROMEO",RES1,240,1
1374,2020050805,"AGERO, JORGE",COM1,240,1
1375,2020050810,"NARTEA, PEDRO",RES1,240,1
1376,2020050820,"NARTEA, ANDRES",RES4,240,1
1377,2020050825,"NARTEA, DENNIS",RES3,240,1
1378,2020050830,"CORTEZ, LUCIA",RES1,240,1
1379,2020050835,"DE LEON, GRETA",RES3,240,1
1380,2020050840,"MOLO, SALVADOR",RES1,240,1
1381,2020050845,EASTER KAYE GO LLOVIA/PJK MOTOR PARTS,RES3,240,1
1382,2020050850,"LLANETA, NICOMEDES",RES4,240,1
1383,2020050870,"CLEMENTE, ROMULO",RES4,240,1
1384,2020050880,"DR. TAGPIS, DOMINADOR",RES4,240,1
1385,2020050890,"LODERO, FELIX",RES4,240,1
1386,2020050895,BRGY. HALL C/O BRGY. CAPTAIN,PB,240,1
1387,2020050896,"AGUNOS, ROMULO",RES4,240,1
1388,2020050900,"TONOLETE, PACITA",RES2,240,1
1389,2020050905,"TONOLETE, ESPERANZA",RES4,240,1
1390,2020050920,"PROFETANA, EMMA",RES2,240,1
1391,2020050930,"DR. OBFENDA, MARINO",RES4,240,1
1392,2020050935,"BINGHOY, CARIDAD",RES1,240,1
1393,2020050945,"BENERO, RODEL",RES2,240,1
1394,2020050955,"DE CASTRO, EPHRANIA",RES3,240,1
1395,2020050960,"QUIMNO, GUILLERMO",RES2,240,1
1396,2020050970,"BACULANTA, CLARA",RES2,240,1
1397,2020050977,"CABELIN, ROMULO",RES1,240,1
1398,2020050990,"CALUNGSOD, CARLOS ANTONIO",RES2,240,1
1399,2020051000,"BRIT, LEO",RES3,240,1
1400,2020051010,"DADACAY, DORICA",RES1,240,1
1401,2020051020,"AGUNOS, LEONARDA",RES4,240,1
1402,2020051030,"OCENADA, DOMINICA",RES4,240,1
1403,2020051045,"RAMIS, CHARITO",RES4,240,1
1404,2020051050,"CABELIN, ROSARIO",RES3,240,1
1405,2020051060,"CABELIN, ROSALEO",RES3,240,1
1406,2020051070,"NIVAL, ANTONIO",RES1,240,1
1407,2020051075,"CANDASUA, SID",RES1,240,1
1408,2020051080,"VALDEZ, WILHELMINA",RES2,240,1
1409,2020051088,"PROFETANA, REUBEN",RES4,240,1
1410,2020051092,"LLOREN, JESUS",RES4,240,1
1411,2020051093,"TAGPIS, ARSENIA",RES4,240,1
1412,2020051095,"TUMAOB, ROMUALDO",RES2,240,1
1413,2020051100,"ZOSA, RENATO",RES4,240,1
1414,2020051110,"ZOSA, ELENA",RES3,240,1
1415,2020051120,"COLUMBRETES, BASILIA",RES3,240,1
1416,2020051130,"OBALLO, PAULINO",RES2,240,1
1417,2020051140,"PROFETANA, EDUARDA",RES3,240,1
1418,2020051150,"CERA, ANTONIO",RES3,240,1
1419,2020051170,"CABALLES, CHRISTIAN",RES4,240,1
1420,2020051173,"CABALLES, CHRISTIAN",RES3,240,1
1421,2020051175,"QUELESTE, CAROLINA",RES3,240,1
1422,2020051190,"BALAIS, FEDERICO",RES4,240,1
1423,2020051192,"PEÑAFLOR, RODRIGO",RES3,240,1
1424,2020051200,"NIVERA, EDITHA",RES4,240,1
1425,2020051210,"LUCELO, MARIQUITA",RES1,240,1
1426,2020051220,"GRESONES, CITA",RES4,240,1
1427,2020051234,"COLINA, ROSALINDA/MELICOR, MELENCIO",RES3,240,1
1428,2020051235,"SABAY, MA. PAZ",RES4,240,1
1429,2020051245,"IRLANDEZ, MAGDALINA",RES2,240,1
1430,2020051260,"RAAGAS, C./CANETE, ADORACION",RES3,240,1
1431,2020051270,"LLOREN, JESUS",RES4,240,1
1432,2020051271,"TONOLETE, GLENN",RES3,240,1
1433,2020051280,"ARINTOK, AVELINO",RES4,240,1
1434,2020051284,"NIVERA, ROLANDO",RES4,240,1
1435,2020051300,"QUEBEC, REMEGIO",RES4,240,1
1436,2020051301,KANGARA MULTI PURPOSE COOP. (KMPC),COM3,240,1
1437,2020051320,"PRIAS, GENOVEVO M JR.",RES4,240,1
1438,2020051330,"ARINTOK, ADRIANA",RES3,240,1
1439,2020051335,"PANIM, MERLINDA",RES2,240,1
1440,2020051340,"PE?AFLOR, EMELIANA",RES3,240,1
1441,2020051360,"PACANA, NATIVIDAD",RES3,240,1
1442,2020051370,"PARENA, FRANCISCO",RES2,240,1
1443,2020051375,"PARENA, LORNA A.",RES4,240,1
1444,2020051390,"RESQUICIO, JAIME",RES2,240,1
1445,2020051395,"SULLA, ARTEMIO",RES2,240,1
1446,2020051400,"ATTY. RONQUILLO, NAPOLEON",RES2,240,1
1447,2020051410,"BRAZIL, ALFREDO",RES3,240,1
1448,2020051415,"BRAZIL, JUDITH",RES1,240,1
1449,2020051420,"MAKABENTA, AMANCIO",RES3,240,1
1450,2020051425,"PACA?A, LINO",RES1,240,1
1451,2020051430,"CEBLANO, BLAS",RES3,240,1
1452,2020051440,"BRAZIL, SANTIAGO",RES2,240,1
1453,2020051450,"ARGUELLES, CRISPULA P.",RES3,240,1
1454,2020051475,"CARIGARA WORD OF LIFE CENTER/MADRIAGA,B.",PB,240,1
1455,2020051480,"ECHEVARRE, LAURA",RES4,240,1
1456,2020051490,"PARENA, FLORA",RES2,240,1
1457,2020051500,"OBAOB, SALVADOR",RES2,240,1
1458,2020051510,"RENDORA, ELSIE",RES2,240,1
1459,2020051515,"RENDORA, ELSIE",RES1,240,1
1460,2020051520,"JAVINES, ELEONOR",RES4,240,1
1461,2020051530,"TORREDES, CANDELARIA",RES3,240,1
1462,2020051540,"ARGUELLES, NATIVIDAD",RES2,240,1
1463,2020051550,"AMORES, EUSTAQUIA",RES2,240,1
1464,2020051560,"MANLAPAS, ZENAIDA",RES4,240,1
1465,2020051570,"GODOY, FE LEA",RES1,240,1
1466,2020051571,"ORTILLO, GEMMA",RES3,240,1
1467,2020051585,"CABALLES, FRANCIS",RES4,240,1
1468,2020051586,"GRISOLA, SEGUNDINO",RES4,240,1
1469,2020051590,"CABALLES, IRENE",RES1,240,1
1470,2020051600,"PANER, CERIACO",RES4,240,1
1471,2020051605,"BAET, HIPOLITO",RES1,240,1
1472,2020051610,"ROCHA, MARCELINA",RES2,240,1
1473,2020051615,"DAANG, ROMULO",RES2,240,1
1474,2020051617,"CAPUYAN, JEROME",RES1,240,1
1475,2020051620,"RIEL, EMILDO",RES2,240,1
1476,2020051630,"DARANTINAO, CESARIO",RES4,240,1
1477,2020051640,"ABRERA, JOSE PHILIP M.",RES2,240,1
1478,2020051650,"PANER, HILARIO",RES4,240,1
1479,2020051660,"ARGUELLES, LEONARDO",RES4,240,1
1480,2020051680,"DINCOL, CEPRIANO",RES1,240,1
1481,2020051690,"LIGUTAN, CRISTITA",RES3,240,1
1482,2020051695,"NOVEDA, MARCIANO",RES1,240,1
1483,2020051710,"TAGPIS, VISITACION",RES4,240,1
1484,2020051720,"DAPON, BORROMEO",RES1,240,1
1485,2020051730,"DARNAYLA, EDWINA",RES3,240,1
1486,2020051736,"NARIDO, REYNALDO",RES1,240,1
1487,2020051740,"CABALLES, SARAH",RES4,240,1
1488,2020051750,"ARINTOK, ANTONIO",COM2,240,1
1489,2020051755,"AGUILOS, LUZ",RES3,240,1
1490,2020051760,"OBAOB, ASUNCION",RES3,240,1
1491,2020051770,"FAMA, BEATRIZ",RES3,240,1
1492,2020051780,"AGUDERA, LILY",RES1,240,1
1493,2020051790,"OBEJERA, CARMEN",RES4,240,1
1494,2020051795,"CADIENTE, MARVELOSA",RES3,240,1
1495,2020051800,"VEGA, AGAPITO",RES4,240,1
1496,2020051840,"TANEGA, RAYMUNDO",RES4,240,1
1497,2020051850,"AGUILAR, ROQUE JR.",RES4,240,1
1498,2020051860,"PADILLA, BELINDA",RES4,240,1
1499,2020051870,"GRANADOS, PRIMITIVO",RES3,240,1
1500,2020051880,"LLOREN, CUSTODIO",RES4,240,1
1501,2020051900,"CLAROS, HILARIA",RES3,240,1
1502,2020051910,"CABELIN, JORGE",RES2,240,1
1503,2020051920,"BINGHOY, ROSALEA",RES1,240,1
1504,2020051940,"DE LEON, GRETA",RES2,240,1
1505,2020051950,"COSTELO, VICENTA",COM1,240,1
1506,2020051951,"SIA, FE L.",RES2,240,1
1507,2020051952,"ZOSA, ORLANDO T.",RES2,240,1
1508,2020051953,"ACIDRE, RODINA D.",RES1,240,1
1509,2020051954,"BRAZIL, LEONCIO A.",RES1,240,1
1510,2020051955,"ARGUELLES, AURORA A.",RES1,240,1
1511,2020051956,"LANIBA, ALLAN L.",COM1,240,1
1512,2020051957,"VILLALINO, ADRIAN D.",RES2,240,1
1513,2020051958,"SMART SHOPPERS ENTERPRISES/LIM, RODOLFO",COM3,240,1
1514,2020051959,"BODO, HELEN HANOPOL",COM1,240,1
1515,2020051960,NICEY BURGER JUNCTION,RES4,240,1
1516,2020060010,"ATTY. SEGOVIA, SALVADOR",RES4,240,1
1517,2020060015,"BRILATA, PAULA",RES1,240,1
1518,2020060020,CONROY ENA,RES4,240,1
1519,2020060030,"ESPOS, RAYMUNDO",RES4,240,1
1520,2020060060,"SAVERET, AGUSTIN",RES3,240,1
1521,2020060070,"DARANTINAO, EDILBERTO B., II",COM1,240,1
1522,2020060075,"DARANTINAO, EDILBERTO B., I",RES4,240,1
1523,2020060080,"AGUILAR, REYNALDO",RES4,240,1
1524,2020060090,"AGUILAR, FRUCTOSO",RES2,240,1
1525,2020060100,"FLORENDO, GLORIFICACION",RES1,240,1
1526,2020060110,"RUBIS, FEDERICO",RES2,240,1
1527,2020060115,"BAUTISTA, BERNADETTE D. ",RES4,240,1
1528,2020060120,"FULGUERAS, IGNACIO",RES4,240,1
1529,2020060125,"VILLALINO, JOSE ARVIN P.",COM2,240,1
1530,2020060130,"IRLANDEZ, HERMINIGILDA",RES2,240,1
1531,2020060135,"BARSANA, HELEN B./GENARO",RES1,240,1
1532,2020060140,"QUINTANA, FEDIL",RES4,240,1
1533,2020060145,"BOQUILA, ARNEL P.",RES1,240,1
1534,2020060150,"PORE, FERMIN",RES2,240,1
1535,2020060155,"GOLIAT, JOSEFINA G.",COM1,240,1
1536,2020060160,"MACALALAG, PABLITO",RES2,240,1
1537,2020060165,"TERRADO, DEXTER C.",RES2,240,1
1538,2020060170,"SALVO, SALVADOR",RES1,240,1
1539,2020060175,"MISON, ELISEO P.",COM1,240,1
1540,2020060180,"SALVO, DANTE RODERICK",RES1,240,1
1541,2020060185,"URMENETA, LETECIA G.",RES2,240,1
1542,2020060190,LEYTE SUB PROVINCIAL JAIL,PB,240,1
1543,2020060195,"TAGPIS, SEGUNDINO JR. I.",RES3,240,1
1544,2020060200,"BALBOA, GILDA",RES3,240,1
1545,2020060210,"FAMA, APOLONIO JR.",RES4,240,1
1546,2020060215,"CLEMENTE, ANITA",RES1,240,1
1547,2020060220,"PORE, REYNALDO",RES4,240,1
1548,2020060225,"SALVACION, BABER F.",COM1,240,1
1549,2020060230,"MAKABENTA, GERUNDIO",RES3,240,1
1550,2020060235,"MAJAM, FRANCIS R.",RES1,240,1
1551,2020060240,"ATTY. TORREVILLAS, ANGEL",RES4,240,1
1552,2020060250,BAGONG LIKHA CHILD CENTER,PB,240,1
1553,2020060255,"NIDERA, REBECCA I.",COM1,240,1
1554,2020060270,"DARANTINAO, JAIME",RES3,240,1
1555,2020060275,"DARANTINAO, NOEL",RES2,240,1
1556,2020060280,"HIDALGO, DAVID",RES3,240,1
1557,2020060285,"DEBALUCOS, BELENDA U.",RES1,240,1
1558,2020060290,"CAIRO, EDUARDO",RES4,240,1
1559,2020060295,"NIVERA, TERESA E.",COM1,240,1
1560,2020060300,"RIEL, CONSUELO",RES4,240,1
1561,2020060305,"DARANTINAO, ZITA P.",RES3,240,1
1562,2020060310,"DRA. GARIANDO, MARITA",RES4,240,1
1563,2020060315,"BRILATA, ROSALINDA J.",RES1,240,1
1564,2020060320,"GARRIDO, V./ENCARNACION",RES4,240,1
1565,2020060325,"TUMULAK, REYNALDO  A.",RES1,240,1
1566,2020060330,"DR. RODOLFO, EUSEBIO",RES4,240,1
1567,2020060335,"VITA, DULCE",COM3,240,1
1568,2020060340,"ARPON, ULPIANO",RES1,240,1
1569,2020060345,"AGUILAR, RAQUEL R.",RES1,240,1
1570,2020060355,"LLAGAS, CORAZON D.",RES1,240,1
1571,2020060360,"GRANADOS, FELIXBERTO",RES4,240,1
1572,2020060365,"AGUILAR, ROWELO O.",RES2,240,1
1573,2020060370,"GRANADOS, PAULINO",RES1,240,1
1574,2020060375,"DELIMA, CAROLYN C.",COM1,240,1
1575,2020060380,"CINCO, LETECIA",RES1,240,1
1576,2020060385,"MAKABENTA, ROBERTO M.",RES4,240,1
1577,2020060390,"PALMA, SOLITA",RES3,240,1
1578,2020060395,"CUESTA, NENA S./MARINO",RES1,240,1
1579,2020060410,"DRILON, FIDEL",RES2,240,1
1580,2020060415,"RAGSAG, MICHELLE S.",RES1,240,1
1581,2020060435,"DELIMA, CAROLYN C.",RES1,240,1
1582,2020060440,"INDITA, MADELYN C.",RES2,240,1
1583,2020060445,"NIVERA, REDENTOR E.",COM1,240,1
1584,2020060450,"ROSIMA, MATEA",RES4,240,1
1585,2020060451,EVTELCO,COM3,240,1
1586,2020060452,CARIGARA PUBLIC PLAZA/GYM,PB,240,1
1587,2020060454,"EDUSMA, FRANCISCA",RES2,240,1
1588,2020060464,"RIEL, RICARDO",RES3,240,1
1589,2020060466,"PASCUA, ANA",RES4,240,1
1590,2020060470,"TONOLETE, EDGAR J.",RES4,240,1
1591,2020060475,"DRILON, MAGDALINA",RES1,240,1
1592,2020060480,"DRILON, MAGDALINA",RES3,240,1
1593,2020060485,"DRILON, RALEN",RES1,240,1
1594,2020060490,"PADOGA, CASIANO",RES2,240,1
1595,2020060500,"LUCENTE, CERIACO",RES4,240,1
1596,2020060505,"OLEDAN, CRISELDA T.",RES1,240,1
1597,2020060510,"AGAS, JOSEPH/AGAS, LETECIA",RES4,240,1
1598,2020060525,"MENDOZA, LYRA N.",RES2,240,1
1599,2020060530,"ACEBU, OSCAR JANECIO",RES4,240,1
1600,2020060540,"VILLALINO, MELENCIO",COM2,240,1
1601,2020060550,"HANOPOL, VETALLANO",RES4,240,1
1602,2020060560,"ADAZA, HELENOR S.",PB,240,1
1603,2020060590,"PORE, JESUS",RES4,240,1
1604,2020060610,"TOLOSA, PURIFICACION",RES4,240,1
1605,2020060620,"ATTY. CANAMAQUE, JUAN",RES1,240,1
1606,2020060630,"CA?AMAQUE, JULIANA",RES1,240,1
1607,2020060635,"CANAMAQUE, LILIA",COM1,240,1
1608,2020060712,"BERNAL, RICARDO",RES4,240,1
1609,2020060730,"NIDEA, NIDA",RES3,240,1
1610,2020060735,"METRAN, RECHIELYN",RES3,240,1
1611,2020060740,"VICTORIA, GREGORIO",RES2,240,1
1612,2020060750,"SONON, FRANCISCO",RES3,240,1
1613,2020060760,"BERNAL, MATEO",RES1,240,1
1614,2020060770,"CANDAZA, DELFIN",RES2,240,1
1615,2020060774,"BRIT, JOSEPHINE",RES4,240,1
1616,2020060775,"NEDIA, RAQUEL",RES3,240,1
1617,2020060777,"BRIT, JOSEPHINE",COM1,240,1
1618,2020060778,"BUENAVENTURA, ELINO",COM1,240,1
1619,2020060779,"TAFALLA, JOANNE",RES1,240,1
1620,2020060780,"TOLOSA, AMANCIO",RES4,240,1
1621,2020060783,"LAWAAN, CLARA",RES3,240,1
1622,2020060793,"BERNAL, RICARDO",COM2,240,1
1623,2020060815,"MONTALBAN, JUANITA",RES1,240,1
1624,2020060851,"CONTAPAY, MICHAEL",RES4,240,1
1625,2020060890,"HANOPOL, PANFILO",RES4,240,1
1626,2020060900,"SABILLO, PABLO JR.",RES2,240,1
1627,2020060910,"CANTALEJO, ADELAIDA",RES1,240,1
1628,2020060940,"MABONAY, ROMULO",RES2,240,1
1629,2020060950,"TUMAOB, SAMUEL",RES2,240,1
1630,2020060955,"TOMAUB, ROSALINO",RES2,240,1
1631,2020060960,"CABANAS, RUDY",RES3,240,1
1632,2020060970,"LUCE?O, BEN",RES4,240,1
1633,2020060980,"ZABALA, MARCELO",RES2,240,1
1634,2020060990,"JULI, ARNOLD",RES2,240,1
1635,2020061000,"VILLERO, REGOBERTO",RES2,240,1
1636,2020061010,"DASMARINAS, SIMPLICIA",RES2,240,1
1637,2020061020,"GODINES, PASCUAL",RES1,240,1
1638,2020061025,"BARANGAY HALL/SUDARIO, DOMINADOR",PB,240,1
1639,2020061026,"MAKABENTA, EUTIQUIO",RES2,240,1
1640,2020061030,"NICDAO, PRUDENCIO",RES1,240,1
1641,2020061040,"BARGAN, ERLINDA",RES1,240,1
1642,2020061045,"URMENETA, IRENEO JR.",RES3,240,1
1643,2020061050,"GODINES, MARIANITA",RES2,240,1
1644,2020061055,"RAAGAS, ANA",COM1,240,1
1645,2020061080,"APILADO, LUISITO",RES4,240,1
1646,2020061090,"APILADO, ARNULFO",RES3,240,1
1647,2020061100,"PEREZ, GUARINO JR.",RES1,240,1
1648,2020061110,"CABALLES, MA. LIZA",RES2,240,1
1649,2020061115,"CELIS, ROLAN",RES3,240,1
1650,2020061120,"ANDRADA, IGNACIO",RES3,240,1
1651,2020061130,"MAKABENTA, PEDRO",RES1,240,1
1652,2020061131,"MAKABENTA, PEDRO M.",RES3,240,1
1653,2020061135,"MADEJAS, VIRGINIA",RES3,240,1
1654,2020061140,"CELES, RODOLFO",RES3,240,1
1655,2020061155,"IGCASAN, ANNABELLE",RES2,240,1
1656,2020061156,"CASALE, ROWENA",RES3,240,1
1657,2020061157,"BALBOA, GILDA",COM1,240,1
1658,2020061160,"CELES, LORNA",RES1,240,1
1659,2020061161,"NARIDO, MARTE",RES4,240,1
1660,2020061180,"NARISMA, MIGUELA",RES1,240,1
1661,2020061185,"MOPON, ALBERTO",RES1,240,1
1662,2020061187,"MACALINAO, FLORENTINO",RES2,240,1
1663,2020061190,"LIGUTAN, RODOLFO",RES2,240,1
1664,2020061200,"FABILLAR, BEATRIZ",RES3,240,1
1665,2020061210,"AMESTOSO, MARINA",RES4,240,1
1666,2020061215,"MACALALAG, EDWIN",RES1,240,1
1667,2020061220,"MACALINAO, ANDRES",RES1,240,1
1668,2020061230,"GO, ENRIQUE",RES4,240,1
1669,2020061250,"NIDEA, NIDA",RES2,240,1
1670,2020061255,"BODO, KENNETH",RES4,240,1
1671,2020061270,"MAKABENTA, DANILO",RES1,240,1
1672,2020061273,"OYZON, LETECIA",RES1,240,1
1673,2020061274,LEYECO III COLLECTION STATION,COM3,240,1
1674,2020061275,"BODO, FELICITAS",RES4,240,1
1675,2020061280,"POTOLIN, TEMOTEO",RES1,240,1
1676,2020061285,"MERA?A, ELENA",RES2,240,1
1677,2020061290,"ABANILLA, EUNILLA B.",RES3,240,1
1678,2020061325,"ABANILLA, WINFRED",RES3,240,1
1679,2020061330,"SALVACION, FEDENCIO/RUFINO",RES3,240,1
1680,2020061335,"SALVACION, ANTONIO",RES4,240,1
1681,2020061340,CASSIDY ELEM. SCHOOL,PB,240,1
1682,2020061350,CARIGARA OLD MUNICIPAL BLDG.,PB,240,1
1683,2020061360,CARIGARA COCOFED CHAPTER,RES4,240,1
1684,2020061380,A.T. AGUJA MEM. SCHOOL,PB,240,1
1685,2020061385,CARIGARA I DIST. OFFICE,PB,240,1
1686,2020061390,CARIGARA CONVENT,PB,240,1
1687,2020061400,CARIGARA PARISH CHURCH,PB,240,1
1688,2020061410,"SERON, MAMERTO",RES2,240,1
1689,2020061425,"MADEJAS, VIVENCIO SR.",RES4,240,1
1690,2020061430,"CRUZA, FRANCISCO",RES2,240,1
1691,2020061440,"BORQUETA, SERGIO",RES4,240,1
1692,2020061460,"AGUIRRE, NARCISO",RES1,240,1
1693,2020061463,"GERALDO, FEDERICO",RES1,240,1
1694,2020061465,"ENGRATO, JOEL",RES3,240,1
1695,2020061480,"BOLONDRO, PRESCILA",RES4,240,1
1696,2020061500,"DRA. LLAMES, FE",RES3,240,1
1697,2020061510,"AGUILOS, ENCARNACION",RES4,240,1
1698,2020061520,"LIGUTAN, ALFREDO",RES1,240,1
1699,2020061535,"RIEL, LEOPOLDO",RES3,240,1
1700,2020061540,"LLOREN, ISMAEL",RES3,240,1
1701,2020061560,"ROQUE, M./ROQUE, BASILISA",RES4,240,1
1702,2020061570,"RIEL, ROMEO",RES3,240,1
1703,2020061571,"HANOPOL, ANTONIO F.",RES1,240,1
1704,2020061580,NUESTRA DEL ROSARIO SHRINE,PB,240,1
1705,2020061590,"TUANDO, ELSA",RES1,240,1
1706,2020061600,"DARANTINAO, TRINIDAD",RES2,240,1
1707,2020061610,"DANDAN, PAULINA",RES1,240,1
1708,2020061620,"BORQUETA, MARIQUETA",RES3,240,1
1709,2020061630,"REDILLA, MARIANO",RES2,240,1
1710,2020061640,"DANDAN, ERLINDA",RES4,240,1
1711,2020061651,"ARINTOK, MELODIA",RES1,240,1
1712,2020061655,"CUSTADO, MERCEDES",RES4,240,1
1713,2020061657,"PADULLA, IRVIN",RES3,240,1
1714,2020061660,"ARIZA, MONET SERON",RES4,240,1
1715,2020061670,"CUSTADO, ANDRES",RES4,240,1
1716,2020061680,"TORDA, ANTONIA",RES4,240,1
1717,2020061690,"BACTOL, JULIO",RES4,240,1
1718,2020061700,"LIGUTAN, MARIA",RES4,240,1
1719,2020061710,"MAKABENTA, BENJAMIN",RES4,240,1
1720,2020061720,"CA?ESO, DARYL",RES4,240,1
1721,2020061725,"BODO, LEONARDO",RES3,240,1
1722,2020061730,"BODO, LEONARDO",RES4,240,1
1723,2020061740,"MAJAM, GLORIA",RES2,240,1
1724,2020061745,"RIEL, RAFAEL",RES1,240,1
1725,2020061750,"ATTY. GRAPILON, FIDELINA",RES3,240,1
1726,2020061755,"ESMERO, BRYAN",RES3,240,1
1727,2020061760,"MAKABENTA, MARIA MOLABOLA",RES2,240,1
1728,2020061770,"ENACMAL, PANFILO",RES2,240,1
1729,2020061780,"QUILAQUIL, SALVADOR JR., T.",RES3,240,1
1730,2020061800,"DAGANDAN, FELICIANA DARANTINAO",RES3,240,1
1731,2020061820,"ARGUELLES, ELPEDIO",RES2,240,1
1732,2020061830,"OBALLO, REMEDIOS",RES1,240,1
1733,2020061840,"OBALLO, MARCOS",RES4,240,1
1734,2020061843,"CANILLAS, EFREN",RES4,240,1
1735,2020061846,"DARANTINAO, FE",RES2,240,1
1736,2020061850,"DARANTINAO, SALVADOR",RES4,240,1
1737,2020061860,"OBALLO, INOCENCIO",RES1,240,1
1738,2020061880,"ATTY. BELITA, ROSARIO",RES2,240,1
1739,2020061890,"NIVERA, RAUL",RES3,240,1
1740,2020061900,"URMENETA, CONSORCIA",RES1,240,1
1741,2020061910,"NIVERA, RUEL",RES4,240,1
1742,2020061914,"JACELA, MELODIA",RES1,240,1
1743,2020061915,"MACALALAG, ARNULFO",RES4,240,1
1744,2020061920,"LAURON, ROMEO",RES4,240,1
1745,2020061925,"URMENETA, VIOLETA",RES1,240,1
1746,2020061930,"URMENETA, FROILAN",RES4,240,1
1747,2020061940,"LABASTIDA, DIOSDADA",RES4,240,1
1748,2020061950,"PLANILLO, LOURDES",RES1,240,1
1749,2020061960,"NICANOR, OLIMPIO",RES1,240,1
1750,2020061970,"REAMILLO, JOSEFA",RES4,240,1
1751,2020061975,"REAMILLO, JOSEFA",RES2,240,1
1752,2020061980,"CABALLES, FELIPE",RES1,240,1
1753,2020061990,"JACELA, FEDERICO",RES3,240,1
1754,2020062000,J.E. LIVESTOCK/RESQUISIO,RES1,240,1
1755,2020062006,"HILARIO, RAMON",RES3,240,1
1756,2020062007,"OBANIL, MINANDRO",RES3,240,1
1757,2020062008,"LIM, RODOLFO",RES1,240,1
1758,2020062009,"CABALLES, NENITA",RES2,240,1
1759,2020062010,"MARTINEZ, ELVIRA",RES1,240,1
1760,2020062012,"RAGSAG, MARIBETH",RES2,240,1
1761,2020062016,"BALBOA, GILDA",RES3,240,1
1762,2020062020,"RAGSAG, ROMEO",RES2,240,1
1763,2020062025,"RAGSAG, LUZ",RES1,240,1
1764,2020062030,"NIEGAS, MAGDALENA",RES4,240,1
1765,2020062040,"NIVERA, ROLLY",RES2,240,1
1766,2020062055,"LLOREN, DOROTEO",RES1,240,1
1767,2020062056,"SUMOLONG, ROTAIRO",RES3,240,1
1768,2020062057,"HERNANDEZ, CONCEPCION",RES1,240,1
1769,2020062060,"LLAGAS, CRISENTE",RES2,240,1
1770,2020062071,"LUCENTE, REBECCA C.",RES2,240,1
1771,2020062072,"PASCUAL, ERNESTO CAÑEGA",COM1,240,1
1772,2020062073,"CANASTA, ABUNDIO N.",COM1,240,1
1773,2020062074,"MADEJAS, ANALITO GUERRERO",RES2,240,1
1774,2020062075,"AROPO, MELDA I.",RES1,240,1
1775,2020062076,"MONTESCLAROS, MARIAN PAMI DOOR 6",COM2,240,1
1776,2020062077,"SALVO, DEMETRIA CONDALOR",RES2,240,1
1777,2020062078,"MONTESCLAROS, MARIAN P. DOOR 2",COM1,240,1
1778,2020062079,FIVAC ASSOCIATION,COM3,240,1
1779,2020062080,"MONTESCLAROS, MARIAN P DOOR#5",COM1,240,1
1780,2020062081,"TAGPIS,PAMPOSA AGUILOS",RES2,240,1
1781,2020062083,"MONTESCLAROS, MARIAN P DOOR-1",COM1,240,1
1782,2020062084,"URZAL, LEANA MARIE",RES1,240,1
1783,2020062085,"ARBOLEDA, MINDA O.",RES1,240,1
1784,2020062087,"MONTESCLAROS, MARIAN P DOOR4",RES4,240,1
1785,2020062088,"MONTESCLAROS, MARIAN P DOOR 3",COM1,240,1
1786,2020070010,INP CARIGARA,PB,240,1
1787,2020070016,"M C W D C/O CABALLES, REGIDOR",PB,240,1
1788,2020070020,CARIGARA MUNICIPAL HALL,PB,240,1
1789,2020070021,REGIONAL TRIAL COURT/BRANCH 36,PB,240,1
1790,2020070023,BUREAU OF JAIL MANAGEMENT AND PENOLOGY,PB,240,1
1791,2020070024,HALL OF JUSTICE (RTC),PB,240,1
1792,2020070027,NEW MUNICIPAL HALL BLDG.,PB,240,1
1793,2020070028,"CARIGARA SENIOR CITIZEN/PAMI, C.",PB,240,1
1794,2020070030,CARIGARA ALUMNI CENTER,PB,240,1
1795,2020070040,"SABILLO, ALONZO",RES4,240,1
1796,2020070045,"CAROLINO, RENNEL",RES2,240,1
1797,2020070050,"CAROLINO, JUAN",RES2,240,1
1798,2020070055,"CAROLINO, RALIN",RES1,240,1
1799,2020070056,"GANTALAO, JAMES",RES4,240,1
1800,2020070070,"ESCABARTE, MATILDE",RES2,240,1
1801,2020070080,"ESCABARTE, FRUCTOSO",RES1,240,1
1802,2020070085,"MORALES, LUCAS",RES3,240,1
1803,2020070090,"MAKABENTA, FORTUNATO",RES4,240,1
1804,2020070100,"GUIRINDULA, LEONA",RES2,240,1
1805,2020070105,"MARPA, DAVID D.",RES1,240,1
1806,2020070110,"ESLERA, CORPUZ",RES3,240,1
1807,2020070120,"DANDAN, CARLITO",RES2,240,1
1808,2020070125,"BELARGA, LEA U.",RES3,240,1
1809,2020070130,"SICADSICAD, LUSANTA",RES4,240,1
1810,2020070135,"DALIMOCON, LUISA",COM1,240,1
1811,2020070145,"SICADSICAD, MARCO R.",RES3,240,1
1812,2020070150,"TALA?A, APOLONIO",RES3,240,1
1813,2020070165,"LLOSE, DANILO C.",RES1,240,1
1814,2020070185,"TRANI, QUINTIN",RES4,240,1
1815,2020070190,"AGUILAR, RODOLFO",RES4,240,1
1816,2020070195,BRGY. TANOD OUTPOST C/O BRGY. CHAIRMAN,PB,240,1
1817,2020070200,"BARDIAGO, FRUCTOSO",RES3,240,1
1818,2020070205,"ESLERA, MAVEL L.",RES3,240,1
1819,2020070210,"AGUILAR, BERNARDITA",RES4,240,1
1820,2020070215,"OBAOB, ALFREDO G.",RES1,240,1
1821,2020070220,"MAKABENTA, ELENO",RES1,240,1
1822,2020070225,"ATIENZA, LIZA C.",RES2,240,1
1823,2020070230,"AGUJA, ANTONIO SR.",RES4,240,1
1824,2020070240,"DR. REDULLA, DEMETILO",RES4,240,1
1825,2020070250,"QUEBEC, FLORENTINO",RES4,240,1
1826,2020070260,"PRUEL, FORTUNATA",RES3,240,1
1827,2020070265,"QUIDLAT, DOMINGO",RES4,240,1
1828,2020070270,"QUIDLAT, BALDOMERO",RES1,240,1
1829,2020070290,"ABELLA, GLORIA",RES1,240,1
1830,2020070300,"ABELLA, BAYANI",RES1,240,1
1831,2020070305,"CABELIN, LILIA",RES3,240,1
1832,2020070310,"NARBONITA, SUPREMO",RES4,240,1
1833,2020070320,"PRUEL, ULDARICO",RES1,240,1
1834,2020070330,"PRUEL, LEO II",RES4,240,1
1835,2020070340,"NARBONITA, SERGIO",RES2,240,1
1836,2020070350,"NIVERA, BIENVINIDO",RES4,240,1
1837,2020070355,"ACERDEN, MA. DULCE",RES4,240,1
1838,2020070360,"DARANTINAO, EVELINA",RES2,240,1
1839,2020070362,"CLUTARIO, JOSEFINA",RES3,240,1
1840,2020070370,"LLOREN, ABUNDIO",RES3,240,1
1841,2020070377,"MANANES, JONATHAN",RES2,240,1
1842,2020070380,"REYES, FLORENTINO",RES4,240,1
1843,2020070381,"NICANOR, LITO J.",RES4,240,1
1844,2020070390,"AGUILOS, ARTURO",RES3,240,1
1845,2020070391,"OLEDAN, ROBERTO/BANK HOUSE",RES2,240,1
1846,2020070400,"PILANDE, CALEMERIO",RES4,240,1
1847,2020070420,"ERIA, PERSEVERANDA",RES1,240,1
1848,2020070430,"AGNER, ANTONIO",RES4,240,1
1849,2020070445,"SABILLO, ERLINDA L.",RES4,240,1
1850,2020070446,"SABAY, JOEL",RES4,240,1
1851,2020070460,"PORRAL, WENCESLAO",RES1,240,1
1852,2020070465,"RAAGAS, CESAR",RES4,240,1
1853,2020070480,"AGUILAS, FARRAH",RES1,240,1
1854,2020070485,"PARI?A, ELIZABETH",RES1,240,1
1855,2020070486,"SABILLO, CEASAR",RES2,240,1
1856,2020070490,"RABUCK, YOLANDA A.",RES1,240,1
1857,2020070495,"BABAGAY, PIO",RES3,240,1
1858,2020070500,"AGUILAR, ROQUE",RES1,240,1
1859,2020070505,"URMENETA, SIMPLICIO",RES4,240,1
1860,2020070510,"MIRALLES, REBECCA",RES3,240,1
1861,2020070511,"LLOREN, MANUEL",RES1,240,1
1862,2020070520,"CABALLES, ELENETA",RES1,240,1
1863,2020070530,"BODO, TELESFORO",RES2,240,1
1864,2020070540,"SABILLO, PABLO SR.",RES2,240,1
1865,2020070550,"PORRAL, FELIBERTA",RES2,240,1
1866,2020070560,"CAROLINO, GODOFREDO",RES3,240,1
1867,2020070565,"PORRAL, RAMSY",RES1,240,1
1868,2020070580,"TORIBIO, TEODORO",RES2,240,1
1869,2020070590,"JUBE, TERESA",RES1,240,1
1870,2020070600,"JAVELUNA, CASTOR",RES1,240,1
1871,2020070610,"GLEMA, APOLINARIO",RES1,240,1
1872,2020070611,"GRABOL, ULDARICO",RES3,240,1
1873,2020070612,"LLOREN, PERLA",RES1,240,1
1874,2020070620,"TEJONES, LEO",RES4,240,1
1875,2020070630,"AGUJA, ANATOLIO",RES4,240,1
1876,2020070635,"CONDALOR, ELIZABETH K.",RES1,240,1
1877,2020070640,"JAVELUNA, HILEODORO",RES1,240,1
1878,2020070645,"FALLORE, FE",RES1,240,1
1879,2020070650,"JAVINES, NICOLAS",RES4,240,1
1880,2020070670,"LUCELO, BERNARDINO",RES2,240,1
1881,2020070680,"AGUILOS, JOSE",RES1,240,1
1882,2020070690,"TALUA, SEVERINO",RES4,240,1
1883,2020070695,"NIVERA, ROLANDO",RES3,240,1
1884,2020070700,"NARBONITA, EDILBERTA",RES3,240,1
1885,2020070720,"HANOPOL, VICENTE",RES4,240,1
1886,2020070730,"LAGERA, ADORACION",RES2,240,1
1887,2020070740,"DE LA PENA, BELTRANA",RES1,240,1
1888,2020070750,"ALLUNAM, LEAH",RES4,240,1
1889,2020070755,"PORRAL, EDITHA",RES1,240,1
1890,2020070760,"ESTA, LEO",RES4,240,1
1891,2020070770,"AGUILA, ROSITA",RES4,240,1
1892,2020070803,"PASCUAL, ESMERALDA",RES1,240,1
1893,2020070805,"HOFER, ADORALYN M/THOMAS",RES4,240,1
1894,2020070810,"CONDALOR, MATILDE",RES1,240,1
1895,2020070811,"OBEJERA, LORETA S./RODRIGO",RES1,240,1
1896,2020070815,"RODA, ELVIRA",RES1,240,1
1897,2020070820,"OBEJERA, RODRIGO",RES4,240,1
1898,2020070830,"SABILLO, BENJAMIN",RES2,240,1
1899,2020070840,"VELUNTA, MARGARITA",RES4,240,1
1900,2020070860,"REYES, BEATRIZ",RES1,240,1
1901,2020070880,"MADEJAS, ROSA",RES2,240,1
1902,2020070885,"TOMAS, JOSEPHINE",RES3,240,1
1903,2020070886,"BELOY, ANITA",RES1,240,1
1904,2020070890,"MAJAM, ECCLESIASTES",RES1,240,1
1905,2020070900,"LLOSE, FRANCISCO",RES1,240,1
1906,2020070910,"OBA, PANTALIONA",RES4,240,1
1907,2020070930,"ARMINAL, OLIMPIA",RES2,240,1
1908,2020070940,"URMENETA, ISABELO",RES3,240,1
1909,2020070950,"OBANA, BERNABE",RES3,240,1
1910,2020070954,"CERA, BEATRIZ",RES2,240,1
1911,2020070955,"CAROLINO, RANE",RES4,240,1
1912,2020070960,"CABALLES, ROSARIO",RES2,240,1
1913,2020070970,"DALIMOCON, PIO",RES4,240,1
1914,2020070980,"HANOPOL, CASTULO",RES3,240,1
1915,2020070990,"SICADSICAD, ELIAS",RES3,240,1
1916,2020071000,"REYES, ELPEDIO",RES2,240,1
1917,2020071010,"CAROLINO, HERMINIA",RES4,240,1
1918,2020071020,"DECENA, FERNANDO M.",RES1,240,1
1919,2020071030,"MACALALAG, FLORENA",RES2,240,1
1920,2020071040,"MACALALAG, MA. PAZ",RES1,240,1
1921,2020071061,"CHAPEL C/O OBANA, FLORENTINO",PB,240,1
1922,2020071065,"GRANADOS, SHIRLITO JOSE",RES2,240,1
1923,2020071070,"DARANTINAO, LEONARDO",RES4,240,1
1924,2020071080,"DAGAJUYA, GLECERIO",RES1,240,1
1925,2020071090,"DAPLAS, Q./DAPLAS, ALICIA",RES2,240,1
1926,2020071095,"BOYO, ROQUE",RES4,240,1
1927,2020071100,"SULLA, LINDA HANOPOL",RES3,240,1
1928,2020071105,"SENECA, ARTEMIO",RES2,240,1
1929,2020071108,"SABAY, TERESA",RES1,240,1
1930,2020071110,"LIGUTAN, AMANDO",RES1,240,1
1931,2020071120,"MACHETE, SOFRONIO",RES4,240,1
1932,2020071130,"RIEL, SANTIAGO",RES4,240,1
1933,2020071135,"RIEL, DANNY",RES3,240,1
1934,2020071140,"SABAY, MARIANITO",RES2,240,1
1935,2020071141,"CABALLES, PRUDENCIO",RES3,240,1
1936,2020071142,"RENDORA, JOSE ROY",RES3,240,1
1937,2020071160,"PRUEL, ULDARICO",RES4,240,1
1938,2020071162,"MAKABENTA, NECETO",RES2,240,1
1939,2020071165,"MERCOLITA, RAQUEL",RES3,240,1
1940,2020071170,"TOLENTINO, JUANA",RES4,240,1
1941,2020071180,"ORDO?A, DOLORES/TOLENTINO, MANUEL",RES4,240,1
1942,2020071182,"AGUILOS, ARSENIO JR.",RES2,240,1
1943,2020071190,"PAMANIAN, MELECIO",RES2,240,1
1944,2020071200,"BAUTISTA, ALFREDO",RES1,240,1
1945,2020071205,"CAPABLANCA, ALPINIANA",RES3,240,1
1946,2020071210,"LIGUTAN, ALFREDO",RES1,240,1
1947,2020071214,"VALE, MARIA",RES4,240,1
1948,2020071215,"PRIAS, FRANCISCO",RES3,240,1
1949,2020071216,"BERDEJO, JAIME",RES2,240,1
1950,2020071220,"CASTANAS, SIMPLICIA",RES3,240,1
1951,2020071230,"DAPITON, NORBERTO",RES3,240,1
1952,2020071250,"SACAY, GENEROSO",RES4,240,1
1953,2020071260,"MARPA, NONA",RES4,240,1
1954,2020071270,"MARPA, ARCHEMEDES",RES4,240,1
1955,2020071280,"RABANZO, ROSA",RES4,240,1
1956,2020071290,"CUMBIS, ANASTACIO",RES3,240,1
1957,2020071300,"CLOMA, CELESTINO",RES4,240,1
1958,2020071320,"SAVERET, VICTORIANO",RES4,240,1
1959,2020071330,"MALABANAN, VIRGINIA",RES1,240,1
1960,2020071339,"SALEM, PERLITA",RES1,240,1
1961,2020071340,"RENOMERON, MANUELA",RES3,240,1
1962,2020071341,"ARPON, CORAZON",RES4,240,1
1963,2020071342,"CABASE, PURITA",RES4,240,1
1964,2020071346,"DABILBIL, TEODORO",RES3,240,1
1965,2020071350,"CORBE, VICENTE",RES1,240,1
1966,2020071366,"MAJAM, CRISANTO",RES3,240,1
1967,2020071367,"DALIMOCON, LUISA",RES2,240,1
1968,2020071370,"LIGUTAN, ANA",RES3,240,1
1969,2020071376,"MARPA, FLORENCIO",RES1,240,1
1970,2020071390,"TRANI, SERGIO",RES1,240,1
1971,2020071395,"MARPA, PEDRO JR.",RES1,240,1
1972,2020071397,"BENIS, MICHAEL",RES2,240,1
1973,2020071400,"MARPA, LUCENA",RES4,240,1
1974,2020071405,"CABALLES, NARZAL",RES1,240,1
1975,2020071410,"NARTEA, FRANCISCO",RES3,240,1
1976,2020071420,"DABILBIL, EULOGIO",RES2,240,1
1977,2020071430,"BENIS, NICOLAS",RES3,240,1
1978,2020071432,"CABALLES, REGIDOR/BAGUIO, NESTOR",RES1,240,1
1979,2020071435,"GULLEMAS, LUZ",RES3,240,1
1980,2020071436,"ATIENZA, RUTH",RES3,240,1
1981,2020071440,"PILANDE, RODOLFO B.",RES2,240,1
1982,2020071445,"PILANDE, REX",RES3,240,1
1983,2020071450,"DECHOSA, MARCELINA",RES1,240,1
1984,2020071460,"DABILBIL, CECELIA",RES4,240,1
1985,2020071470,"BERDEJO, EPIFANIO",RES4,240,1
1986,2020071475,"PAJARES, HERMENIA",RES1,240,1
1987,2020071485,"GRABOL, MA. JOCELYN",RES3,240,1
1988,2020071493,"CORBE, VEVENCIA DAANG",RES3,240,1
1989,2020071494,"MADEJAS, SEVERO C.",RES3,240,1
1990,2020071495,"MAKABENTA, RHONADEL A.",RES3,240,1
1991,2020071496,"ACERDEN, DANIEL BRIONES",RES4,240,1
1992,2020071497,"LIGUTAN, ROSSAN A.",RES1,240,1
1993,2020080005,"PEÑAFLOR, BERNARDITA",RES4,240,1
1994,2020080010,"SICADSICAD, MIGUELA",RES1,240,1
1995,2020080015,"SICADSICAD, DEEJAY",RES2,240,1
1996,2020080020,"MELGAR, RESTITUTO",RES2,240,1
1997,2020080030,"LALOSES, SEGUNDINO",RES3,240,1
1998,2020080040,"MARPA, CECELIO",RES3,240,1
1999,2020080041,"TOLENTINO, JUANA",RES2,240,1
2000,2020080045,"OBAOB, GLORIA",RES3,240,1
2001,2020080046,"GUIRENDULA, ANITA",RES3,240,1
2002,2020080050,"CABALLES, PASCUAL",RES4,240,1
2003,2020080060,"GRAPILON, POTENCIANA",RES3,240,1
2004,2020080070,"JAVINES, BELEN",RES4,240,1
2005,2020080075,"PILANDE, PACIENCIA",RES1,240,1
2006,2020080080,"PILANDE, LEONARDO",RES1,240,1
2007,2020080085,"RONCAL, CLODUALDO",RES3,240,1
2008,2020080095,"ABANILLA, VIETA",RES3,240,1
2009,2020080100,"ABANILLA, FELISA",RES4,240,1
2010,2020080105,"JUSTO, PURIFICACION",RES1,240,1
2011,2020080110,"MONTESCLAROS, MANUEL JR.",RES3,240,1
2012,2020080115,"PRIAS, JUDE M.",RES3,240,1
2013,2020080125,"JUNTILLA, SENDULFO",RES1,240,1
2014,2020080130,"JUNTILA, H./AGUNOS, MAURA",RES2,240,1
2015,2020080135,"JUNTILLA, HERMINIGILDA",RES2,240,1
2016,2020080140,"AGUILOS, MARIA",RES1,240,1
2017,2020080145,"FLORENDO, ROSALINDA M./ROSALINO",RES3,240,1
2018,2020080150,"AGUNOS, BENJAMIN",RES1,240,1
2019,2020080155,"OPETINA, CARMELITA B./MARIANO",RES2,240,1
2020,2020080160,"NARTEA, MARDONIO",RES4,240,1
2021,2020080165,"GIBAN, KAYANIE I./ELMER",RES1,240,1
2022,2020080170,"FALLORE, VIVENCIO",RES3,240,1
2023,2020080175,"ARINTOC, MARIA",RES1,240,1
2024,2020080178,"SEMITARA, DANILO",RES3,240,1
2025,2020080180,"SICADSICAD, LONIMA R.",RES3,240,1
2026,2020080185,"RESQUICIO, MA. IRENE O./ROMULO",RES1,240,1
2027,2020080190,"SICADSICAD, PRIMO",RES1,240,1
2028,2020080191,"CUSTADO, RODERICK",RES2,240,1
2029,2020080195,"BUENAVENTURA, ELENO J.",RES4,240,1
2030,2020080200,"RAGSAG, KEVIN M.",RES2,240,1
2031,2020080205,"LLAMES, GILBERT A.",RES3,240,1
2032,2020080210,"FALLORE, VIVENCIO JR.",RES4,240,1
2033,2020080215,"BENALIT, LEO",RES1,240,1
2034,2020080220,"FALLORE, VIVENCIO SR.",RES3,240,1
2035,2020080225,"COMBINIDO, EDUARDO I.",COM1,240,1
2036,2020080235,"PLATILLA, MACARIO P.",RES1,240,1
2037,2020080240,"CHU, NICOLAS",RES2,240,1
2038,2020080245,"ABORQUE, GINA",RES1,240,1
2039,2020080250,"EMBERSO, MARITES D.",RES3,240,1
2040,2020080255,"FALLORE, ALMA",RES3,240,1
2041,2020080270,"IRLANDEZ, IRENEO",RES2,240,1
2042,2020080272,"CABELLO, LYDIA",RES1,240,1
2043,2020080273,"CABALLES, NARZAL L SR.",RES1,240,1
2044,2020080274,"PAMANIAN, ALFONSA",RES4,240,1
2045,2020080275,"INALISAN, WILMA",RES4,240,1
2046,2020080280,"RONCAL, SOCORRO",RES1,240,1
2047,2020080285,"ARIZO, RODOLFO M.",RES2,240,1
2048,2020080290,"LLOSE, DANILO",RES1,240,1
2049,2020080295,"FALLORE, NERIZA A.",RES1,240,1
2050,2020080300,"CABALLES, FELIX",RES3,240,1
2051,2020080305,"PAMANIAN, DALMACIO",RES4,240,1
2052,2020080306,"SABAY, BELEN",RES4,240,1
2053,2020080310,"FABILE, BARTOLOME JR.",RES1,240,1
2054,2020080320,"FABILE, BARTOLOME SR.",RES4,240,1
2055,2020080325,"CABELLO, LIEZEL E.",RES1,240,1
2056,2020080330,"REPULDA, MA. LILIAN",RES4,240,1
2057,2020080335,"ANACLETO, ORLANDO Q.",RES4,240,1
2058,2020080340,"INALISAN, FAUSTO",RES1,240,1
2059,2020080345,BRGY. ST. LIGHTS C/O BRGY. CHAIRMAN,ST,240,1
2060,2020080350,"CABELLO, ARNULFO",RES4,240,1
2061,2020080355,"SABILLO, ELIZABETH V.",RES1,240,1
2062,2020080365,"GRABOL, LUNINGNING N.",RES1,240,1
2063,2020080370,"LLOREN, NICOMEDES",RES3,240,1
2064,2020080375,"NARIDO, GREGORIO C.",RES1,240,1
2065,2020080380,"LLOREN, ALFONSO",RES4,240,1
2066,2020080385,"LIPORADA, REBECCA C.",RES2,240,1
2067,2020080390,"GRESOLA, ARSENIO",RES2,240,1
2068,2020080395,"MALABANAN, FRENNIE T.",RES1,240,1
2069,2020080400,"LLANETA, FELECIANO",RES4,240,1
2070,2020080405,"CONDALOR, ARTEMIO",RES1,240,1
2071,2020080410,"LLANETA, EUGENIO",RES1,240,1
2072,2020080415,"BACTOL, ROSALINDA",RES4,240,1
2073,2020080420,"ABORITA, LOLITA",RES3,240,1
2074,2020080425,"AYASO, ERLINDA L.",RES3,240,1
2075,2020080440,"CAUBALEJO, LEONIDES",RES1,240,1
2076,2020080445,"BENIS, SUSANA C.",RES1,240,1
2077,2020080455,"LLANETA, MAITE S.",RES1,240,1
2078,2020080465,"ALOB, LYSIVIT",RES2,240,1
2079,2020080470,"SOLAR, TIBURCIO",RES4,240,1
2080,2020080475,"GUEVARRA, FLORIDA",RES1,240,1
2081,2020080480,"GRABOL, ALFREDO",RES1,240,1
2082,2020080485,"GRABOL, BIENVINIDA",RES1,240,1
2083,2020080495,"PIGAR, CARLOS M.",RES2,240,1
2084,2020080500,"CABALLES, SANTIAGO",RES1,240,1
2085,2020080505,"ARINTOK, MA. EDNA G.",RES2,240,1
2086,2020080510,"CABALLES, LINO",RES3,240,1
2087,2020080515,"NAAGAS, GLENNA B.",RES3,240,1
2088,2020080520,"ESLERA, ABUNDIO",RES1,240,1
2089,2020080525,"MOLO, CYREL CARL JAVINES/TEMP. LIGHTING BUNKHOUSE",RES4,240,1
2090,2020080530,"REAMILLO, MAXIMINO",RES3,240,1
2091,2020080531,"DARANTINAO, FE",RES1,240,1
2092,2020080532,"AGUILOS, AILYN P./HANZEL",RES3,240,1
2093,2020080534,"CLOMA, LOPE",RES1,240,1
2094,2020080535,"RAMOS, PRESCILA",RES2,240,1
2095,2020080545,"FLORENDO, SUSANA",RES1,240,1
2096,2020080548,"GRABOL, RIZZA JANE",RES3,240,1
2097,2020080549,"IRLANDEZ, BENEDICTO",RES2,240,1
2098,2020080550,"ESPINOSA, SYLVIA",RES4,240,1
2099,2020080551,"CONDALOR, ROBERTO",RES3,240,1
2100,2020080552,"SABILLO, SERGIO",RES1,240,1
2101,2020080555,"YUTRAGO, ALEXANDER S.",RES3,240,1
2102,2020080560,"CODERA, ELSA",RES4,240,1
2103,2020080565,"CONDALOR, DOMINIC R.",RES1,240,1
2104,2020080575,"SICADSICAD, DINO R.",RES2,240,1
2105,2020080580,"AGNER, ROSALEA",RES3,240,1
2106,2020080585,"YUTRAGO, YOLANDA G.",RES3,240,1
2107,2020080590,"JAVINES, ROSITA",RES4,240,1
2108,2020080595,LEYTE NET CABLE TV NETWORK (POWER SUPPLY),COM1,240,1
2109,2020080605,"LASTIMADO, ANNA MARIE P.",RES2,240,1
2110,2020080610,"MOLO, MAGDALENA",RES1,240,1
2111,2020080620,"INOSANTE, RUTILDE P.",RES1,240,1
2112,2020080625,"UMPACAN, IRENEO J.",RES1,240,1
2113,2020080630,"LLANETA, VIOLETA",RES2,240,1
2114,2020080633,"LLANETA, JAIME",RES1,240,1
2115,2020080634,"AGNER, JESSIE",RES1,240,1
2116,2020080635,"LLANETA, REYNALDO",RES1,240,1
2117,2020080637,"GRESOLA, ROSAIDA",RES1,240,1
2118,2020080640,"ANAGAP, ERNESTO",RES1,240,1
2119,2020080645,"BRGY. HALL/BODO, LEONARDO",PB,240,1
2120,2020080648,"LANTECSI, MARY JANE",RES2,240,1
2121,2020080650,CARIGARA MUN. HIGH SCHOOL,PB,240,1
2122,2020080655,"CABALLES, AVELINO",RES2,240,1
2123,2020080656,"GRABOL, LUZVIMINDA",RES1,240,1
2124,2020080657,"GRABOL, MARLON",RES3,240,1
2125,2020080660,PONONG ELEM. SCH./TAGPIS,PB,240,1
2126,2020080665,"TIPAN, MATILDE A.",RES1,240,1
2127,2020080670,"AGNER, PEDRO",RES2,240,1
2128,2020080674,"NARIDO, ESMERALDO",RES1,240,1
2129,2020080675,"PEREZ, CORAZON",RES3,240,1
2130,2020080676,"MAKABENTA, ANALI",RES3,240,1
2131,2020080680,"CABALLES, AMELITA",RES4,240,1
2132,2020080690,"NARIDO, CARLOS",RES2,240,1
2133,2020080691,"GRISULA, ROSAIDA",RES4,240,1
2134,2020080695,"GRABOL, ARCADIO",RES1,240,1
2135,2020080700,"JAVINES, RODOLFO",RES4,240,1
2136,2020080710,"QUEBEC, MARIANO",RES3,240,1
2137,2020080721,"PAMANIAN, GREGORIO",RES1,240,1
2138,2020080725,"OBA, NORBERTO",RES1,240,1
2139,2020080728,"BELETA, EXALTACION",RES4,240,1
2140,2020080729,"PAMANIAN, MELECIO",RES1,240,1
2141,2020080730,"VILLACARILLO, ASUNCION",RES3,240,1
2142,2020080740,"BRILATA, ANITA",RES3,240,1
2143,2020080745,"CAUBALEJO, MAE R.",RES1,240,1
2144,2020080755,"YUTRAGO, JULIUS",RES2,240,1
2145,2020080760,"GUEVARRA, PRECIOSA",RES4,240,1
2146,2020080765,"LOBRIGO, ARMANDO F.",RES2,240,1
2147,2020080769,"CORBE, ALONZO",RES2,240,1
2148,2020080770,"TADEFA, BERNARDINO",RES4,240,1
2149,2020080774,"DAGANDAN, GODULA",RES1,240,1
2150,2020080776,"YUTRAGO, JUANITO JR.",RES4,240,1
2151,2020080777,"COMBENIDO, EDUARDO",RES4,240,1
2152,2020080778,"ORBINO, ARTURO",RES4,240,1
2153,2020080779,"NAAGAS, LUDY",RES4,240,1
2154,2020080780,"MALABANAN, VIRGINIA",RES3,240,1
2155,2020080781,SLAUGTHER HOUSE C/O L G U,PB,240,1
2156,2020080783,"LAGERA, LUCITA",RES2,240,1
2157,2020080784,"GRAMA, EVELINA",RES1,240,1
2158,2020080785,"DIMATANGAL, RECHAEL",RES3,240,1
2159,2020080790,"CABALLES, BEATRIZ",RES1,240,1
2160,2020080795,"AGUILOS, MAUREEN R.",RES1,240,1
2161,2020080802,"SICADSICAD, ARLENE",RES1,240,1
2162,2020080805,"NEGADO, ESTER",RES2,240,1
2163,2020080810,"QUITORIANO, MARIA",RES2,240,1
2164,2020080815,"DU, CELITA OBO",RES1,240,1
2165,2020080830,"MERELOS, PRESCILA",RES2,240,1
2166,2020080840,"RAGSAG, MARIA",RES3,240,1
2167,2020080845,"LLANETA, WENEFREDA",RES3,240,1
2168,2020080850,"SISCAR, CELSO",RES3,240,1
2169,2020080860,"CABALLES, JUANITA",RES4,240,1
2170,2020080865,"ABANILLA, LYDIA",RES1,240,1
2171,2020080866,"CAROLINO, RUEL",RES2,240,1
2172,2020080868,"ABANILLA, ABABEL",RES2,240,1
2173,2020080869,"CABALLES, LUISITO",RES1,240,1
2174,2020080880,"GAVERO, EUFRACIO",RES2,240,1
2175,2020080890,"TORALBA, BENJAMIN",RES2,240,1
2176,2020080910,"HANOPOL, JULIET",RES3,240,1
2177,2020080920,"SAN PEDRO, VIOLETO",RES4,240,1
2178,2020080930,"CABALLES, JUAN",RES1,240,1
2179,2020080940,"NARTEA, PELAGIA",RES1,240,1
2180,2020080950,"LLAMES, GIL",RES3,240,1
2181,2020080960,"MERCOLITA, FLORENTINO",RES4,240,1
2182,2020080965,"DAUPLO, EVANGELINE G.",RES4,240,1
2183,2020080975,"MACALALAG, DECEDORIO",RES1,240,1
2184,2020080980,"LLAMES, BIENVINIDO",RES3,240,1
2185,2020080990,"AGUILOS, FRANCISCA",RES4,240,1
2186,2020081000,"AGNER, LILIA",RES3,240,1
2187,2020081010,"DABILBIL, PEREGRINO",RES2,240,1
2188,2020081011,"MONIS, BELLA",RES1,240,1
2189,2020081020,"LLOREN, PERSEVERANDA",RES4,240,1
2190,2020081030,"GAVERO, ANTONIO",RES2,240,1
2191,2020081040,"OBAOB, ANTONIO",RES1,240,1
2192,2020081045,"RESQUISIO, ARTURO",RES3,240,1
2193,2020081046,"MARPA, ROY",RES1,240,1
2194,2020081050,"BAYBAY, NECITAS",RES4,240,1
2195,2020081060,"RONQUILLO, ARCADIO",RES4,240,1
2196,2020081070,"UMPACAN, ELPEDIO",RES2,240,1
2197,2020081072,"MACABENTA, WILFREDO G.",RES1,240,1
2198,2020081075,"INOSANTE, ROSA U./EDUARDO",RES2,240,1
2199,2020081080,"NARTEA, ANDRES",RES3,240,1
2200,2020081090,"MAKABENTA, FIDEL",RES3,240,1
2201,2020081100,"BARDIAGO, DAMIANA",RES3,240,1
2202,2020081130,"CHAVEZ, DESEDERIO",RES2,240,1
2203,2020081150,"GRESOLA, SEGUNDINO SR.",RES2,240,1
2204,2020081160,"TOMAS, CELESTINA",RES3,240,1
2205,2020081170,"MACUL, ROBERTA",RES2,240,1
2206,2020081180,"CANESO, FEDERICO",RES4,240,1
2207,2020081184,"NAAGAS, JOEVY",RES2,240,1
2208,2020081185,"NAAGAS, FILOMENO",RES3,240,1
2209,2020081220,"LAGERA, MACARIO",RES4,240,1
2210,2020081222,"NAAGAS, LILIA",RES1,240,1
2211,2020081223,"OBANIL, BORROMEO",RES1,240,1
2212,2020081224,"MODAR, MARILYN",RES3,240,1
2213,2020081225,"NAAGAS, ANSELMO",RES1,240,1
2214,2020081226,"GUIRENDULA, POMPIA",RES2,240,1
2215,2020081227,"YADAO, LUDIVINA",RES1,240,1
2216,2020081228,"DARANTINAO, JAIME",RES1,240,1
2217,2020081229,"NAAGAS, DAVY B.",RES1,240,1
2218,2020081230,"HAMTIG, JOSE FALLER",RES2,240,1
2219,2020081240,"BENIS, ROMUALDO",RES1,240,1
2220,2020081250,"HAMTIG, CONCEPCION",RES2,240,1
2221,2020081259,"DE LEON, CONCORDIA",RES4,240,1
2222,2020081280,"BALBOA, NOMER B.",RES3,240,1
2223,2020081285,"PRIAS, ALEXIS M",RES1,240,1
2224,2020081290,"PRIAS, GENOVEVO",RES3,240,1
2225,2020081297,"TAGPIS, MILAGROS",RES2,240,1
2226,2020081300,"OBAOB, JAIME",RES3,240,1
2227,2020081320,"JAVINES, VIRGILIO",RES2,240,1
2228,2020081325,"BENIS, ELEUTERIO",RES2,240,1
2229,2020081330,"RAMIREZ, RAMON",RES2,240,1
2230,2020081340,"BARDIAGO, DOROTEO",RES3,240,1
2231,2020081360,"MARIQUIT, TITO",RES3,240,1
2232,2020081365,"NAAGAS, PACIFICO",RES1,240,1
2233,2020081366,"LAGERA, IRIS S.",RES1,240,1
2234,2020081367,"CAÑESO, ROSILYN C.",RES1,240,1
2235,2020081368,"MESIAS, CLOTILDE N.",RES1,240,1
2236,2020081369,"BARDIAGO, AURELIO G.",RES1,240,1
2237,2020081370,"LUMACAD, RHEA N.",RES1,240,1
2238,2020081373,"PANER, SHERYL S.",RES1,240,1
2239,2020081374,"URMENETA, ALEJO NAAGAS",RES4,240,1
2240,2020081375,"TOMAS, CHITO ALMATIAS",RES2,240,1
2241,2020081376,"TEAOSO, DESIREEE G.",RES1,240,1
2242,2020081377,"NAAGAS, NOEL BARDIAGO",RES1,240,1
2243,2020081378,"VIVERO, MARITES O.",RES3,240,1
2244,2020090010,STA. CRUZ CHAPEL,PB,240,1
2245,2020090015,"LIGUTAN, ZACARIAS",RES2,240,1
2246,2020090040,"LLAVORRE, DAMASINO",RES2,240,1
2247,2020090050,"GUIRENDULA, ANGEL",RES1,240,1
2248,2020090060,"NIVERA, CRESENCIA",RES2,240,1
2249,2020090061,"SEMBRANO, AILEEN",RES3,240,1
2250,2020090082,"ALALID, FLORENCIA",RES1,240,1
2251,2020090110,"OLEDAN, CAYO",RES1,240,1
2252,2020090115,"MAKABENTA, MANUEL IAN A.",RES1,240,1
2253,2020090120,"PANIS, FLORENTINA",RES4,240,1
2254,2020090121,"MAKABENTA, LENY",RES2,240,1
2255,2020090122,"NIVERA, GLORIA",RES2,240,1
2256,2020090123,"MAKABENTA, SALVACION",RES2,240,1
2257,2020090125,"NIVAL, RICARDO",RES3,240,1
2258,2020090126,"POTOLIN, RICARDO",RES1,240,1
2259,2020090128,"NAVORA, REYMOND N.",RES1,240,1
2260,2020090130,"REFIL, CARMELITA",RES3,240,1
2261,2020090134,"NIVAL, REYNALDO",RES2,240,1
2262,2020090135,"CAUBALEJO, JOSEFINA",RES2,240,1
2263,2020090145,SALVACION CHAPEL C/O PRESIDENT OF CHURCH,PB,240,1
2264,2020090150,"PEROL, MATEO",RES3,240,1
2265,2020090155,"MORETO, BEATRIZ B.",RES1,240,1
2266,2020090160,"CEBLANO, MAY JOY R.",RES2,240,1
2267,2020090165,"POTOLIN, DOTINIA",RES1,240,1
2268,2020090170,"GLER, ASUNCION",RES4,240,1
2269,2020090175,BRGY. CHAPEL C/O HEAD OF CHURCH,PB,240,1
2270,2020090180,"BARDIAGO, RAQUEL",RES3,240,1
2271,2020090181,"ABANILLA, REYNALDO",RES1,240,1
2272,2020090182,"RABANZO, FELIX",RES1,240,1
2273,2020090183,"PAMANIAN, ROMEO",RES2,240,1
2274,2020090184,"BARDIAGO, ROSALIE",RES1,240,1
2275,2020090186,"TOLEDO, EUGENIA",RES1,240,1
2276,2020090190,"DELA PEÑA, LORNA A./JOSE",RES1,240,1
2277,2020090195,"SAN PEDRO, PRIMO B./LINA",RES1,240,1
2278,2020090200,"RONQUILLO, ROSALYN",RES1,240,1
2279,2020090201,"OBERO, EDUARDO",RES1,240,1
2280,2020090202,"BELETA, VIC B.",RES2,240,1
2281,2020090205,"VILLAMOR, GEORITA C.",RES2,240,1
2282,2020090210,"HUMBRIA, CLARA",RES4,240,1
2283,2020090215,"CARABEO, MEDARDA",RES3,240,1
2284,2020090216,"DAPITON, ROWENA",RES2,240,1
2285,2020090220,"OBERO, FELISA",RES1,240,1
2286,2020090233,"ABUGA, JOSE RENANTE",RES2,240,1
2287,2020090235,"LUCELO, GIL",RES1,240,1
2288,2020090240,"NARISMA, MARCELA",RES1,240,1
2289,2020090244,"BUNONG, MANOLO",RES2,240,1
2290,2020090245,"ABUGA, ALMA",RES1,240,1
2291,2020090246,"LAURON, TARCELITA",RES1,240,1
2292,2020090247,"NALDO, CECILIA",RES3,240,1
2293,2020090248,"ADOPTANTE, JOVELYN",RES1,240,1
2294,2020090250,"PIAD, MATIAS",RES1,240,1
2295,2020090251,"ABORCA, ROSEMARIE",RES3,240,1
2296,2020090255,"CHAVEZ, MARILOU G.",RES2,240,1
2297,2020090260,"TABLO, LIBRADA",RES4,240,1
2298,2020090265,"SUMALINOG, RIZA",RES1,240,1
2299,2020090270,"PAMANIAN, BARTOLOME",RES1,240,1
2300,2020090272,"CODERA, FELIX",RES1,240,1
2301,2020090273,"POTOLIN, PASTOR",RES1,240,1
2302,2020090275,"PIAD, SOTERO",RES1,240,1
2303,2020090285,"JULI, MARGIE ROSE",RES1,240,1
2304,2020090290,"AVESTRUZ, JESSIE T.",RES2,240,1
2305,2020090295,"AVESTRUZ, GLORIA",RES3,240,1
2306,2020090296,"QUELISTE, IMELDA",RES2,240,1
2307,2020090300,"CODERA, ORICULO",RES2,240,1
2308,2020090305,"ROJAS, SAMUEL J.",RES2,240,1
2309,2020090311,"BORRICO, ROEL",RES2,240,1
2310,2020090315,"GARCE, MARITES A.",RES1,240,1
2311,2020090320,"SAN PEDRO, PABLO",RES2,240,1
2312,2020090321,"QUEBEC, ROBERTO",RES4,240,1
2313,2020090323,BRGY. HALL C/O BRGY. CAPTAIN,PB,240,1
2314,2020090324,"CATENZA, JESICA",RES1,240,1
2315,2020090327,"LUCENO, BIENVINIDO",RES4,240,1
2316,2020090328,"SAN PEDRO, ROWEL",RES2,240,1
2317,2020090332,"SAN PEDRO, NORMA",RES1,240,1
2318,2020090335,"PADILLA, JUANITA",RES1,240,1
2319,2020090336,"TABLO, DARIO",RES1,240,1
2320,2020090337,"MERIDOR, ENDROLINA",RES1,240,1
2321,2020090345,"AGNER, MELVIN N.",RES2,240,1
2322,2020090350,"REMANDIMAN, CERILO",RES1,240,1
2323,2020090355,"BALISONG, VIOLETA L.",RES1,240,1
2324,2020090365,"AGUJA, AURORA C.",RES4,240,1
2325,2020090370,"CABASE, FRANCISCO",RES1,240,1
2326,2020090375,"MENDOZA, REX",RES2,240,1
2327,2020090376,"MENDOZA, MARIVEL E./RODRIGO III",RES1,240,1
2328,2020090377,"MENDOZA, SHELA MARIE S./MORRIS",RES2,240,1
2329,2020090380,"MENDOZA, INES",RES2,240,1
2330,2020090395,"SIAPO, ANDRESA",RES1,240,1
2331,2020090396,BIBLE BAPTIST CHURCH/ABOGADO,PB,240,1
2332,2020090397,"POTOLIN, DOMINGO G.",RES1,240,1
2333,2020090400,"GRABOL, EDILBERTO",RES1,240,1
2334,2020090405,"FALLER, ELVIRA M.",RES1,240,1
2335,2020090410,"NALDO, ROGELIO",RES4,240,1
2336,2020090411,"RUNA, ANTONIO",RES3,240,1
2337,2020090415,"RU?A, JESUS",RES1,240,1
2338,2020090416,"SARIGUMBA, VIOLETA",RES3,240,1
2339,2020090420,"OBERO, RAYMUNDO",RES1,240,1
2340,2020090422,"ARPON, JOCELYN",RES3,240,1
2341,2020090423,"REPOLLO, LUCILA",RES2,240,1
2342,2020090425,"RACAZA, EMMA",RES2,240,1
2343,2020090430,"SARIGUMBA, MARCOSA",RES3,240,1
2344,2020090435,"BOCO, MARGARITA",RES1,240,1
2345,2020090437,"LOPEZ, JOSEPH",RES1,240,1
2346,2020090440,"LOPEZ, LUCIA",RES2,240,1
2347,2020090445,"NALDO, NAOMI  R.",RES4,240,1
2348,2020090450,"ARCOSIBA, ALBINO",RES1,240,1
2349,2020090453,"GERALDO, LEO",RES1,240,1
2350,2020090454,"CABASE, LIWAYWAY",RES3,240,1
2351,2020090455,"ESTANISLAO, PEDRO",RES1,240,1
2352,2020090457,"TUMULAK, ROSIE",RES1,240,1
2353,2020090458,"ZABALA, PRESCILA",RES3,240,1
2354,2020090459,"ARCOSIBA, ROBERTO",RES2,240,1
2355,2020090460,"CABASE, MANUEL",RES3,240,1
2356,2020090462,"NALDO, ROGELIO JR.",RES2,240,1
2357,2020090464,"CADANO, MARISSA",RES1,240,1
2358,2020090465,"DE LA CRUZ, CANDIDA",RES2,240,1
2359,2020090470,"SARCILLA, BASILIO",RES1,240,1
2360,2020090475,"RIMANDIMAN, MARIA",RES1,240,1
2361,2020090476,"PIGAO, CHERILYN",RES4,240,1
2362,2020090480,"FALLER, FLORITA",RES2,240,1
2363,2020090485,"APILADO, RIZALITO",RES4,240,1
2364,2020090490,"PROFETANA, ARTURO",RES4,240,1
2365,2020090500,"BOCO, LINO",RES1,240,1
2366,2020090503,"RABACIO, ELVIS",RES1,240,1
2367,2020090510,"RABACIO, DEMOCRITA",RES1,240,1
2368,2020090515,"DE REAL, JOSE",RES3,240,1
2369,2020090525,"JULE, ROMULO V.",RES1,240,1
2370,2020090530,"RABACIO, MARCIAL",RES2,240,1
2371,2020090535,BRGY. ST. LIGHT C/O BRGY. CHAIRMAN,ST,240,1
2372,2020090550,"PALANAS, MARILYN",RES3,240,1
2373,2020090555,"AYASO, ANACORITA",RES2,240,1
2374,2020090556,"BALAIS, CHRISTOPHER",RES1,240,1
2375,2020090560,"OLEDAN, MAURICIA",COM1,240,1
2376,2020090565,"NASINOPA, NOEL",RES2,240,1
2377,2020090570,"JULI, ARCADIO",RES3,240,1
2378,2020090575,"MENGUIN, LEDWENA",RES1,240,1
2379,2020090580,"DEMATANGGAL, NONOY",RES1,240,1
2380,2020090590,"REANDINO, CORAZON",RES1,240,1
2381,2020090595,"VELUNTA, JOY",RES2,240,1
2382,2020090600,"ORIOL, ROWENA",RES1,240,1
2383,2020090605,"SAMANTE, RICHARD L.",RES1,240,1
2384,2020090615,"GORDOBE, HAZIL S.",RES1,240,1
2385,2020090625,"RETORBAR, ROSANA R.",RES1,240,1
2386,2020090630,"ROSALES, LOURDES",RES4,240,1
2387,2020090631,"OMALIN, LIEZEL",RES1,240,1
2388,2020090632,"CORDEL, ADELAIDA",RES2,240,1
2389,2020090634,"GRATOL, JONATHAN",RES1,240,1
2390,2020090636,"BURI, YOLANDA",RES2,240,1
2391,2020090640,"GRATOL, MAGDALENA",RES3,240,1
2392,2020090645,"FALLER, RICARDO P.",RES1,240,1
2393,2020090650,"PARILLA, LORNA",RES4,240,1
2394,2020090655,"BENIS, REDENTOR C.",RES4,240,1
2395,2020090660,"AMANO, MARIETA",RES2,240,1
2396,2020090670,"ROJAS, NORMA",RES3,240,1
2397,2020090675,"DEMELLONES, GLORIA",RES1,240,1
2398,2020090680,"GERALDO, FELIPE",RES3,240,1
2399,2020090685,"ARTICULO, LUZ",RES4,240,1
2400,2020090690,"ROSALES, DOMINGO",RES1,240,1
2401,2020090696,"METRAN, MARITES",RES4,240,1
2402,2020090697,"PRIAS, ROMMEL",RES4,240,1
2403,2020090700,"FALLER, JAIME",RES1,240,1
2404,2020090705,"VARGAS, MARIVIC A.",RES2,240,1
2405,2020090715,"NARIDO, ARSENIO L. SR.",RES1,240,1
2406,2020090720,"DAQUIGAN, EDITHA",RES3,240,1
2407,2020090725,"GRANADOS, CHARO G.",RES1,240,1
2408,2020090730,"NAVAL, RUFINO",RES2,240,1
2409,2020090733,"SAN PEDRO, NORMA",RES2,240,1
2410,2020090734,"LLAVORE, DAMACINO",RES1,240,1
2411,2020090735,"PALANAS, MARIA",RES1,240,1
2412,2020090736,"SY, LUIS",RES2,240,1
2413,2020090739,"TUAZON, EVANGELINE",RES1,240,1
2414,2020090740,"OLEDAN, BENITO",RES3,240,1
2415,2020090745,"TAN, MARIA LUISA R.",RES4,240,1
2416,2020090750,"RABACIO, EDUARDO",RES1,240,1
2417,2020090755,"ARPON, JOY M.",RES1,240,1
2418,2020090760,"LOMUT, IRENEO",RES1,240,1
2419,2020090763,"REYES, MARILOU",RES1,240,1
2420,2020090764,"OBERO, ROWEL",RES2,240,1
2421,2020090765,"BAYANI, RODRIGO",RES2,240,1
2422,2020090766,"CUSTAN, JESSIE",RES4,240,1
2423,2020090767,"MONTALBAN, DOMINADOR",RES2,240,1
2424,2020090768,"LOMOT, EMELDA",RES1,240,1
2425,2020090770,"LUMOT, TEOTIMO",RES1,240,1
2426,2020090775,"SEGUROS, TITO N.",RES1,240,1
2427,2020090780,"LOMOT, ROSENDO",RES1,240,1
2428,2020090785,"METRAN, PATROCENIA M.",RES1,240,1
2429,2020090790,"DANDAN, EUFRACIO",RES1,240,1
2430,2020090795,"CAMPOMAYOR, LYNE D.",RES1,240,1
2431,2020090800,"EMNAS, REYNALDO",RES4,240,1
2432,2020090801,"BURI, YOLANDA",RES2,240,1
2433,2020090802,"ALEGADO, CARLITO",RES2,240,1
2434,2020090804,"LOMOT, JORGE",RES1,240,1
2435,2020090805,"PORRAL, CRISANTO",RES3,240,1
2436,2020090806,"DELIMA, MARISSA T.",RES1,240,1
2437,2020090810,"OBERO, JUAN",RES3,240,1
2438,2020090815,"NARTEA, MILA",RES1,240,1
2439,2020090825,"DADULLA, TEODORO",RES4,240,1
2440,2020090830,"MIRANDA, ELENA",RES4,240,1
2441,2020090835,"DELA PEÑA, ASER L.",RES1,240,1
2442,2020090845,"ROSALES, REYNALDO N.",RES1,240,1
2443,2020090850,"MISA, DESEDERIO",RES4,240,1
2444,2020090855,"SALAZAR, NILO",RES1,240,1
2445,2020090860,"NALDO, ROSALEA",RES2,240,1
2446,2020090865,"TAN, ESTANLEY R.",RES3,240,1
2447,2020090870,"MISA, LINO",RES4,240,1
2448,2020090871,"LLOREN, ALFONSO",RES2,240,1
2449,2020090872,"DASIGAN, LISA",RES2,240,1
2450,2020090873,"PONTILLAN, ELIZABETH L.",RES1,240,1
2451,2020090875,"SABAY, ARWIN S.",RES1,240,1
2452,2020090880,"LAVILLA, LUZ NALDO",RES1,240,1
2453,2020090885,"LOMOT, ROMUALDO N.",RES1,240,1
2454,2020090890,"NALDO, OSCAR",RES1,240,1
2455,2020090897,"AGNER, VICTOR",RES2,240,1
2456,2020090898,"BATALLA, ROMEO",RES3,240,1
2457,2020090899,"ABANILLA, EUTIQUIO JR.",RES2,240,1
2458,2020090900,"METRAN, MOISES",RES2,240,1
2459,2020090901,"FAMOR, NELLY",RES2,240,1
2460,2020090902,"NALDO, EVA",RES1,240,1
2461,2020090905,"FALLORINA, EDDIE",RES2,240,1
2462,2020090906,"NAAGAS, ALBERTO",RES4,240,1
2463,2020090907,"MARTINEZ, MARINA",RES1,240,1
2464,2020090910,"NAAGAS, WILFREDO",RES2,240,1
2465,2020090920,"METRAN, MOISES",RES1,240,1
2466,2020090923,BRGY. HALL,PB,240,1
2467,2020090924,"FRANCISCO, MARLENE",RES1,240,1
2468,2020090925,"DE LA PENA, DANNY",RES1,240,1
2469,2020090930,"NIVERA, R./NAAGAS, FORTUNATA",RES1,240,1
2470,2020090935,"DELIMA, MARIDEL T.",RES2,240,1
2471,2020090940,"METRAN, ROLITO",RES2,240,1
2472,2020090945,"DARNAYLA, NANCY B.",RES1,240,1
2473,2020090950,"DE LA PENA, MANUEL",RES4,240,1
2474,2020090952,"DABLO, ROSA",RES1,240,1
2475,2020090955,"DANDAN, RICARDO",RES1,240,1
2476,2020090957,"COMENDO, PACITA",RES1,240,1
2477,2020090960,"MERCOLITA, LEONARDO",RES3,240,1
2478,2020090965,"DELA CERNA, GENE KAREN S.",RES2,240,1
2479,2020090975,"SALUDAR, ANTONIO B.",RES1,240,1
2480,2020090980,"VEGA, FELICITAS",RES1,240,1
2481,2020090985,"FLORENDO, AURELIA B.",RES1,240,1
2482,2020090990,"ARPON, ROQUE",RES2,240,1
2483,2020091000,"BATALIA, ADELAIDA",RES1,240,1
2484,2020091001,"NICDAO, DOMINGA",RES1,240,1
2485,2020091002,"BALQUIN, ADOLFO",RES4,240,1
2486,2020091004,"SIGUROS, PERPETUA",RES1,240,1
2487,2020091008,"LLOVIRAS, TROPONIA",RES1,240,1
2488,2020091010,"NALDO, F./ LONGNO, MAURICIO",RES3,240,1
2489,2020091011,"AZORES, BONIFACIO",RES1,240,1
2490,2020091012,"YAPAN, NOEL",RES3,240,1
2491,2020091013,"LAGARIZA, JUDY",RES4,240,1
2492,2020091015,"SIAPO, GINA",RES2,240,1
2493,2020091020,"BATALIA, JOSE JR.",RES4,240,1
2494,2020091025,"AÑONUEVO, MYRA MAY M.",RES1,240,1
2495,2020091030,"OLEDAN, SALVADOR",COM1,240,1
2496,2020091035,"UMPACAN, FREDDIE B.",RES1,240,1
2497,2020091045,"CAUBALEJO, MADONNA R.",RES1,240,1
2498,2020091050,"ALCOSIBA, EDDIE",RES1,240,1
2499,2020091052,"AZORES, GLORIA",RES2,240,1
2500,2020091055,"ARIATE, BENELYN",RES2,240,1
2501,2020091065,"AVESTRUZ, KANDY ELLEN Q.",RES2,240,1
2502,2020091070,"AZORES, I?EGO",RES2,240,1
2503,2020091080,"VILLANGCA, V./SERRANO, MARIA",RES4,240,1
2504,2020091082,"CORPIN, CORNELIA",RES3,240,1
2505,2020091085,"CAMPOMAYOR, JEREMIAS",RES1,240,1
2506,2020091090,"AZORES, GREGORIA",RES2,240,1
2507,2020091095,"GRAMA, MADEL M.",RES1,240,1
2508,2020091100,"JUSTIMBASTE, VIVENCIO",RES2,240,1
2509,2020091105,"MUTYA, JOVITO",RES1,240,1
2510,2020091110,"SUMALINOG, TERESITA",RES2,240,1
2511,2020091115,"SEGUROS, EVELYN D.",RES3,240,1
2512,2020091120,"BALDONADO, BERNARDO",RES1,240,1
2513,2020091125,"BAYANI, ELISA C.",RES1,240,1
2514,2020091130,"AZORES, NILA",RES2,240,1
2515,2020091131,"NALDO, MATEO",RES3,240,1
2516,2020091137,"NAAGAS, LYNNE",RES2,240,1
2517,2020091140,"SIOS-E, CRISPIN",RES1,240,1
2518,2020091141,"LEGO, LEONARDO",RES2,240,1
2519,2020091145,"NICDAO, NORALYN V.",RES2,240,1
2520,2020091150,"FALGUERA, LEO",RES4,240,1
2521,2020091155,"SIAPO, EMELIA",RES3,240,1
2522,2020091157,"CA?EZAL, NORELYN",RES4,240,1
2523,2020091158,"SIOS-E, ANGELITO",RES2,240,1
2524,2020091160,"CANE, RECHELL L.",RES3,240,1
2525,2020091165,"GLER, RIO C.",RES4,240,1
2526,2020091175,"NAVAL, CELESTINO",RES1,240,1
2527,2020091176,"RIEL, CRISANTO",RES1,240,1
2528,2020091186,"NAPOLES, RODOLFO",RES1,240,1
2529,2020091187,"LEGO, EVELYN",RES3,240,1
2530,2020091190,"MISA, JOSEPH",RES4,240,1
2531,2020091192,"SALAZAR, JERRY",RES1,240,1
2532,2020091193,"OBANA, TEOFILA A./FLORENTINO",RES3,240,1
2533,2020091194,"TAMAYO, ROGELIO",RES1,240,1
2534,2020091195,"OBANA, FLORENTINO",RES1,240,1
2535,2020091197,"MACALINAO, STEVENSON",RES1,240,1
2536,2020091199,"DOSAL, RONELIO",RES1,240,1
2537,2020091200,"OBANA, LOURDES",RES4,240,1
2538,2020091210,"OBANA, GLORIA JAMOSMOS",RES4,240,1
2539,2020091213,"OBANA, FREDESWENDO",RES2,240,1
2540,2020091214,"MENDOZA, JOSEPHINE V./RANILO",RES1,240,1
2541,2020091225,"BENIS, ROMMEL P.",RES3,240,1
2542,2020091230,"AZORES, REYNALDO",RES2,240,1
2543,2020091231,"LAURON, JOCELYN O.",RES1,240,1
2544,2020091235,"OBANA, CARMELITA",RES3,240,1
2545,2020091240,"OBAOB, WILMA",RES1,240,1
2546,2020091245,"MAKABENTA, LIZA G.",RES1,240,1
2547,2020091250,"METRAN, NEMESIO",RES1,240,1
2548,2020091251,"ROXAS, REMELYN R./NOE",RES1,240,1
2549,2020091255,"VARGAS, HENRY",RES1,240,1
2550,2020091270,"GRAMA, DELIA",RES3,240,1
2551,2020091275,"TUMULAK, MARIO",RES2,240,1
2552,2020091280,"GRANADOS, SAMUEL",RES4,240,1
2553,2020091283,"VARGAS, VICTORIA",RES4,240,1
2554,2020091285,"POTOLIN, FLORENTINO",RES1,240,1
2555,2020091286,"LAURON, HELEN R.",RES1,240,1
2556,2020091289,"VEGA, LYDIA",RES1,240,1
2557,2020091290,"SENINING, ROSALIE",RES1,240,1
2558,2020091292,"CAMBE, MYRRA",RES1,240,1
2559,2020091294,"CASTILLO, MARISSA",RES1,240,1
2560,2020091299,"SADJE, JEREICO",RES1,240,1
2561,2020091300,"CABALLES, LOLITA",RES1,240,1
2562,2020091305,"LABORES, VICENTE",RES1,240,1
2563,2020091306,"HENOGUIN, PEDRO",RES1,240,1
2564,2020091308,"VEGA, SUSANA",RES2,240,1
2565,2020091309,"SELORIO, GIDEON",RES1,240,1
2566,2020091310,"SABENARIO, REBECCA",RES3,240,1
2567,2020091312,"METRAN, DIOSDADO",RES1,240,1
2568,2020091313,"NIEGAS, SALVADOR",RES3,240,1
2569,2020091314,"METRAN, RICKY",RES3,240,1
2570,2020091318,"FALLER, RENATO",RES4,240,1
2571,2020091320,"BAUTISTA, JONALYN",RES1,240,1
2572,2020091322,"SIDOL, LUZVIMINDA M.",RES1,240,1
2573,2020091325,"RABACIO, PEDRO L.",RES1,240,1
2574,2020091330,"ELBORE, JAYSON ROSITE",RES1,240,1
2575,2020091335,"LABRADORES, ROMEL B.",RES1,240,1
2576,2020091340,"RIMANDIMAN, TARCELITA S.",RES1,240,1
2577,2020091350,"BERSANO, LITA L.",RES1,240,1
2578,2020091355,"YABAO, TERESITA A.",RES3,240,1
2579,2020091360,"REPOLLES, MARCIAL V.",RES1,240,1
2580,2020091370,"LAURON, NORMAN R.",RES1,240,1
2581,2020091390,"PALANAS, MARISSA L.",RES1,240,1
2582,2020091395,"BLANCIA, MARTIN O.",RES1,240,1
2583,2020091400,"AMORIN, GLORIA O.",RES1,240,1
2584,2020091405,"ROSALES, MARIBEL A.",RES2,240,1
2585,2020091410,"OLEDAN, ROMEO N.",RES1,240,1
2586,2020091420,"VEGA, ORLANDO B.",RES1,240,1
2587,2020091425,"RETUBAR, RAFAEL R.",RES1,240,1
2588,2020091435,"DANDAN, MELANIE O.",RES1,240,1
2589,2020091440,"RODRIGUES, JOB P., JR.",RES1,240,1
2590,2020091455,"ROSALES, FELICIDAD M.",RES1,240,1
2591,2020091460,"LOMOT, EMILIO D.",RES1,240,1
2592,2020091480,"SABENARIO, RODEL N.",RES1,240,1
2593,2020091485,"OBAOB, ALBERTO C.",RES1,240,1
2594,2020091495,"ROSALES, MARISSA N.",RES1,240,1
2595,2020091505,"ORIOL, ROGELIO F.",RES1,240,1
2596,2020091510,"ABELIARE, CYNTHIA G.",RES1,240,1
2597,2020091515,"EBINA, ROMEO F.",RES2,240,1
2598,2020091520,"CUÑA, JERVIE V.",RES1,240,1
2599,2020091525,"TILAN, ANGELES B.",RES1,240,1
2600,2020091530,"NICDAO, LUIS M.",RES1,240,1
2601,2020091540,"DELANTAR, ILUMINADA R.",RES2,240,1
2602,2020091542,"LOMOT, REBY D.",RES1,240,1
2603,2020091543,"TICOY, NELSON M.",RES1,240,1
2604,2020091544,"SABAY, DARWIN S.",RES1,240,1
2605,2020091546,"DAPITON, REYNALDO N.",RES1,240,1
2606,2020091547,"AGUILAR, JENNIFER I.",RES1,240,1
2607,2020091549,"RESCO, AILYN D.",RES1,240,1
2608,2020091551,"FLORENDO, EDWIN B.",RES1,240,1
2609,2020091552,"LAURA, JUCY N.",RES1,240,1
2610,2020091553,"SALAZAR, SOTERO C., JR.",RES1,240,1
2611,2020091556,"AZORES, NILDA NICOL",RES1,240,1
2612,2020091557,"POTOLIN, CRISTY RENDORA",RES2,240,1
2613,2020091558,"TAMAYO, JOCELYN NARIDO",RES3,240,1
2614,2020091559,"MENDOZA, MARIA ELANIE GRANATES",RES2,240,1
2615,2020091560,"SABAY, NEZEL DUAVES",RES1,240,1
2616,2020091562,"TRYAN, RYAN CAUBALEJO",RES1,240,1
2617,2020091564,"ARGUELLES, IÑIGO JR. ACEBO",RES1,240,1
2618,2020091566,"NALDO, JOYLANE BATALLA",RES1,240,1
2619,2020091567,"JALOBER, SUSANA C.",RES1,240,1
2620,2020091569,"DAPITON, DENNIS JR L",RES1,240,1
2621,2020091570,"NARIDO, JOSEFINA L",RES1,240,1
2622,2020091571,"FALLER, MELANIE N.",RES1,240,1
2623,2020091572,"VERZOSA, REYNALDO RETANAL",RES1,240,1
2624,2020091573,"ALALAY, MARIA CRISTINA T.",RES1,240,1
2625,2020100005,"MARQUEZ, ARTURO",RES1,240,1
2626,2020100006,"MARQUEZ, ROMEO",RES3,240,1
2627,2020100051,"ALIDO, ANGEL",RES1,240,1
2628,2020100053,"MALATE, EMELIE",RES2,240,1
2629,2020100055,"MARQUEZ, ARTURO",RES4,240,1
2630,2020100056,"LOPEZ, MARCELA",RES1,240,1
2631,2020100060,"BASEA, TITO",RES4,240,1
2632,2020100070,"MALATE, GUILLERMO",RES1,240,1
2633,2020100080,"MOLO, DOMINADOR",RES2,240,1
2634,2020100095,"PACITES, ROWENA",RES1,240,1
2635,2020100100,"BACATAN, AGUSTINA",RES1,240,1
2636,2020100105,"BENUSA, REYNALDO",RES3,240,1
2637,2020100110,"NARIDO, CERILO",RES1,240,1
2638,2020100120,"BASILAN, ANGELA",RES3,240,1
2639,2020100125,"MAALA, MEDIETA",RES2,240,1
2640,2020100126,"GABIETA, PEDRO JR.",RES2,240,1
2641,2020100129,"PILAPIL, GLORIA",RES1,240,1
2642,2020100130,"ALOB, ANACORITA",RES3,240,1
2643,2020100132,BRGY. HALL/ DAY CARE CENTER/CAMPOSA,PB,240,1
2644,2020100135,"ARINTOK, ROMEO",RES1,240,1
2645,2020100137,"CARBA, MARISSA",RES2,240,1
2646,2020100155,"PALIMA, JOSEPHINE N./DELIO",COM1,240,1
2647,2020100160,"MOVIDO, ANIANA",RES1,240,1
2648,2020100165,"CUESTA, EMELIO R./VIRGINIA",RES1,240,1
2649,2020100170,"LIGUTAN, LEOPOLDO",RES4,240,1
2650,2020100175,"REPOSAR, ANALITA",RES1,240,1
2651,2020100180,"BENTOLAN, LILIA",RES2,240,1
2652,2020100185,"RESTORQUE, ANALYN E.",RES1,240,1
2653,2020100194,"BACARISAS, FLORA",RES3,240,1
2654,2020100195,"ALIDO, BENJAMIN JR.",RES3,240,1
2655,2020100196,"PACITES, EDITHA",RES1,240,1
2656,2020100205,"CERRO, ISAGANI",RES1,240,1
2657,2020100210,"RESCO, CELSO",RES1,240,1
2658,2020100215,"OLEDAN, LEONORA P.",RES2,240,1
2659,2020100220,"DAVOCOL, ARTURO",RES1,240,1
2660,2020100225,"LIGUTAN, FEDERICO/ALOB, TERESITA",RES1,240,1
2661,2020100230,"MARQUEZ, ARTURO",RES3,240,1
2662,2020100231,"OLEDAN, MIGUEL",RES2,240,1
2663,2020100238,"MAKABENTA, ANIANO",RES1,240,1
2664,2020100240,"LIANZA, EVELINA",RES1,240,1
2665,2020100245,"GUNABE, ALMA A.",RES3,240,1
2666,2020100250,"VILLONES, MARIA",RES1,240,1
2667,2020100260,"BANZUELO, GLEN",RES4,240,1
2668,2020100270,"ALOB, LEONILA",RES3,240,1
2669,2020100275,"ABORCA, EMELINDA O.",RES3,240,1
2670,2020100280,"BACARISAS, ALBERTO",RES4,240,1
2671,2020100290,"OLEDAN, BIENVINIDA",RES1,240,1
2672,2020100300,"ALOB, TEODORA",RES3,240,1
2673,2020100305,"FLORES, CAMILA",RES1,240,1
2674,2020100310,"ALOB, LEON",RES1,240,1
2675,2020100320,"MARQUEZ, ARTURO",RES1,240,1
2676,2020100325,"HOMERES, EMMANUEL T.",RES2,240,1
2677,2020100330,"DRILON, PERFECTO",RES2,240,1
2678,2020100335,"PEÑARANDA, IRENE O.",RES2,240,1
2679,2020100345,"LOPEZ, JOEL D.",RES2,240,1
2680,2020100350,"DACOYCOY, SALVACION",RES2,240,1
2681,2020100355,"BALAIS, MYLENE P.",RES2,240,1
2682,2020100360,"ANTOC, ARTURO JR. P.",RES1,240,1
2683,2020100365,"CAPILI, JULIE O.",RES1,240,1
2684,2020100370,"OLEDAN, LETECIA J.",RES2,240,1
2685,2020100375,"OLEDAN, RUDY",RES1,240,1
2686,2020100380,"FLORES, ADOLFO",RES2,240,1
2687,2020100385,"MARQUEZ, ARTURO U.",RES1,240,1
2688,2020100390,"MAKABENTA, CARIDAD",RES2,240,1
2689,2020100395,"VILLALINO, EVANGELINE",RES1,240,1
2690,2020100400,"BACARISAS, DOMINADOR C/O MENDEZ, DAYAN",RES3,240,1
2691,2020100405,"OLEDAN, BERT",RES1,240,1
2692,2020100410,"FLORES, AMPILO",RES2,240,1
2693,2020100412,"DRILON, TESSIE",RES1,240,1
2694,2020100414,"PEREZ, GERARDO",RES4,240,1
2695,2020100420,"MAKABENTA, LUISA",RES2,240,1
2696,2020100435,"PACITES, JOEL REY B.",RES2,240,1
2697,2020100445,"MARQUEZ, ARTURO",RES1,240,1
2698,2020100450,"FLORES, JESUS",RES4,240,1
2699,2020100475,"DACOYCOY, REY P.",RES1,240,1
2700,2020100480,"ALOB, JOSE",RES2,240,1
2701,2020100485,"ALOB, EDUARDO O.",RES3,240,1
2702,2020100490,"LARRAGA, VISITACION",RES4,240,1
2703,2020100505,"MOLO, CLETO L.",RES1,240,1
2704,2020100515,"PARENA, ERLINDA",RES3,240,1
2705,2020100530,"CANDAZA, ROSITA",RES4,240,1
2706,2020100540,"DACOYCOY, CLARA",RES1,240,1
2707,2020100545,"MARQUEZ, PASTOR",RES2,240,1
2708,2020100550,"NAVORA, VISITACION",RES1,240,1
2709,2020100555,"RIEL, DANTE, N.",RES1,240,1
2710,2020100560,"OLEDAN, LEONARDO JR.",RES4,240,1
2711,2020100570,"OLEDAN, SANDE CUESTA",RES2,240,1
2712,2020100580,"GIBAN, ROSALINA",RES3,240,1
2713,2020100590,"BACALTOS, ERLINDA",RES3,240,1
2714,2020100600,"ORIOL, ANGEL",RES2,240,1
2715,2020100610,"OLEDAN, ROSALINDA",RES3,240,1
2716,2020100620,"FLORES, SIMEONA",RES3,240,1
2717,2020100630,"PASCUAL, ANTONIO JR.",RES4,240,1
2718,2020100640,"NOVILLA, JONATHAN",RES4,240,1
2719,2020100645,"VILLANUEVA, ANDRES",RES2,240,1
2720,2020100650,"QUEBEC, DELFIN",RES1,240,1
2721,2020100660,"NOVILLA, CLARENCE",RES4,240,1
2722,2020100670,"NOVILLA, SARAH",RES1,240,1
2723,2020100680,"PASCUAL, RUFINO",RES2,240,1
2724,2020100685,"MAKABENTA, ERIC",RES3,240,1
2725,2020100690,"CORDEL, JULIAN",RES1,240,1
2726,2020100700,"PASCUAL, ARTHUR",RES1,240,1
2727,2020100710,"PASCUAL, LILIAN",RES3,240,1
2728,2020100730,"RAMOS, LOTA",RES4,240,1
2729,2020100740,"DACALLOS, GERARDO",RES4,240,1
2730,2020100745,"DACALLOS, CHARITO",RES4,240,1
2731,2020100750,"PASCUAL, DANNY",RES1,240,1
2732,2020100755,"PERENA, JIMMY",RES2,240,1
2733,2020100760,"GOZON, YOLANDO",RES4,240,1
2734,2020100770,"PASCUAL, BEATRIZ VDA. DE",RES1,240,1
2735,2020100775,"DACUDAG, RUFINA",RES2,240,1
2736,2020100780,"PASCUAL, NAPOLEON A.",RES3,240,1
2737,2020100790,"PASCUAL, ALFREDO",RES3,240,1
2738,2020100800,"CHAPEL C/O BARDELOSA, SOTERO",PB,240,1
2739,2020100810,"ALOB, DELIA",RES3,240,1
2740,2020100811,"OLEDAN, JULIUS",RES3,240,1
2741,2020100812,"SARCILLA, EMELIANO",RES4,240,1
2742,2020100815,"CORDEL, LEONILA",RES2,240,1
2743,2020100820,"OROGAN, DOMINADOR",RES2,240,1
2744,2020100825,"LOPEZ, GENNE",RES1,240,1
2745,2020100830,"BALAHAY, FEDILA",RES2,240,1
2746,2020100831,"AGAN, LUISA",RES1,240,1
2747,2020100832,"OLEDAN, MARISSA",RES1,240,1
2748,2020100833,"BERGAVERA, EVANGELINE",RES3,240,1
2749,2020100834,"DACALLOS, CRISTINA",RES2,240,1
2750,2020100840,"REYES, ELESEO",RES4,240,1
2751,2020100850,"DAVOCOL, OSCAR",RES2,240,1
2752,2020100860,"SARCILLA, BETTY",RES1,240,1
2753,2020100880,"DACALLOS, MICHAEL",RES2,240,1
2754,2020100900,"LACANARIA, ANTONIO",RES3,240,1
2755,2020100910,"DACOYCOY, RESTITUTO",RES4,240,1
2756,2020100920,"RAMOS, GREGORIA",RES2,240,1
2757,2020100925,"OLEDAN, GREGORIO",RES1,240,1
2758,2020100930,"BERCERO, PURITA",RES3,240,1
2759,2020100935,"QUEBEC, MAXIMINA",RES4,240,1
2760,2020100940,"CRISOSTOMO, MARIA",RES2,240,1
2761,2020100950,"AGUILAR, RICARDO",RES4,240,1
2762,2020100960,"AGUILAR, RODRIGO",RES3,240,1
2763,2020100970,"NIVERA, YSLETO",RES3,240,1
2764,2020100975,"UMBAY, PROSPERO",RES2,240,1
2765,2020101000,"GUNABE, EPIFANIA",RES4,240,1
2766,2020101010,"GUNABE, FEDERICO",RES1,240,1
2767,2020101020,"OLEDAN, OSCAR",RES3,240,1
2768,2020101036,"ABALLA, DELIA",RES1,240,1
2769,2020101041,"CANDAZA, CONCHITA",RES3,240,1
2770,2020101045,"GARCIA, VIRGENIA",RES1,240,1
2771,2020101060,"JOSECO, FAUSTINO",RES1,240,1
2772,2020101080,"CABASE, NOEL",RES1,240,1
2773,2020101081,"ALIDO, ALJUN B.",RES1,240,1
2774,2020101083,"GARIANDO, CLOTILDE D.",RES1,240,1
2775,2020101086,"FLORES, LEVIE ORIOQUE",RES1,240,1
2776,2020110010,"GARCIA, JOVITA",RES1,240,1
2777,2020110020,"LIROM, JESUS",RES1,240,1
2778,2020110035,"MCQUAY, AURORA",RES1,240,1
2779,2020110040,"SABINO, GAUDENCIO",RES4,240,1
2780,2020110045,"HINGABAY, VICENTE",RES2,240,1
2781,2020110050,"MISAGAL, ILUMINADA",RES3,240,1
2782,2020110051,"FIJI, NAHUM",RES3,240,1
2783,2020110052,"LIROM, JOSEPH O./NARISSA",RES1,240,1
2784,2020110053,"VILLALINO, CECELIA",RES2,240,1
2785,2020110055,"VALUIS, VICENTE/NOVILLA, SARAH",RES1,240,1
2786,2020110056,"JOSECO, MELINDA",RES1,240,1
2787,2020110070,"CASALI, AURELIO",RES3,240,1
2788,2020110075,"CASERO, ROMULO",RES1,240,1
2789,2020110080,"MABAL, LOURDES",RES3,240,1
2790,2020110090,"MABAL, LOURDES",RES1,240,1
2791,2020110100,"JOSECO, ALFREDO, JR.",RES2,240,1
2792,2020110105,"PADULLA, VICTOR",RES2,240,1
2793,2020110110,"REYES, REMEDIOS",RES1,240,1
2794,2020110115,"REDOÑA, FERNANDO O.",RES3,240,1
2795,2020110120,"NARIDO, CECELIA",RES1,240,1
2796,2020110121,"DURANTE, MA PAZ",RES4,240,1
2797,2020110122,"CASTILLO, CATHERINE",RES1,240,1
2798,2020110123,"MAKABENTA, MAGDALINA",RES2,240,1
2799,2020110124,"MAKABENTA, ROLANDO A.",RES3,240,1
2800,2020110125,"DELA CRUZ, JENNIFER L.",RES1,240,1
2801,2020110135,"PONTILAN, ESPERANZA E.",RES1,240,1
2802,2020110145,"CANDAZA, JONATHAN Q.",RES1,240,1
2803,2020110150,"VILLALINO, MARIO",RES1,240,1
2804,2020110155,"REYES, REGINA",RES1,240,1
2805,2020110165,"RIVERA, JOAN E.",RES4,240,1
2806,2020110170,"ABEJAR, ANGELA",RES4,240,1
2807,2020110180,"DOLLETE, LEONILA",RES4,240,1
2808,2020110181,"SABIDO, LUISA R.",RES1,240,1
2809,2020110184,"AGUILON, ORLY",RES2,240,1
2810,2020110185,"SABIDO, ADELINA",RES2,240,1
2811,2020110195,"NOVILLA, ARPHIL B.",RES4,240,1
2812,2020110200,"OPLEDA, MANUEL",RES3,240,1
2813,2020110205,"BACATANO, ROSALYN B.",RES1,240,1
2814,2020110210,"ESCALA, LYDIA",RES4,240,1
2815,2020110215,"SABAY, BENJAMIN I. JR",RES2,240,1
2816,2020110220,"CASAS, FLORENCIA",RES1,240,1
2817,2020110225,"PASCUAL, CONCHITA B.",RES1,240,1
2818,2020110230,"OPLEDA, CONCHITA",RES1,240,1
2819,2020110235,"MODINA, PERLA A.",RES3,240,1
2820,2020110240,"FLORENDO, ANACORITA",RES2,240,1
2821,2020110245,"BASIERTO, VALENTINA D.",RES1,240,1
2822,2020110250,"MAKABENTA, BAUTISTA",RES2,240,1
2823,2020110255,"BACATANO, SALVACION B.",RES1,240,1
2824,2020110265,"REYES, ELMER B.",RES2,240,1
2825,2020110270,"ADVINCULA, ARTURO",RES3,240,1
2826,2020110272,"ARPON, CORAZON",RES2,240,1
2827,2020110275,"HIGUM, IMAJUREMEL C.",RES3,240,1
2828,2020110280,"TADIFA, LOURDES",RES3,240,1
2829,2020110285,"AGUNOS, FLOCERFIDA B.",RES2,240,1
2830,2020110290,"CANDAZA, ESTRELLA",RES2,240,1
2831,2020110295,"MAKABENTA, LETLET COLETA",RES3,240,1
2832,2020110296,"DOLLETE, LEO",RES1,240,1
2833,2020110300,"FLORENDO, MARIA",RES1,240,1
2834,2020110305,"CASERO, FLORENDA C.",RES1,240,1
2835,2020110310,"ORTULA, JOSEFA",RES4,240,1
2836,2020110315,"CANABE, RICHARD D.",RES2,240,1
2837,2020110320,"PERIDA, ALFREDO",RES3,240,1
2838,2020110325,"PASCUAL, NANCY",RES1,240,1
2839,2020110330,"DOLLETE, CONSTANCIO",RES4,240,1
2840,2020110335,"TAÑEGA, IRENE C.",RES1,240,1
2841,2020110340,"QUEBEC, BENJAMIN",RES2,240,1
2842,2020110345,"NOVILLA, ROHANNIE P.",RES3,240,1
2843,2020110350,"PASCUAL, SOCORRO",RES1,240,1
2844,2020110355,"MAKABENTA, PONCIANO",RES2,240,1
2845,2020110360,"ORDO?A, MATEO",RES2,240,1
2846,2020110362,"RANDALL, EDITHA",RES4,240,1
2847,2020110365,"REDONA, DANILO",RES3,240,1
2848,2020110370,"PASCUAL, RODOLFO",RES3,240,1
2849,2020110371,"PASCUAL, RICARDO",RES4,240,1
2850,2020110372,"MISAGAL, FRANCISCO",RES2,240,1
2851,2020110375,"DACOYCOY, CLARA",RES3,240,1
2852,2020110376,"ALBESA, ALMA",RES2,240,1
2853,2020110380,"ALBERCA, BELINDA",RES4,240,1
2854,2020110385,"ORTULA, CRYSTAL M.",RES1,240,1
2855,2020110390,"ORIOQUE, PONCIANO",RES2,240,1
2856,2020110395,"ESPOS, JONATHAN A.",RES2,240,1
2857,2020110400,"OPLEDA, TEODORO",RES3,240,1
2858,2020110405,"CANABE, LETICIA Q.",RES3,240,1
2859,2020110410,"OPLEDA, CARMEN",RES1,240,1
2860,2020110415,"QUEBEC, DELFIN D. JR.",RES3,240,1
2861,2020110420,"SARCILLA, GENARO",RES2,240,1
2862,2020110425,"ETONG, LOURDES",RES4,240,1
2863,2020110430,"ITONG, CORAZON",RES3,240,1
2864,2020110435,"CANABE, MARIBETH F.",RES1,240,1
2865,2020110440,"DAGANASOL, ROSARIO",RES2,240,1
2866,2020110445,"AGUILOS, MA. ELMA",RES2,240,1
2867,2020110448,"CANDAZA, WILFREDO",RES1,240,1
2868,2020110450,"DAGANASOL, DOROTEA",COM1,240,1
2869,2020110455,"VILBAR, BRENDA O.",RES1,240,1
2870,2020110460,"ESPOS, RUFO",RES1,240,1
2871,2020110464,"TADEFA, CAROLINA",RES3,240,1
2872,2020110470,"OBAOB, MATERNO",RES4,240,1
2873,2020110471,"SORIMA, RIZA",RES1,240,1
2874,2020110472,"OBAOB, VIVIAN",RES4,240,1
2875,2020110475,"PASCUAL, LUISA",RES3,240,1
2876,2020110480,"PASCUAL, PEDRO",RES2,240,1
2877,2020110483,"SEVILLA, RUSSEL",RES1,240,1
2878,2020110490,"PASCUAL, FLORENDA",RES1,240,1
2879,2020110495,"PASCUAL, CONSORCIA",RES1,240,1
2880,2020110505,"HIDALGO, PAULITO O.",RES1,240,1
2881,2020110510,"CANABE, TIRSO JR.",RES3,240,1
2882,2020110511,"LIPORADA, CLARA/VILBAR, GARY",RES3,240,1
2883,2020110512,"DOBLON, CYNTHIA",RES3,240,1
2884,2020110515,"JOSECO, MARY JANE B.",RES1,240,1
2885,2020110525,"APOSTOL, CRISELDA M.",RES3,240,1
2886,2020110530,"GUINDAPUNAN ELEM. SCH./FERNANDEZ, C.",PB,240,1
2887,2020110535,"ORA, RADIGONDA",RES3,240,1
2888,2020110536,"SYDIONGCO, SALOME",RES2,240,1
2889,2020110537,"IRLANDEZ, ELENA",RES2,240,1
2890,2020110540,"ELIZON, MATILDE",RES3,240,1
2891,2020110545,"ELIZON, LEONORA",RES4,240,1
2892,2020110550,"GUNABE, OSCAR",RES1,240,1
2893,2020110555,"SABILLO, GLENN",RES4,240,1
2894,2020110565,"LIROM, MERNIE B.",RES1,240,1
2895,2020110570,"FERNANDEZ, ROMEO",RES2,240,1
2896,2020110580,"SEGADOR, MAXIMA",RES1,240,1
2897,2020110585,"ORDONA, ERMA",RES1,240,1
2898,2020110600,"CANDARE, CARINA",RES2,240,1
2899,2020110605,"LIANZA, REBECCA P.",RES1,240,1
2900,2020110610,"NOVILLA, AMELIA",RES3,240,1
2901,2020110611,"LUCE?O, ARIENE N.",RES2,240,1
2902,2020110613,"CRISOSTOMO, OTHELIO",RES4,240,1
2903,2020110614,"MADERAZO, FLORENCIA",RES4,240,1
2904,2020110615,"ELIZON, FLORANTE",RES1,240,1
2905,2020110620,"HIGUM, OLIMPIA",RES4,240,1
2906,2020110625,"MOLO, MEMORACION",RES1,240,1
2907,2020110630,"MADERAZO, MARK L.",RES4,240,1
2908,2020110635,LEYTE CABLE TV NETWORK,COM1,240,1
2909,2020110640,"BARDELOSA, SOTERO",RES2,240,1
2910,2020110645,"LENZO, MARINA V.",RES2,240,1
2911,2020110650,"ELIZON, CONCEPCION",RES1,240,1
2912,2020110655,"SOTOMAYOR, ROSE MAE C.",RES4,240,1
2913,2020110660,"ELIZON, MATILDE",RES1,240,1
2914,2020110665,"HIGUM, CLARA P.",RES1,240,1
2915,2020110670,"RAMOS, GREGORIA",RES4,240,1
2916,2020110675,"PASAY, MIGUEL C.",RES1,240,1
2917,2020110680,"DARNAYLA, ESMERALDO",RES3,240,1
2918,2020110681,"OPLEDA, GERALDINE",RES1,240,1
2919,2020110682,"LEROM, SNOOKY",RES1,240,1
2920,2020110683,"ELIZON, EMILYN",RES2,240,1
2921,2020110684,"BARDELOSA, SOTERO",RES1,240,1
2922,2020110685,"DAYCARE CENTER/CRISOSTOMO, ERNESTO",PB,240,1
2923,2020110690,"CRISOSTOMO, TRINIDAD",RES4,240,1
2924,2020110695,"CRISOSTOMO, ROLANDO Q.",RES1,240,1
2925,2020110700,"PASCUAL, RAUL",RES4,240,1
2926,2020110710,"GUASIS, JOSEPHINE",RES1,240,1
2927,2020110715,"PASCUAL, NOEL",RES2,240,1
2928,2020110718,"ESPINA, FRANCISCO",RES3,240,1
2929,2020110720,"PONTILLAN, EDMUNDO",RES1,240,1
2930,2020110725,"ADVINCULA, REX C.",RES3,240,1
2931,2020110730,"CABANAS, SOLEDAD",RES3,240,1
2932,2020110740,"CANDAZA, DELFIN",RES1,240,1
2933,2020110745,"FLORES, ADORITA P.",RES2,240,1
2934,2020110750,"ORTULA, MILAGROS",RES3,240,1
2935,2020110760,"LLOSE, ARTURO",RES4,240,1
2936,2020110770,"FALGUERA, TERENCIA",RES1,240,1
2937,2020110780,"LARRAGA, ALEJANDRITO",RES1,240,1
2938,2020110781,"SOLAR, ELIZABETH",RES4,240,1
2939,2020110783,"ORDO?A, NILDA",RES2,240,1
2940,2020110790,"MONTEDERAMOS, GENOVIVA",RES4,240,1
2941,2020110800,"CABELLO, BENJAMIN",RES4,240,1
2942,2020110805,"HIDALGO, ANTONIO",RES2,240,1
2943,2020110806,"PARROCHO, MARICEL E.",RES1,240,1
2944,2020110810,"ORIOL, CASIMERO",RES3,240,1
2945,2020110815,"SEGADOR, DAYRIN F.",RES1,240,1
2946,2020110822,"DADACAY, CECELIA",RES3,240,1
2947,2020110830,"CANDARE, AVELINO",RES4,240,1
2948,2020110840,"CAPILI, LINA",RES1,240,1
2949,2020110842,"CANDARE, SEMEONA",RES1,240,1
2950,2020110845,"CANDARE, EDUARDO",RES1,240,1
2951,2020110846,"LIMCHAYPO, PERFECTO",RES3,240,1
2952,2020110850,"DAGANASOL, PEDRO",RES1,240,1
2953,2020110851,"CANABE, NELLY A.",RES1,240,1
2954,2020110852,"ANTONIO, DOLORES",RES1,240,1
2955,2020110855,"GALSIM, AIDA",RES3,240,1
2956,2020110857,"ORDOÑA, PERLA RIEL",RES1,240,1
2957,2020110858,"BRIER, AMY E.",RES1,240,1
2958,2020110860,"BRIER, RITA",RES1,240,1
2959,2020110861,"PERUDA, MARIA B.",RES1,240,1
2960,2020110879,"AGOT, RAMIL",RES1,240,1
2961,2020110880,"MAKABENTA, AURORA",RES1,240,1
2962,2020110881,"CANTIVIROS, NORMA",RES1,240,1
2963,2020110882,"URMENETA, DIOSELA",RES1,240,1
2964,2020110883,"MACALINAO, PAULINE",RES1,240,1
2965,2020110884,"URMENETA, CONRADO C. SR.",RES2,240,1
2966,2020110886,"CUMPA, PAZ",RES2,240,1
2967,2020110890,"ESPOS, DIOMEDES",RES2,240,1
2968,2020110900,"ESPOS, FRANCISCA",RES3,240,1
2969,2020110910,"AGUNOS, ROSIE",RES4,240,1
2970,2020110920,"LIANZA, LETECIA",RES3,240,1
2971,2020110930,"AGUNOS, DAVID",RES1,240,1
2972,2020110931,"CANABE, MARIZA S.",RES1,240,1
2973,2020110935,"TADEFA, POLICARPIO",RES4,240,1
2974,2020110936,"ESLIRA, JANICE",RES3,240,1
2975,2020110940,"DAGANASOL, FELIX",RES1,240,1
2976,2020110950,"BRIER, PASTOR",RES4,240,1
2977,2020110960,"BUSTILLO, GERTRUDES",RES3,240,1
2978,2020110980,"SABAY, ALFREDO",RES2,240,1
2979,2020110990,"SABAY, DANIEL",RES1,240,1
2980,2020111000,"ETONG, SEVERO",RES3,240,1
2981,2020111020,"CUMPA, CESARIO",RES2,240,1
2982,2020111021,"LAURO, GERRY",RES2,240,1
2983,2020111022,"BACAY, LEA",RES2,240,1
2984,2020111023,"CAPALAR, JANE P.",RES3,240,1
2985,2020111030,"ANTONIO, DOLORES C.",RES3,240,1
2986,2020111033,"LARIDO, EUFREM",RES3,240,1
2987,2020111034,"OPLEDA, PERLITA",RES1,240,1
2988,2020111035,"MAKABENTA, TITO",RES1,240,1
2989,2020111037,"LARRAGA, MARIAN",RES3,240,1
2990,2020111038,"MAKABENTA, SONIA",RES1,240,1
2991,2020111039,"CAPALAR, LOUIE",RES3,240,1
2992,2020111040,"CABELLO, ROSITA",RES2,240,1
2993,2020111041,"MIRALLES, JOSEPHINE",RES1,240,1
2994,2020111042,"ABILAR, ANALYN C.",RES1,240,1
2995,2020111050,"ORDONA, BERNADETTE",RES4,240,1
2996,2020111053,"PERUDA, ELSA",RES1,240,1
2997,2020111057,"ORDO?A, REYNALDO",RES3,240,1
2998,2020111060,"ORDO?A, LEOPOLDO",RES1,240,1
2999,2020111070,"ORDO?A, ARTURO",COM2,240,1
3000,2020111076,"PASCUAL, MARLYN",RES1,240,1
3001,2020111080,"ORIOL, SOCORRO",RES1,240,1
3002,2020111085,"CONOS, MERLITA M./ROBERTO",RES1,240,1
3003,2020111090,"ORIOL, PASTORA",RES1,240,1
3004,2020111095,"URMENETA, CLETA",RES2,240,1
3005,2020111100,"BRIER, LILIA",RES2,240,1
3006,2020111104,"BRIER, JOSE",RES3,240,1
3007,2020111110,"BRIER, MATEA",RES1,240,1
3008,2020111126,"JOSECO, ANALIZA",RES3,240,1
3009,2020111133,"PASCUAL, LUTGARDA",RES1,240,1
3010,2020111136,"MINDA, DIGMAN HIDALGO",RES1,240,1
3011,2020111137,"ANDRADA, HELEN RAMOS",RES1,240,1
3012,2020111138,"CASALE, ROWENA I.",RES4,240,1
3013,2020111139,"CUBILLA, ALLAN L.",RES1,240,1
3014,2020111140,"QUILESTE, FELIPE T.",RES3,240,1
3015,2020120001,"TEJONES, VIRGIE",RES1,240,1
3016,2020120002,"ORIOL, EVELYN",RES1,240,1
3017,2020120005,"MIRANDA, CARLITO",RES1,240,1
3018,2020120009,"PERMEJO, RUFINA",RES1,240,1
3019,2020120010,"SABAY, ALFREDO",RES4,240,1
3020,2020120012,"NABUS, RODOLFO",RES3,240,1
3021,2020120013,"IREA, JUDITH",RES2,240,1
3022,2020120014,"URMENETA, LEONILA",RES1,240,1
3023,2020120017,"APOSTOL, TRINIDAD",RES2,240,1
3024,2020120018,"BRAVO, IVAN",RES1,240,1
3025,2020120019,"ZARTIGA, VANISSA",RES4,240,1
3026,2020120020,"DAVOCOL, ALFREDO",RES1,240,1
3027,2020120021,"PULGA, LOURDES",RES1,240,1
3028,2020120022,"FLORENDO, CORNELIO",RES1,240,1
3029,2020120024,"APOSTOL, TRINIDAD",RES1,240,1
3030,2020120027,"BACUNAWA, MATEA",RES2,240,1
3031,2020120029,"PULGA, DELITA",RES1,240,1
3032,2020120030,"ROCHA, JUAN",RES1,240,1
3033,2020120040,"DAVOCOL, GERARDO",RES1,240,1
3034,2020120050,"CELIS, VIRGINIA",RES1,240,1
3035,2020120051,"RACELA, IRIS B.                         ",RES4,240,1
3036,2020120070,"DAVOCOL, PIO",RES4,240,1
3037,2020120080,"DAVOCOL, RODULFO",RES4,240,1
3038,2020120081,"MIRANDA, NANITA",RES1,240,1
3039,2020120082,"LESIGUES, FRANCISCA",RES4,240,1
3040,2020120087,"ALVE, ALBERTO D.",RES4,240,1
3041,2020120088,"MISAGAL, MARIBEL",RES1,240,1
3042,2020120089,"LESIGUES, HILDA",RES4,240,1
3043,2020120090,"DAVOCOL, LUCILITA",RES2,240,1
3044,2020120091,"DOLLETE, EDDIE BOY",RES2,240,1
3045,2020120098,"PASCUAL, GREGORIO",RES4,240,1
3046,2020120100,"DAVOCOL, LIGAYA",RES2,240,1
3047,2020120102,"LESIGUES, LEAH",RES4,240,1
3048,2020120103,"LESIGUES, LILIBETH",RES4,240,1
3049,2020120104,"SALADO, MARIO",RES4,240,1
3050,2020120105,"ARTIAGA, ERLANDO L.",RES4,240,1
3051,2020120115,"GATFIELD, THELMA D.",RES4,240,1
3052,2020120120,"SANCHEZ, ALFONSO",RES4,240,1
3053,2020120125,"DRA. AVESTRUZ, LIWANAG",RES4,240,1
3054,2020120130,"ARTIAGA, ERLANDO",RES1,240,1
3055,2020120132,"ORTULA, ANTONIO",RES4,240,1
3056,2020120133,"TAYONI, RYAN",RES2,240,1
3057,2020120140,"DIGMAN, PABLO",RES2,240,1
3058,2020120141,"DIGMAN, PRUDENCIO",RES4,240,1
3059,2020120143,"OROGAN, ROGELIO",RES2,240,1
3060,2020120145,"MAKABENTA, EVELYN B.",RES1,240,1
3061,2020120148,"ALFARO, ANSELMO",COM1,240,1
3062,2020120150,"ORIOL, ZACARIAS",RES3,240,1
3063,2020120155,"AGUIRRE, MARILOU P./DALMACIO",RES1,240,1
3064,2020120160,"LEANO, EDUVIGIS",RES4,240,1
3065,2020120165,"OLEDAN, FELIX A.",RES1,240,1
3066,2020120170,"MAZO, NAPOLEON",RES3,240,1
3067,2020120175,"AVESTRUZ, ENRIQUE JR.",RES1,240,1
3068,2020120176,"DIGMAN, PABLO JR.",RES4,240,1
3069,2020120180,"AVESTRUZ, ENRIQUE",RES4,240,1
3070,2020120186,"SEMENIANO, CESARIO",RES4,240,1
3071,2020120187,"GAHUMAN, ROSALIE",RES3,240,1
3072,2020120190,"INSIGNE, PRESCILA",RES3,240,1
3073,2020120195,"PASCUAL, CARMELITA C.",RES1,240,1
3074,2020120200,"ABELLA, RICARDO",RES1,240,1
3075,2020120201,"MOLO, ANATOLIO",RES4,240,1
3076,2020120205,"BACATAN, TARCELA N.",RES2,240,1
3077,2020120210,"ORIOL, DELIA",RES1,240,1
3078,2020120215,"INSIGNE, EDUARDO A.",RES3,240,1
3079,2020120220,"BARQUES, RAFAELA",COM1,240,1
3080,2020120235,"DIGMAN, CAROLINA B./MARCELINO",RES1,240,1
3081,2020120245,"ARGUELLES, MARIBETH N./FRANCIS",RES1,240,1
3082,2020120250,"BACALTOS, LEONARDO",RES1,240,1
3083,2020120255,"MAZO, DONNELLY JAY F.",RES4,240,1
3084,2020120260,"NALDA, SABAS",RES2,240,1
3085,2020120265,"VILLALINO, ADOLFO C.",RES4,240,1
3086,2020120270,"CAPALAR, ENCARNACION",COM1,240,1
3087,2020120275,"DACOYCOY, NORBERTO B.",RES2,240,1
3088,2020120280,"CABELLO, GREGORIO",RES3,240,1
3089,2020120285,"DIGMAN, RONALD ALLAN O.",RES3,240,1
3090,2020120290,"MAHINAY, ANGELICA",RES2,240,1
3091,2020120295,"SABELA, LEONILA N.",RES2,240,1
3092,2020120300,"FLORENDO, MARCELA",RES1,240,1
3093,2020120310,"DADACAY, NARCISA",RES2,240,1
3094,2020120315,"DADACAY, DOMINGO",RES2,240,1
3095,2020120320,"GEGANTO, PABLO",RES2,240,1
3096,2020120323,"CABELIN, AMALIA A.",RES1,240,1
3097,2020120325,"SANTOS, DOLORES",RES2,240,1
3098,2020120330,"NEGADO, EUFEMIA",RES1,240,1
3099,2020120335,"ORTULA, JULIANA",RES2,240,1
3100,2020120340,"ORTULA, GUALBERTO",RES3,240,1
3101,2020120345,"TUPA, NOEL A.",RES4,240,1
3102,2020120350,"PASCUAL, GREGORIO",COM3,240,1
3103,2020120351,"SONON, VICTOR",RES2,240,1
3104,2020120352,"MERCOLITA, CONSTANCIO JR.",RES4,240,1
3105,2020120355,"SONON, TERESITA",RES3,240,1
3106,2020120356,"AVILA, MA. LINDA",RES1,240,1
3107,2020120357,"OBANIL, AURORA",RES2,240,1
3108,2020120360,"MERCOLITA, VIRGINIA                IO",RES3,240,1
3109,2020120366,"ORIOL, ERNA",RES2,240,1
3110,2020120370,"IREA, IRNE",RES3,240,1
3111,2020120375,"DOROJA, LELIA",RES4,240,1
3112,2020120376,"LIM, CORAZON",RES2,240,1
3113,2020120377,"ROLLORATA, LORNA E.",RES4,240,1
3114,2020120385,"LAYAGUE, RAFAEL B.",RES1,240,1
3115,2020120390,EASTERN VISAYAS STATE UNIVERSITY,RES1,240,1
3116,2020120395,"FORSUELO, ARNULFO B./KAREEN",RES1,240,1
3117,2020120400,EVSU CARIGARA CAMPUS,PB,240,1
3118,2020120405,CARIGARA SCHOOL OF FISHERIES,PB,240,1
3119,2020120415,"BASILAN, MYRNA",RES2,240,1
3120,2020120420,"NARIDO, BENJAMEN",RES2,240,1
3121,2020120425,"BOLIVAR, SOFIA D.",RES1,240,1
3122,2020120430,"DIGMAN, VISITACION",RES1,240,1
3123,2020120440,"PASCUAL, PURIFICACION",RES3,240,1
3124,2020120445,"BACALTOS, ESPERANZA P.",RES1,240,1
3125,2020120450,"PASCUAL, ALEJANDRA",RES4,240,1
3126,2020120456,"NICDAO, DOMINGO",RES1,240,1
3127,2020120457,"DAJAB, GREG",RES3,240,1
3128,2020120458,"BENZON, DELIA",RES2,240,1
3129,2020120459,"MOLVIZAR, MADONNA S.",RES4,240,1
3130,2020120460,"SABAY, BENJAMEN",RES1,240,1
3131,2020120463,"INSIGNE, PANFILA",RES2,240,1
3132,2020120465,"CABASE, MARIA",RES2,240,1
3133,2020120467,"SINANGOTE, ARLENE",RES3,240,1
3134,2020120470,"GOLONG, GIL/FLORES, MARLO",RES4,240,1
3135,2020120471,"MAKABENTA, ROY",RES2,240,1
3136,2020120473,"WITHE, LETECIA",RES3,240,1
3137,2020120474,"DUMAANO, YOLANDA",RES2,240,1
3138,2020120475,BARUGOHAY NORTE BRGY. HALL,PB,240,1
3139,2020120476,"BRIER, ROBERTO",RES3,240,1
3140,2020120477,"DACOYCOY, ARSENIO",RES1,240,1
3141,2020120478,"BUSTLLO, DOROTEO",RES1,240,1
3142,2020120479,"CALO, ESMERALDA",RES2,240,1
3143,2020120480,"ORTULA, DOMINGA",RES3,240,1
3144,2020120481,"CANDAZA, ROGELIO",RES3,240,1
3145,2020120482,"BACAY, ZOSIMO",RES2,240,1
3146,2020120483,"CABASE, BENJAMIN",RES2,240,1
3147,2020120484,"BENZON,ROMEO",RES1,240,1
3148,2020120485,"BALATO, GEMMA P./JOSEPH",RES1,240,1
3149,2020120486,"CANTIVEROS, THELMA",RES1,240,1
3150,2020120490,"DARANTINAO, ROMUALDO",RES1,240,1
3151,2020120491,"BRIER, ANNYBIT R.",RES2,240,1
3152,2020120495,"BACATAN, EVELYN A.",RES2,240,1
3153,2020120500,"COLANTA, VILMA",RES1,240,1
3154,2020120505,"OLEDAN, MYRNA B.",RES3,240,1
3155,2020120510,"AGOSTO, GUILLERMO",RES2,240,1
3156,2020120515,"CAÑAMAQUE, REY S.",RES1,240,1
3157,2020120520,"TENEDORA, GLORIA",RES3,240,1
3158,2020120525,"HAMTIG, RIZAN M.",RES1,240,1
3159,2020120530,"PONTOY, LILIA",RES3,240,1
3160,2020120535,"CAÑAMAQUE, ANNABEL SABILLO",RES1,240,1
3161,2020120540,"BADION, GORGONIO",RES2,240,1
3162,2020120541,"QUINTANA, CELEDONIA",RES2,240,1
3163,2020120542,"MONTALBAN, NOMERIANO",RES2,240,1
3164,2020120545,"LIMCHAYPO, JESEL A./ALVIN",RES1,240,1
3165,2020120550,"GONZALES, ADELITO",RES3,240,1
3166,2020120552,"LORECA, AMPARO",RES1,240,1
3167,2020120553,"DACILLO, LYDIA",RES3,240,1
3168,2020120557,"ESCANILLAS, ANGELICA",RES4,240,1
3169,2020120558,"LUCENA, ROSALEA",RES1,240,1
3170,2020120560,"BORGUETA, MERELITA",RES4,240,1
3171,2020120561,"BORQUETA, AMALIA",RES1,240,1
3172,2020120562,BARUGOHAY NORTE ELEM. SCHOOL,PB,240,1
3173,2020120564,"AGUIRRE, ROSIE",RES4,240,1
3174,2020120565,"BALINDO, ANECITA",RES1,240,1
3175,2020120566,"BRILATA, RUEL",RES3,240,1
3176,2020120567,"FLORES, ROSITA",RES4,240,1
3177,2020120568,"MAKABENTA, NENITA",RES1,240,1
3178,2020120569,"GIBAN, ANITA",RES4,240,1
3179,2020120570,"HIGOM, GERARDO",RES4,240,1
3180,2020120571,"SERANTE, ESPERANZA",RES1,240,1
3181,2020120572,"LUMEN, ESTRELLA",RES2,240,1
3182,2020120573,"HIGUM, RONA",RES2,240,1
3183,2020120574,"GAHUMAN, EUGENIA",RES1,240,1
3184,2020120575,"ESPOS, CHRISTIAN D. ",RES1,240,1
3185,2020120576,"RANIN, VIRGILIO",RES3,240,1
3186,2020120585,"MARQUEZ, JESUS",RES4,240,1
3187,2020120590,"AGUILOS, EULOGIO",RES1,240,1
3188,2020120593,"QUIDLAT, DELIA",RES4,240,1
3189,2020120594,"CABELLO, GRACE",RES3,240,1
3190,2020120600,"AGUILOS, MATILDE",RES3,240,1
3191,2020120602,"MORIEL, AZINETH",RES1,240,1
3192,2020120605,"NABONG, CESAR",RES1,240,1
3193,2020120608,"HIGUM, ROWENA",RES3,240,1
3194,2020120609,"ORDONA, MINAR",RES4,240,1
3195,2020120610,"PADILLOS, PABLITO",RES1,240,1
3196,2020120615,"FELIZARTA, VIRGILIA",RES1,240,1
3197,2020120616,"ORIOQUE, GERTRUDES",RES1,240,1
3198,2020120619,"BACATAN, BENJAMEN",RES1,240,1
3199,2020120620,"NALDA, RODRIGO",RES2,240,1
3200,2020120622,"CANEGA, BEATRIZ",RES2,240,1
3201,2020120623,"LUCELO, CHARITO",RES1,240,1
3202,2020120625,"ORTULA, CORAZON",RES3,240,1
3203,2020120626,"JACABAN, FE",RES2,240,1
3204,2020120627,"NALDA, RICARDO",RES3,240,1
3205,2020120630,"BADIABLE, REYNALDO",RES3,240,1
3206,2020120635,"TADEFA, CASEMERO",RES1,240,1
3207,2020120640,"LUCELO, CONSORCIA",RES1,240,1
3208,2020120642,"ORIOQUE, MIGUELA",RES2,240,1
3209,2020120643,"ORTULA, ROBERTO",RES2,240,1
3210,2020120645,"ORTULA, DOROTEO JR.",RES3,240,1
3211,2020120647,"LUCELO, EDGARDO",RES1,240,1
3212,2020120650,"YOBIA, DANILO",RES2,240,1
3213,2020120655,"HIGUM, CRISTINA M.",RES1,240,1
3214,2020120660,"ORTULA, VISITACION",RES1,240,1
3215,2020120665,"LADRERA, LITA",RES1,240,1
3216,2020120670,"ORIOL, ESTANISLAO",RES1,240,1
3217,2020120680,"BACTOL, SEVERINO",RES2,240,1
3218,2020120681,"ARBOL, MARILYN P.",RES1,240,1
3219,2020120685,"NALDA, BEBIANA",RES3,240,1
3220,2020120690,"TADIFA, ERIBERTO",RES1,240,1
3221,2020120695,"NALDA, RODRIGO JR.",RES3,240,1
3222,2020120709,"CA?EGA, ROSALINO",RES1,240,1
3223,2020120711,"GRATIL, JUAN",RES3,240,1
3224,2020120712,"CA?EGA, EMERITA",RES2,240,1
3225,2020120713,"NALDA, RAYMUNDO",RES1,240,1
3226,2020120715,"OLEDAN, ALMA",RES2,240,1
3227,2020120720,"BRGY. PARENA CHAPEL / ORTULA, LEONIDA",PB,240,1
3228,2020120722,"GOLISONDA, SAMUEL",RES2,240,1
3229,2020120725,"OLEDAN, RODOLFO",RES1,240,1
3230,2020120735,"ALIDO, RHODERICK",RES4,240,1
3231,2020120737,"BACTOL, VIRGIE",RES1,240,1
3232,2020120740,"RAMOS, FELIPE",RES1,240,1
3233,2020120741,"BACATAN, GORGONIA",RES1,240,1
3234,2020120745,"RENDORA, LOURDES G.",RES1,240,1
3235,2020120750,"RAMOS, FELIPE",RES2,240,1
3236,2020120755,"VILLAR, RICHARD B.",RES4,240,1
3237,2020120760,"BACTOL, ISABELO",RES4,240,1
3238,2020120765,"LUMANAS, NARCISO",RES4,240,1
3239,2020120770,"BARQUES, FELIX",RES1,240,1
3240,2020120773,"BARQUES, JAIME",RES1,240,1
3241,2020120775,"OLEDAN, NICOLASA",RES4,240,1
3242,2020120780,"OLEDAN, TARCELO",RES1,240,1
3243,2020120781,"BACATAN, JANET",RES1,240,1
3244,2020120785,"OLEDAN, TERESITA",RES1,240,1
3245,2020120795,"TONOLETE, JULIANITO",RES2,240,1
3246,2020120800,"OLEDAN, MARIVIC",RES1,240,1
3247,2020120801,"DUAVIS, MARITA",RES1,240,1
3248,2020120805,"CANASTA, ELEGIO",RES3,240,1
3249,2020120810,"ORTULA, HENEDINO",RES2,240,1
3250,2020120815,"BACATAN, ANITA",RES1,240,1
3251,2020120820,"ORTULA, VICENTE",RES1,240,1
3252,2020120821,"PORRAL, ROSARIO",RES1,240,1
3253,2020120825,"BRUN, JOSE/CANONERO",RES1,240,1
3254,2020120830,"SILVANO, REMEDIOS",RES3,240,1
3255,2020120835,"GAVIOLA, REZA S.",RES4,240,1
3256,2020120839,"BORERES, MARY ANN N.",RES1,240,1
3257,2020120840,"ARPON, NICOLAS",RES2,240,1
3258,2020120841,"VILLALINO, DESIREE O.",RES3,240,1
3259,2020120844,"NIMER, ALDWIN T.",RES2,240,1
3260,2020120845,"OLEDAN, IMELDA",RES1,240,1
3261,2020120846,"BACATAN, WILFREDA",RES1,240,1
3262,2020120847,"DELIMA, WILBERTO",RES1,240,1
3263,2020120848,"JULI, NELSON",RES1,240,1
3264,2020120849,"DALIMOCON, PERPETUA",RES1,240,1
3265,2020120850,"JULI, SOLOMON",RES4,240,1
3266,2020120851,"CAMPOSANO, ERWIN",RES1,240,1
3267,2020120852,"JULI, CHARITA",RES1,240,1
3268,2020120853,"ORIOQUE, ARSENIO",RES1,240,1
3269,2020120854,"CANONERO, INOCENCIA",RES1,240,1
3270,2020120855,"LUCELO, VICTORIA",RES2,240,1
3271,2020120856,"FLORENDO, NENITA",RES1,240,1
3272,2020120857,"TADIFA, ROSALEA",RES1,240,1
3273,2020120858,"CANOVERO, LORNA",RES1,240,1
3274,2020120859,"PENAFIEL, ELMER",RES1,240,1
3275,2020120861,"BACATAN, RANDY",RES1,240,1
3276,2020120862,"SALVACION, MANUELITA",RES1,240,1
3277,2020120863,"PIGGERY C/O LARRAGA, ALEJANDRO",COM1,240,1
3278,2020120865,"DAVOCOL, ALEJANDRO P.",RES4,240,1
3279,2020120870,"DELIMA, WELLIA",RES1,240,1
3280,2020120871,"ROYLO, DOLORES",RES1,240,1
3281,2020120873,"OLEDAN, DYLIN",RES1,240,1
3282,2020120875,"BACATAN, SATURNINO H.",RES1,240,1
3283,2020120880,"OROGAN, CLARA",RES1,240,1
3284,2020120885,"ORTULA, LOUIE D.",RES1,240,1
3285,2020120890,"CABELIN, MADRONITO",RES1,240,1
3286,2020120892,"ORIOL, ESTANISLAO",RES2,240,1
3287,2020120893,"BACATAN, CONSTANCIA",RES1,240,1
3288,2020120895,"BACATAN, ALFREDO",RES1,240,1
3289,2020120897,"BACATAN, PAULINO",RES1,240,1
3290,2020120898,"BACATAN, RODOLFO",RES1,240,1
3291,2020120899,"GALIZONDA, EMERITA",RES1,240,1
3292,2020120900,"OLEDAN, SIXTO",RES1,240,1
3293,2020120901,"ADVINCULA, RENANTE",RES3,240,1
3294,2020120902,"FRANCISCO, HERMALYN",RES1,240,1
3295,2020120903,"ESCOBER, TERESITA",RES3,240,1
3296,2020120904,"ANAGAP, FELINA",RES3,240,1
3297,2020120906,"TARGOS, BENITO SR.",RES2,240,1
3298,2020120907,"CABELIN, VIOLETA",RES3,240,1
3299,2020120910,"OLEDAN, BASILIA",RES1,240,1
3300,2020120911,"NALDA, ROMAN",RES1,240,1
3301,2020120912,OLEDAN SEGUNDO,RES1,240,1
3302,2020120913,BRGY. HALL C/O BRGY. CAPTAIN,PB,240,1
3303,2020120914,"NALDA, FRANCISCO",RES1,240,1
3304,2020120915,"BARDIABLE, EUTIQUIO",RES3,240,1
3305,2020120917,"BARQUEZ, SHIRLY",RES2,240,1
3306,2020120918,"BACATAN, MARIO",RES1,240,1
3307,2020120919,"CAPALAR, LEON",RES1,240,1
3308,2020120921,"BRAVO, ILDEFREDO GO",RES4,240,1
3309,2020120922,"LORENO, RICHARD",RES2,240,1
3310,2020120923,"CELIS, FEDERICO M., SR.",RES1,240,1
3311,2020120924,"BACARISAS, WILFREDO",RES1,240,1
3312,2020120925,"BACATAN, JANICE",RES3,240,1
3313,2020120926,"BILLONES, BETTY",RES1,240,1
3314,2020120927,"GOMEZ, BONIFACIO JR.",RES4,240,1
3315,2020120928,"LESIGUES, NOEL",RES4,240,1
3316,2020120929,"ABOGADO, BELARMINA",RES3,240,1
3317,2020120930,"FLORES, ARNULFO D.",RES1,240,1
3318,2020120931,"NIVERA, DELIMA",RES2,240,1
3319,2020120932,"VILLANUEVA, ESTRELLA",RES3,240,1
3320,2020120933,"REYES, ELENA/LLOREN, ELESEO",RES1,240,1
3321,2020120935,"VILLACOTE, MARIANO",RES2,240,1
3322,2020120936,"ABOGA, JOSE RENANTE",RES2,240,1
3323,2020120937,"HIDALGO, THELMA",RES2,240,1
3324,2020120938,"DAJAB, GARY",RES3,240,1
3325,2020120939,"CANTILLA, RANDY",RES3,240,1
3326,2020120940,"GOZON, YOLANDO",COM1,240,1
3327,2020120943,"LUCELO, GILDA",RES3,240,1
3328,2020120944,"ABOGADO, ROLANDO",RES1,240,1
3329,2020120945,BRGY. CHAPEL C/O BRGY. CAPTAIN,PB,240,1
3330,2020120946,"AGUILOS, WALTER",RES2,240,1
3331,2020120948,"BADANA, CARLITO",RES1,240,1
3332,2020120949,"BERIN, MARIVIC",RES1,240,1
3333,2020120951,"VILLALINO, ELYN",RES4,240,1
3334,2020120952,"BENZON, JUAN",RES1,240,1
3335,2020120953,"NALDA, ARJAY",RES3,240,1
3336,2020120954,"CATAMORA, LIEZELDA",RES3,240,1
3337,2020120955,"BUSTILLO, RENATO",RES3,240,1
3338,2020120956,"LADRERA, ABE-GAY N./ELMIN CRN",RES1,240,1
3339,2020120957,"BACARISAS, GINALYN C.",RES1,240,1
3340,2020120960,"DAJAB, ARMANDO",RES3,240,1
3341,2020120970,"MAKABENTA, DOMINGO",RES1,240,1
3342,2020120975,"BACALTOS, SUSAN",RES3,240,1
3343,2020120980,"HIGOM, CERIACO",RES1,240,1
3344,2020120981,"BRIER, MAY CRISTINE",RES1,240,1
3345,2020120982,"DE LA DIA, CARMELITA",RES1,240,1
3346,2020120985,MUNICIPAL NURSERY & RESOURCE CENTER,RES1,240,1
3347,2020120990,"BUSTILLO, IRENEO",COM1,240,1
3348,2020120995,"DIPA, ASUNCION",RES2,240,1
3349,2020121000,"ABELLANOSA, SYLVIA",RES3,240,1
3350,2020121001,"COSTELO, MADESSA",RES2,240,1
3351,2020121002,"CANABE, NICOLAS",RES2,240,1
3352,2020121003,"CANDARE, TEODORA",RES1,240,1
3353,2020121004,"ARANZADO, ALLAN",RES2,240,1
3354,2020121005,"SIMMONS, DOLORES",RES4,240,1
3355,2020121010,"DIPA, GILDA",RES2,240,1
3356,2020121015,"NALDO, HENRY H.",RES3,240,1
3357,2020121020,"NALDA, QUIRINO",RES2,240,1
3358,2020121025,"NITURA, ERMELITA I.",RES3,240,1
3359,2020121030,"CLEMENCIO, LOLITA",RES4,240,1
3360,2020121035,"NALDA, HYDON",RES1,240,1
3361,2020121045,"AGOSTO, MELINDA C.",RES2,240,1
3362,2020121050,"INSIGNE, AGAPITO",RES4,240,1
3363,2020121055,"OLEDAN, JENNIFER C.",RES1,240,1
3364,2020121060,"PANIM, MARCIAL",RES2,240,1
3365,2020121062,"BUSTILLO, EVELYN",RES1,240,1
3366,2020121063,"SABAY, PIO",RES1,240,1
3367,2020121064,"DELIS, REYNALDO",RES2,240,1
3368,2020121065,"MIRALLES, IMELDA D.",RES2,240,1
3369,2020121068,"PETALLANA, PAMELA",RES3,240,1
3370,2020121069,"ORDO?A, AGUSTINA",RES3,240,1
3371,2020121070,"DACOYCOY, ANITA",RES3,240,1
3372,2020121075,"RONQUILLO, IMELDA G.",RES1,240,1
3373,2020121080,"DACOYCOY, TOMAS",RES1,240,1
3374,2020121081,"DACOYCOY, MARILINA",RES2,240,1
3375,2020121082,"DACOYCOY, REBECCA",RES1,240,1
3376,2020121083,"DACOYCOY, DINA",RES1,240,1
3377,2020121085,"OLEDAN, MA. CARMELITA C.",RES1,240,1
3378,2020121090,"JEHL, TEMOTHY",RES3,240,1
3379,2020121091,"ITONG, NOEL",RES1,240,1
3380,2020121095,"OLEDAN, REBECCA B.",RES1,240,1
3381,2020121100,"DACOYCOY, ARSENIO B./ELIZABETH",RES3,240,1
3382,2020121105,"FLORENDO, NICALYN E.",RES1,240,1
3383,2020121110,"DACOYCOY, ARSENIO/ RM",COM1,240,1
3384,2020121115,"NAPOLES, PELAGIO L.",RES1,240,1
3385,2020121120,"OLEDAN, BERNARDINO",RES3,240,1
3386,2020121125,"DACOYCOY, NORBERTO",RES1,240,1
3387,2020121130,"NITURA, FELINO",RES3,240,1
3388,2020121140,"CABASE, ALFREDO",RES3,240,1
3389,2020121150,"PERIDA, RAYANT",RES2,240,1
3390,2020121155,"AGUILOS, CYNTHIA",RES1,240,1
3391,2020121157,"VILLAMOR, ANTONIO",RES1,240,1
3392,2020121160,"AGUILOS, ESTERLITA",RES1,240,1
3393,2020121161,"ROJAS, ANITA",RES1,240,1
3394,2020121166,"TANALA, ANGELA",RES1,240,1
3395,2020121167,"MALOLOY-ON, PRESCILA",RES1,240,1
3396,2020121170,"ATIENZA, ADAM",RES4,240,1
3397,2020121175,"FLORES, LOLITA",RES1,240,1
3398,2020121178,"FLORES, ROXY R./EDWIN",RES1,240,1
3399,2020121180,"VARGAS, ISAGANI",RES1,240,1
3400,2020121185,"DACARA, ANTONIO A.",RES1,240,1
3401,2020121190,"TADEFA, ROWENA B.",RES1,240,1
3402,2020121195,"TADEFA, PRESCILA S, ",RES1,240,1
3403,2020121200,"MAGANITO, AIDA C.",RES4,240,1
3404,2020121205,"TABINAS, LUCILL JONATHAN A.",RES2,240,1
3405,2020121210,"DACOYCOY, ARSENIO B.",RES1,240,1
3406,2020121215,"DAJAB, GREG L.",RES4,240,1
3407,2020121220,"RELOS, LORNA S.",RES1,240,1
3408,2020121225,"PERIDA, JOSEPHINE M.",RES1,240,1
3409,2020121230,"SABILLO, ADORA L.",RES3,240,1
3410,2020121235,"CAÑEGA, ELIZABETH P.",RES1,240,1
3411,2020121240,"BALIAT, ANTHONY G.",RES3,240,1
3412,2020121245,"ORIOQUE, EUFRACIO",RES1,240,1
3413,2020121255,"JACABAN, SHARON C.",RES1,240,1
3414,2020121260,"RENDORA, MYRNA R.",RES2,240,1
3415,2020121265,"TANCINCO, JEMARIE B.",RES3,240,1
3416,2020121270,"CASALE, MARIANETA A.",RES1,240,1
3417,2020121275,"BACTOL, SAMMY A.",RES4,240,1
3418,2020121280,"LAGO, MARGIE L.",RES1,240,1
3419,2020121285,"DIPA, LIZA D.",RES2,240,1
3420,2020121290,"RAMAL, MARITES T.",RES2,240,1
3421,2020121295,"DELIS, VILMA C.",RES1,240,1
3422,2020121300,"DIGMAN, KAREN B.",RES1,240,1
3423,2020121305,"PAJO, ROSE ANN A.",RES1,240,1
3424,2020121315,"BALLESTEROS, GITANJALE C.",RES1,240,1
3425,2020121320,"DACOYCOY, BIENVENIDA B.",RES4,240,1
3426,2020121325,"JULI, NICANOR S.",RES2,240,1
3427,2020121330,"ORIOQUE, MARICEL N.",RES1,240,1
3428,2020121335,"ORIOQUE, CASTULO A.",RES2,240,1
3429,2020121340,"CELIS, MANUEL JR. R.",RES1,240,1
3430,2020121345,"SABAY, NOEL I.",RES2,240,1
3431,2020121350,"CAPA, MAGDALENO L.",RES2,240,1
3432,2020121355,"LENZO, ELENA M.",RES1,240,1
3433,2020121360,"ALBERCA, MA. BELINDA P.",RES1,240,1
3434,2020121365,"ORUNGAN, ROQUE H.",RES1,240,1
3435,2020121370,"OLEDAN, RENNY B.",RES1,240,1
3436,2020121375,"PORRAL, KHARREN R.",RES2,240,1
3437,2020121385,"TADEFA, BALBINA S.",RES2,240,1
3438,2020121390,"OLEDAN, NICOLAS B.",RES1,240,1
3439,2020121395,"ORIOQUE, AGRIPINO B.",RES1,240,1
3440,2020121400,DAY CARE C/O BRGY. CHAIRMAN,PB,240,1
3441,2020121405,"ORIOQUE, EVANGELITO A.",RES1,240,1
3442,2020121410,"SUMAYA, PABLITO C.",RES2,240,1
3443,2020121415,"NALDA, LEONILA O.",RES2,240,1
3444,2020121420,"CAMBE, VICENTE JR. B.",RES3,240,1
3445,2020121425,"NABONG, EFREN H.",RES2,240,1
3446,2020121430,"SABINO, JAYSON C.",RES1,240,1
3447,2020121435,"CAÑEGA, ALBERT O.",RES2,240,1
3448,2020121440,"HIDALGO, JUANITO O.",RES1,240,1
3449,2020121450,"LUCELO, RONALLENE O.",RES1,240,1
3450,2020121455,"JULI, JAYSON L.",RES1,240,1
3451,2020121460,"MONTE DE RAMOS, SHIENA C.",RES1,240,1
3452,2020121465,"SALVACION, CONSORCIA",RES1,240,1
3453,2020121470,"OLEDAN, ROGELIO B.",RES1,240,1
3454,2020121475,"BACATAN, LILIBETH J.",RES1,240,1
3455,2020121480,"ROBEL, LUIS L.",RES1,240,1
3456,2020121485,"MAKABENTA, JOSEFINA O.",RES1,240,1
3457,2020121490,"ORTULA, LEO R.",RES1,240,1
3458,2020121500,"IBAÑEZ, MYDA",RES3,240,1
3459,2020121505,"BRIER, ERLINDA",RES1,240,1
3460,2020121510,"MABINI, AIZA D.",RES3,240,1
3461,2020121515,"HINGABAY, BENILDA P.",RES2,240,1
3462,2020121520,"BENSON, JOSE J.",RES2,240,1
3463,2020121525,"GARRIDO, CARMELO P./BAKERY",COM1,240,1
3464,2020121530,"DIGMAN, LEO GIL O.",RES3,240,1
3465,2020121535,"DIGMAN, DEBORAH P.",RES4,240,1
3466,2020121540,"DAGANASOL, JAYCEE O.",RES1,240,1
3467,2020121545,"ESPOS, CHRISTIAN DACALLOS",RES2,240,1
3468,2020121550,"ORIOL, EDITHA M.",RES1,240,1
3469,2020121555,"PADILLOS, GINALYN O.",RES1,240,1
3470,2020121560,"MORIEL, EUGENE D.",RES1,240,1
3471,2020121565,"SABANAG, ANTONIO G.",RES1,240,1
3472,2020121570,"BACATAN, VIOLETA S.",RES1,240,1
3473,2020121575,"BACATAN, RENY S.",RES1,240,1
3474,2020121580,"DADACAY, ELISA O.",RES1,240,1
3475,2020121585,"VILLEGAS, CEFERINA B.",RES1,240,1
3476,2020121590,"DADACAY, DAISY O.",RES1,240,1
3477,2020121595,"TADEFA, TERESITA N.",RES1,240,1
3478,2020121601,"PADILLOS, ROY B.",RES2,240,1
3479,2020121603,"BACATAN, CONSTANCIO L.",RES1,240,1
3480,2020121604,"PADILLOS, ROLANDO O.",RES1,240,1
3481,2020121605,"SONON, VICTOR JR.",RES1,240,1
3482,2020121607,"LOPEZ, JELYN L.",RES1,240,1
3483,2020121608,"BALATO, ROEL P.",RES1,240,1
3484,2020121609,"PAET, JOAQUIN R.",RES2,240,1
3485,2020121610,"COSTELO, ALEJANDRO D.",RES1,240,1
3486,2020121611,"DACOYCOY, LOLITA J.",RES1,240,1
3487,2020121612,"LESUGUES, AMELITA P.",RES3,240,1
3488,2020121613,"RAMIREZ, PEDRO JOMOC",RES1,240,1
3489,2020121615,"PIRANTE, JUDY S.",RES1,240,1
3490,2020121616,"AGUIRRE, JAYSON B.",RES2,240,1
3491,2020121617,"CAJEPE, JOSE LOLITO O.",RES2,240,1
3492,2020121618,"DELOS REYES, CONCESA C.",RES1,240,1
3493,2020121619,"OLEDAN, IRENEO B.",RES1,240,1
3494,2020121620,"BACATAN, JENNYLYN AGUILOES",RES1,240,1
3495,2020121621,"SERANTE, MERIAM EVORDE",RES1,240,1
3496,2020121622,"CANDAZA, ANGIENY SANGRANO",RES1,240,1
3497,2020121623,"VILLASICA, VERLYN TACGOS",RES1,240,1
3498,2020121625,"TAFALLA, BENEDICTA ORIOL",RES1,240,1
3499,2020121626,"TANCICO, GEMMA BARUC",RES2,240,1
3500,2020121629,"DAGALEA, ALFA CANDASUA",RES1,240,1
3501,2020121630,"RAMOS, JOCELYN DAUPLO",RES2,240,1
3502,2020121631,"DELA PEÑA, PAT MARDA",RES1,240,1
3503,2020121632,"BENSON, NICOL JAY M.",RES2,240,1
3504,2020121633,"ORIOQUE, GERIZA GARBOSA",RES2,240,1
3505,2020121634,"DADACAY, MARLYN SONON",RES2,240,1
3506,2020121635,"OBAOB, LESLIE RAMIREZ",RES3,240,1
3507,2020121636,"CABASE, ANTONIO ARPON",RES1,240,1
3508,2020121637,"DOLLETE, LUISA E.",RES2,240,1
3509,2020121638,"ORIOL, CARLO ACE MONSALES",RES1,240,1
3510,2020121639,"AGUILOS, ANADEL SANDAL",RES1,240,1
3511,2020121641,"CARDINES, FREDDIE TAÑEGA",RES1,240,1
3512,2020121642,"CARDINES, JOY RUTH T.",RES1,240,1
3513,2020121643,"MARCOS, CLARA CHU",RES1,240,1
3514,2020121644,"ORTULA, AGUILINO CABILLO",RES1,240,1
3515,2020121645,"LIANZA, ESPERANZA VILUNTA",RES2,240,1
3516,2020121646,"CABELIN, SAMUEL MAKABENTA",RES2,240,1
3517,2020121647,"PASCUAL, APOLINARIO C.",RES3,240,1
3518,2020121648,"HIGUM, MARENO INSIGNE",RES1,240,1
3519,2020121649,"JULI, LIEZEL SALVACION",RES4,240,1
3520,2020121650,"YAPAN, JANET D.",RES2,240,1
3521,2020121652,"DAVOCOL, EDWARD DEXTER CLEMENTE",RES2,240,1
3522,2020121653,"DAVOCOL, ARLENE A.",RES1,240,1
3523,2020121654,"ORIOL, CASIMERO BACALTOS SR.",RES4,240,1
3524,2020121655,"AGUIRRE, ROTILLA GAUSIN",RES1,240,1
3525,2020121656,"CHAVEZ, DAISY MAE",RES1,240,1
3526,2020121657,"DIGMAN, RAYMUNDO CIRERA",RES3,240,1
3527,2020121658,"PAMANIAN, JASMINDA G.",RES1,240,1
3528,2020121660,"ORIOL, RAYMUNDO SR CANDAZA",RES1,240,1
3529,2020121662,"HIGUM, DEMETRIO I. JR",RES1,240,1
3530,2020121663,"PASCUAL, GREGORIO A JR",COM1,240,1
3531,2020121664,"DAVOCOL, IRENE A.",RES2,240,1
3532,2020121665,"ARIMADO, IRENE P",RES3,240,1
3533,2020121667,"CALAMAYA, ANITA HIGUM",RES1,240,1
3534,2020121668,"AGUILOS, CAMELA FLORENDO",RES2,240,1
3535,2020121670,"BACALTOS, REMEDIOS M.",RES1,240,1
3536,2020121671,"CLEMENCIO, TED DENNIS ORIOQUE",RES1,240,1
3537,2020121672,"DAVOCOL, EDUARDO IBAÑEZ",RES3,240,1
3538,2020121673,"NIEGAS, LYDIA R",RES1,240,1
3539,2020121675,"ABOGADO, JUDITH GARCIA",RES1,240,1
3540,2020121676,"ORIOL, ROSALINDA PELIPEL",RES1,240,1
3541,2020121677,"ORIOL, KAREEN HIGUM",COM1,240,1
3542,2020121679,"TISTON, ATHENA L.",RES4,240,1
3543,2020121680,"CAPALAR, MARILOU YNION",RES1,240,1
3544,2020121681,"AZORES, GLADYS S",RES2,240,1
3545,2020121682,"GREFIEL, DANIEL TOMAS OYZON",RES2,240,1
3546,2020121684,"NALDA, VERONICA V",RES1,240,1
3547,2020121685,"DIGMAN, WILSON M",RES1,240,1
3548,2020121686,"TADEFA, ULDARICO D",RES1,240,1
3549,2020121687,"AGUIRRE, MARIA PAZ",RES1,240,1
3550,2020121688,"CAÑONERO, ALBERT H",RES1,240,1
3551,2020121689,"BORERES, HIOSPECIO C",RES1,240,1
3552,2020121690,"FLORENDO, NICOLAS SR O",RES1,240,1
3553,2020121691,"MOLO, LORENZO LIPORADA",RES1,240,1
3554,2020121692,"DAGANASOL, JOSE F",RES1,240,1
3555,2020121693,"CAPALAR, ALBERTO N",RES1,240,1
3556,2020121694,"OLEDAN, ALEJANDRO JR C",RES1,240,1
3557,2020121695,"ABALLA, CEFERINO V",RES1,240,1
3558,2020121696,"CAÑEGA, WILBERT C",RES1,240,1
3559,2020121697,"BACATAN, ALLAN S",RES1,240,1
3560,2020121698,"JULI, ANALIZA VISTO",RES1,240,1
3561,2020121699,"DELIMA, IVY C",RES1,240,1
3562,2020121700,"DEDIL, EVELYN V",RES1,240,1
3563,2020121701,"ARPON, CHRISTIAN O",RES1,240,1
3564,2020121702,"ORTULA, SALVADOR O",RES1,240,1
3565,2020121703,"RENDORA, GLEN GOLEZ",RES1,240,1
3566,2020121704,"OLEDAN, ROWENA B",RES1,240,1
3567,2020121705,"NIMER, TERESITA DOROJA",RES1,240,1
3568,2020121706,"ROBEL, JERECHO OLEDAN",RES2,240,1
3569,2020121707,"GASPAR, RASTEMAR SEGUIN",RES2,240,1
3570,2020121708,"RUBIÑO, IRENE BACATAN",RES2,240,1
3571,2020121709,"CAÑEGA, LELIBETH O",RES1,240,1
3572,2020121710,"MORIEL, PATERNO JR",RES1,240,1
3573,2020121711,"ORTULA, SEVERINO S",RES1,240,1
3574,2020121713,"BACATAN, GINA AGUILOS",RES1,240,1
3575,2020121714,"ELIZON, EUGENE BRUN",RES1,240,1
3576,2020121715,"AGUILOS, SHERWIN FLORENDO",RES1,240,1
3577,2020121732,"PASCUAL, FLORDELUNA SORIANO",RES1,240,1
3578,2020130001,"GRAMA, MARITES D.",RES1,240,1
3579,2020130004,"GRAMA, MARIFE",RES1,240,1
3580,2020130005,"DELMO, SANTIAGO",RES3,240,1
3581,2020130006,"PALMES, BERNARDITA G.",RES1,240,1
3582,2020130009,"BABAGAY, CATHY W.",RES1,240,1
3583,2020130010,"ETAC, ROSEMELDA",RES2,240,1
3584,2020130012,"BENEDICTO, ASUNCION",RES1,240,1
3585,2020130013,"WALOHAN, RENATO",RES1,240,1
3586,2020130014,"WALOHAN, FELIX",RES1,240,1
3587,2020130015,"WALOHAN, LYDIA",RES3,240,1
3588,2020130016,"ESPINOSA, MA. LUZ",RES2,240,1
3589,2020130017,"OLEDAN, ROMEO",RES3,240,1
3590,2020130018,"GLER, DANTE",RES3,240,1
3591,2020130019,"DAPON, BIMBO JR.",RES3,240,1
3592,2020130695,"WALOHAN, FRANCISCA D.",RES1,240,1
3593,2020130885,CANAL ST. LIGHTS (6UNITS) C/O BRGY CHAIRMAN,ST,240,1
3594,2020131035,"WALOHAN, CHRISTINE G.",RES1,240,1
3595,2020131375,"PADILLA, LOUIE W.",RES1,240,1
3596,2020131450,"ABANG, MARISOL A.",RES3,240,1
3597,2020131465,"LLANETA, JONATHAN V.",RES2,240,1
3598,2020131470,"WALOHAN, RICARDO M. ",RES1,240,1
3599,2020131485,"MORAÑA, REYNALDO L.",RES1,240,1
3600,2020131500,"LIPARDO, BRENDA L.",RES1,240,1
3601,2020131505,"NICOL, FE Q.",RES1,240,1
3602,2020131547,"ABORITA, EDWIN LLANETA",RES1,240,1
3603,2020140005,"GERMONES, ELVIRA",RES1,240,1
3604,2020140010,"IGLESIA NI CRISTO/ CONVENT/ SANTIAGO, B.",PB,240,1
3605,2020140020,"IGLESIA NI CRISTO/CHURCH/SANTIAGO, B.",PB,240,1
3606,2020140030,"BACATANO, AMPARO",RES1,240,1
3607,2020140040,"RECILLA, HILARIO",RES4,240,1
3608,2020140044,"DIPA, CLINT",RES2,240,1
3609,2020140045,"MORIEL, MACARIO",RES4,240,1
3610,2020140047,"FLORENDO, ANDRES",RES1,240,1
3611,2020140070,"DAGANASOL, SOFRONIO",RES2,240,1
3612,2020140080,"DAGANASOL, BERNARDITO",RES2,240,1
3613,2020140090,"TALACAY, MARIA",RES2,240,1
3614,2020140100,"PE?ARANDA, VICENTE",RES1,240,1
3615,2020140105,"BALAIS, GILDA M./ANANIAS",RES2,240,1
3616,2020140110,"OBISCORO, ARSENIO",RES1,240,1
3617,2020140115,"SUPREMO, RAUL K.",RES1,240,1
3618,2020140120,"OLEDAN, MARIO",RES1,240,1
3619,2020140135,"AGUILOS, DONA VELLA M.",RES2,240,1
3620,2020140140,"BRUN, RAFAELA",RES3,240,1
3621,2020140145,"AGUILOS, BIENVINIDO",RES3,240,1
3622,2020140150,"QUEBEC, CELSO",RES4,240,1
3623,2020140153,"ORTULA, RANDY D.",RES1,240,1
3624,2020140155,RAQ FARM MILLS C/O QUEBEC,COM3,240,1
3625,2020140157,"QUEBEC, MANUEL",RES4,240,1
3626,2020140161,"NIVERA, AGAPITO",RES2,240,1
3627,2020140163,"DAGANASOL, PURIFICACION",RES3,240,1
3628,2020140164,"RENDORA, PASCENCIA",RES2,240,1
3629,2020140165,"GUNABE, NENITA",RES1,240,1
3630,2020140166,"DAGANASOL, EMELITA",RES3,240,1
3631,2020140167,"ORNOPIA, EMMA",RES2,240,1
3632,2020140168,"BASILAN, VIOLETA",RES4,240,1
3633,2020140169,"BARBOUR, FLORDELIZA",RES4,240,1
3634,2020140170,"HILVANO, TEODORICO",RES3,240,1
3635,2020140171,"LAURO, BENJAMIN",RES2,240,1
3636,2020140172,"TAFALLA, MARIO",RES3,240,1
3637,2020140173,"DAGALEA, ALBERTO",RES4,240,1
3638,2020140174,"RENDORA, RENE",RES2,240,1
3639,2020140175,CHRISTIAN BAPTIST,PB,240,1
3640,2020140177,"ORDO?A, ZACARIAS",RES1,240,1
3641,2020140178,"PRIGO, ROWENA",RES1,240,1
3642,2020140180,"LAURO, CLARITA",RES1,240,1
3643,2020140181,"LLAMES, TERESITA",RES1,240,1
3644,2020140183,"BASAGAN, EDWIN",RES3,240,1
3645,2020140184,"RON, VILMA",RES2,240,1
3646,2020140185,"DR. TAGPIS, DOMINADOR",RES1,240,1
3647,2020140186,"AGUILOS, VILMA",RES1,240,1
3648,2020140187,"ABIT, HONORATO",RES1,240,1
3649,2020140188,"BASAGAN, EDWIN",RES1,240,1
3650,2020140189,"BETERES, GENEVIC",RES2,240,1
3651,2020140190,"OPENA, PATROCENIO",RES4,240,1
3652,2020140191,"IRLANDEZ, ANGELES",RES1,240,1
3653,2020140192,"OPE?A, EDELIZA",RES1,240,1
3654,2020140193,"OPE?A, GEMMA",RES1,240,1
3655,2020140194,"URMENETA, GLERIO ARIZA",RES4,240,1
3656,2020140195,"RIVERA, EDUARDO",RES1,240,1
3657,2020140196,"GALLANO, ROBERTO",RES1,240,1
3658,2020140199,"GALISONDA, LORNA R.",RES3,240,1
3659,2020140200,"OPENA, MARIA",RES3,240,1
3660,2020140201,"HIGUM, LEO",RES4,240,1
3661,2020140202,"LOPEZ, CAROLINA",RES2,240,1
3662,2020140203,"NIVERA, MARICEL",RES4,240,1
3663,2020140210,"TAFALLA, NESTOR",RES2,240,1
3664,2020140220,"OLEDAN, TEODORICO",RES3,240,1
3665,2020140225,"MAKABENTA, JOSE D.",RES1,240,1
3666,2020140230,"OLEDAN, FELECIDAD",RES1,240,1
3667,2020140235,"MENDOZA, MIGUEL",RES3,240,1
3668,2020140240,"PARENA, FRANCISCO",RES1,240,1
3669,2020140245,"BACAY, LERMA D.",RES2,240,1
3670,2020140250,"PARENA, ROMANA",RES3,240,1
3671,2020140255,"GUNABE, NELDA G./ERNIE",RES3,240,1
3672,2020140270,"MACABENTA, WILFREDO",RES2,240,1
3673,2020140275,"OYZON, PASTOR C./CHANDA",RES1,240,1
3674,2020140283,"DOLLETE, RENATO",RES3,240,1
3675,2020140285,"DOLLETE, CLAUDIO",RES1,240,1
3676,2020140286,"RIPALDA, ZOILA",RES4,240,1
3677,2020140287,"LLAMES, NONITO",RES3,240,1
3678,2020140288,"SALODAGA, GENITA",RES1,240,1
3679,2020140290,"RIVERA, LILIA",RES3,240,1
3680,2020140292,"DAGANASOL, MYRA",RES1,240,1
3681,2020140294,"LACABA, PAZ",RES2,240,1
3682,2020140296,"DOLLETE, ANITA",RES2,240,1
3683,2020140298,"MAKABENTA, NILO D.",RES3,240,1
3684,2020140300,"DOLLETE, ANATALIA",RES4,240,1
3685,2020140305,"OLEDAN, BRIAN G.",RES2,240,1
3686,2020140309,"TABADA, NICASIA",RES3,240,1
3687,2020140310,"DAGANASOL, MARIA",RES4,240,1
3688,2020140311,"BRIER, EDGAR",RES4,240,1
3689,2020140312,"AÑEZ, CONCHITA",RES1,240,1
3690,2020140313,"OLEDAN, LEODEGARIA",RES3,240,1
3691,2020140314,"OLEDAN, LOURDES",RES2,240,1
3692,2020140316,"ZABALA, DOMINADOR",RES2,240,1
3693,2020140317,"MAKABENTA, ALBERTO",RES3,240,1
3694,2020140320,"MAKABENTA, MATILDE",RES1,240,1
3695,2020140325,"SORIMA, REYDAN R.",RES2,240,1
3696,2020140330,"ALMOCERA, BEATRIZ",RES2,240,1
3697,2020140335,"NAAGAS, RUPERTO",RES3,240,1
3698,2020140345,"TADEFA, ANITA V.",RES1,240,1
3699,2020140350,"PARENA, GONZALO",RES1,240,1
3700,2020140355,BRGY. CHAPEL C/O MARIETTA TAFALLA,PB,240,1
3701,2020140375,"GAVERO, ROMUALDO M.",RES2,240,1
3702,2020140380,"PARENA, QUERICA",RES1,240,1
3703,2020140385,"NARIDO, ROSALINA B.",RES1,240,1
3704,2020140390,"OLEDAN, GIL",RES3,240,1
3705,2020140395,"LIWANAG, GLORIA",RES1,240,1
3706,2020140400,"PADULLA, AURORA",RES1,240,1
3707,2020140420,"DOLLETE, PABLO",RES2,240,1
3708,2020140423,"OPENA, ROBERTO",RES1,240,1
3709,2020140424,"ALALID, VIRGINIA",RES1,240,1
3710,2020140426,"OPE?A, GINA",RES3,240,1
3711,2020140428,"MIAGA, VIRGINIA",RES2,240,1
3712,2020140429,"VILLANUEVA, CARLITO",RES1,240,1
3713,2020140435,"BARO, LINDA",RES1,240,1
3714,2020140440,"QUEBEC, FLORIANA",RES3,240,1
3715,2020140445,"MACABABAT, NERIO",RES1,240,1
3716,2020140450,"DE LA PENA, FERMIN",RES2,240,1
3717,2020140451,"SINGAPAN, GERARDO",RES1,240,1
3718,2020140452,"BALENDO, OMAR C.",RES1,240,1
3719,2020140455,"SALVACION, MARIANO",RES1,240,1
3720,2020140460,"FALGUERA, GUALBERTO",RES4,240,1
3721,2020140464,"CHU, WILLIAM",RES1,240,1
3722,2020140465,BRGY. HALL C/O CHAIRMAN,PB,240,1
3723,2020140466,"DELIMA, ROMULO",RES1,240,1
3724,2020140467,"RENDORA, JOY",RES1,240,1
3725,2020140475,"DOLLETE, CRISTINA P.",RES2,240,1
3726,2020140480,"LUCELO, ALFONSO",RES1,240,1
3727,2020140490,"LIBRIL, ROMEO",RES1,240,1
3728,2020140492,"RAÑIN, JORGE",RES2,240,1
3729,2020140494,"CAPALAR, RAMON",RES1,240,1
3730,2020140500,"PANCHMUCK, SARAH",RES3,240,1
3731,2020140510,"PENARANDA, NORMA",RES4,240,1
3732,2020140515,"TAFALLA, MARIETTA B.",RES1,240,1
3733,2020140520,"SABLADA, COSME",RES3,240,1
3734,2020140525,"PADULLA, FELISA S.",RES4,240,1
3735,2020140530,"SUMAYOD, EFREN",RES4,240,1
3736,2020140535,"FALGUERA, MARIA",RES1,240,1
3737,2020140540,"SALVACION, SALVADOR",RES4,240,1
3738,2020140545,DAY CARE BUILDING C/O BRGY. CHAIRMAN,PB,240,1
3739,2020140550,"NIVAL, PRUDENCIO",RES1,240,1
3740,2020140551,"NIVAL, ROMULO",RES3,240,1
3741,2020140552,"CADAG, AURELIA",RES3,240,1
3742,2020140554,"TAMPA, MARITA",RES1,240,1
3743,2020140555,"CANAS, ANTONIO",RES4,240,1
3744,2020140556,"SABLADA, CIPRIANO",RES1,240,1
3745,2020140560,"CAPALAR, POMPOSO",RES2,240,1
3746,2020140561,"COTONER, SUSAN",RES1,240,1
3747,2020140563,"ARINTOK, BRIMEGILDA",RES1,240,1
3748,2020140565,"PAMANIAN, LORNA P.",RES4,240,1
3749,2020140570,"TADIFA, AVELINO",RES2,240,1
3750,2020140575,"CABORNIDO, ALBERTO T.",RES4,240,1
3751,2020140580,"ABEJAR, NATIVIDAD",RES2,240,1
3752,2020140585,"CLAREN, JOSE",RES3,240,1
3753,2020140586,"DAGANASOL, JOSE ROY",RES2,240,1
3754,2020140588,"AGUILAR, ANTONIO",RES1,240,1
3755,2020140590,"QUIRIMIT, JULIET B.",RES1,240,1
3756,2020140595,"MIRASOL, MARY JANE D.",RES2,240,1
3757,2020140600,"CONTE, GIL",RES2,240,1
3758,2020140615,"ONG, EDUARDO C.",RES1,240,1
3759,2020140620,"FALGUERA, FELIX",RES3,240,1
3760,2020140625,"OYZON, FELIPE A.",RES1,240,1
3761,2020140630,"FALGUERA, PEREGRINO",RES3,240,1
3762,2020140635,"FALGUERA, RYAN C./MYLENE                ",RES2,240,1
3763,2020140640,"ILAD, AURORA",RES1,240,1
3764,2020140645,"DASMARIÑAS, BENJAMIN JR. C.",RES3,240,1
3765,2020140650,"CLAREN, JESUS",RES2,240,1
3766,2020140660,"AGRES, TEODULO",RES1,240,1
3767,2020140665,"RAMOS, LEO M.",RES1,240,1
3768,2020140670,"NIVAL, POLICARPIO",RES2,240,1
3769,2020140675,"AUREA, DARIN O.",RES1,240,1
3770,2020140680,"CANASTA, PAULINA",RES3,240,1
3771,2020140685,"CERA, JOCELYN P.",RES1,240,1
3772,2020140690,"BRUN, ERLINDA",RES3,240,1
3773,2020140695,IGLESIA NI CRISTO/ LOCAL OFFICE,PB,240,1
3774,2020140700,"IDLISAN, IGNACIA",RES2,240,1
3775,2020140705,IGLESIA NI CRISTO/ CARETAKER,PB,240,1
3776,2020140710,"LAURO, ELESEO",RES2,240,1
3777,2020140715,"ORIOL, CASIMERO JR. H.",RES1,240,1
3778,2020140725,"DELA PEÑA, OSCAR L.",RES4,240,1
3779,2020140735,"GUNABE, MARIVEL G.",RES3,240,1
3780,2020140740,"OLEDAN, BRIGIDO",RES1,240,1
3781,2020140745,"BACARISAS, EMA A.",RES1,240,1
3782,2020140755,"MACARANDAN, BINIGNO P.",RES1,240,1
3783,2020140760,"BRUM, RITA",RES2,240,1
3784,2020140765,"GAVERO, RUBEN",RES1,240,1
3785,2020140770,"BRUM, ALFREDO",RES2,240,1
3786,2020140771,"MADJID, LUCIA",RES1,240,1
3787,2020140775,"CLARIN, ALEX S.",RES1,240,1
3788,2020140780,"CLAREN, AMANCIO",RES1,240,1
3789,2020140781,"TADIFA, MATIAS",RES3,240,1
3790,2020140784,"LOPEZ, LOLITA",RES2,240,1
3791,2020140785,"ABILAR, ANTONIO",RES1,240,1
3792,2020140787,"GARRIDO, CORNELIO",RES1,240,1
3793,2020140790,"SALVACION, GAUDENCIA",RES2,240,1
3794,2020140791,"LLAMES, ROSEVIMINDA",RES4,240,1
3795,2020140795,"MACABABAT, PEDRO",RES4,240,1
3796,2020140799,"TANGINAN, JOHNYL T.",RES2,240,1
3797,2020140800,"TADIFA, ILUMINADO",RES4,240,1
3798,2020140815,"TAGGET, TERESITA",RES1,240,1
3799,2020140820,"PERMEJO, FERNANDO",RES3,240,1
3800,2020140825,"TADEFA, ROGELIO O.",RES1,240,1
3801,2020140830,"RUBIS, CLODUALDO",RES4,240,1
3802,2020140843,"CAPALAR, EDUARDO",RES1,240,1
3803,2020140844,"SAVERET, BONIFACIO",RES1,240,1
3804,2020140849,"PRODIGALIDAD, ADELAIDA",RES2,240,1
3805,2020140855,"PELAREJA, REYNALDO",RES1,240,1
3806,2020140858,"FALGUERA, GINA",RES1,240,1
3807,2020140860,"FALGUERA, RODOLFO",RES1,240,1
3808,2020140870,"MACALINAO, NELIA",RES3,240,1
3809,2020140880,"RA?IN, TELESFORO",RES2,240,1
3810,2020140882,"SALVACION, ROMUALDO",RES2,240,1
3811,2020140883,"PALLOMINA, NELISA",RES4,240,1
3812,2020140885,"TAGAK ELEMENTARY SCHOOL/NIVERA, YSLETO",PB,240,1
3813,2020140886,BRGY. HALL C/O BRGY. CAPTAIN,PB,240,1
3814,2020140887,"AGRES, CELINA",RES2,240,1
3815,2020140888,"RAÑIN, DOMINICA",RES3,240,1
3816,2020140890,"GOMBA, BEATRIZ",RES3,240,1
3817,2020140895,"FALGUERA, ELPEDIO/CAPALAR, ROSITA",RES2,240,1
3818,2020140898,STO. NINO CHAPEL C/O CHAPLAIN,PB,240,1
3819,2020140899,"FALGUERA, RUFA C.",RES4,240,1
3820,2020140900,"LABARDA, VICENTA",RES2,240,1
3821,2020140905,"SAURI, NEMESIO",RES2,240,1
3822,2020140906,"SALVACION, LEOVEGILDO",RES1,240,1
3823,2020140910,"PALLOMINA, LILIA",RES1,240,1
3824,2020140920,"TERRADO, LILIA",RES3,240,1
3825,2020140925,"DACARA, ROSARIO L.",RES1,240,1
3826,2020140930,"PALLOMINA, COLETA",RES3,240,1
3827,2020140932,"VILLASIN, ARSENIO",RES2,240,1
3828,2020140935,"PALLOMINA, RITO",RES2,240,1
3829,2020140940,"MACALINAO, FELIMON",RES4,240,1
3830,2020140945,"CALANDRIA, ETHEL D.",RES3,240,1
3831,2020140950,"CANEGA, ERLINDA",RES1,240,1
3832,2020140955,"AVORQUE, MANUEL",RES3,240,1
3833,2020140956,"FALGUERA, ANTONIO",RES2,240,1
3834,2020140960,"VILLASIN, CLODUALDO",RES1,240,1
3835,2020140965,"DARNAYLA, PHILIP H.",RES2,240,1
3836,2020140970,"VILLASIN, LEONIDO",RES3,240,1
3837,2020140980,"ABEJAR, EDUARD",RES2,240,1
3838,2020140985,"QUIRIMIT, VIOLETA M.",RES1,240,1
3839,2020140990,"RAMOS, JOSE",RES2,240,1
3840,2020141000,"REMEDIO, THELMA R.",RES3,240,1
3841,2020141015,"DAGANASOL, MARIANNE V.",RES2,240,1
3842,2020141020,"MACALINAO, PRESCILA",RES4,240,1
3843,2020141025,"BON, LEMUEL C.",RES1,240,1
3844,2020141030,"MACALINAO, RODOLFO",RES3,240,1
3845,2020141035,"ACEBO, LILIBETH",RES3,240,1
3846,2020141040,"ACEBU, ANTONIO",RES1,240,1
3847,2020141042,"MACALINAO, ADELAIDA",RES1,240,1
3848,2020141045,"CARTOJANO, BERNIE",RES4,240,1
3849,2020141046,"RIEL, MARIA",RES1,240,1
3850,2020141050,"MACALINAO, PATROCENIO",RES1,240,1
3851,2020141055,"LAUDE, JUDITHA G.",RES1,240,1
3852,2020141060,"PETALLANA, MAMERTO",RES4,240,1
3853,2020141065,"OLEDAN, ANGELINE T.",RES4,240,1
3854,2020141070,"MACALINAO, MANUEL",RES4,240,1
3855,2020141075,"ZETA, JEANNE Q.",RES2,240,1
3856,2020141080,"MACALINAO, EDILBERTO",RES3,240,1
3857,2020141095,"LUNA, ARNOLD B.",RES4,240,1
3858,2020141100,"BACARISAS, LOURDES",RES1,240,1
3859,2020141103,"PLANADA, ALFREDO",RES3,240,1
3860,2020141104,"ARGUELLES, PETRA",RES3,240,1
3861,2020141106,"MACALINAO, ROLLY",RES4,240,1
3862,2020141110,"DEL PILAR, CHARITO",RES3,240,1
3863,2020141114,"ACEBU, ARLENE O.",RES2,240,1
3864,2020141115,"CUMPA, LENI",RES1,240,1
3865,2020141116,"AZCARRAGA, GORGONIA L.",RES1,240,1
3866,2020141117,"ACERDEN, JOSIE C.",RES1,240,1
3867,2020141120,"BACARISAS, CRISANTO",RES1,240,1
3868,2020141125,"DACARA, MYRNA I.",RES1,240,1
3869,2020141130,"PALAHINOG, MARIA",RES1,240,1
3870,2020141140,"PLANADA, BONIFACIO",RES3,240,1
3871,2020141144,"AGUDERA, FELIPE",RES3,240,1
3872,2020141150,"AGUDERA, DOMINGO",RES2,240,1
3873,2020141155,"LIANZA, SABINA",RES1,240,1
3874,2020141160,"MORIEL, EXPECTACION",RES1,240,1
3875,2020141161,"CABORNIDA, ALFREDO",RES2,240,1
3876,2020141163,"AVILA, EPEFANIA",RES1,240,1
3877,2020141165,"LLOREN, ROSITA",RES2,240,1
3878,2020141175,"NARIDO, TARCELITA N.",RES1,240,1
3879,2020141185,"DACARA, CARMELITA N.",RES2,240,1
3880,2020141190,"RANCE, EDITH",RES1,240,1
3881,2020141195,"OTIVAR, LOTERIA",RES1,240,1
3882,2020141196,"LAGERA, VICTORIA",RES1,240,1
3883,2020141205,"MENDOZA, REBECCA",RES3,240,1
3884,2020141210,"AGUILON, LORENZA",RES1,240,1
3885,2020141211,"CUESTA, LEONORA",RES1,240,1
3886,2020141212,"TORREFIEL, ALMA",RES2,240,1
3887,2020141213,"FALGUERA, ROBERTA",RES1,240,1
3888,2020141214,"DAVID, MA. EBILLA",RES1,240,1
3889,2020141215,"BRUN, EDITHA",RES1,240,1
3890,2020141216,"BRUN, LIZA",RES1,240,1
3891,2020141220,"ARGUELLES, MAXIMIANO",RES1,240,1
3892,2020141225,"OYZON, VENANCIO P.",RES4,240,1
3893,2020141230,"RUBIS, ROLANDO",RES1,240,1
3894,2020141235,"NARTEA, ARSENIO D.",RES1,240,1
3895,2020141245,"NARIDO, MARIA",RES2,240,1
3896,2020141250,"BACAY, PEREGRINA",RES1,240,1
3897,2020141255,"VISTO, ROMEO",RES2,240,1
3898,2020141256,"BACAY, OFELIA",RES1,240,1
3899,2020141257,"TUAZON, OLIVIA",RES2,240,1
3900,2020141258,"BACAY, IMELDA M.",RES1,240,1
3901,2020141260,"BUGAL, MAMERTO",RES1,240,1
3902,2020141265,"SORIMA, RAYMUND R.",RES1,240,1
3903,2020141270,"ESPESO, FEDENCIO",RES1,240,1
3904,2020141275,"NALDA, VICETACION",RES2,240,1
3905,2020141280,"DACARA, JOVITO",RES3,240,1
3906,2020141285,"NIVERA, EFREN I.",RES2,240,1
3907,2020141290,"CALANDRIA, LEONILA",RES1,240,1
3908,2020141295,"ARPON, ERNESTO B.",RES1,240,1
3909,2020141300,"CALANDRIA, HILARIO",RES1,240,1
3910,2020141305,"CABISON, ROWENA",RES2,240,1
3911,2020141310,"DATAYLO, IRENEA",RES2,240,1
3912,2020141311,"DACARA, RINALYN",RES1,240,1
3913,2020141315,"OLEDAN, RUPERTA",RES1,240,1
3914,2020141316,"ACEBO, EDILBERTO",RES1,240,1
3915,2020141320,"MORIEL, ROLANDO",RES2,240,1
3916,2020141323,"ARGUELLES, ROLANDO",RES1,240,1
3917,2020141324,"DARNAYLA, WENIFREDA D.                  ",RES3,240,1
3918,2020141326,"MINOSA, MARIVIC",RES1,240,1
3919,2020141330,"ACERDEN, PACITA",RES1,240,1
3920,2020141331,"ARGUELLES, FLORITA",RES1,240,1
3921,2020141332,"CALANDRIA, ERLINDA",RES2,240,1
3922,2020141333,"NALDA, GINA",RES2,240,1
3923,2020141335,"ACERDEN, FRANCISCO",RES3,240,1
3924,2020141340,"DATAYLO, SABINA",RES2,240,1
3925,2020141345,"NARIDO, BENJAMIN",RES1,240,1
3926,2020141346,"NARIDO, FELOMINA",RES2,240,1
3927,2020141350,"NARIDO, JOSE",RES2,240,1
3928,2020141353,"NARIDO, MARIBEL",RES1,240,1
3929,2020141355,"SAGKAHAN RURAL HEALTH UNIT/ASTILLA, E.",PB,240,1
3930,2020141360,"MACALALAG, ANTONIO",RES2,240,1
3931,2020141370,"RENDORA, DOMINGO",RES2,240,1
3932,2020141375,"PASCUAL, LORNA B.",RES2,240,1
3933,2020141395,"AGUILON, RIZA R. (BUNKHOUSE-TEMP)",RES1,240,1
3934,2020141400,"FLORENDO, ROSITA",RES1,240,1
3935,2020141405,"QUINTANA, ANTONIA",RES1,240,1
3936,2020141410,"NARIDO, VICTOR",RES2,240,1
3937,2020141411,"AGUILON, RONALDO",RES4,240,1
3938,2020141412,"CERA, MAXIMINA",RES1,240,1
3939,2020141416,"SOLATURIO, JOSEFINA",RES1,240,1
3940,2020141421,"DACARA, RICARDO",RES1,240,1
3941,2020141422,"UY, TARCELA (CEMETERY)",PB,240,1
3942,2020141423,"REYES, JAIME",RES2,240,1
3943,2020141424,"DAANG, ULDARICO",RES1,240,1
3944,2020141425,"PADAYAO, SYRA C.",RES3,240,1
3945,2020141426,"NARIDO, EXUPERTO",RES1,240,1
3946,2020141430,"CHINESE CEMETERY C/O LIM, RODOLFO",RES1,240,1
3947,2020141435,"DY, SAMUEL",RES1,240,1
3948,2020141436,"MAKABENTA, ABDON",RES3,240,1
3949,2020141437,"NARIDO, FILIPINA",RES1,240,1
3950,2020141438,"NARIDO, VICENTE",RES1,240,1
3951,2020141439,"BAUTISTA, LORNA",RES1,240,1
3952,2020141441,"ROSALES, MARITES",RES2,240,1
3953,2020141445,"QUIRIMIT, TEOFILA L.",RES1,240,1
3954,2020141450,"NARIDO, PRIMA",RES1,240,1
3955,2020141455,"ROSALES, ERLINDA",RES4,240,1
3956,2020141465,"BALENDO, MILA",RES1,240,1
3957,2020141466,"ARGUELLES, MARY ANN I.",RES1,240,1
3958,2020141467,"DAANG, FELISA",RES1,240,1
3959,2020141470,"CABALTERA, IMELDA",RES1,240,1
3960,2020141473,"CABALTERA, NANETTE",RES1,240,1
3961,2020141475,"REYES, FRANCISCO",RES1,240,1
3962,2020141480,"CABALTERA, JUANITA",RES1,240,1
3963,2020141485,"HAVOC, MARITES",RES2,240,1
3964,2020141490,"CABALTERA, ZOSIMA",RES4,240,1
3965,2020141495,"BACAY, JOSE",RES1,240,1
3966,2020141500,"AGUILON, JUAN",RES2,240,1
3967,2020141510,"OLEDAN, EDDIE",RES4,240,1
3968,2020141515,"CANEGA, FORTUNATO",RES3,240,1
3969,2020141516,"CANEGA, GLORIA",RES1,240,1
3970,2020141520,"MANABAT, DANILO",RES4,240,1
3971,2020141521,"BRGY. CHAPEL/DEMETRIA, CA?EGA",PB,240,1
3972,2020141522,"DASMARI?AS, FELIMON",RES1,240,1
3973,2020141523,"DASMARINAS, VIOLETA",RES3,240,1
3974,2020141524,"CANEGA, EPIFANIA",RES2,240,1
3975,2020141525,"SAGKAHAN ELEM. SCHOOL/VILLAFLOR, MARCELO",PB,240,1
3976,2020141526,"NARIDO, PORFERIO",RES1,240,1
3977,2020141527,"MERELOS, MICHELLE",RES2,240,1
3978,2020141529,"CANEGA, NENITA",RES1,240,1
3979,2020141535,"FALGUERA, VILMA PERMEJO",RES1,240,1
3980,2020141545,LEYTE CABLE TV NETWORK POWERSUPPLY,COM2,240,1
3981,2020141550,"DASMARINAS, ERNESTO",RES1,240,1
3982,2020141555,"ARRIBE, TERESITA M.",RES2,240,1
3983,2020141565,"ACEBU, ANGELICA A.",RES1,240,1
3984,2020141570,"ACERDEN, BIENVINIDO",RES4,240,1
3985,2020141575,"ARREBE, ILUMINADA",RES1,240,1
3986,2020141576,"NARIDO, ESTRELLA",RES2,240,1
3987,2020141577,"DASMARINAS, LIELA C.",RES2,240,1
3988,2020141578,"AGUILON, LETICIA P.",RES2,240,1
3989,2020141580,"CANEGA, DEMETRIA",RES1,240,1
3990,2020141585,"SALDON, MARICEL C.",RES1,240,1
3991,2020141590,"AGUILON, ANASTACIO+/CONSOLACION",RES1,240,1
3992,2020141595,"MAKABENTA, CLARITA O.",RES1,240,1
3993,2020141600,"ONG, GLORIA",RES4,240,1
3994,2020141605,"BODO, BERNARDO",RES3,240,1
3995,2020141610,"DACARA, PACIFICO",RES1,240,1
3996,2020141620,"LLAMES, NARCISO",RES1,240,1
3997,2020141625,"DASMARIÑAS, DOMINGO N.",RES1,240,1
3998,2020141630,"QUIDLAT, SALVADOR",RES4,240,1
3999,2020141640,"CABALTERA, BALDEMAR",RES1,240,1
4000,2020141641,"FLORES, LOURDES",RES2,240,1
4001,2020141642,"FALGUERA, VISITACION",RES1,240,1
4002,2020141645,"BETERES, ROWENA L.",RES2,240,1
4003,2020141660,"ORIOL, ANGELES",RES2,240,1
4004,2020141665,"MAKABENTA, MARINA F.",RES1,240,1
4005,2020141670,"ENCINAS, ASUNCION",RES1,240,1
4006,2020141675,"ENCINAS, ELESEO",RES1,240,1
4007,2020141680,"PERMEJO, ARNULFO",RES3,240,1
4008,2020141681,"ENCINAS, ERIBERTO",RES2,240,1
4009,2020141682,"PERMEJO, ARNULFO",RES1,240,1
4010,2020141685,"MACOL, MARIA D.",RES2,240,1
4011,2020141690,"ORIOL, TEODORO",RES1,240,1
4012,2020141695,"ARPON, FELIPE M.",RES1,240,1
4013,2020141700,"BACARISAS, NESTOR",RES1,240,1
4014,2020141710,"BACARISAS, VICENTE",RES1,240,1
4015,2020141715,"ACERDEN, RONALD",RES1,240,1
4016,2020141720,"BACARISAS, ANGEL",RES2,240,1
4017,2020141725,"GUNABE, CRISELDA M.",RES1,240,1
4018,2020141730,"LAGERA, SATURNINA",RES2,240,1
4019,2020141734,"BACARISAS, ELISEO",RES2,240,1
4020,2020141735,"BENSI, MARILOU",RES1,240,1
4021,2020141740,"DACARA, MARGARITO",RES1,240,1
4022,2020141745,"DACARA, BONIFACIO T.",RES2,240,1
4023,2020141750,"CABELLO, FELECIANO",RES1,240,1
4024,2020141755,"ARGUELLES, EVELYN M.",RES1,240,1
4025,2020141760,"GABRIOLA, NORMA Y.",RES4,240,1
4026,2020141770,"TADEFA, BONIFACIO",RES2,240,1
4027,2020141775,"CLARIN, ARIEL S.",RES1,240,1
4028,2020141780,"SINGSON, JENNIFER M.",RES1,240,1
4029,2020141785,"QUINTANA, LUCIANO N.",RES1,240,1
4030,2020141790,"ORTULA, CESAR M., JR.",RES1,240,1
4031,2020141795,"URSAL, VIE M.",RES1,240,1
4032,2020141800,"DACARA, FELICITAS",RES1,240,1
4033,2020141810,"ABAYAN, ROLANDO T.",RES1,240,1
4034,2020141815,"CAMANGIAN, ILALO C. JR.",RES2,240,1
4035,2020141830,"CUMPA, MARCIANO V.",RES3,240,1
4036,2020141835,"DACARA, DEXTER A.",RES1,240,1
4037,2020141840,"YACAP, ANNAVEL U.",RES1,240,1
4038,2020141845,"IRLANDEZ, ROSEBHEY B.",RES1,240,1
4039,2020141850,"BACAY, RAUL M.",RES1,240,1
4040,2020141851,"LUMUGDA, ALDIN M.",RES2,240,1
4041,2020141852,"SECORATA, LOIDA N.",RES3,240,1
4042,2020141854,"CAPALAR, ROLANDO C.",RES2,240,1
4043,2020141855,"BRUN, THELMA T.",RES1,240,1
4044,2020141857,"CAÑEGA, ELEUTERIO J. JR.",RES1,240,1
4045,2020141858,"BACAY, PEDRO N.",RES1,240,1
4046,2020141860,"TORREFIEL, LORNA M.",RES1,240,1
4047,2020141861,"OCLARIT, GEILY D.",RES1,240,1
4048,2020141862,"ACERDEN, GEMMA B.",RES1,240,1
4049,2020141863,"BACARISAS, CHRISTOPHER L.",RES1,240,1
4050,2020141864,"ARGUELLES, ROSALEA B.",RES1,240,1
4051,2020141865,"AGUILOS, EVELYN A.",RES1,240,1
4052,2020141866,"TORREFIEL, LEONOR M.",RES1,240,1
4053,2020141867,"ARPON, MARBY O.",RES1,240,1
4054,2020141870,"CAÑALETE, FRANCISCO D.",RES1,240,1
4055,2020141871,"DOLLETE, MERLA T.",RES2,240,1
4056,2020141872,"ONG, EDUARDO, CAÑEGA",RES4,240,1
4057,2020141873,"CAPAYCAPAY, MARILOU C.",RES3,240,1
4058,2020141874,"FUENTES, REX C.",RES2,240,1
4059,2020141875,"RIVERA, EUSEBIO C. JR./BUNK HOUSE",COM2,240,1
4060,2020141876,"QUIDLAT, STEVEN FLORENDO",RES1,240,1
4061,2020141877,"MORIEL, JOSEFA YASMIN APARIS",RES4,240,1
4062,2020141878,"INSEGNE, NELIA ABADINES",RES1,240,1
4063,2020141880,"DEDILA, LYDIA B.",RES1,240,1
4064,2020141883,"AMON, RICARDO GAVERO",RES4,240,1
4065,2020141884,"TORREDES, GRACIANA GOLES",RES1,240,1
4066,2020141885,"DALUMPINES, ROSENDA MOLABOLA",RES1,240,1
4067,2020141886,"PARENA, JOCELYN",RES1,240,1
4068,2020141887,"PERMEJO, NENITA DILAO",RES1,240,1
4069,2020141889,"ASTORGA, JOSELYNM VILLIATO",RES1,240,1
4070,2020141891,"TALBO, RAFAEL DAANG",RES1,240,1
4071,2020141893,"ENCINAS, LORNA BACARISAS",RES1,240,1
4072,2020141894,"OPEÑA, LUDEBETH AMADO",RES2,240,1
4073,2020141895,"OLEDAN, RUEL ORTULA",RES1,240,1
4074,2020141896,"DAGANASOL, FRANCIS ROY A",RES1,240,1
4075,2020141897,"CARAO, RODOLFO JR.",RES1,240,1
4076,2020141898,"DOLLETE, GIL",RES1,240,1
4077,2020141899,"FLORES, NELIA GUNABE",RES2,240,1
4078,2020141908,"CLARIN, ANARISA",RES1,240,1
4079,2020141909,"OLEDAN, ANALYN",RES2,240,1
4080,2020150010,"AYENTO, ADELINA P.",RES1,240,1
4081,2020150015,"DAGALEA, RUEL",RES1,240,1
4082,2020150016,"AYENTO, ADELINA P.",RES4,240,1
4083,2020150017,"PARENA, ANTONIO JR.",RES1,240,1
4084,2020150018,"HIDALGO, ERVIN",RES1,240,1
4085,2020150020,"ROCHA, LEOPOLDO",RES2,240,1
4086,2020150021,"LIGUTAN, RANDOLF",RES1,240,1
4087,2020150023,"NARIDO, RAQUEL",RES3,240,1
4088,2020150025,"URMENETA, MARIFE A.",RES3,240,1
4089,2020150030,"DAGALEA, GIL C/O OLEDAN, CONCHITA",RES2,240,1
4090,2020150031,"ROCHA, GREGORIO",RES3,240,1
4091,2020150032,"SUPERABLE, SONNY BOY",RES1,240,1
4092,2020150040,"RANCE, GAUDENCIO",RES2,240,1
4093,2020150041,"URMENETA, AGRIPINA",RES1,240,1
4094,2020150045,"CANABE, REMEGIO",RES1,240,1
4095,2020150049,"URMENETA, SUSANA C.",RES1,240,1
4096,2020150055,"URMENETA, NARCISA",RES3,240,1
4097,2020150060,"RAAGAS, VIRGINIA P.",RES2,240,1
4098,2020150070,"LIPORADA, CRISPOLO",RES3,240,1
4099,2020150090,"LOPEZ, MA. LINDA",RES1,240,1
4100,2020150100,"CANABE, REMEDIOS",RES1,240,1
4101,2020150110,"NIVAL, ROSARIO",RES2,240,1
4102,2020150112,"CONDALOR, BRIGIDO",RES2,240,1
4103,2020150113,"LIGUTAN, MA. EDEN",RES3,240,1
4104,2020150115,"LIZARDO, RENATO M.",RES1,240,1
4105,2020150120,"DAGALEA, EUGENIA",RES4,240,1
4106,2020150121,"JURILLA, NELIA",RES1,240,1
4107,2020150122,"SALVACION, LEANDRO SR.",RES2,240,1
4108,2020150123,"SALVACION, RINO",RES3,240,1
4109,2020150124,"DAGALEA, RAFAEL",RES1,240,1
4110,2020150125,"OYZON, ARTEMIANO",RES1,240,1
4111,2020150126,"HORCA, DOMINGO",RES2,240,1
4112,2020150127,"ABRERA, FE",RES3,240,1
4113,2020150128,"MACABANSAG, CHRISTIAN",RES2,240,1
4114,2020150129,"ROCHA, LORENZO",RES1,240,1
4115,2020150131,"DAGALEA, RAFAEL",RES3,240,1
4116,2020150135,"BOYO, ROMEO O./ROWENA",RES1,240,1
4117,2020150140,"DAGALEA, VIRGINIA",RES1,240,1
4118,2020150145,"DRILON, ROLANDO F.",RES3,240,1
4119,2020150155,"MACABANSAG, FELIPE",RES4,240,1
4120,2020150156,"CANABE, JUANITO",RES2,240,1
4121,2020150159,"GRABADOR, DARIS",RES4,240,1
4122,2020150160,"JURILLA, REBECCA",RES1,240,1
4123,2020150161,"FALLER, SOLOMON",RES2,240,1
4124,2020150162,"SALVACION, TEODORA",RES3,240,1
4125,2020150163,"CANABE, PERLITA",RES1,240,1
4126,2020150165,"JURILLA, PRIMA",RES3,240,1
4127,2020150166,"PETALLANA, RUFINO",RES1,240,1
4128,2020150167,"VINAS, AMALIA",RES3,240,1
4129,2020150168,"CUMBIS, EVELYN",RES1,240,1
4130,2020150169,"PANIM, MA. MELBA",RES4,240,1
4131,2020150170,"OBEJERA, JULIAN",RES3,240,1
4132,2020150171,"LARUGA, JONALYN",RES2,240,1
4133,2020150174,"SALVACION, CONSOLACION S.",RES1,240,1
4134,2020150180,"OGNILLA, HONORIO",RES1,240,1
4135,2020150185,"PASCUAL, ELDA D./NOEL",RES3,240,1
4136,2020150195,"CANABE, LEO",RES1,240,1
4137,2020150200,"CUMBIS, CONCHITA",RES1,240,1
4138,2020150205,"AGUNOS, EMERITA C./ANTONIO",RES1,240,1
4139,2020150210,"BACTOL, MAURA",RES1,240,1
4140,2020150220,"DAANG, CRESENCIO",RES1,240,1
4141,2020150225,"MONTINO, WENEFE V.",RES1,240,1
4142,2020150235,"CAMPOSANO, RENER A./HEIDI",RES4,240,1
4143,2020150240,"BACTOL, ALBERTO",RES1,240,1
4144,2020150246,"URMENETA, LEO",RES3,240,1
4145,2020150250,"MACABANSAG, YOMADIA",RES3,240,1
4146,2020150255,"DAGALEA, BIENVINIDO B.",RES2,240,1
4147,2020150260,"CABASE, CAMILO",RES1,240,1
4148,2020150265,"MACALALAG, LEANDRO",RES1,240,1
4149,2020150270,"BASALLAJE, FELIX",RES2,240,1
4150,2020150273,"BASALLAGE, ROLANDO",RES2,240,1
4151,2020150274,"CABIA-AN, MARGARITO",RES1,240,1
4152,2020150275,"CAUBALEJO, NATIVIDAD",RES1,240,1
4153,2020150280,"SABIANO, DAINAVE",RES2,240,1
4154,2020150285,"BACORDO, MARICEL P.",RES1,240,1
4155,2020150290,"DRILON, JOSE",RES1,240,1
4156,2020150295,"DRILON, KARIM",RES4,240,1
4157,2020150297,"URMENETA, ARTURO",RES2,240,1
4158,2020150301,"QUIMNO, ANGELES",RES2,240,1
4159,2020150303,"DRILON, MANUEL",RES4,240,1
4160,2020150305,"BACULANTA, CORAZON",RES4,240,1
4161,2020150306,"MORALES, CHERRY ANN",RES2,240,1
4162,2020150307,BALILIT ELEMTARY SCHOOL,PB,240,1
4163,2020150310,"DAQUIGAN, ARTURO",RES1,240,1
4164,2020150315,"OLEDAN, SIMPLICIO",RES4,240,1
4165,2020150316,"ANGAYANGAY, GERMAN R.",RES3,240,1
4166,2020150319,"QUIMNO, JOEL",RES1,240,1
4167,2020150320,"ALECHA, SALVADOR",RES1,240,1
4168,2020150321,"OLEDAN, WILFREDO",RES2,240,1
4169,2020150322,"YMAS, RECHIL P./JEFFREY O.",RES4,240,1
4170,2020150323,"ALECHA, LILIA",RES1,240,1
4171,2020150324,"ALECHA, FRANCISCO",RES1,240,1
4172,2020150325,"GRABADOR, TARCELA",RES2,240,1
4173,2020150326,"ALECHA, ANTONIO",RES3,240,1
4174,2020150327,"BAUTISTA, FULFENCIO",RES1,240,1
4175,2020150328,"DRILON, LORETO",RES3,240,1
4176,2020150330,"BACATANO, FELIPE",RES1,240,1
4177,2020150345,"MAKABENTA, MARIA PAZ U.",RES1,240,1
4178,2020150350,"MOLABOLA, IRENE/MACANIP, ROLANDO",RES1,240,1
4179,2020150355,"SULLANO, IDA",RES1,240,1
4180,2020150360,"EDANG, BLAS",RES2,240,1
4181,2020150365,"ROSALES, JUANITO U. JR./ROCYLYN ",RES1,240,1
4182,2020150370,"TALUA, PERIGRINO",RES2,240,1
4183,2020150375,"POTOLIN, KAREEN P.",RES1,240,1
4184,2020150380,"ARAT, CORAZON",RES3,240,1
4185,2020150381,"BRGY. HALL C/O LUNASIN, MARINA",PB,240,1
4186,2020150382,"PETALLANA, ANTONIO",RES3,240,1
4187,2020150385,"LARUGA, AMILITO P.",RES1,240,1
4188,2020150390,"RANCE, RUFINO",RES1,240,1
4189,2020150395,"INDITA, MARIANITA B.",RES2,240,1
4190,2020150400,"TALUA, FELIMON",RES4,240,1
4191,2020150405,"CANENDO, ARSENIO B.",RES1,240,1
4192,2020150410,"PETALLANA, ANGEL",RES1,240,1
4193,2020150415,"BACATANO, RICKY H.",RES1,240,1
4194,2020150420,"BRAZIL, FERMIN",RES2,240,1
4195,2020150425,"LUNASIN, MARINA",RES3,240,1
4196,2020150426,BRGY. CHAPEL,PB,240,1
4197,2020150430,"RA?IN, FRANCISCO",RES2,240,1
4198,2020150432,"RANIN, ALFEO C./JULIET",RES3,240,1
4199,2020150440,"PETALLANA, CECELIO",RES1,240,1
4200,2020150450,"OYZON, VICENTE",RES2,240,1
4201,2020150455,"OYZON, EVELYN",RES1,240,1
4202,2020150456,"PETALLANA, ESTRELLA",RES1,240,1
4203,2020150465,"BACORDO, GLORIA",RES2,240,1
4204,2020150470,"OYZON, CORAZON",RES2,240,1
4205,2020150472,"LIZARDO, ANTONIO",RES3,240,1
4206,2020150473,"OYZON, DELILAH",RES2,240,1
4207,2020150474,"CEBU, DIONESIO JR.",RES1,240,1
4208,2020150475,"DRILON, LOLITA",RES1,240,1
4209,2020150480,"LIZARDO, DOROTEA",RES2,240,1
4210,2020150485,"LIWANAG, JOSEPHINE O.",RES3,240,1
4211,2020150490,"OBEJERA, ANGELES",RES4,240,1
4212,2020150491,"TALUA, LYDIA",RES3,240,1
4213,2020150494,"DEDIL, RODOLFO",RES1,240,1
4214,2020150495,"ALECHA, ROGELIO",RES3,240,1
4215,2020150496,"CADIENTE, MARTINO",RES4,240,1
4216,2020150497,"CADIENTE, MARILYN",RES1,240,1
4217,2020150500,"SANGCAJO, PAZ",RES1,240,1
4218,2020150502,"BERRES, ARTURO",RES2,240,1
4219,2020150505,"URMENETA, CASTULO",RES2,240,1
4220,2020150506,"SANGCAJO, ZOSIMO",RES2,240,1
4221,2020150510,"PERUDA, MARIO",RES4,240,1
4222,2020150515,"NUDO, NORA LINDA A.",RES2,240,1
4223,2020150520,"PERUDA, MILAGROS E.",RES3,240,1
4224,2020150525,"CUMBIS, SALVACION F.",RES2,240,1
4225,2020150530,"QUINTANA, MARIA",RES2,240,1
4226,2020150531,"QUILANETA, RICARDO",RES3,240,1
4227,2020150532,"URMENETA, GLERIO",RES4,240,1
4228,2020150536,"BONYARAT, VICTOR",RES3,240,1
4229,2020150540,"URMENETA, ESTELITA",RES3,240,1
4230,2020150541,"CARATAO, DAISY",RES1,240,1
4231,2020150545,"URMENETA, APOLINARIO",RES2,240,1
4232,2020150550,"URMENETA, GUILLERMA  A.",RES1,240,1
4233,2020150555,"CANEGA, ARLENE",RES1,240,1
4234,2020150556,"PAMI, ANGEL",RES1,240,1
4235,2020150565,"MACALALAG, MICHELLE A.",RES3,240,1
4236,2020150570,"RA?IN, WILFREDO",RES1,240,1
4237,2020150580,"PAMI, ANGEL",RES3,240,1
4238,2020150585,"VERSIMO, FAMI",RES2,240,1
4239,2020150590,"IBATAN, GERUNDIA",RES3,240,1
4240,2020150595,"VILLARUEL, ISABEL A.",RES2,240,1
4241,2020150600,"IBATAN, TERESITA",RES3,240,1
4242,2020150605,"CANASTA, CONRADO JR.",RES1,240,1
4243,2020150610,"NIVAL, ARTURO",RES4,240,1
4244,2020150615,"AGUILAY, MILAGROS Y.",RES1,240,1
4245,2020150620,"JAPAG, PEDRO",RES2,240,1
4246,2020150621,"BOYO, RENE",RES4,240,1
4247,2020150622,"AGUMBAY, EMERITA",RES3,240,1
4248,2020150625,"LUMACAD, ELENA S.",RES2,240,1
4249,2020150635,"PEQUE, ALLAN SR. Q.",RES1,240,1
4250,2020150640,"PLATILLA, INOCENCIA",RES1,240,1
4251,2020150645,"OBALLO, LUDINA",RES1,240,1
4252,2020150650,"LLAGAS, REMEGIA",RES1,240,1
4253,2020150652,"PLATILLA, ANALISA",RES1,240,1
4254,2020150653,"LLAGAS, MELOGINE MAE",RES2,240,1
4255,2020150655,"LLOREN, LEO",RES1,240,1
4256,2020150656,"PLATILLA, ARTURO",RES1,240,1
4257,2020150657,"PEÑAFLOR, ROSARIO M.",COM1,240,1
4258,2020150660,"AGUJA, GUILLERMO",RES2,240,1
4259,2020150661,"SUMALINOG, ROSE ANN L/JESSIE",RES2,240,1
4260,2020150665,"MACOSE, RICHELLE V.",RES1,240,1
4261,2020150670,"OLIVER, ALBERTO",RES3,240,1
4262,2020150675,"OLEDAN, SERGIO R.",RES2,240,1
4263,2020150680,"SALUD, THELMA",RES3,240,1
4264,2020150685,"AMADO, NOEL P.",RES1,240,1
4265,2020150690,"VALLEY, MANUEL",RES4,240,1
4266,2020150695,"PLATILLA, TEODORA",RES1,240,1
4267,2020150700,"LUCELO, TEOFILO",RES4,240,1
4268,2020150705,"PLATILLA, CARMELITA",RES2,240,1
4269,2020150710,"CAMPOSANO, MANUEL",RES1,240,1
4270,2020150715,"LIGUTAN, REX MARTIN U.",RES4,240,1
4271,2020150720,"URMENETA, EUSEBIO",RES4,240,1
4272,2020150725,"LIWANAG, MARY JEAN P.",RES1,240,1
4273,2020150730,"URMENETA, VICENTE",RES3,240,1
4274,2020150735,"DAANG, RUDIRICK J.",RES1,240,1
4275,2020150740,"PE?AFLOR, GODOFREDO",RES4,240,1
4276,2020150745,"BACATANO, JISELLE G.",RES3,240,1
4277,2020150750,"ECHO, MAMERTA",RES4,240,1
4278,2020150755,"QUIDLAT, ROMEO",RES1,240,1
4279,2020150760,"GRAGAS, TEODORO",RES4,240,1
4280,2020150765,"PEQUE, BELENDA L.",RES4,240,1
4281,2020150770,"BACTOL, MATEO",RES1,240,1
4282,2020150775,"PARABOLES, GEMMA I.",RES1,240,1
4283,2020150780,"RAAGAS, CALIXTO",RES4,240,1
4284,2020150785,"RAÑIN, JORGE F.",RES1,240,1
4285,2020150790,"LUCELO, TEODORO",RES3,240,1
4286,2020150795,"LUCELO, TEODORICO",RES4,240,1
4287,2020150797,"LUCELO, TARCELITA",RES1,240,1
4288,2020150805,"ALECHA, CARINA JANE A.",RES1,240,1
4289,2020150810,"ECHO, BEATRIZ",RES1,240,1
4290,2020150815,"DAUPLO, HONORIO B.",RES1,240,1
4291,2020150820,"BODO, FELIX",RES2,240,1
4292,2020150823,"BODO, DOLOROSA",RES1,240,1
4293,2020150825,"BODO, MANUELA",RES1,240,1
4294,2020150826,"ASPA, ANGEL",RES1,240,1
4295,2020150830,"AGUMBAY, F./AGUMBAY, ROLANDO",RES1,240,1
4296,2020150835,"IBATAN, ALICIA",RES1,240,1
4297,2020150840,"BODO, ALFREDO",RES3,240,1
4298,2020150845,"ESCARCHA, ELDEFONSO",RES1,240,1
4299,2020150850,"ROSALES, GLORIA",RES1,240,1
4300,2020150855,"PLATILLA, VENERANDO",RES2,240,1
4301,2020150860,"LLAGAS, FELIMON",RES2,240,1
4302,2020150865,"ABRERA, LEDWINA",RES4,240,1
4303,2020150866,"CAMPOSANO, ANALIZA",RES1,240,1
4304,2020150867,"INSIGNE, EMMA",RES1,240,1
4305,2020150868,"INSIGNE, LOURDES",RES1,240,1
4306,2020150869,"CHUA, DENNIS",RES1,240,1
4307,2020150870,"INSIGNE, DOMINADOR",RES1,240,1
4308,2020150872,"BALES, IRENEA",RES2,240,1
4309,2020150873,"LLAGAS, WELFREDO",RES1,240,1
4310,2020150874,"FALLER, LILIA",RES1,240,1
4311,2020150875,"SAYSON, LILIA",RES1,240,1
4312,2020150876,"FAMI, VISITACION",RES1,240,1
4313,2020150880,"REYES, LUCIA",RES4,240,1
4314,2020150890,"CANENDO, LAURA",RES1,240,1
4315,2020150900,"CANENDO, BASILISA",RES3,240,1
4316,2020150910,"CANENDO, JUAN",RES2,240,1
4317,2020150915,"PENAFLOR, NORBERTO",RES4,240,1
4318,2020150917,"PEQUE, LINO JR.",RES1,240,1
4319,2020150918,"URMENETA, TEOFILO",RES2,240,1
4320,2020150920,"PEÑAFLOR, MELCHORA C.",RES1,240,1
4321,2020150930,"BACTOL, ESTELITO",RES1,240,1
4322,2020150940,"LLAGAS, AGUSTIN",RES2,240,1
4323,2020150950,"COSCULLA, LOLITA C.",RES1,240,1
4324,2020150960,"BACTOL, VICTOR",RES2,240,1
4325,2020150961,"BACTOL, IRENEO",RES3,240,1
4326,2020150962,"INSIGNE, NENITA",RES1,240,1
4327,2020150963,"DENSO, REY",RES1,240,1
4328,2020150964,"LIPORADA, WARLITA",RES1,240,1
4329,2020150965,"RAAGAS, NADOR",RES3,240,1
4330,2020150966,"VEGA, MELECIO",RES1,240,1
4331,2020150970,"BADILLA, REMEGIO",RES1,240,1
4332,2020150971,"RAAGAS, VICTOR",RES1,240,1
4333,2020150974,"SOLOMON, QUINTIN",RES1,240,1
4334,2020150975,"TAMPOL, FAUSTA",RES1,240,1
4335,2020150977,"RAAGAS, APOLONIA",RES3,240,1
4336,2020150979,"BACTOL, ADELINA",RES1,240,1
4337,2020150980,"RAAGAS, MADRONO",RES2,240,1
4338,2020150981,"FALLORE, VEVINCIO M.",RES1,240,1
4339,2020150982,"MARPA, FIEL D.",RES3,240,1
4340,2020150990,"BACTOL, PRIMO",RES1,240,1
4341,2020150995,BRGY. HALL C/O BRGY. CAPTAIN,PB,240,1
4342,2020150996,"RAÑIN, LINDA G.",RES2,240,1
4343,2020150998,"BAYONG, MARIA",RES1,240,1
4344,2020151000,"DAUPLO, CASTULO",RES3,240,1
4345,2020151009,"SALAS, LAURENCE",RES1,240,1
4346,2020151010,"LAURON, WILFREDO",RES3,240,1
4347,2020151012,"DAUPLO, MARY JANE",RES1,240,1
4348,2020151013,"DAUPLO, EUFROCINA",RES1,240,1
4349,2020151014,"MEREDOR, ANATALIA",RES2,240,1
4350,2020151015,"DAGALEA, BENIDO",RES2,240,1
4351,2020151016,"DAUPLO, MIGUEL",RES1,240,1
4352,2020151018,"BADILLA, REBECCA",RES2,240,1
4353,2020151019,"QUILESTE, ESTRELLA",RES1,240,1
4354,2020151025,"LAURON, JOSIE",RES2,240,1
4355,2020151026,"CANARES, TARCELITA",RES1,240,1
4356,2020151030,"CANENDO, JESUS",RES4,240,1
4357,2020151035,"QUIDLAT, ALBERTO JR.",RES2,240,1
4358,2020151036,"BARUGOHAY SUR ELEM. SCHOOL/NEGADO,E",PB,240,1
4359,2020151040,"DRILON, JOSE, JR.",RES2,240,1
4360,2020151045,"CAMPOSANO, EVELIA",RES2,240,1
4361,2020151050,"PEQUE, LINO SR.",RES2,240,1
4362,2020151055,"URMENETA, ALEJANDRA",RES1,240,1
4363,2020151060,"LAURON, CONCEPCION",RES1,240,1
4364,2020151065,"HAMTIG, EVANGELINE",RES2,240,1
4365,2020151066,"PEQUE, JANE",RES3,240,1
4366,2020151067,"LAURON, SOFRONIO",RES2,240,1
4367,2020151068,"QUINAGUTAN, RODOLFO",RES1,240,1
4368,2020151069,"RESILLA, ERNESTO",RES1,240,1
4369,2020151071,"INSIGNE, JOSE RONALDO",RES2,240,1
4370,2020151072,"URIBE, FREDESWINDA",RES2,240,1
4371,2020151073,"RA?IN, GREGORIO",RES2,240,1
4372,2020151074,"COLIBAO, ROGELIO",RES2,240,1
4373,2020151075,"IREA, LADISLAO",RES3,240,1
4374,2020151076,"INDITA, REMEGIA",RES1,240,1
4375,2020151077,"BAUTISTA, CARMEN",RES2,240,1
4376,2020151078,"PERUDA, CAYETANO",RES2,240,1
4377,2020151079,"GIRAY, ALEJANDRO",RES1,240,1
4378,2020151081,"QUILESTE, ANDREA E.",RES2,240,1
4379,2020151082,"SALVACION, SUSAN L.",RES1,240,1
4380,2020151083,"CAMPOSANO, MAURA Q.",RES1,240,1
4381,2020151092,"BACORDO, ADERICO",RES3,240,1
4382,2020151093,"DARANTINAO, MARINA",RES1,240,1
4383,2020151095,"BACORDO, MARILOU",RES1,240,1
4384,2020151096,"ANCHITA, JESSICA",RES1,240,1
4385,2020151097,"DARANTINAO, CYNTHIA",RES3,240,1
4386,2020151100,"RA?IN, MARIANO",RES1,240,1
4387,2020151105,"ADOPTANTE, RICARDO Q. JR.",RES1,240,1
4388,2020151110,"DARANTINAO, JESUS",RES2,240,1
4389,2020151120,"RANIN, ALBERTO",RES2,240,1
4390,2020151122,"GLORE, FORTUNATA",RES1,240,1
4391,2020151124,"DACANAY, NORMA",RES1,240,1
4392,2020151125,"JAMILI, CAMILO",RES3,240,1
4393,2020151130,"INSIGNE, FELIPE, JR.",RES3,240,1
4394,2020151135,"URIBE, GERTRUDES",RES1,240,1
4395,2020151138,"IBATAN, IRENEO",RES2,240,1
4396,2020151139,"QUIDLAT, SANDRO",RES1,240,1
4397,2020151140,"URMENETA, ROSALINDA",RES1,240,1
4398,2020151143,"FRONDA, BASILIA",RES3,240,1
4399,2020151146,"DARANTINAO, LUCY",RES1,240,1
4400,2020151150,"RANIN, ALBERTO",RES1,240,1
4401,2020151151,"ALBUTRA, MARY JANE N.",RES4,240,1
4402,2020151152,"URIBE, ROSALIE A.",RES3,240,1
4403,2020151153,"FALLER, ARTURO J., JR.",RES1,240,1
4404,2020151155,"MENDOZA, MELCHOR U., JR.",RES1,240,1
4405,2020151156,"MENDOZA, ROMUALDO U.",RES1,240,1
4406,2020151157,"DORANA, BIBIAN Y.",RES1,240,1
4407,2020151158,"URMENETA, SOLITA L.",RES1,240,1
4408,2020151159,"PEQUE, ARLEN R.",RES1,240,1
4409,2020151160,"AGUNOS, FLORDELIZA OPLEDA",RES1,240,1
4410,2020151161,"AGUILAR, RIZZA VENNA",RES2,240,1
4411,2020151162,"ALECHA, SAMUEL CEPRIANO",RES1,240,1
4412,2020151163,"COLIBAR, MARIVIC JURILLA",RES1,240,1
4413,2020151164,"SALVACION, ORLINO CANASTA",COM1,240,1
4414,2020151165,"INOSANTE, JOAN U.",RES1,240,1
4415,2020151166,"LIZARDO, MARLYN ODIVILAS",RES1,240,1
4416,2020151167,"MACABANSAG, GUARINO D. JR.",RES1,240,1
4417,2020151168,"BASALLAJE, NORBERTO G.",RES1,240,1
4418,2020151169,"CAMPOSANO, EFREN KATANGKATANG JR.",RES1,240,1
4419,2020151170,"BACATANO, GORGONIO BASALLAJE",RES2,240,1
4420,2020151171,"EÑESEN, CARMENCITA J",RES2,240,1
4421,2020151172,"PROFETANA, ELMER EÑESEN",RES1,240,1
4422,2020151173,"BALAIS, JOENAR T",RES1,240,1
4423,2020151175,"BACATANO, SHERYL HIC",RES2,240,1
4424,2020160010,"PEDE, FELISA",RES3,240,1
4425,2020160020,"OBAOB, EDILBERTO",RES1,240,1
4426,2020160030,"DAGALEA, SERVILLANO",RES1,240,1
4427,2020160040,"CAMPOSANO, BERNARDO",RES1,240,1
4428,2020160050,"ACOLBE, NORBERTO",RES1,240,1
4429,2020160052,"ACOLBI, MARITES",RES1,240,1
4430,2020160053,"DARANTINAO, DANILO",RES1,240,1
4431,2020160055,"RANIN, PAULITA S.",RES2,240,1
4432,2020160060,"ACOLBE, ALBERTO",RES1,240,1
4433,2020160070,"RA?IN, ANECITO",RES1,240,1
4434,2020160080,"ACOLBE, ALEJANDRO",RES1,240,1
4435,2020160090,"PETALLANA, ILUMINADO",RES1,240,1
4436,2020160100,"SUMACOT, ANTONIA",RES1,240,1
4437,2020160105,"DINGCOL, CARMELITA V./MIGUEL, JR.",RES1,240,1
4438,2020160110,"DINGCOL, CRISOSTOMO",RES1,240,1
4439,2020160115,"AGUDO, NORMANDO P.",RES1,240,1
4440,2020160120,"PETALLANA, DOMINGO",RES3,240,1
4441,2020160125,"QUIDLAT, JOSELYN U./ALBERTO JR.",RES1,240,1
4442,2020160130,"URMENETA, CATALINO",RES1,240,1
4443,2020160135,"BACTOL, PURIFICACION I./MARGARITO",RES1,240,1
4444,2020160140,"ARBOLIDA, LEONIDA",RES2,240,1
4445,2020160141,"PRADA, JENNIFER C./REGINO Z.",RES2,240,1
4446,2020160143,"DINGCOL, JULIAN",RES2,240,1
4447,2020160144,"PETALLANA, PAULITA",RES1,240,1
4448,2020160145,"CABALLES, JANICE",RES2,240,1
4449,2020160146,"ABANGGO, ROGELIO",RES1,240,1
4450,2020160150,"CABALLES, DOMINADOR",RES1,240,1
4451,2020160155,"INOSANTE, BENIDO H.",RES1,240,1
4452,2020160160,"PANER, GAUDIOSO",RES1,240,1
4453,2020160165,"HAMTIG, ROGELIO M.",RES1,240,1
4454,2020160170,"DAGALEA, SOFRONIO",RES2,240,1
4455,2020160175,"ALALID, ROSA",RES1,240,1
4456,2020160176,"DINGCOL, ROSE",RES1,240,1
4457,2020160179,"LAURON, ARTURO",RES2,240,1
4458,2020160180,"ARBOLIDA, AVELINO",RES2,240,1
4459,2020160181,"INDITA, MA. LUZ",RES1,240,1
4460,2020160182,"HORCA, WENEFREDA",RES1,240,1
4461,2020160183,"BODO, MANUEL",RES2,240,1
4462,2020160184,"OSME?A, IMELDA",RES2,240,1
4463,2020160185,"URMENETA, TERESITA",RES3,240,1
4464,2020160186,"INDITA, ROSALEO",RES1,240,1
4465,2020160187,"ENISEN, MARIO",RES2,240,1
4466,2020160188,"RANCE, CONCEPCION",RES1,240,1
4467,2020160189,"LLOVIA, FLORENTINA",RES2,240,1
4468,2020160190,"BACTOL, IGMEDIO",RES1,240,1
4469,2020160191,"REPOLLO, IRENE",RES1,240,1
4470,2020160192,"MORALES, MERCEDES",RES1,240,1
4471,2020160193,"SUELA, PERFECTO",RES2,240,1
4472,2020160194,"RENDORA, MARIA",RES1,240,1
4473,2020160195,"SABORNIDO, MATEO",RES3,240,1
4474,2020160196,"INISIN, MARIETA M.",RES1,240,1
4475,2020160197,"ENISEN, ELSA D./LINO",RES1,240,1
4476,2020160198,"IRLANDEZ, MARITES P./RAMON",RES1,240,1
4477,2020160199,"DAGALEA, RAUL C.",RES1,240,1
4478,2020160200,"OSMENA, CORAZON",RES1,240,1
4479,2020160201,"HAMTIG, GINA",RES1,240,1
4480,2020160206,"PLATILLA, REMEDIOS",RES1,240,1
4481,2020160210,"ACOLBE, ALFREDO",RES1,240,1
4482,2020160215,"AGUNOS, IRVIN J./AIREN",RES1,240,1
4483,2020160220,"PLATILLA, FELIPE/BASILIA",RES1,240,1
4484,2020160221,"LLOVIA, BERNARDO",RES1,240,1
4485,2020160222,"SABORNIDO, LETECIA U.",RES1,240,1
4486,2020160223,"MANUEL, FELICITAS",RES1,240,1
4487,2020160224,"CLEMENTE, FELICITO",RES3,240,1
4488,2020160225,"SOLOMON, ALBERT",RES1,240,1
4489,2020160230,"COLBE, IRENE",RES1,240,1
4490,2020160235,"DAGALEA, ESPERANZA",RES1,240,1
4491,2020160243,"FLORENDO, JOSE",RES1,240,1
4492,2020160245,"BESORIO, MARIA",RES1,240,1
4493,2020160250,"IRATO, CARLITO",RES1,240,1
4494,2020160255,"NALLADA, ROGER H./ALMA",RES2,240,1
4495,2020160265,"BACTOL, GENNA U./RODEL",RES2,240,1
4496,2020160270,"DARANTINAO, BENITO",RES2,240,1
4497,2020160275,"COLBE, YOLANDA P./ELENO",RES2,240,1
4498,2020160280,"DARANTINAO, LOLITA",RES3,240,1
4499,2020160285,"URMENETA, CARMELITA S.",RES1,240,1
4500,2020160290,"CAPALAR, MARGARITA",RES1,240,1
4501,2020160295,"GLEMANI, INECITAS D./NICOMEDES",RES2,240,1
4502,2020160300,"CAPALAR, ELPEDIO",RES1,240,1
4503,2020160305,"SERON, DAMASO",RES4,240,1
4504,2020160306,"LUCELO, BENJAMIN",RES3,240,1
4505,2020160310,"BACTOL, ULDARICO",RES1,240,1
4506,2020160315,"BRGY. CHAPEL C/O OBEJERA, ISAIAS",PB,240,1
4507,2020160321,"ARBOLIDA, EMMA",RES2,240,1
4508,2020160325,"ARBOLIDA, IMELDA",RES4,240,1
4509,2020160330,"UMPACAN, FELIPE",RES1,240,1
4510,2020160335,"PANER, ELENA",RES1,240,1
4511,2020160340,"URMENETA, ABRAHAM",RES1,240,1
4512,2020160345,"SABILLO, SALVADOR",RES1,240,1
4513,2020160348,"PANIM, DANILO",RES1,240,1
4514,2020160349,"SABILLO, ALEJANDRO",RES1,240,1
4515,2020160350,"PANER, LUCRESIO",RES1,240,1
4516,2020160355,"CAGASCAS, DOMINGA",RES4,240,1
4517,2020160360,"MACALALAG, TEODORO I.",RES3,240,1
4518,2020160361,"DARANTINAO, CLARITA",RES1,240,1
4519,2020160362,"LLOVIA, GUILLERMO",RES1,240,1
4520,2020160364,"DATAYLO, MARILOU",RES4,240,1
4521,2020160365,"DAANG, NARCISA/JUANITO",RES3,240,1
4522,2020160366,"LAURON, ARSENIA",RES2,240,1
4523,2020160367,"QUIMNO, LANIE",RES1,240,1
4524,2020160369,"LAURON, MARCIAL",RES1,240,1
4525,2020160370,"INALISAN, TEOFILO",RES1,240,1
4526,2020160371,"LLOVIA, GABIE",RES3,240,1
4527,2020160372,"PANIM, DOMINGA",COM1,240,1
4528,2020160373,"FLORENDO, MARINA",RES1,240,1
4529,2020160375,"DAANG, DOMINGA",RES2,240,1
4530,2020160379,"LLOVIA, EVELYN Q.",RES1,240,1
4531,2020160380,"IRLANDEZ, VICTORINO",RES3,240,1
4532,2020160381,"FLORENDO, CRISPINA",RES3,240,1
4533,2020160382,"INALISAN, ANITA",RES4,240,1
4534,2020160383,"HAMTIG, NIMFA",RES1,240,1
4535,2020160384,"EGARTA, ANDREA",RES1,240,1
4536,2020160385,"IBATAN, GORGONIO",RES1,240,1
4537,2020160386,"LLOVIA, FLAVIANO",RES3,240,1
4538,2020160387,"REDILLA, REGINA",RES3,240,1
4539,2020160388,"EDUSMA, EDDIE",RES1,240,1
4540,2020160389,"EGARTA, LEA",RES1,240,1
4541,2020160390,"LLOVIA, PEDRO",RES2,240,1
4542,2020160391,"INFANTE, ANATALIA",RES1,240,1
4543,2020160392,"PRADA, FLORENTINO",RES2,240,1
4544,2020160393,"GRESOLA, MARIO",RES2,240,1
4545,2020160394,"PRADA, ROSALEA",RES3,240,1
4546,2020160395,"LLOVIA, GERONIMO",RES1,240,1
4547,2020160396,"DATAYLO, LUCENA",RES2,240,1
4548,2020160397,"PANIM, ULDARICA",RES1,240,1
4549,2020160398,"LLOVIA, DANILO",RES1,240,1
4550,2020160399,"AGUNOS, JUANA",RES2,240,1
4551,2020160400,"BELZA, BERNARDO",RES1,240,1
4552,2020160401,"BACORDO, FLORENTINA",RES1,240,1
4553,2020160403,"HAMTIG, LUZ",RES1,240,1
4554,2020160404,"DAANG, MONICA",RES1,240,1
4555,2020160405,"QUIMNO, EUFRACIO",RES1,240,1
4556,2020160406,"MENALING, DENNIS",RES1,240,1
4557,2020160407,"QUINTANA, MARY ANN",RES3,240,1
4558,2020160410,"HAMTIG, MAGDALINA",RES1,240,1
4559,2020160415,"HAMTIG, QUERICO",RES1,240,1
4560,2020160420,"LUCELO, GENOVIVA",RES4,240,1
4561,2020160425,"BRGY. HALL/QUINAGUTAN, DANILO",PB,240,1
4562,2020160430,"LUCELO, BERNABE",RES1,240,1
4563,2020160433,"LLOREN, ISMAEL",RES1,240,1
4564,2020160434,"QUIRIMIT, CECELIA",RES1,240,1
4565,2020160435,"DAANG, DOMINGO",RES1,240,1
4566,2020160436,"DILOY, JONATHAN",RES2,240,1
4567,2020160437,"FLORENDO, PEDRO",RES2,240,1
4568,2020160438,"VEGA, FEMIA",RES3,240,1
4569,2020160439,"AGUJA, EDITH",RES1,240,1
4570,2020160440,"INOSANTE, ESPERANZA",RES1,240,1
4571,2020160441,"URMENETA, FELICIANA",RES2,240,1
4572,2020160442,"QUIMNO, LOURDES",RES1,240,1
4573,2020160443,"DARANTINAO, MARIANITA",RES3,240,1
4574,2020160444,"INOSANTE, DOMINADOR",RES1,240,1
4575,2020160445,"URMENETA, LEONARDO",RES3,240,1
4576,2020160446,"INOSANTE, ROSITA",RES1,240,1
4577,2020160447,"MACALALAG, GERTRUDES",RES3,240,1
4578,2020160448,"PLATILLA, MACARIA",RES1,240,1
4579,2020160449,"VILLANUEVA, FELICITAS",RES1,240,1
4580,2020160450,"LLANETA, PETRONILO",RES3,240,1
4581,2020160451,"INDITA, LYDIA",RES2,240,1
4582,2020160452,"PANER, ALEJANDRO",RES1,240,1
4583,2020160453,"DOLLETE, CARMEN",RES1,240,1
4584,2020160454,"NARBONITA, PABLO",RES2,240,1
4585,2020160455,"BARCELON, ADELFA",RES2,240,1
4586,2020160456,"IRLANDEZ, IGNACIO",RES3,240,1
4587,2020160457,"URMENITA, GINA",RES1,240,1
4588,2020160458,"RENDORA, ERMELINDA",RES3,240,1
4589,2020160460,"CAGASCAS, PASTOR",RES1,240,1
4590,2020160461,"INALISAN, JUAN",RES3,240,1
4591,2020160462,"VIOJAN, IRENEO",RES3,240,1
4592,2020160463,"INALISAN, CEPRIANO",RES3,240,1
4593,2020160464,"PARABOLES, HELEN",RES1,240,1
4594,2020160465,"INALISAN, MARCELINA",RES1,240,1
4595,2020160466,"PARABOLES, EMELIA",RES1,240,1
4596,2020160467,"INALISAN, VIRGILIO",RES1,240,1
4597,2020160468,"HERODA, MARIA",RES1,240,1
4598,2020160469,"ABAIGAR, MARINA",RES2,240,1
4599,2020160470,"RESQUICIO, JAIME",RES3,240,1
4600,2020160472,"SENILLA, TERESITA",RES2,240,1
4601,2020160473,"OPLEJEDA, LIGAYA",RES2,240,1
4602,2020160474,"YACAP, TEODORO",RES2,240,1
4603,2020160475,"PENKHAM, CONSTANTINA",RES2,240,1
4604,2020160477,"DAMASILAN, ADELINA",RES1,240,1
4605,2020160478,"SALA?O, DOMINADOR",RES1,240,1
4606,2020160479,"YACAP, ASUNCION",RES2,240,1
4607,2020160480,"CAGASCAS, IDA",RES1,240,1
4608,2020160481,"YACAP, CHRISTIAN",RES2,240,1
4609,2020160482,"TAMPOL, CLEMENTE",RES1,240,1
4610,2020160484,"INALISAN, MARIVEL",RES2,240,1
4611,2020160485,"INALISAN, NORMA",RES3,240,1
4612,2020160486,"IRLANDEZ, MARCIAL",RES1,240,1
4613,2020160487,"SANTILLAN, SANNY N.",RES1,240,1
4614,2020160490,"INALISAN, JIMMY",RES1,240,1
4615,2020160495,"INALISAN, SALVADOR J.",RES2,240,1
4616,2020160500,"INALISAN, ULDARICA",RES1,240,1
4617,2020160505,"RAMOS, MARCELIANA R.",COM1,240,1
4618,2020160510,"URMENETA, FEDERICO",RES1,240,1
4619,2020160515,"INALISAN, CARMEN",RES2,240,1
4620,2020160520,"AGUJA, MARGARITO",RES4,240,1
4621,2020160530,"FLORES, JOSE",RES2,240,1
4622,2020160534,"CARATAO, REMEGIO",RES2,240,1
4623,2020160535,"OBAOB, FELICIANA",RES1,240,1
4624,2020160536,"CARATAO, ERNESTO",RES3,240,1
4625,2020160537,"BRIER, NILO",RES4,240,1
4626,2020160540,"RANCE, SEGUNDA",RES2,240,1
4627,2020160545,"VEGA, WILMA P.",RES1,240,1
4628,2020160550,"FLORES, ARNULFO",RES1,240,1
4629,2020160555,"PETALLANA, ANNALIZA G./BERNABE",RES1,240,1
4630,2020160560,"RANCE, ANGELES",RES2,240,1
4631,2020160565,"CARATAO, FIGURACION",RES2,240,1
4632,2020160575,"MENALING, MA. CONCEPCION I.",RES3,240,1
4633,2020160580,"IBATAN, MARIA",RES3,240,1
4634,2020160581,"CATIBAYAN, EMMA A.",RES1,240,1
4635,2020160585,"CAPALAR, PATROCENIO F. JR.",RES3,240,1
4636,2020160590,"BRIER, NILO",RES4,240,1
4637,2020160595,"MOLABOLA, JESSICA",RES2,240,1
4638,2020160600,"MOLABOLA, JOSE",RES4,240,1
4639,2020160605,"AGUNOS, GERARDO",RES2,240,1
4640,2020160610,"AGUNOS, MAURA",RES1,240,1
4641,2020160612,"CABALLES, FRANCISCA",RES1,240,1
4642,2020160615,"GONZALES, ROLANDO",RES3,240,1
4643,2020160616,"ORIOQUE, ROMULO",RES2,240,1
4644,2020160625,"LLAGAS, VILMA",RES4,240,1
4645,2020160630,"SUARNABA, DAPROSA",RES1,240,1
4646,2020160635,"CABALLES, REY ZALDY P.",RES2,240,1
4647,2020160640,"CABALLES, ANECITO",RES1,240,1
4648,2020160645,"URMENETA, JENNYLYN L.",RES3,240,1
4649,2020160650,"LAPORRE, CLARA",RES4,240,1
4650,2020160655,"LLOVIA, MAGDALENA D.",RES3,240,1
4651,2020160660,"CABALLES, MANUEL",RES2,240,1
4652,2020160665,"CAGASCAS, LILIA P.",RES3,240,1
4653,2020160670,"PETILOS, ARMANDO",RES3,240,1
4654,2020160671,"LAPORRE, FELESCIANO",RES2,240,1
4655,2020160672,"CAMPOSANO, ABUNDIO",RES2,240,1
4656,2020160675,"CARATAO, FEDELINA",RES2,240,1
4657,2020160680,"PARABOLES, ERLINDA",RES2,240,1
4658,2020160681,"LAPORRE, DOMINGA",RES2,240,1
4659,2020160685,"LLANETA, TEODORICO",RES1,240,1
4660,2020160687,"NARBONITA, ANABELLE L.",RES2,240,1
4661,2020160690,"PAMI, CORNELIO",RES2,240,1
4662,2020160695,"PAMI, LUCIANO",RES2,240,1
4663,2020160696,"DARANTINAO, MANUELA",RES1,240,1
4664,2020160697,"NARTEA, RENA",RES1,240,1
4665,2020160698,"LLOVIA, NATIVIDAD P.",RES1,240,1
4666,2020160700,"ROCHA, GERONIMO",RES1,240,1
4667,2020160705,"MELLONA, PONCIANO",RES3,240,1
4668,2020160715,"EÑISIN, PABLO O.",RES2,240,1
4669,2020160720,"LLOVIA, DOMINGO",RES4,240,1
4670,2020160725,"ARBOLEDA, ROSENDA I.",RES1,240,1
4671,2020160730,"LLOVIA, EVELYN",RES4,240,1
4672,2020160735,"IGLESIAS, ROSALINA M.",RES1,240,1
4673,2020160740,"JABAGAT, MARCOS",RES1,240,1
4674,2020160745,"LLOVIA, BELINDA",RES1,240,1
4675,2020160750,"CAUBALEJO, ALFREDO",RES2,240,1
4676,2020160755,"EGARTA, SALVACION I.",RES2,240,1
4677,2020160760,"ANAGAP, GUALBERTO",RES1,240,1
4678,2020160765,"NARBONITA, ANGELES S.",RES1,240,1
4679,2020160770,"LLOVIA, BERNARDINA",RES3,240,1
4680,2020160775,"YACAP, LORNA S.",RES4,240,1
4681,2020160780,"UMPACAN, JULIA",RES1,240,1
4682,2020160784,"FLORENDO, PEDRO",RES1,240,1
4683,2020160785,"BRGY. CHAPEL C/O LLOVIA, NATIVIDAD",PB,240,1
4684,2020160786,"URMENETA, GIL",RES4,240,1
4685,2020160787,"PALAJOREN, RUFINO",RES1,240,1
4686,2020160795,"GLORE, ROWENA P.",RES1,240,1
4687,2020160800,"AGUILAY, SIXTO",RES1,240,1
4688,2020160805,"QUIMNO, NATIVIDAD O.",RES1,240,1
4689,2020160810,"URMENETA, GODOFREDO",RES3,240,1
4690,2020160820,"PERONA, ARITAS U.",RES2,240,1
4691,2020160822,"ECLEO, ROGELIO",RES1,240,1
4692,2020160825,"YACAP, TEOFILO",RES1,240,1
4693,2020160830,"URMENETA, GUILLERMO",RES3,240,1
4694,2020160835,"DALORAYA, NENITA R.",RES1,240,1
4695,2020160840,"URMENETA, IRENEO",RES3,240,1
4696,2020160843,"PANIM, SALVADOR",RES4,240,1
4697,2020160845,"PERUNA, CRISANTO",RES4,240,1
4698,2020160850,"IBAL, MARIA",RES1,240,1
4699,2020160855,"SOGOD NATIONAL HIGH SCHOOL/RAMOS, E",PB,240,1
4700,2020160860,"CABALLES, NICANDRO",RES2,240,1
4701,2020160865,"HAMTIG, ROMEL F.",RES2,240,1
4702,2020160870,"OBALLO, FEDERICO",RES2,240,1
4703,2020160875,"HAMTIG, ROMEO M.",RES2,240,1
4704,2020160885,"CAUBALEJO, JUANCHO L.",RES3,240,1
4705,2020160890,"AGUILAY, MARCIANO",RES2,240,1
4706,2020160892,"BACULANTA, EPIFANIO",RES2,240,1
4707,2020160895,LOWER SOGOD ELEM. SCH./ENCARNACION,PB,240,1
4708,2020160897,"SENILLA, ANTONIA",RES1,240,1
4709,2020160905,"SANDAGAN, SOSIMO F.",RES1,240,1
4710,2020160910,"ARBOLIDA, REMEDIOS",RES1,240,1
4711,2020160915,"NITURA, CESARIO",RES3,240,1
4712,2020160925,"PETALLANA, VIRGINIA D.",RES2,240,1
4713,2020160930,"NITURA, GENEROSA",RES1,240,1
4714,2020160935,"ROCHA, RODILES R.",RES1,240,1
4715,2020160940,"NITURA, TRINIDAD",RES2,240,1
4716,2020160944,"BACTOL, EUFEMIA",RES1,240,1
4717,2020160945,"AGUJA, RODOLFO",RES2,240,1
4718,2020160950,"AGUJA, RAYMUNDO",RES1,240,1
4719,2020160955,"NITURA, CARMELITA",RES1,240,1
4720,2020160957,"CAGASCAS, BENJAMEN",RES1,240,1
4721,2020160958,"CANDASUA, JENNELYN",RES1,240,1
4722,2020160960,"CAGASCAS, SEBASTIAN",RES2,240,1
4723,2020160965,"ROCHA, ERLINDA D.",RES1,240,1
4724,2020160971,"MANGCO, DELIA",RES3,240,1
4725,2020160972,"NARTEA, APOLONIO",RES2,240,1
4726,2020160973,"AGUMBAY, ANTONIA",RES2,240,1
4727,2020160974,"URMENITA, EDITHA",RES3,240,1
4728,2020160975,"CAGASCAS, ANITA",RES1,240,1
4729,2020160976,"PANIM, SALADOR",RES1,240,1
4730,2020160977,"IBAL, ANTONIO",RES1,240,1
4731,2020160978,"NARTEA, CHARITA",RES2,240,1
4732,2020160979,"RANCE, ALICIA",RES2,240,1
4733,2020160980,"BRIER, MAY",RES2,240,1
4734,2020160981,"LIANZA, FEDERICO",RES2,240,1
4735,2020160982,"NARTEA, ALFREDO",RES1,240,1
4736,2020160983,"INALISAN, MYRNA",RES2,240,1
4737,2020160985,"DAANG, CESARIA I.",RES1,240,1
4738,2020160990,"IBATAN, ERNESTO",RES3,240,1
4739,2020160995,"QUILESTE, EDUARDO",RES3,240,1
4740,2020161000,"OSMENA, AURELIA",RES1,240,1
4741,2020161005,"BACTOL, LADISLAO JR. A.",RES2,240,1
4742,2020161010,"LIANZA, JUAN",RES2,240,1
4743,2020161015,"OSMENA, PIDENCIO",RES2,240,1
4744,2020161020,"FLORES, ADORACION",RES2,240,1
4745,2020161025,"BACTOL, VILMA B.",RES2,240,1
4746,2020161030,"DINCOL, ANIANO",RES1,240,1
4747,2020161035,"URMENETA, MARILYN",RES3,240,1
4748,2020161045,"RANCE, DOROTEO",RES3,240,1
4749,2020161047,"RANCE, MIGUEL",RES1,240,1
4750,2020161048,"QUILESTE, ANTONIO",RES1,240,1
4751,2020161049,"DINGCOL, VERONICA",RES1,240,1
4752,2020161050,"URIBE, MATEO",RES3,240,1
4753,2020161055,"ECLEO, RAMIL I.",RES2,240,1
4754,2020161060,"CABALLES, FELICISIMA",RES3,240,1
4755,2020161065,"NITURA, CHRISTINE JEAN P.",RES1,240,1
4756,2020161070,"LLOVIA, FLORENTINA",RES3,240,1
4757,2020161075,"JOVELLANOS, MANUEL",RES4,240,1
4758,2020161080,"OYZON, SEVERO",RES4,240,1
4759,2020161085,"AGUJA, JESSMAR S.",RES3,240,1
4760,2020161088,"DINGCOL, LUZ",RES1,240,1
4761,2020161089,"DINGCOL, RICARDO",RES1,240,1
4762,2020161090,"OYZON, GLENDA P.",RES4,240,1
4763,2020161091,"LLOVIA, LEO",RES4,240,1
4764,2020161092,"LLOVIA, ROSALEA",RES1,240,1
4765,2020161095,"DAGALEA, JUDITO",RES1,240,1
4766,2020161096,"INDINA, ROSALINO",RES2,240,1
4767,2020161100,"PANER, VICENTE",RES1,240,1
4768,2020161105,"SALINO, JOVITA D.",RES1,240,1
4769,2020161110,"LIM, AMALIA",RES1,240,1
4770,2020161115,"RANCE, MARIANO",RES3,240,1
4771,2020161120,"RANCE, NIEVES",RES2,240,1
4772,2020161125,"AMION, ELIZABETH Q.",RES1,240,1
4773,2020161130,"AGUNOS, FELINO",RES4,240,1
4774,2020161132,"AGUNOS, PAUL",RES3,240,1
4775,2020161133,"PEDE, JOSELITO",RES1,240,1
4776,2020161135,"VEGA, SEGUNDINO SR.",RES1,240,1
4777,2020161137,"VEGA, SEGUNDINO JR.",RES4,240,1
4778,2020161140,"RA?IN, ILUMINADO",RES2,240,1
4779,2020161145,"DAGALEA, NESTOR",RES4,240,1
4780,2020161150,"CAMPOSANO, BASILIO",RES1,240,1
4781,2020161155,"ROCHA, JULIANA",RES1,240,1
4782,2020161160,"CAMPOSANO, BIENVINIDO",RES4,240,1
4783,2020161165,"QUILESTE, EDDIE BOY B.",RES1,240,1
4784,2020161170,"OBALLO, JOSE",RES2,240,1
4785,2020161173,"MENDOZA, ENRICO",RES3,240,1
4786,2020161175,"FAMI, MARIO",RES2,240,1
4787,2020161180,"BADILLA, IRENE",RES1,240,1
4788,2020161190,"PETALLANA, ARLENE I.",RES2,240,1
4789,2020161195,"LAURON, ALEX V.",RES1,240,1
4790,2020161200,"LAURON, ARIEL V.",RES2,240,1
4791,2020161205,"URMENETA, AMALIA C.",RES1,240,1
4792,2020161210,"OSIANA, RACHEL C.",RES2,240,1
4793,2020161215,"ENDITA, JENNIFER I.",RES1,240,1
4794,2020161220,"BODO, ARWIN S.",RES1,240,1
4795,2020161225,"JAGNAS, ZENAIDA P.",RES2,240,1
4796,2020161230,"CERA, CARMELITA L.",RES1,240,1
4797,2020161235,"CARATAO, ESTERWINA D.",RES1,240,1
4798,2020161240,"PEPITO, LEODEGARIO P.",RES2,240,1
4799,2020161245,"IRLANDEZ, AMELITA B.",RES1,240,1
4800,2020161250,"INALISAN, MARITES H.",RES4,240,1
4801,2020161255,"INOSANTE, NENITA P.",RES2,240,1
4802,2020161260,"LAURON, ARMANDO V.",RES1,240,1
4803,2020161265,"PANER, MICHAEL R.",RES2,240,1
4804,2020161270,"NOVILLA, OLIVE M.",RES1,240,1
4805,2020161275,"FLORENDO, IRENEO A.",RES2,240,1
4806,2020161280,"RANCE, CIRIACO N.",RES3,240,1
4807,2020161285,"ABAIGAR, LEOPOLDO C.",RES3,240,1
4808,2020161290,"FAUSTINO, GYLE T.",RES2,240,1
4809,2020161295,"UMPACAN, MACARIO O.",RES1,240,1
4810,2020161300,"OBAOB, MELVIN P.",RES1,240,1
4811,2020161305,"OBAOB, MARLON P.",RES2,240,1
4812,2020161310,"ROCHA, FRANCIS MICHAEL B.",RES1,240,1
4813,2020161315,"OBAOB, JAIME P.",RES1,240,1
4814,2020161320,"SALVADOR, FRITZIE O.",RES1,240,1
4815,2020161325,"BENITEZ, CECILIA I.",RES4,240,1
4816,2020161330,"PANIM, ELENA A.",RES3,240,1
4817,2020161335,"AGUNOS, JEMA P.",RES1,240,1
4818,2020161340,"CAGASCAS, RALF I.",RES1,240,1
4819,2020161345,"CANDASUA, LUCIANO O.",RES1,240,1
4820,2020161350,"AGUDO, MA. THERESA S.",RES1,240,1
4821,2020161355,"LIANZA, LORNA L.",RES1,240,1
4822,2020161360,"AGUIRRE, ALLAN C.",RES3,240,1
4823,2020161365,"QUIDLAT, LUCIA S.",RES2,240,1
4824,2020161370,"REPOLLO, CONCHITA H.",RES1,240,1
4825,2020161375,"DELA CRUZ, ZENAIDA A.",RES1,240,1
4826,2020161380,"DIZON, DOLORES Y.",RES1,240,1
4827,2020161385,"MELLONA, GERARDO J. JR.",RES2,240,1
4828,2020161390,"PANAL, LUZVIMINDA",RES2,240,1
4829,2020161395,"ECHO, PRINCESS ANN N.",RES2,240,1
4830,2020161400,"RENDORA, IRENE R.",RES1,240,1
4831,2020161405,"FLORENDO, DOMINGA I.",RES1,240,1
4832,2020161410,"CAGASCAS, LYDIA I.",RES3,240,1
4833,2020161415,"VILLANUEVA, IRENE T.",RES1,240,1
4834,2020161420,"URMENETA, ELIZABETH R.",RES2,240,1
4835,2020161425,"AVILA, CRISTINA V.",RES1,240,1
4836,2020161430,"URMENETA, JENNIELYN S.",RES1,240,1
4837,2020161435,"DINGCOL, MYRNA A.",RES1,240,1
4838,2020161440,"BAYONG, ANDREZA T.",RES1,240,1
4839,2020161445,"PANER, ROSE ANN P.",RES1,240,1
4840,2020161450,"INDITA, ULDARICO N.",RES1,240,1
4841,2020161455,"IRLANDEZ, JOCELYN G.",RES1,240,1
4842,2020161460,"AGUDO, TERESITA P.",RES1,240,1
4843,2020161465,"FLORENDO, MARIANITA R.",RES1,240,1
4844,2020161470,"FALGUERA, ALFREDO B.",RES1,240,1
4845,2020161475,"AGUMBAY, BABY LINDA B.",RES3,240,1
4846,2020161480,"BONGO, JOAN D.",RES1,240,1
4847,2020161481,"VEGA, PATROCINIO B.",RES1,240,1
4848,2020161482,"REAMILLO, FORTUNATO G.",RES1,240,1
4849,2020161483,"BIASA, MYLANE P.",RES1,240,1
4850,2020161484,"DAGALEA, ALEXANDER C.",RES1,240,1
4851,2020161485,"RENDORA, ANNA MARIE P.",RES1,240,1
4852,2020161486,"AGUDO, MARIFE A.",RES1,240,1
4853,2020161488,"REPOLLO, EUSTACIA H.",RES2,240,1
4854,2020161489,"QUIMNO, ANGELES N.",RES1,240,1
4855,2020161490,"LLANETA, REYNALDO C.",RES2,240,1
4856,2020161491,"NIDERA, VIOLETA, GOYA",RES1,240,1
4857,2020161492,"PARABOLES, MONICA I.",RES1,240,1
4858,2020161493,"JABAGAT, MA. EDILMA CAGASCAS",RES3,240,1
4859,2020161494,"FLORENDO, ADELAIDA FAMI",RES3,240,1
4860,2020161495,"SALINO, EVAGELINE LARIDO",RES1,240,1
4861,2020161496,"VILLANTES, AILEEN TANTAY",RES4,240,1
4862,2020161497,"MACALALAG, PEDRO PANIM",RES2,240,1
4863,2020161498,"LIPORADA, GINA INALISAN",RES3,240,1
4864,2020161499,"INALISAN, WILMA TAMPOL",RES1,240,1
4865,2020161500,"AGUJA, RANDY VALENZONA",RES1,240,1
4866,2020161501,"DELIMA, DOMINGA ESTRELLA",RES2,240,1
4867,2020161502,"INALISAN, SARAH MAY A",RES2,240,1
4868,2020161503,"RENDORA, ROGER L",RES4,240,1
4869,2020161504,"QUILESTE, JERRY B.",RES2,240,1
4870,2020170004,"ADIZAS, SILVINO MARIA III",RES2,240,1
4871,2020170010,"TORREVILLAS, GORGONIO",COM1,240,1
4872,2020170022,"HONDOLERO, EVELYN",RES1,240,1
4873,2020170025,"BACTOL, BILLY",RES1,240,1
4874,2020170040,"CAGASCAS, ANDRONICO",RES2,240,1
4875,2020170050,"URMENETA, ROMERO",RES3,240,1
4876,2020170055,"MONTE ALEGRE, SABINO",RES4,240,1
4877,2020170057,"CAGASCAS, FE JANET",RES3,240,1
4878,2020170060,"AGUILOS, AGUSTIN",RES3,240,1
4879,2020170064,"LAO, JEANETTE",RES2,240,1
4880,2020170065,"AGUILOS, LEO",RES2,240,1
4881,2020170070,"PO, YOLANDA",RES2,240,1
4882,2020170072,"DUMADAPAT, MARNELLE T.",RES1,240,1
4883,2020170073,"AGUILOS, FIDELA",RES3,240,1
4884,2020170074,"COLUMBRILLO, MARIA",RES2,240,1
4885,2020170075,"COLUMBRILLO, RUFO",RES1,240,1
4886,2020170076,"BIGNOTEA, RODOLFO",RES2,240,1
4887,2020170078,"RAGSAG, AMALIA",RES1,240,1
4888,2020170080,"CODERA, ANGEL",RES1,240,1
4889,2020170090,"AGUILOS, TEOFILA",RES1,240,1
4890,2020170100,"JAVINES, PERPETUA",RES1,240,1
4891,2020170103,"NICANOR, LOIDA",RES4,240,1
4892,2020170107,"AGUILOS, PIO",RES2,240,1
4893,2020170110,"COLUMBRILLO, EUTIQUIO",RES1,240,1
4894,2020170115,"COLUMBRILLO, GONZALO",RES1,240,1
4895,2020170120,"AGUILOS, JOSEFINA",RES2,240,1
4896,2020170122,"CAHIMAT, CASTULO",RES2,240,1
4897,2020170125,"TORIBIO, FAUSTA",RES1,240,1
4898,2020170130,"COLUMBRILLO, AGUSTIN",RES1,240,1
4899,2020170140,"JAVINES, AURELIA",RES4,240,1
4900,2020170145,"ARMINAL, JOCELYN G.",RES3,240,1
4901,2020170150,"NARIDO, FRANCISCA",RES4,240,1
4902,2020170155,"FLORENDO, VANGIE H./EDGAR",RES2,240,1
4903,2020170160,"RENDORA, ELENA",RES1,240,1
4904,2020170163,"COLUMBRILLO, ENCARNACION",RES1,240,1
4905,2020170164,"GASPARIN, MELINDA R.",RES1,240,1
4906,2020170165,"RENDORA, LEA",RES3,240,1
4907,2020170166,"URMENETA, SHIRLY",RES2,240,1
4908,2020170167,"NICANOR, MELINDA",RES3,240,1
4909,2020170168,"SAMORANOS, THELMA",RES1,240,1
4910,2020170169,LEYTE NET CABLE TV NETWORK,COM1,240,1
4911,2020170175,"WAEL, ALICIA M./DENNIS",RES1,240,1
4912,2020170180,"BRAZIL, FLORETA U.",RES1,240,1
4913,2020170185,"GONZALES, LORY FE A./ALAN",RES4,240,1
4914,2020170190,"LOYOLA, SOLOMON E.",RES3,240,1
4915,2020170195,"NOGAR, ROMEO A.",RES1,240,1
4916,2020170205,"RENDORA, JENNIFER",RES2,240,1
4917,2020170210,"AGUILOS, LORINA",RES3,240,1
4918,2020170215,"RENDORA, LUCENO",RES4,240,1
4919,2020170225,"JAVINES, MA. IDA",RES3,240,1
4920,2020170230,"JAVINES, BENJAMIN",RES3,240,1
4921,2020170235,"POTOY, ELSA B./RODRIGO",RES1,240,1
4922,2020170240,"DOCENA, LUCIO",RES1,240,1
4923,2020170241,"AGUILOS, FRUCTUOSO",RES3,240,1
4924,2020170242,"CABELIN, JOSE",RES1,240,1
4925,2020170243,"AGUILOS, JOSEFINA",RES4,240,1
4926,2020170244,"NIERVES, FREDELINA",RES4,240,1
4927,2020170245,BINONGTOAN MEMORIAL PARK           O,PB,240,1
4928,2020170246,"ROTAIRO, MERCEDES",RES2,240,1
4929,2020170248,"INALISAN, OSCAR",RES1,240,1
4930,2020170249,"PRECIA, CORNELIA",RES1,240,1
4931,2020170250,"URMENETA, DOMINGA",RES2,240,1
4932,2020170251,"INALISAN, OSCAR",RES4,240,1
4933,2020170252,"NARIDO, CORAZON",RES2,240,1
4934,2020170253,"ENCIO, EDGARDO",RES3,240,1
4935,2020170254,"RESQUICIO, ARMANDO",RES2,240,1
4936,2020170255,"BACTOL, DOMINADOR",RES1,240,1
4937,2020170256,"INALISAN, SUSAN",RES3,240,1
4938,2020170260,"CAGASCAS, LEONARDO",RES2,240,1
4939,2020170265,"URMENETA, ROLANDO",RES3,240,1
4940,2020170269,"IBATAN, MADILYN",RES1,240,1
4941,2020170270,"BARGOLA, ENRIQUE",RES2,240,1
4942,2020170271,"BACTOL, GIL",RES2,240,1
4943,2020170272,"BACTOL, ROY",RES1,240,1
4944,2020170273,"CUSTADO, MERCEDES",RES1,240,1
4945,2020170274,"NICANOR, MIGUELA",RES2,240,1
4946,2020170275,"UGDAMIN, ROSANA",RES2,240,1
4947,2020170276,"JARUMAY, EDITHA",RES1,240,1
4948,2020170280,"GASPARIN, APRIL PAUL P.",RES1,240,1
4949,2020170281,"IBAL, REMEGIA",RES3,240,1
4950,2020170282,"FLORES, ALDRIN",RES1,240,1
4951,2020170283,"DARANTINAO, DELIA",RES1,240,1
4952,2020170285,"GRANADOS, PRIMITIVO",RES1,240,1
4953,2020170286,"CLARIDAD, TERESO",RES4,240,1
4954,2020170287,"BARGOLA, DOROTEA",RES3,240,1
4955,2020170288,"NOGAR, DOMINGA",RES2,240,1
4956,2020170289,"NOGAR, ANITA",RES2,240,1
4957,2020170290,"VEGA, ERLINDA",RES1,240,1
4958,2020170295,"LAWAAN, SUSAN O./BENERANDO",RES2,240,1
4959,2020170300,"ABERION, ANECITO",RES2,240,1
4960,2020170310,"DARANTINAO, FELINO",RES1,240,1
4961,2020170315,"CABALLES, ROSENDO L. JR.",RES3,240,1
4962,2020170320,"QUELESTE, MAGDALINO",RES1,240,1
4963,2020170325,"DOLLETE, GENOVIVA",RES1,240,1
4964,2020170330,"DARANTINAO, DOLORES",RES1,240,1
4965,2020170335,"COMBINIDO, ELESEO B.",RES3,240,1
4966,2020170340,"NOGAR, ANTONIO",RES3,240,1
4967,2020170345,"BARDELOSA, FEBB",RES1,240,1
4968,2020170350,"BARDELOSA, OSCAR",RES4,240,1
4969,2020170351,"FLORENDO, EVELYN",RES1,240,1
4970,2020170352,"NARBONITA, EDWIN",RES3,240,1
4971,2020170353,"BARGOLA, MARCELINO",RES1,240,1
4972,2020170354,"NOGAR, JOSE",RES1,240,1
4973,2020170355,"DOLLETE, RUTH",RES1,240,1
4974,2020170356,"FLORENDO, GRISELDA",RES3,240,1
4975,2020170358,"AZORES, MARIZA",RES1,240,1
4976,2020170359,"NOGAR, ERLINDA",RES2,240,1
4977,2020170360,"FLORENDO, FLORENCIO",RES4,240,1
4978,2020170370,"FLORENDO, FELOMINO",RES2,240,1
4979,2020170375,"OSMEÑA, REY R.",RES1,240,1
4980,2020170380,"NICANOR, SILVESTRA",RES1,240,1
4981,2020170385,"RAGSAG, ANA MARIE S.",RES1,240,1
4982,2020170395,"DARANTINAO, MILAGROS, L.",RES1,240,1
4983,2020170400,"LLOREN, ARCADIO",RES1,240,1
4984,2020170405,"PICAO, RANDY I.",RES2,240,1
4985,2020170410,"DARANTINAO, SALVADOR",RES1,240,1
4986,2020170412,"NARTEA, LUIS",RES2,240,1
4987,2020170414,"CANONA, LOURDES",RES1,240,1
4988,2020170415,"UYAWAN ELEM. SCHOOL/MAKABENTA, H.",PB,240,1
4989,2020170420,"JAPAG, MARCELINO",RES2,240,1
4990,2020170425,"CABALLES, ELVIRA U.",RES1,240,1
4991,2020170430,"OBANA, JOSE",RES2,240,1
4992,2020170434,"LLOREN, REMEDIOS",RES3,240,1
4993,2020170435,"AGUMBAY, AGRIPINA",RES3,240,1
4994,2020170436,"BRGY. HALL/COMBINIDO, ROMULO",PB,240,1
4995,2020170440,"URMENETA, APOLINARIO",RES1,240,1
4996,2020170442,"FLORENDO, ARTURO",RES1,240,1
4997,2020170443,"AGUILON, REYNALDO",RES1,240,1
4998,2020170445,"LLOREN, CERIACO",RES1,240,1
4999,2020170446,"FLORENDO, ALEJANDRO",RES1,240,1
5000,2020170447,"URMENETA, FELIX",RES2,240,1
5001,2020170450,"RESQUICIO, BALDOMERO",RES1,240,1
5002,2020170452,"OBANA, ROSA",RES2,240,1
5003,2020170453,"MAKABENTA, PERLA",RES1,240,1
5004,2020170454,"FLORENDO, ALFREDO",RES1,240,1
5005,2020170455,"NARBONITA, FEDIL",RES2,240,1
5006,2020170456,"FLORENDO, ARLENE",RES1,240,1
5007,2020170460,"LLOREN, ROSARIO",RES2,240,1
5008,2020170461,"NICANOR, MELINDA",RES2,240,1
5009,2020170465,"REYES, LYRA N.",RES2,240,1
5010,2020170470,"COMBINIDO, ROMULO/RESSURECION",RES3,240,1
5011,2020170475,"TAGPIS, FLORA",RES1,240,1
5012,2020170476,"RESQUICIO, ROMEO",RES1,240,1
5013,2020170477,"DE GUZMAN, ROGIELY",RES1,240,1
5014,2020170480,"COMBINIDO, GLORIA",RES3,240,1
5015,2020170485,"OBANIL, TERESITA E.",RES2,240,1
5016,2020170490,"LLOREN, BUENAVENTURA",RES3,240,1
5017,2020170495,"BARDELOSA, ERNESTO",RES1,240,1
5018,2020170497,"LLOREN, ERLINDA",RES1,240,1
5019,2020170500,"LLOREN, EMELIANO",RES2,240,1
5020,2020170505,"DELA PEÑA, RITCHIE C.",RES1,240,1
5021,2020170510,"LAPORRE, MARGARITA",RES1,240,1
5022,2020170520,"NICANOR, ROMEO",RES3,240,1
5023,2020170522,"NICANOR, CATHERINE",RES3,240,1
5024,2020170523,"COMBENIDO, EDILBERTO",RES2,240,1
5025,2020170525,"NICANOR, MIGUELA",RES4,240,1
5026,2020170526,"LEGO, JOVELYN B.",RES1,240,1
5027,2020170535,"VERGARA, JINILINE W.",RES2,240,1
5028,2020170540,"NICANOR, ADELINA",RES1,240,1
5029,2020170545,"SUAREZ, HECTOR P.",RES2,240,1
5030,2020170548,"LAPORRE, LOLITA",RES2,240,1
5031,2020170549,"OBAOB, DOMINGO JR.",RES3,240,1
5032,2020170550,"LAPORRE, RODRIGO",RES3,240,1
5033,2020170551,"LAPORRE, AIDA",RES4,240,1
5034,2020170552,"LAPORRE, ROMERO",RES3,240,1
5035,2020170553,"SABILLO, PIO",RES2,240,1
5036,2020170554,"URMENETA, ROY",RES1,240,1
5037,2020170555,"CUANICO, LEONCIA L.",RES1,240,1
5038,2020170560,"SABAY, ERLINDA",RES2,240,1
5039,2020170561,"SABAY, BRYAN",RES1,240,1
5040,2020170563,"COMBINIDO, DANILO",RES1,240,1
5041,2020170564,"CABALLES, JOCELYN",RES3,240,1
5042,2020170570,"LEGO, CELESTINO",RES1,240,1
5043,2020170575,"GENOVA, MARIA C.",RES1,240,1
5044,2020170580,"DARANTINAO, CESARIO",RES2,240,1
5045,2020170585,"PIA, JESSALYN A.",RES2,240,1
5046,2020170590,"MAKABENTA, HONORIO",RES4,240,1
5047,2020170595,"LLOREN, ROMEO E.",RES1,240,1
5048,2020170610,"TAGPIS, CERIACO",RES3,240,1
5049,2020170615,"FLORES, ALVIN P.",RES1,240,1
5050,2020170620,"AGUT, ALFREDO",RES4,240,1
5051,2020170624,"CABALLES, TERESITA",RES1,240,1
5052,2020170625,"AGUT, HONORIA",RES1,240,1
5053,2020170626,"LAWAAN, RICARDO",RES1,240,1
5054,2020170627,"MAKABENTA, MARICAR",RES1,240,1
5055,2020170628,"BERIN, ARTURO",RES2,240,1
5056,2020170635,"LLANDER, GAUDIOSA O.",RES1,240,1
5057,2020170640,"UMPACAN, JUAN",RES1,240,1
5058,2020170650,"ESTA, REYNALDO",RES2,240,1
5059,2020170651,"SABAY, FE",RES2,240,1
5060,2020170655,"RESQUICIO, CARMELO C.",RES1,240,1
5061,2020170660,"NAVARRO, CORAZON",RES1,240,1
5062,2020170665,"DUMAG, EDILISA",RES2,240,1
5063,2020170666,"AÑOVER, ESTER S.",RES4,240,1
5064,2020170667,"FLORENDO, CLARITA",RES1,240,1
5065,2020170670,"LLOREN, PEDRO",RES2,240,1
5066,2020170675,"COMBINIDO, ROSIE",RES2,240,1
5067,2020170676,"FERNANDEZ, JIMMY",RES1,240,1
5068,2020170678,"ESTA, EVELYN",RES2,240,1
5069,2020170685,"DARANTINAO, LYDIA B.",RES1,240,1
5070,2020170691,"RAGSAG, ANITA",RES2,240,1
5071,2020170692,"MAKABENTA, FLORENCIA",RES1,240,1
5072,2020170693,"OBEJERA, AURORA",RES1,240,1
5073,2020170694,"ARMINAL, LEONARDO",RES1,240,1
5074,2020170695,"TAGPIS, CLARA",RES1,240,1
5075,2020170696,"RAGSAG, AURORA",RES1,240,1
5076,2020170697,"RAGSAG, SHARON",RES2,240,1
5077,2020170699,"OBEJERA, ALENADRO",RES2,240,1
5078,2020170700,"SANCHEZ, SONIA",RES2,240,1
5079,2020170704,"MAKABENTA, PERLA",RES2,240,1
5080,2020170705,"ARMINAL, ALFREDO",RES3,240,1
5081,2020170706,"MAKABENTA, ANTONIO",RES1,240,1
5082,2020170708,"RAGSAG, ROBERTO",RES1,240,1
5083,2020170715,"ARBOLEDA, ERMILINDA J.",RES1,240,1
5084,2020170720,"TORREVILLAS, ALVARO JR.",RES1,240,1
5085,2020170721,"TORREVILLAS, ANGEL",RES1,240,1
5086,2020170725,"SANGCAJO, NATHANIEL O.",RES1,240,1
5087,2020170730,"COMBINIDO, ROGELIO",RES4,240,1
5088,2020170735,"CAUBALEJO, YVES JANICE T.",RES4,240,1
5089,2020170739,"QUIDLAT, ATILANO",RES1,240,1
5090,2020170740,"COMBINIDO, RODRIGO",RES1,240,1
5091,2020170742,"SABILLO, LINA",RES2,240,1
5092,2020170743,"DARANTINAO, ANTONIO",RES1,240,1
5093,2020170744,"COMBINIDO, REMEGIO",RES3,240,1
5094,2020170745,"RESQUICIO, ROMEO",RES1,240,1
5095,2020170746,"HAMTIG, SALVADOR",RES1,240,1
5096,2020170747,"CORTEL, ANALYN",RES1,240,1
5097,2020170748,"ARMINAL, NENITA",RES1,240,1
5098,2020170750,"WAEL, SOFIA",RES1,240,1
5099,2020170751,"NITURA, ANITA",RES1,240,1
5100,2020170752,"DARANTINAO, DOMINGO",RES1,240,1
5101,2020170753,"MONTECIANO, ROSARIO",RES1,240,1
5102,2020170755,"DALIMOCON, ALEJANDRO",RES3,240,1
5103,2020170760,"RESQUICIO, ANA",RES1,240,1
5104,2020170764,"BODO, ROMANA",RES3,240,1
5105,2020170765,"OPETINA, LUCENO",RES2,240,1
5106,2020170766,"IRLANDEZ, DANILO",RES1,240,1
5107,2020170767,"NARBONITA, MA. NENITA",RES3,240,1
5108,2020170768,"TANALA, AILEEN",RES1,240,1
5109,2020170770,"OPETINA, EMELIO",RES2,240,1
5110,2020170775,"OPETINA, LEO",RES1,240,1
5111,2020170777,"ARBOLIDA, ROSALIE",RES3,240,1
5112,2020170780,"AGUMBAY, GERTRUDES",RES1,240,1
5113,2020170794,"OBEJERA, ANTONIA",RES3,240,1
5114,2020170795,"QUIMNO, EDGARDO",RES1,240,1
5115,2020170796,"OPETINA, JOAQUIN",COM1,240,1
5116,2020170800,"AGUMBAY, GREGORIO, JR.",RES3,240,1
5117,2020170801,"RAAGAS, MARIANITO",RES1,240,1
5118,2020170805,"JAPAG, ROGELIO S.",RES1,240,1
5119,2020170810,"SANGCAJO, JOSE",RES1,240,1
5120,2020170811,"BODO, CHARLEMAGNE",RES1,240,1
5121,2020170812,"BODO, EDWIN ROY",RES2,240,1
5122,2020170813,"CANALES, ARTURO",RES1,240,1
5123,2020170815,"OPETINA, JAIME",RES1,240,1
5124,2020170816,"ESTA, ROSITA",RES2,240,1
5125,2020170817,"LAWAAN, MA. FE",RES1,240,1
5126,2020170819,"TAGPIS, LANI",RES2,240,1
5127,2020170820,"RAGSAG, SOLEDAD",RES3,240,1
5128,2020170821,"BERDEJO, MARCIAL",RES1,240,1
5129,2020170825,"TAGPIS, RANIL",RES3,240,1
5130,2020170830,"CABALLES, ROSALINDA",RES1,240,1
5131,2020170835,"SAMORANOS, CRISPIN M.",RES2,240,1
5132,2020170845,"BACTOL, JUAN R.",RES1,240,1
5133,2020170850,"COMBINIDO, LEOVIGILDO",RES4,240,1
5134,2020170860,"DARANTINAO, PACIFICO",RES1,240,1
5135,2020170865,"DARANTINAO, FRANCISCO",RES2,240,1
5136,2020170870,"ESTA, APOLONIA",RES1,240,1
5137,2020170875,"HAMTIG, DOMINGA",RES1,240,1
5138,2020170880,"TAGPIS, LETECIA",RES1,240,1
5139,2020170885,"ANOS, ELSA N.",RES1,240,1
5140,2020170890,"QUIMNO, ANITA",RES2,240,1
5141,2020170893,"DOLLETE, FEDENCIO",RES1,240,1
5142,2020170894,"LABITAG, EILEEN",RES1,240,1
5143,2020170895,"TAGPIS, RODOLFO",RES2,240,1
5144,2020170896,"LABITAG, VICENTE",RES1,240,1
5145,2020170897,"DARANTINAO, GERUNDIO",RES1,240,1
5146,2020170900,"RESQUISIO, ISIDRO",RES2,240,1
5147,2020170902,"DOLLETE, ROWENA",RES2,240,1
5148,2020170910,"LABITAG, RODRIGO",RES2,240,1
5149,2020170915,"NAADAT, MONICA M.",RES1,240,1
5150,2020170920,"LABITAG, ASISCLO",RES1,240,1
5151,2020170925,"BRAZIL, SHIRLEY M.",RES1,240,1
5152,2020170929,"WAEL, GENDA",RES1,240,1
5153,2020170930,"REDILLA, EMELIANA",RES2,240,1
5154,2020170931,"DOLLETE, TERESITA",RES2,240,1
5155,2020170932,MARIANO MORALES ELEM. SCH./AGUMBAY,PB,240,1
5156,2020170933,"QUIDLAT, ESTER",RES1,240,1
5157,2020170934,"ARMINAL, CARIDAD",RES2,240,1
5158,2020170938,"BERDEJO, UGENA",RES1,240,1
5159,2020170940,"ANOVER, MARCOS",RES2,240,1
5160,2020170945,"RESQUICIO, LILIA W.",RES1,240,1
5161,2020170950,"BARQUEZ, PURIFICACION",RES2,240,1
5162,2020170955,"SEMITARA, NENITA P.",RES2,240,1
5163,2020170960,"WAEL, GAUDIOSO",RES1,240,1
5164,2020170970,"WAEL, ADELINA",RES3,240,1
5165,2020170975,"WAEL, GLADYS N.",RES2,240,1
5166,2020170980,"WAEL, PERLITO",RES1,240,1
5167,2020170985,"BACTOL, LEONIDA",RES3,240,1
5168,2020170986,"DADACAY, JOSELITO",RES1,240,1
5169,2020170987,"ESTA, ROBERTA",RES3,240,1
5170,2020170993,"ARGUELLES, EMELIANA",RES1,240,1
5171,2020170994,"ARMINAL, SUSAN",RES2,240,1
5172,2020170995,"BRGY. CHAPEL/TAGPIS, SONIA",PB,240,1
5173,2020170997,"CADIENTE, MAGDALINO",RES1,240,1
5174,2020171000,"CADIENTE, EUFRONIO",RES1,240,1
5175,2020171001,"SERON, FRANCISCO C.",RES1,240,1
5176,2020171003,"RAIT, VIRGINIA S.",RES2,240,1
5177,2020171005,"CADIENTE, SERAPIA",RES3,240,1
5178,2020171006,"CADIENTE, ELEORDO",RES2,240,1
5179,2020171010,"GRABADOR, TEMOTEA",RES1,240,1
5180,2020171015,"CADIENTE, JOCELYN N.",RES1,240,1
5181,2020171020,"REDILLA, REMEDIOS",RES2,240,1
5182,2020171025,"AGUMBAY, ROSALINA",RES1,240,1
5183,2020171030,"OBALLO, MARIANITO",RES1,240,1
5184,2020171035,"LAWAAN, EDNA G.",RES1,240,1
5185,2020171040,"MACALALAG, DIONESIA",RES1,240,1
5186,2020171045,"PETALLANA, MARISA N.",RES1,240,1
5187,2020171052,"BODO, CRESENTE",RES4,240,1
5188,2020171055,"NATUEL, CAMELO JR.",RES2,240,1
5189,2020171059,"VILLALINO, ANGEL T. III",RES1,240,1
5190,2020171060,"RESQUICIO, ARTEMIO",RES4,240,1
5191,2020171061,"GRANADOS, SHERLITO JOSE",RES3,240,1
5192,2020171065,"OBEJERA, RAUL",RES4,240,1
5193,2020171066,"ARBOLIDA, ROSALINDA",RES3,240,1
5194,2020171070,"FLORENDO, GORGONIO JR.",RES1,240,1
5195,2020171072,"LIGUTAN, MARIVIC",RES1,240,1
5196,2020171073,"OLEDAN, PEDRO",RES1,240,1
5197,2020171074,"UNABIA, EDMUNDO",RES1,240,1
5198,2020171075,"ARMINAL, REYNERIO",RES2,240,1
5199,2020171076,"ANAGAP, NELIA",RES2,240,1
5200,2020171077,"SALINO, MYRNA",RES2,240,1
5201,2020171078,"ARBOLEDA, ROGELIO O.",RES1,240,1
5202,2020171085,"TOMATE, JOLLY C.",RES2,240,1
5203,2020171086,"OBALLO, AMORLINA E.",RES1,240,1
5204,2020171088,"ARBOLEDA, LINO JR.",RES3,240,1
5205,2020171089,"CODERA, CRISTY",RES1,240,1
5206,2020171090,"NATUEL, VALENTIN",RES2,240,1
5207,2020171091,"NARBONITA, RAMIL",RES2,240,1
5208,2020171092,"IRLANDEZ, RICKY",RES2,240,1
5209,2020171093,"FLORENDO, FLORA",RES2,240,1
5210,2020171094,"HAMILI, VIRGINIA",RES1,240,1
5211,2020171096,"BARQUEZ, ELENA",RES1,240,1
5212,2020171097,"RESQUICIO, CARMELITA D.",RES2,240,1
5213,2020171098,"RESQUICIO, VICENTE",RES2,240,1
5214,2020171099,"LOPIDO, IMELDA",RES1,240,1
5215,2020171100,"RESQUICIO, ARISTON",RES1,240,1
5216,2020171101,"QUIDLAT, MARITES",RES2,240,1
5217,2020171102,"BACTOL, DOMINGO",RES4,240,1
5218,2020171104,"BACTOL, EDUARDO",RES1,240,1
5219,2020171105,SEMON OBALLO ELEM. SCHOOL/RESQUICIO,PB,240,1
5220,2020171106,"BACTOL, LINO",RES2,240,1
5221,2020171107,"CANALES, CARLO    SR.",RES1,240,1
5222,2020171108,"SEMBRANO, AILEEN",RES1,240,1
5223,2020171109,"OBALLO, MARINO",RES2,240,1
5224,2020171110,"REAMILLO, JOSE",RES1,240,1
5225,2020171111,"ANAGAP, ARIEL",RES1,240,1
5226,2020171112,"BRGY. CHAPEL / DARANTINAO, CORAZON",PB,240,1
5227,2020171115,"LLAGAS, MELECIO",RES1,240,1
5228,2020171116,"DARANTINAO, FE",RES1,240,1
5229,2020171120,"PANAL, PEDRO",RES4,240,1
5230,2020171122,"OBEJERA, RODRIGO",RES2,240,1
5231,2020171123,"DARANTINAO, DELIA",RES1,240,1
5232,2020171124,"CANETE, GREGORIO",RES1,240,1
5233,2020171125,"BACTOL, RUBEN",RES1,240,1
5234,2020171126,"MERIDOR, DOMINADOR",RES1,240,1
5235,2020171128,"CANETE, GEMMA",RES3,240,1
5236,2020171129,"DALIMOCON, DANILO E.",RES3,240,1
5237,2020171130,"DALIMOCON, JUANITA",RES2,240,1
5238,2020171135,"PLOMANTIS, EDITHA",RES2,240,1
5239,2020171140,"RESQUICIO, ESTELITA",RES1,240,1
5240,2020171141,"CANARES, HELEN",RES2,240,1
5241,2020171143,"CELESTE, EVANGELINE",RES1,240,1
5242,2020171145,"INALISAN, JOSE",RES4,240,1
5243,2020171147,"PANAL, CHERYL",RES2,240,1
5244,2020171148,"PENAFLOR, MAR",RES3,240,1
5245,2020171149,"LIGUTAN, FLORENDA",RES1,240,1
5246,2020171150,"WAEL, VICENTA",RES4,240,1
5247,2020171151,"CADIENTE, FRANCISCA",RES1,240,1
5248,2020171152,"NARBONITA, SILVESTRA",RES1,240,1
5249,2020171153,"CADIENTE, MA. CESA",RES2,240,1
5250,2020171154,"NARBONITA, NENITA",RES1,240,1
5251,2020171155,"SAN PEDRO, LIBERTY F.",RES1,240,1
5252,2020171160,"ANAGAP, ALBINO",RES1,240,1
5253,2020171165,"BRGY. HALL/ NARBONITA, PEDRO",PB,240,1
5254,2020171170,"PANER, ANDREA",RES2,240,1
5255,2020171172,"SANGCOJO, FELIBERTA",RES1,240,1
5256,2020171175,"PANER, GENEROSO",RES3,240,1
5257,2020171180,"CABALLES, ODESSA A.",RES1,240,1
5258,2020171185,"MACALALAG, ASUNCION S.",RES3,240,1
5259,2020171190,"LLANDER, DIOMEDES B.",RES2,240,1
5260,2020171195,"AGNER, KIM ANTHONY G.",RES1,240,1
5261,2020171200,"ARBOLIDA, RONIMO Y.",RES1,240,1
5262,2020171205,"ANOVER, ESTER S.",RES1,240,1
5263,2020171210,"NARBONITA, ADORACION L.",RES1,240,1
5264,2020171215,"LLOREN, RAQUEL E.",RES1,240,1
5265,2020171220,"OLEDAN, ORLY F.",RES1,240,1
5266,2020171225,"JAVINES, ROBERTO B.",RES2,240,1
5267,2020171230,"MONTANO, IMELDA C.",RES1,240,1
5268,2020171235,"LLANDER, TERESITA B.",RES1,240,1
5269,2020171240,"LIGO, JENNEFER G.",RES1,240,1
5270,2020171245,"MAGDUA, MARICEL L.",RES2,240,1
5271,2020171250,"DAGALEA, RONNEL C.",RES2,240,1
5272,2020171255,"BARGULA, CELENA S.",RES2,240,1
5273,2020171260,"FLORENDO, AIZA B.",RES1,240,1
5274,2020171265,"COMBINIDO, ALEX SR. B.",RES1,240,1
5275,2020171270,"RENDORA, FELIPE JOEY B.",RES2,240,1
5276,2020171275,"LABAY, IMELDA Q.",RES2,240,1
5277,2020171280,"NARBONITA, RUBY D.",RES2,240,1
5278,2020171285,"ADDUN, CRESTI N.",RES1,240,1
5279,2020171290,"OBJERA, GENALYN",RES2,240,1
5280,2020171295,"FLORENDO, EMETERIO S.",RES2,240,1
5281,2020171300,"IBAL, JOCELYN P.",RES1,240,1
5282,2020171305,"DARANTINAO, ERLINDA B.",RES1,240,1
5283,2020171310,"JAVINES, TERESITA W.",RES1,240,1
5284,2020171315,"BACTOL, MARY ANN N.",RES1,240,1
5285,2020171320,"LAURON, GLORIA R.",RES1,240,1
5286,2020171325,"URMENETA, ALEJANDRO T.",RES1,240,1
5287,2020171330,"IBAL, RANDY V.",RES1,240,1
5288,2020171335,"IBAL, ROXAN V.",RES1,240,1
5289,2020171340,"INOSANTE, RHEA W.",RES1,240,1
5290,2020171345,"OBALLO, WILLIAM PAUL",RES1,240,1
5291,2020171350,"NICOL, ROSALEA J.",RES1,240,1
5292,2020171355,"NARBONITA, LEONORA L.",RES1,240,1
5293,2020171360,"BACTOL, RICHARD M.",RES1,240,1
5294,2020171365,"SAMORANOS, DESSIRY O.",RES1,240,1
5295,2020171370,"CUYOM, MARY JANE D.",RES1,240,1
5296,2020171375,"NAVARRO, GINA S.",RES1,240,1
5297,2020171380,"TAGOLINO, NELIA V.",RES1,240,1
5298,2020171390,"REDOBLADO, LINA G.",RES1,240,1
5299,2020171395,"BACSAL, DONNABELLE G.",RES1,240,1
5300,2020171405,"RESQUICIO, CATHERINE P.",RES1,240,1
5301,2020171420,"GUYA, VIRGINIA C.",RES1,240,1
5302,2020171430,"BASCOS, CHRISTOPHER CARLO MAR E.",RES1,240,1
5303,2020171435,"ENGRESO, REBECCA S.",RES1,240,1
5304,2020171440,"CABALLES, FRANCISCA M.",RES2,240,1
5305,2020171445,"NITURA, NESSALYN M.",RES1,240,1
5306,2020171450,"DARANTINAO, FRANCIS BEN D.",RES1,240,1
5307,2020171455,"LLAGAS, ALDRIN R.",RES1,240,1
5308,2020171460,"DARANTINAO, CORAZON D.",RES1,240,1
5309,2020171465,"CABALLES, ANGELYN PRUEL",RES1,240,1
5310,2020171470,"SAMORANOS, RODEL U.",RES1,240,1
5311,2020171475,"DAANG, JOSE E., JR.",RES1,240,1
5312,2020171480,"JABAYJABAY, PERLA A.",RES1,240,1
5313,2020171485,"AGUILAY, JOSE E.",RES1,240,1
5314,2020171490,"LABITAG, ERLINDA L.",RES1,240,1
5315,2020171495,"COLUMBRILLO, AQUINO C.",RES1,240,1
5316,2020171500,"ESTA, RAUL R.",RES2,240,1
5317,2020171502,"ARMINAL, NORA L.",RES1,240,1
5318,2020171504,"WAEL, JOSEPH",RES2,240,1
5319,2020171505,"GRABANM, NONETA I.",RES1,240,1
5320,2020171506,"NARBONITA, LEONIDA A.",RES1,240,1
5321,2020171507,"LEGO, MARLON R.",RES1,240,1
5322,2020171508,"DOLLETE, ELVIRA R.",RES2,240,1
5323,2020171510,"NOGAR, ALFREDO SORIANO",RES1,240,1
5324,2020171511,BRGY. CHAPEL,RES1,240,1
5325,2020171512,"MACALALAG, BERNARDO OBALLO",RES1,240,1
5326,2020171513,"AMISTOSO, CRISANTA QUIDLAT",RES3,240,1
5327,2020171514,"MACALALAG, ELIZABETH OBALLO",RES1,240,1
5328,2020171515,"CABALLES, DAISY URMENETA",RES1,240,1
5329,2020171516,"ARIZO, KRISTINE A.",RES1,240,1
5330,2020171517,"COMBINIDO, ELITO BARGAN",RES1,240,1
5331,2020171518,"TORREVILLAS, AMELIA TUPAZ",RES1,240,1
5332,2020171519,"FLORENDO, AIRENE BACTOL",RES2,240,1
5333,2020171520,"LLOREN, RAUL ZOSA",RES1,240,1
5334,2020171521,"PETALLANA, FELOMINA NITURA",RES1,240,1
5335,2020171522,"TAGPIS, MANUEL G. III",RES1,240,1
5336,2020171524,"CAÑETE, MARILOU UMPACAN",RES1,240,1
5337,2020171525,"CARATAO, LEONARDO NOLLIAS",RES1,240,1
5338,2020171526,"PEÑAFLOR, GENELYN  B",RES1,240,1
5339,2020171527,"LLAGAS, THELMA ENGRESO",RES1,240,1
5340,2020171528,"LLOREN, LICELDA ENGRESO",RES2,240,1
5341,2020171530,"NARBONITA, ROLANDO F.",RES2,240,1
5342,2020171531,"FRANCISCO, KAYCEELYN RONDINA",RES1,240,1
5343,2020180010,"SABILLO, RENATO",RES1,240,1
5344,2020180020,"INALISAN, MARINA",RES1,240,1
5345,2020180030,"PE?AFLOR, MARCELITA",RES3,240,1
5346,2020180105,"MACALALAG, EDNA J./RIAN",RES1,240,1
5347,2020180115,"NARBONITA, IMELDA L.",RES1,240,1
5348,2020180125,"NARBONITA, MARVIN O./MARIA",RES1,240,1
5349,2020180145,"DETALO, SANITA R./EDUARDO",RES2,240,1
5350,2020180155,"NITURA, MARY ANN U.",RES1,240,1
5351,2020180165,"LAGERA, TERESITA S.",RES2,240,1
5352,2020180170,"NARBONITA, MARINA",RES2,240,1
5353,2020180175,"NARBONITA, SHERLITA",RES2,240,1
5354,2020180180,"NITURA, SERGIO",RES2,240,1
5355,2020180185,"LIGUTAN, ARVIN D.",RES2,240,1
5356,2020180190,"ESTA, FRANCISCO",RES1,240,1
5357,2020180195,"SAVERET, KARLA DOLOR A.",RES1,240,1
5358,2020180205,"LIGUTAN, ARTEMIO S . JR.",RES1,240,1
5359,2020180210,"SAMORANOS, ELEUTERIO",RES1,240,1
5360,2020180215,"ENGRESO, LEO",RES3,240,1
5361,2020180216,"ARMINAL, CALIXTRA",RES1,240,1
5362,2020180217,"DARANTINAO, ADORACION",RES1,240,1
5363,2020180220,"OBANIL, JUAN",RES1,240,1
5364,2020180223,"PAMANIAN, LORNA",RES1,240,1
5365,2020180224,"ANOPOL, ROBERT",RES3,240,1
5366,2020180225,"MACALALAG, ROMULO",RES2,240,1
5367,2020180227,UPPER HIRA-AN ELEM. SCHOOL,PB,240,1
5368,2020180230,"DARANTINAO, NICOMEDES",RES1,240,1
5369,2020180235,"OBEJERA, AMPARO D.",RES3,240,1
5370,2020180240,"ANOPOL, ROGELIO",RES4,240,1
5371,2020180245,"QUILANETA, CASTULO",RES4,240,1
5372,2020180255,"ESTALANI, GIL S.",RES1,240,1
5373,2020180260,"ENGRESO, GAUDIOSO",RES2,240,1
5374,2020180265,"ANOPOL, PURIFICACION C.",RES2,240,1
5375,2020180270,"TILAN, ESTELITA",RES1,240,1
5376,2020180271,"PRUEL, EUFEMIA R.",RES2,240,1
5377,2020180272,"NITURA, LETECIA",RES2,240,1
5378,2020180274,"FLORENDO, ETHEL LIGUTAN",RES3,240,1
5379,2020180275,"IRLANDEZ, AVELINO",RES1,240,1
5380,2020180280,"NITURA, PURIFICACION",RES1,240,1
5381,2020180283,"LIGUTAN, FLORENDA",RES1,240,1
5382,2020180290,"ESTRELLA, ALEX",RES2,240,1
5383,2020180300,"IRLANDEZ, EDILBERTO",RES1,240,1
5384,2020180305,"SAN PEDRO, DOMINIC ASFORD M.",RES1,240,1
5385,2020180310,"LIGUTAN, PABLO",RES1,240,1
5386,2020180314,"DOLLETE, MONICA",RES1,240,1
5387,2020180316,"TOLIBAS, EDUARDO",RES2,240,1
5388,2020180317,"ANOPOL, EMERENCIANA D.",RES1,240,1
5389,2020180318,"TOLIBAS, NANCY",RES1,240,1
5390,2020180320,"LLOSA, MARIA",RES3,240,1
5391,2020180325,"LIGUTAN, ABUNDIO P.",RES1,240,1
5392,2020180330,"DOLLETE, JESUS",RES1,240,1
5393,2020180335,"NAVARRA, ALFREDO",RES1,240,1
5394,2020180340,"LIGUTAN, ANTONIA",RES2,240,1
5395,2020180346,"LIGUTAN, NORMA",RES2,240,1
5396,2020180350,"CAGASCAS, JAIME",RES1,240,1
5397,2020180355,"CADIENTE, JERBIE S.",RES4,240,1
5398,2020180360,"NARBONITA, PEDRO",RES2,240,1
5399,2020180365,"PAMANIAN, FELIPE N.",RES2,240,1
5400,2020180370,"TILAN, ESTELITA",RES4,240,1
5401,2020180371,"RANCE, RAQUEL",RES2,240,1
5402,2020180375,"BAYNO, ERMERLINDA",RES2,240,1
5403,2020180376,"NARBONITA, ESPERANZA",RES1,240,1
5404,2020180380,"DOLLETE, SIMPLICIA",RES1,240,1
5405,2020180385,"AGUDO, NILDA",RES1,240,1
5406,2020180390,"DOLLETE, FEDERICA",RES2,240,1
5407,2020180395,"LLAGAS, MARINO",RES1,240,1
5408,2020180401,"NOEL, NARBONITA",RES2,240,1
5409,2020180402,"ALFABETE, GIL",RES2,240,1
5410,2020180403,"ALFABETE, MARISSA",RES1,240,1
5411,2020180404,"COSPADA, ROMUALDO",RES1,240,1
5412,2020180405,"BRGY. CHAPEL/DOLLETE, TERESITA",PB,240,1
5413,2020180406,"DOLLETE, RUDOLFO",RES2,240,1
5414,2020180408,"NARBONITA, ARIEL",RES1,240,1
5415,2020180409,"DOLLETE, ROMERO",RES1,240,1
5416,2020180410,"BARDIAGO, SALVADOR",RES1,240,1
5417,2020180411,"GRABADOR, EMMA",RES2,240,1
5418,2020180414,"CABALLES, ROSENDO SR.",RES2,240,1
5419,2020180415,"MACALALAG, GENELYN I.",RES1,240,1
5420,2020180420,"LIGUTAN, REMEDIOS",RES2,240,1
5421,2020180425,"GUTIERREZ, JOEL M.",RES1,240,1
5422,2020180430,"DOLLETE, JUANITO",RES2,240,1
5423,2020180435,"ALFABETE, ERMILINDA",RES2,240,1
5424,2020180440,"PAMANIAN, DALMACIO",RES1,240,1
5425,2020180445,"PAMANIAN, ROSARIO",RES2,240,1
5426,2020180446,"CALVADORES, MARY ANN",RES1,240,1
5427,2020180447,"MACALALAG, ROMEA",RES2,240,1
5428,2020180450,"MACALALAG, BIENVINIDO",RES2,240,1
5429,2020180451,"LIGUTAN, ERLINDA",RES2,240,1
5430,2020180452,"AGUNOS, ROLANDO",RES2,240,1
5431,2020180453,"LIGUTAN, NORMA",RES2,240,1
5432,2020180456,"MACALALAG, GINA",RES1,240,1
5433,2020180457,"LIGUTAN, EMPERATRIZ",RES1,240,1
5434,2020180458,"LAURON, MARICAR",RES2,240,1
5435,2020180459,"MALINAO, EPIFANIA",RES1,240,1
5436,2020180460,"MELLONA, ROSALINDA G.",RES2,240,1
5437,2020180461,"TOLIBAS, MELISA",RES4,240,1
5438,2020180462,"MALINAO, FLORDELIZA",RES2,240,1
5439,2020180465,"JAPAG, JEAN L.",RES1,240,1
5440,2020180466,"DALIMOCON, PAULA",RES1,240,1
5441,2020180467,"OBANIL, ELSA",RES3,240,1
5442,2020180468,"LIGUTAN, IMELDA",RES1,240,1
5443,2020180469,"ALFABETE, ERVIN",RES2,240,1
5444,2020180470,"CABALLES, MAMERTO",RES2,240,1
5445,2020180471,"DOLLETE, JULIA",RES1,240,1
5446,2020180473,"MACALALAG, NARCISA",RES1,240,1
5447,2020180474,"MERIDOR, WELITA",RES3,240,1
5448,2020180475,"LAURON, ELIZABETH",RES2,240,1
5449,2020180476,"MALINAO, FLORDELIZA",RES1,240,1
5450,2020180477,"LIGUTAN, AIDA",RES1,240,1
5451,2020180478,"SAMORANOS, MARILOU",RES2,240,1
5452,2020180479,"LIGUTAN, MAGDALINA",RES1,240,1
5453,2020180480,"NARBONITA, JESUS",RES1,240,1
5454,2020180481,"SABILLO, ROQUE",RES1,240,1
5455,2020180482,"SABALLE, RICARDO",RES2,240,1
5456,2020180483,"LAURON, WILFREDO",RES1,240,1
5457,2020180485,"CABALLES, JONALYN M.",RES2,240,1
5458,2020180490,"DOLLETE, LILIA",RES2,240,1
5459,2020180495,"CAPALAR, ANALIZA N.",RES2,240,1
5460,2020180502,"GAQUIT, JOEL",RES1,240,1
5461,2020180504,"MERIDOR, ROMULO",RES1,240,1
5462,2020180505,"DAQUIGAN, CECILIA J.",RES1,240,1
5463,2020180510,"DOLLETE, ANTONIO",RES2,240,1
5464,2020180515,"MACALALAG, RODOLFO",RES2,240,1
5465,2020180516,"JAPAG, NENITA",RES1,240,1
5466,2020180518,"TAPALLA, FEDERICO",RES3,240,1
5467,2020180520,"NAADAT, AURELIO",RES2,240,1
5468,2020180525,"DOLLETE, GLORIA",RES2,240,1
5469,2020180527,"DOLLETE, MARCELINA",RES3,240,1
5470,2020180530,"NAADAT, AVELINA",RES1,240,1
5471,2020180531,"DOLLETE, EUSEBIO",RES1,240,1
5472,2020180532,"DOLLETE, EUSEBIO O. JR.",RES1,240,1
5473,2020180535,"JAPAG, TERESITA",RES1,240,1
5474,2020180540,"PAMANIAN, CASIANO",RES3,240,1
5475,2020180545,"PAMANIAN, ELMER",RES1,240,1
5476,2020180547,"LAGUNA, WILFREDO",RES1,240,1
5477,2020180550,"HAMTIG, MARIBEL",RES4,240,1
5478,2020180551,"GAQUIT, MARITES G.",RES1,240,1
5479,2020180552,"NAADAT, ROMEO JR.",RES1,240,1
5480,2020180553,"PRUEL, FELOTEO",RES1,240,1
5481,2020180554,"MERIDOR, NORMITA",RES2,240,1
5482,2020180555,"LIGUTAN, MARINA",RES2,240,1
5483,2020180556,"RANCE, RAQUEL A.",RES1,240,1
5484,2020180560,"LIGUTAN, ADELAIDA",RES3,240,1
5485,2020180561,"PASCULADO, ROWENA M.",RES1,240,1
5486,2020180562,"AGUNOS, POLICARPIO/SATURNINO",RES1,240,1
5487,2020180563,"MACALALAG, RENE",RES1,240,1
5488,2020180564,"MACALALAG, ROWENA",RES2,240,1
5489,2020180565,"CABALLES, FEDENCIO",RES3,240,1
5490,2020180566,"CABALLES, NARDINA",RES1,240,1
5491,2020180567,"CABALLES, CONCEPTION",RES1,240,1
5492,2020180570,"MACALALAG, ANGELES",RES1,240,1
5493,2020180575,"DALIMOCON, PELAGIO",RES1,240,1
5494,2020180580,"LIGUTAN, ROSARIO",RES1,240,1
5495,2020180585,"LLOSA, JEROME D.",RES1,240,1
5496,2020180595,"MACALALAG, JILLVEN I.",RES1,240,1
5497,2020180600,"BACLEAN, RUSTICO",RES2,240,1
5498,2020180605,"CABALLES, HONORATO",RES1,240,1
5499,2020180606,"BISCANTE, ADELINA L.                    ",RES1,240,1
5500,2020180608,"CABALLES, ALICIA D.",RES2,240,1
5501,2020180610,"URMENETA, ARTEMIO",RES1,240,1
5502,2020180615,"OCTA, CHARO F.",RES2,240,1
5503,2020180620,"ALFABETE, GEMMA N.",RES2,240,1
5504,2020180625,"JAPAG, IMELDA M.",RES1,240,1
5505,2020180630,"GAQUIT, NONITO R.",RES1,240,1
5506,2020180635,"OLITA, ERNIE B.",RES3,240,1
5507,2020180640,"DALIMOCON, EDNA DOLLETE",RES1,240,1
5508,2020180645,"QUINTANA, THELMA M.",RES1,240,1
5509,2020180650,"COSPADA, RUEL D.",RES2,240,1
5510,2020180655,"PEREZ, LORINA S.",RES1,240,1
5511,2020180670,"NARBONITA, JOCELYN",RES1,240,1
5512,2020180675,"NAADAT, AURELIO D., JR.",RES1,240,1
5513,2020180676,"ENATO, NORA A.",RES1,240,1
5514,2020180677,"CABALLES, IRENE L.",RES1,240,1
5515,2020180678,"SABILLO, MERLINDA J.",RES1,240,1
5516,2020180679,"VILLANUEVA, ANITA M.",RES1,240,1
5517,2020180681,"ANOPOL, REYNALDO PAMANIAN",RES2,240,1
5518,2020180682,"RESQUICIO, RODOLFO N.",RES1,240,1
5519,2020180683,"MACALALAG, MARGARITA",RES1,240,1
5520,2020180684,"CABALLES, NONETTE HAMTIG",RES1,240,1
5521,2020180685,"DOLLETE, JERICO OBANIL",RES1,240,1
5522,2020180686,"RESQUICIO, RONALYN G.",RES1,240,1
5523,2020180687,"LIGUTAN, RUFA DOLLETE",RES3,240,1
5524,2020180688,"JAPAG, RICHARD LLOSSA",RES1,240,1
5525,2020180689,"MACALALAG, DESSA JANE",RES1,240,1
5526,2020180690,"MUTYA, JENINA NAPOLES",RES1,240,1
5527,2020180691,"JAPAG, RODOLFO L. JR.",RES1,240,1
5528,2020180692,"MACALALAG, LOURDES C.",RES1,240,1
5529,2020180693,"JAPAG, ROMINDA NAVIGANTE",RES1,240,1
5530,2020180694,"ESQUEBEL, AILYN ANOPOL",COM1,240,1
5531,2020180695,"LIGUTAN, SONIA D",RES1,240,1
5532,2020180696,"CAAYA, DANTE DIONALDO",RES1,240,1
5533,2020190005,"SECORATA, NENITA",RES1,240,1
5534,2020190010,"ROSAL, DAFROSA",RES1,240,1
5535,2020190020,"ROSAL, EGMEDIO JR.",RES1,240,1
5536,2020190030,"QUINAGUTAN, SAMUEL",RES2,240,1
5537,2020190035,"AGUNOS, LEONARDO C.",RES2,240,1
5538,2020190040,"AGUNOS, EDUARDO C.",RES3,240,1
5539,2020190050,"AGUNOS, EUGENIA",RES2,240,1
5540,2020190070,"INOSANTE, CERILO",RES1,240,1
5541,2020190080,"INOSANTE, RENATO",RES1,240,1
5542,2020190090,"ELIZADA, LOLITA",RES2,240,1
5543,2020190100,"QUINAGUTAN, DOMINGO",RES1,240,1
5544,2020190110,"ARIQUEZ, MARIA",RES2,240,1
5545,2020190115,"IRLANDEZ, ENRICO F./SHELLA",RES1,240,1
5546,2020190120,"INGRATO, BENJAMIN",RES2,240,1
5547,2020190125,"LLOVIA, CRISTINA A.",RES1,240,1
5548,2020190130,"INGRATO, ALBERTO",RES2,240,1
5549,2020190135,"VILLANUEVA, FRANCISCO A./ANALIZA",RES2,240,1
5550,2020190140,"INDINA, ROSARIO",RES1,240,1
5551,2020190145,"YACAP, LOLITA A.",RES3,240,1
5552,2020190150,"PANIM, PEDRO",RES1,240,1
5553,2020190155,"FLORENDO, NEMESTO I./MARISSA P.",RES1,240,1
5554,2020190160,"INGRATO, NANCY",RES3,240,1
5555,2020190165,"PANIM, TERESA P.",RES1,240,1
5556,2020190180,"INGRATO, PEDRO",RES2,240,1
5557,2020190185,"DALORAYA, TERESITA I.",RES1,240,1
5558,2020190190,"INGRATO, NENITA",RES2,240,1
5559,2020190195,"INGRATO, SHERWIN D./GENELYN",RES3,240,1
5560,2020190205,"IRLANDEZ, RONALYN T.",RES2,240,1
5561,2020190210,"FAMI, RENATO",RES1,240,1
5562,2020190215,"HAMTIG, NARDINO M.",RES2,240,1
5563,2020190220,"LIGUTAN, CLARITA",RES2,240,1
5564,2020190225,"AGUNOS, LEONILO R.",RES1,240,1
5565,2020190230,"AGUNOS, ALBERTO L.",RES2,240,1
5566,2020190235,"QUINAGUTAN, NESTOR B.",RES1,240,1
5567,2020190240,"AGUNOS, MANUELITA",RES2,240,1
5568,2020190245,"VENTURINA, MARIA L.",RES1,240,1
5569,2020190250,"AGUNOS, DIONING",RES1,240,1
5570,2020190260,"INGRATO, DAMASO",RES2,240,1
5571,2020190265,"OPLEJEDA, JOSEPHINE D.",RES1,240,1
5572,2020190270,"MACABENTA, AMANCIA",RES2,240,1
5573,2020190275,"FAMI, FELISA R.",RES1,240,1
5574,2020190285,"OPLEJEDA, GAUDIOSA I.",RES1,240,1
5575,2020190290,"AGUNOS, ERNESTO",RES2,240,1
5576,2020190295,"ELIZADA, RANDY A.",RES2,240,1
5577,2020190300,"IRLANDEZ, CONCHITA",RES3,240,1
5578,2020190305,"ERIA, AGAPITA H.",RES1,240,1
5579,2020190310,"ARGUELLES, RUPERTO",RES1,240,1
5580,2020190315,"LLONORA, SALVACION",RES2,240,1
5581,2020190320,"HAMTIG, JUANITO",RES1,240,1
5582,2020190325,"LLONORA, MAVIN",RES1,240,1
5583,2020190335,"FLORENDO, JAY-AR C.",RES1,240,1
5584,2020190340,"FAMI, REMEGIO",RES1,240,1
5585,2020190345,"LORENO, DAVE I.",RES1,240,1
5586,2020190350,"FAMI, FELIXBERTO",RES1,240,1
5587,2020190355,"ARBOLEDA, ALDIE M.",RES1,240,1
5588,2020190360,"FAMI, DOLOROSA",RES1,240,1
5589,2020190365,"QUEBEC, LETECIA R.",RES1,240,1
5590,2020190375,"MIÑOZA, JENNY ANN A.",RES3,240,1
5591,2020190385,"OPLEGIDA, CASTULO # 02",RES1,240,1
5592,2020190390,"QUINAGUTAN, PASTOR",RES2,240,1
5593,2020190395,"OPLEGIDA, LUDYVINA P. # 01",RES1,240,1
5594,2020190400,"JAMILI, ROSA",RES1,240,1
5595,2020190405,"PANIM, MARISSA U.",RES1,240,1
5596,2020190410,"AGUNOS, FEDERICO D.",RES1,240,1
5597,2020190415,"HAMTIG, ERLINDA V.",RES2,240,1
5598,2020190420,"HAMTIG, ANASTACIO",RES1,240,1
5599,2020190425,ALPHA COMPANY 19IB 8ID PA C/O LORITO OLIVA,PB,240,1
5600,2020190430,"HAMTIG, BREGIDA",RES2,240,1
5601,2020190435,"FAMI, BERNARDO G.",RES1,240,1
5602,2020190440,"AGUNOS, PONCIANO",RES4,240,1
5603,2020190445,"IRLANDEZ, MAYLYN O.",RES3,240,1
5604,2020190450,"CANDASUA, TEOFILA",RES1,240,1
5605,2020190455,"QUINAGUTAN, FLORDELIZ",RES2,240,1
5606,2020190460,"PANAL, PRUDENCIO",RES2,240,1
5607,2020190465,"AGUNOS, MARIO",RES1,240,1
5608,2020190480,"TURCOLAS, ROLANDO",RES1,240,1
5609,2020190485,"URIBE, LEO Q.",RES3,240,1
5610,2020190490,TINAGUBAN ELEM. SCHOOL,PB,240,1
5611,2020190495,"LAMPASA, RENE P.",RES1,240,1
5612,2020190500,"OBAOB, TERENCIO",RES2,240,1
5613,2020190501,"AGUNOS, DOMINECA",RES1,240,1
5614,2020190505,"VENTURINA, PETRONIO B.",RES2,240,1
5615,2020190510,"HAMTIG, SANTIAGO JR.",RES3,240,1
5616,2020190515,"YACAP, BERNARDO L.",RES1,240,1
5617,2020190520,"HAMTIG, ROGELIO",RES1,240,1
5618,2020190525,"HAMTIG, JOSE",RES4,240,1
5619,2020190530,"IBAL, MANUELITA",RES1,240,1
5620,2020190540,"ARBOLEDA, ABUNDIO",RES1,240,1
5621,2020190541,"ARBOLEDA, BORROMEO B.",RES1,240,1
5622,2020190545,"ARCIAGA, EDITA R.",RES1,240,1
5623,2020190550,"LORENO, DEMETRIO",RES2,240,1
5624,2020190555,"DAANG, JOSELYN",RES1,240,1
5625,2020190560,"INOSANTE, ROMEO",RES2,240,1
5626,2020190565,"QUINTANA, LIZA I.",RES1,240,1
5627,2020190570,"BRAZIL, FRANCISCA",RES1,240,1
5628,2020190580,"BRAZIL, DOMINGO",RES2,240,1
5629,2020190585,"SUSAYA, RESTITUTO G.",RES2,240,1
5630,2020190590,"INOSANTE, MARIANO",RES1,240,1
5631,2020190595,"DACURIN, ADRIANO F.",RES1,240,1
5632,2020190600,"FAMI, AGUSTIN",RES2,240,1
5633,2020190605,"YACAP, GERTRUDES",RES1,240,1
5634,2020190610,"QUEBEC, REYNALDO",RES1,240,1
5635,2020190615,"VENTURINA, PAQUITA T.",RES1,240,1
5636,2020190620,"GASTON, VIRGINIA",RES2,240,1
5637,2020190625,"AGUNOS, ESTRELLA C.",RES1,240,1
5638,2020190630,"SIGUAN, ROSALEA",RES1,240,1
5639,2020190635,"IMUS, MARIA F.",RES1,240,1
5640,2020190640,"INGRATO, RICARDA",RES2,240,1
5641,2020190645,"VENTURINA, MARICEL N.",RES1,240,1
5642,2020190650,"FLORENDO, DEMETRIO",RES1,240,1
5643,2020190655,"VENTURINA, ERMITA G.",RES1,240,1
5644,2020190660,"AGUNOS, JULIANA",RES2,240,1
5645,2020190665,"VENTURINA, LORNA E.",RES1,240,1
5646,2020190675,"QUINAGUTAN, ELENA M.",RES1,240,1
5647,2020190680,"ARGUELLES, MELCHOR",RES1,240,1
5648,2020190690,"ARGUELLES, DIOMEDES",RES1,240,1
5649,2020190695,"URMENETA, ROMEO",RES2,240,1
5650,2020190700,"IRLANDEZ, ROSARIO",RES1,240,1
5651,2020190705,"INOSANTE, ALEJANDRA",RES1,240,1
5652,2020190715,"RODOLFO, EUSEBIO",RES1,240,1
5653,2020190720,"QUINAGUTAN, GONZALO",RES1,240,1
5654,2020190725,"IRLANDEZ, CECILIA A.",RES1,240,1
5655,2020190730,"BRAZIL, AMALIA",RES2,240,1
5656,2020190735,"YACAP, ROSALINDA A.",RES2,240,1
5657,2020190740,"BREGANIA, NENITA",RES1,240,1
5658,2020190742,"IRLANDEZ, ANECITO",RES1,240,1
5659,2020190743,"DATILES, MYLA I./HERMENTO",RES1,240,1
5660,2020190750,"PANIM, DOROTEO",RES1,240,1
5661,2020190755,"IRLANDEZ, JAIME A.",RES1,240,1
5662,2020190765,"VENTURINA, DONECIO F.",RES1,240,1
5663,2020190770,"IRLANDEZ, FELINO",RES1,240,1
5664,2020190775,TINAGUBAN BRGY. HALL,PB,240,1
5665,2020190780,"IMUS, CERELINA T.",RES1,240,1
5666,2020190785,"PANIM, EDWIN C.",RES1,240,1
5667,2020190790,"QUINAGUTAN, SOFRONIO",RES3,240,1
5668,2020190795,"ROSAL, ROBERTO R.",RES1,240,1
5669,2020190800,"FLORENDO, LUCRESIA",RES2,240,1
5670,2020190805,"ARGUELLES, EMELITA G.",RES1,240,1
5671,2020190810,"FLORENDO, MARLYN",RES2,240,1
5672,2020190815,"QUINAGUTAN, RAUL",RES1,240,1
5673,2020190820,"FLORENDO, NORBERTO",RES1,240,1
5674,2020190825,"URMENETA, VICTORINA",RES1,240,1
5675,2020190830,"FLORENDO, NERIO",RES1,240,1
5676,2020190835,"QUINAGUTAN, CORAZON A.",RES2,240,1
5677,2020190845,"PADILLA, MARIANITA R.",RES1,240,1
5678,2020190850,"RENDORA, ANASTACIO",RES2,240,1
5679,2020190855,"INGRATO, GIL M.",RES2,240,1
5680,2020190865,"ROSAL, WENEFREDA M.",RES1,240,1
5681,2020190875,"YACAP, HERCULANO A.",RES1,240,1
5682,2020190880,"IBATAN, BENJAMIN",RES2,240,1
5683,2020190885,"TORCULOS, RAYMUND M.",RES1,240,1
5684,2020190900,"IRLANDEZ, ELVIRA",RES3,240,1
5685,2020190910,"IRLANDEZ, VIRGINIA",RES1,240,1
5686,2020190930,"IRLANDEZ, ERLINDA",RES1,240,1
5687,2020190940,"RENDORA, LEO",RES2,240,1
5688,2020190945,"RENDORA, RUBYLEN P.",RES3,240,1
5689,2020190950,"HAMTIG, WILFREDO",RES1,240,1
5690,2020190960,"URMENETA, MARGARITA",RES2,240,1
5691,2020190970,"AGUNOS, ROLANDO",RES1,240,1
5692,2020190980,"IRLANDEZ, RODULFO",RES1,240,1
5693,2020190990,"BRAZIL, MARCIANO",RES1,240,1
5694,2020190995,"BRAZIL, ARNEL Q./MARIA PAZ",RES3,240,1
5695,2020191000,"QUINTANA, MARCELINA",RES3,240,1
5696,2020191005,"AGUNOS, CONCHITA",RES1,240,1
5697,2020191015,"TINAYA, TERESITA",RES1,240,1
5698,2020191020,"IRLANDEZ, VIOLETA A.",RES1,240,1
5699,2020191025,"AGUNOS, PERLA",RES3,240,1
5700,2020191030,"AGUNOS, FEDERICO SR.",RES1,240,1
5701,2020191035,"QUIMNO, REGINA",RES2,240,1
5702,2020191040,"QUIMNO, FELINO",RES2,240,1
5703,2020191045,"AGUNOS, CONRADO",RES2,240,1
5704,2020191049,"QUIMNO, WILLIAM I.                      ",RES1,240,1
5705,2020191050,"QUEBEC, ABUNDIO",RES1,240,1
5706,2020191060,"PIAD, WILFREDO",RES2,240,1
5707,2020191065,"FAMI, GORGONIA",RES1,240,1
5708,2020191070,"A?OVER, TARCELA",RES1,240,1
5709,2020191072,"GO, MARILYN E.",RES3,240,1
5710,2020191073,"FAMI, RONALD IBATAN",RES1,240,1
5711,2020191074,"OPLEJEDA, ROMULO A.",RES1,240,1
5712,2020191075,"LIANZA, RACQUEL INOSANTE",RES1,240,1
5713,2020191076,"DATILES, JUANITO Q.",RES1,240,1
5714,2020191077,"AGUNOS, ARTEMIO LAWA-AN",RES3,240,1
5715,2020191078,TINAGUBAN FARMERS ASSOCIATION (TFA),RES3,240,1
5716,2020191079,"QUINAGUTAN, VENCIO FINYAS",RES1,240,1
5717,2020191081,"OPLEJEDA, GARY",RES1,240,1
5718,2020191082,"INOSANTE, ELVIN A.",RES1,240,1
5719,2020200305,"GLORI, NORMA I.",RES1,240,1
5720,2020200409,"LIPORADA, LEAH",RES3,240,1
5721,2020200755,"LACABA, AIZA O.",RES1,240,1
5722,2020240040,"COMBENIDO, ELESIO VELUNTA",RES1,240,1
5723,2020240050,"AÑOVER, LUSANTA",RES1,240,1
5724,2020240070,"CABALLES, ROMUALDO OBIAL  (ESF)",RES4,240,1
5725,2020240080,"REAMILLO, ROSALINA L.",RES1,240,1
5726,2020240090,"INFANTE, ILUMINADA PANAL",RES2,240,1
5727,2020240100,"SAMORANOS, REMEGIO",RES1,240,1
5728,2020240105,"MARIDOR, EMMA I./RUBEN",RES2,240,1
5729,2020240120,"SAMORANOS, LEA",RES1,240,1
5730,2020240135,"ATIENZA, IRENE M.",RES1,240,1
5731,2020240140,"PANAL, CONRADO",RES1,240,1
5732,2020240145,"STA. ANA, THELMA J./HERMANI",RES1,240,1
5733,2020240150,"PANAL, LEO",RES1,240,1
5734,2020240155,"COSPADA, ELENA P./ERNESTO",RES1,240,1
5735,2020240160,"SAMORANOS, FELIPE C.",RES1,240,1
5736,2020240165,"CASTILLANO, VIRGINIA F.",RES1,240,1
5737,2020240170,"CORDEL, ELEUTERIA L.",RES1,240,1
5738,2020240175,"VELONTA, JEAN I.",RES1,240,1
5739,2020240180,CUFA ASSOCIATION,RES1,240,1
5740,2020240185,"CARATAO, ROBERTA P.",RES1,240,1
5741,2020240190,"LLANETA, JUANITA OBANIL",RES2,240,1
5742,2020240200,"RONCAL, HELEN",RES3,240,1
5743,2020240205,"REAMILLO, ROSITA V.",RES1,240,1
5744,2020240210,"TUANDO, ALFREDO",RES2,240,1
5745,2020240215,"MACALALAG, REBECCA N.",COM1,240,1
5746,2020240220,"MACALALAG, REMEGIO",RES1,240,1
5747,2020240225,"FAMOR, MANUELITA",RES2,240,1
5748,2020240230,"LLOSA, HELEN",RES1,240,1
5749,2020240235,"PORCIL, MARGARITO M.",RES2,240,1
5750,2020240240,"LLOSA, MARINA",RES1,240,1
5751,2020240245,"CABALLES, LOIDA P. ",RES3,240,1
5752,2020240250,"COMBINIDO, LETECIA",RES2,240,1
5753,2020240255,"FAMI, EDGAR M.",RES2,240,1
5754,2020240260,"SICSIC, ROMEO",RES2,240,1
5755,2020240265,"MACALALAG, LEA C.",RES1,240,1
5756,2020240270,"SICSIC, FLORENCIA/DELFIN",RES3,240,1
5757,2020240275,"CORDEL, SARAH D.",RES2,240,1
5758,2020240280,"CABALLES, REMEGIO",RES2,240,1
5759,2020240285,"CERA, REAGAN T.",RES1,240,1
5760,2020240290,"HONDOLERO, JESUS",RES1,240,1
5761,2020240295,"DOLLETE, EVELYN M.",RES1,240,1
5762,2020240300,"HONDOLERO, LAILA",RES1,240,1
5763,2020240305,"MACALALAG, MARIA PAZ P.",RES1,240,1
5764,2020240310,"DALORAYA, GENEROSA",RES1,240,1
5765,2020240315,"FAMI, ZOSIMO L.",RES2,240,1
5766,2020240320,"LIGUTAN, ELIZABETH",RES1,240,1
5767,2020240325,"TILAN, DARIO N.",RES1,240,1
5768,2020240330,"BATAN, LIBBY L./EDWIN",RES2,240,1
5769,2020240335,"LIANZA, ANITA A.",RES1,240,1
5770,2020240340,"LIGUTAN, EMELITA",RES1,240,1
5771,2020240345,"ADALID, LUZVIMINDA L.",RES2,240,1
5772,2020240360,"LIGUTAN, LILIA",RES4,240,1
5773,2020240365,"MERIDOR, FRELYN C.",RES1,240,1
5774,2020240370,"TALAÑA, EDUVIGIS",RES1,240,1
5775,2020240375,"REAMILLO, MARILYN E.",RES1,240,1
5776,2020240380,"LLANETA, ESTELITA M.",RES1,240,1
5777,2020240385,"PAMANIAN, LORNA L.",RES1,240,1
5778,2020240390,"LIANZA, MARIA MACALALAG",RES1,240,1
5779,2020240395,"FAMI, LEONORA M.",RES1,240,1
5780,2020240405,"PAMANIAN, MA. LIBBY M.",RES1,240,1
5781,2020240410,"TUANDO, FRANCISCA M.",RES4,240,1
5782,2020240415,"LLANETA, MARIANITO JR. M.",RES2,240,1
5783,2020240420,"RONDA, ANACORITA",RES2,240,1
5784,2020240425,"PAMANIAN, EDWIN M.",RES1,240,1
5785,2020240430,"PRUEL, ULDARICO",RES1,240,1
5786,2020240435,"PLATILLA, THELMA D.",RES1,240,1
5787,2020240440,"HONDOLERO, NEREN",RES1,240,1
5788,2020240450,"MACALALAG, FRANCISCO",RES4,240,1
5789,2020240455,"PICAO, JOEL I.",RES1,240,1
5790,2020240460,"CORBE, PATROCENIA P.",RES1,240,1
5791,2020240465,"PAMANIAN, ALICIA P.",RES1,240,1
5792,2020240470,"QUEBEC, AURORA COMBINIDO (Rice Mill)",RES1,240,1
5793,2020240475,"COLIBAO, PRESENTACION M.",RES3,240,1
5794,2020240480,STREET LIGHT & BRGY. HALL ,PB,240,1
5795,2020240485,"COSPADA, GUILLERMA M.",RES1,240,1
5796,2020240490,"QUEBEC, JOSE COMBINIDO",RES3,240,1
5797,2020240495,"LIGUTAN, DAISY O.",RES1,240,1
5798,2020240500,"PRUEL, RONALDO CORBE",RES2,240,1
5799,2020240505,"FAMOR, RENALYN C.",RES1,240,1
5800,2020240515,"MACALALAG, RICARDO ",RES1,240,1
5801,2020240520,"TALAÑA, CRISTINA",RES4,240,1
5802,2020240525,"LIGUTAN, ELMER A.",RES1,240,1
5803,2020240535,"PANIM, DONALYN B.",RES1,240,1
5804,2020240540,"TALAÑA, WILFREDO DAUPLO",RES2,240,1
5805,2020240545,"DARANTINAO, ANABELLE O.",RES1,240,1
5806,2020240550,"TALAÑA, CATHERINE C.",RES4,240,1
5807,2020240555,"YBANEZ, JEFFREY P.",RES2,240,1
5808,2020240560,"INFANTE, LETECIA",RES1,240,1
5809,2020240565,"NAVARETTE, LOIDA I.",RES2,240,1
5810,2020240575,"OBANA, MA. CECILIA S.",RES2,240,1
5811,2020240580,"PAMANIAN, JANUARIO C.",RES1,240,1
5812,2020240585,"SICSIC, SOFIA I.",RES1,240,1
5813,2020240590,"INFANTE, MELINDA COLUMBRILLO",RES1,240,1
5814,2020240600,"LUBRIN, EMELITA/VICTORIANO",RES1,240,1
5815,2020240605,"HONDOLERO, LIAN",RES2,240,1
5816,2020240610,"REAMILLO, JENNIFER Q.",RES1,240,1
5817,2020240615,"DOLINA, SARAH C.",RES1,240,1
5818,2020240620,"VELUNTA, PURIFICACION",RES2,240,1
5819,2020240625,"SAPICO, CHRISTOPHER O.",RES1,240,1
5820,2020240630,"DOLLETE, MARICRIS Q.",RES1,240,1
5821,2020240635,"PLATILLA, EMELINDA D.",RES1,240,1
5822,2020240640,"MACALALAG, EMELITA TILAN",RES1,240,1
5823,2020240645,"DOLLETE, PRIMO P.",RES1,240,1
5824,2020240650,"CARATAO, ROSITA",RES1,240,1
5825,2020240655,ENGRESO ERNESTO,RES1,240,1
5826,2020240660,"CABALLES, PAULMARY ALFABETE",RES1,240,1
5827,2020240665,"CARATAO, ELISA C.",RES1,240,1
5828,2020240670,"MACALALAG, SALVACION",RES1,240,1
5829,2020240675,"PANIM, DOMINIC PAUL B.",RES1,240,1
5830,2020240680,"MACALALAG, TRISTAN F.",RES1,240,1
5831,2020240685,"INFANTE, FRANCISCO P.",RES1,240,1
5832,2020240690,"ATIENZA, NEFRAIDA M.",RES2,240,1
5833,2020240695,"DIAZ, QUIAZON O.",RES2,240,1
5834,2020240700,"HONDOLERO, PATRICIA ",RES2,240,1
5835,2020240705,"MACALALAG, SAMUEL F.",RES1,240,1
5836,2020240710,"TILAN, CARMELITA",RES3,240,1
5837,2020240715,"JENNYLYN, MACALALAG",RES1,240,1
5838,2020240720,"CARATAO, LEO ATIENZA",RES1,240,1
5839,2020240725,"EVELYN, TILAN",RES1,240,1
5840,2020240730,"MACALALAG, REYNALDO INALISAN",RES2,240,1
5841,2020240740,"PAMANIAN, ROWENA H.",RES2,240,1
5842,2020240745,"VICENTE, CORBE",RES1,240,1
5843,2020240750,"MACALALAG, NOEL I",RES2,240,1
5844,2020240755,"PANIM, ESTILITA",RES1,240,1
5845,2020240760,"MACALALAG, NUMERIANO",RES2,240,1
5846,2020240765,"COSPADA, HILDA",RES1,240,1
5847,2020240770,"MACALALAG, DECEDERIO D.",RES1,240,1
5848,2020240775,"PARABOLES, ANITA",RES1,240,1
5849,2020240780,"MACALALAG, AMANCIO HONDOLERO",RES1,240,1
5850,2020240785,"PANAL, ROSALINDA",RES1,240,1
5851,2020240790,"LAURON, VIOLETA Q.",RES2,240,1
5852,2020240795,"BRIER, MANILENE",RES1,240,1
5853,2020240800,"LIGUTAN, MARINO MACALALAG",RES1,240,1
5854,2020240805,"DOBLIN, MARCIAL",RES1,240,1
5855,2020240810,"QUEBEC, AURORA COMBINIDO-RESIDENCE",RES4,240,1
5856,2020240815,"MERIDOR, AILYN",RES1,240,1
5857,2020240820,"MACALALAG, MERLITA NAHARO",RES2,240,1
5858,2020240830,"PAMANIAN, EDGAR N.",RES2,240,1
5859,2020240850,"ATIENZA, EMILIO C.",RES2,240,1
5860,2020240860,"ATIENZA, SOFRONIO",RES1,240,1
5861,2020240870,"LIGUTAN, WENEFREDA NICANOR",RES1,240,1
5862,2020240890,"LIGUTAN, RUBY FAMOR",RES1,240,1
5863,2020240910,CAGHALO ELEM. SCHOOL,PB,240,1
5864,2020240920,"TILAN, ADELINA INOSANTE",RES2,240,1
5865,2020240930,"MACALALAG, JOSEFINO",RES2,240,1
5866,2020240940,"MACALALAG, CLOTILDE",RES1,240,1
5867,2020240950,"MERIDOR, RUFA",RES1,240,1
5868,2020240970,"ABRERA, ROCINA VELUNTA",RES1,240,1
5869,2020240980,"LIANZA, MARIA",RES1,240,1
5870,2020240990,"DACUNO, ALDIGUNDA TILAN",RES1,240,1
5871,2020241000,"MERIDOR, LUSANTA IRLANDEZ",RES2,240,1
5872,2020241010,"MERIDOR, REMEDIOS",RES1,240,1
5873,2020241020,"MACALALAG, LUCIA C.",RES1,240,1
5874,2020241030,"MERIDOR, ROGELIO TALAÑA",RES1,240,1
5875,2020241040,"PARABOLES, ANITA C.",RES4,240,1
5876,2020241050,"FAMOR, MARCELINA C./FRANCISCO",RES1,240,1
5877,2020241060,"MEREDOR, AIZA C.",RES1,240,1
5878,2020241070,"FAMOR, MARIBETH P.",RES1,240,1
5879,2020241080,"RANCE, ROSALINDA M.",RES1,240,1
5880,2020241090,"IBATAN, ANA",RES3,240,1
5881,2020241100,"DALIMOCON, RODEL",RES2,240,1
5882,2020241110,"CORBE, ROSALINA MACALALAG",RES1,240,1
5883,2020241120,"MACALALAG, ROSITA SICSIC",RES1,240,1
5884,2020241130,"FAMOR, ELSA  COMBENIDO",RES1,240,1
5885,2020241140,"FAMI, ULDARICO RAQUEL",RES1,240,1
5886,2020241160,"FAMI, ROMEO RAQUEL",RES1,240,1
5887,2020241190,"BARQUEZ, ROSENDA",RES1,240,1
5888,2020241200,"PANIM, ESTELITA DEMASILAN",RES1,240,1
5889,2020241210,"ENGRESO, WELO RAMIREZ",RES1,240,1
5890,2020241220,"CORDEL, LEODEGARIO",RES1,240,1
5891,2020241230,"DARANTINAO, LUDY CABALLES",RES1,240,1
5892,2020241240,"VELUNTA, FELIX",RES1,240,1
5893,2020241250,"MACALALAG, ROMEO VELUNTA",RES1,240,1
5894,2020241260,"MERIDOR, ROLINA",RES2,240,1
5895,2020241270,"VELUNTA, AMALIA",RES2,240,1
5896,2020241280,"DARANTINAO, JAY CABALLES",RES1,240,1
5897,2020241290,"PANIM, JYRALEN DARANTINAO",RES1,240,1
5898,2020241320,"INFANTE, MANUELA LAGERA",RES1,240,1
5899,2020241330,"SAPICO, NORBERTA OBAOB",RES1,240,1
5900,2020241340,"FAMOR, ASTRA",RES1,240,1
5901,2020241350,"PANIM, NARDINO D.",RES1,240,1
5902,2020241360,"FALLORE, DIOSCORO PICAO",RES1,240,1
5903,2020241370,"COSPADA, LIRA",RES1,240,1
5904,2020241380,"VELUNTA, MANUELITA",RES1,240,1
5905,2020241390,"TILAN, CARMELITA",RES1,240,1
5906,2020241400,"PANIM, ESTILITA E.",RES1,240,1
5907,2020241410,"PANAL, NANETTE T.",RES1,240,1
5908,2020241420,"CABALLES, ROBERTO T.",RES1,240,1
5909,2020241430,"VELUNTA, RODRIGO M.",RES1,240,1
5910,2020241440,"FAMI, ROSENDA",RES2,240,1
5911,2020241450,"PANAL, GREGORIO MERIDOR",RES1,240,1
5912,2020241460,"PALERMO, LUCIA PANAL",RES2,240,1
5913,2020241470,"VELUNTA, ROSARIO",RES1,240,1
5914,2020241480,"MERIDOR, LUZ",RES1,240,1
5915,2020241490,"TILAN, LYDIA",RES1,240,1
5916,2020241500,"TILAN, GRACE O.",RES1,240,1
5917,2020241510,"INFANTE, SUSAN ENGRESO",RES1,240,1
5918,2020241520,"ESPENEDA, TERESITA",RES1,240,1
5919,2020241530,"PICAO, PERFECTO VELUNTA",RES1,240,1
5920,2020241540,"PICAO, INOCENCIO VELUNTA",RES1,240,1
5921,2020241550,"PICAO, EDITHA",RES1,240,1
5922,2020241560,"MENDIVEL, JENEFFER P.",RES1,240,1
5923,2020241570,"MERIDOR, JOMAR",RES1,240,1
5924,2020241580,"OPIANA, SEBASTIANA",RES1,240,1
5925,2020241590,"MERIDER, ROMEO DOLLETE",RES1,240,1
5926,2020241591,"LLOSA, CHRISTY L.",RES1,240,1
5927,2020241592,"PAMAÑIAN, ROGELIO O.",RES1,240,1
5928,2020241593,"LIGUTAN, RUFA",RES2,240,1
5929,2020241594,"TOGONON, FEDERICO P.",RES1,240,1
5930,2020241595,"COLUMBRILLO, ROMULO C.",RES1,240,1
5931,2020241596,"ALBARICO, MELVIN P.",RES2,240,1
5932,2020241600,"PALERMO, MARIAN PILANDE",RES1,240,1
5933,2020241601,"PILANDE, NORMA M.",RES1,240,1
5934,2020241603,"MACALALAG, REA SAMORANOS",RES1,240,1
5935,2020241604,"DARANTINAO, EDNA PANAL",RES2,240,1
5936,2020241605,"REYES, GIELICAFAE MACALALAG",RES1,240,1
5937,2020241606,"LIGUTAN, CECILIA C",RES2,240,1
5938,2020241607,"COMBINIDO, ERLINDA VELUNTA",RES1,240,1
5939,2020241608,"LIANZA, RONNEL GARCIA",RES1,240,1
5940,2020241609,"VILLANUEVA, ERMENELINDA",RES3,240,1
5941,2020241611,"DALIMOCON, ROLLY CANTONG",RES1,240,1
5942,2020241612,"LUCELO, MYLYN FAMI",RES1,240,1
5943,2020241613,"LIGUTAN, RONALD RAAGAS",RES1,240,1
5944,2020241614,"LIGUTAN, PEDRO/BERNARDITA R",RES1,240,1
5945,2020241615,"VELUNTA, JESSIE P",RES1,240,1
5946,2020241616,"OPIANA, CELSA  C",RES1,240,1
5947,2020241617,"OPIANA, IMELDA CADIENTE",RES1,240,1
5948,2020241618,"PALERMO, CHERRY ANN PANAL",RES1,240,1
5949,2020241619,"YOSORES, LISA SABANAL",RES1,240,1
5950,2020241620,"FAMI, JELYN COSPADA",RES1,240,1
5951,2020241621,"NITURA, AMALIA WILMA F",RES1,240,1
5952,2020241622,"TABERARA, ADELAIDA LIGUTAN",RES1,240,1
5953,2020241623,"OBANIL, NILO M",RES1,240,1
5954,2020241624,"PLATILLA, MARIA TERESA MACALALAG",RES1,240,1
5955,2020241625,"MACALALAG, WILFREDO CABALLES",RES2,240,1
5956,2020241626,"MACALALAG, HERMILINDA FAMOR",RES1,240,1
5957,2020241627,"ENO, REA FAMOR",RES1,240,1
5958,2020241628,"AGAN, ROMEL/ ARLENE",RES1,240,1
5959,2020241629,"LIGUTAN, LOVENA RAAGAS",RES1,240,1
5960,2020241630,"LIANZA, ANNABEL L",RES1,240,1
5961,2020241631,"LIANZA, REALYN GARCIA",RES1,240,1
5962,2020241632,"LIANZA, RUBEN G",RES1,240,1
5963,2020241633,"LIANZA, JOSEPHINE B",RES1,240,1
5964,2020241634,"VELUNTA, MELECIO A",RES1,240,1
5965,2020241635,"PERIT, ERWIN  FLORENDO",RES1,240,1
5966,2020241636,"LLOSA, JONATHAN  DELANTAR",RES1,240,1
5967,2020241637,"MACALALAG, ANGELICA AGUSTIN",RES1,240,1
5968,2020241638,"TILAN, RICKY/ERLINDA",RES1,240,1
5969,2020241639,"MEJARES, VISITACION A",RES1,240,1
5970,2020241640,"ENGRESO, FRANCISCO ABRERA",RES1,240,1
5971,2020241641,"COSPADA, HERMELO",RES1,240,1
5972,2020241642,"CORDEL, MARIA JOEBEL N.",RES1,240,1
5973,2020241643,"LUCERES, JOSEPHINE TY",RES1,240,1
5974,2020241644,"GACHE, MARGIE D",RES1,240,1
5975,2020241645,"VELORIA, MARLON L",RES1,240,1
5976,2020241646,"COLLUMBRILLO, BERNARDO",RES1,240,1
5977,2020241647,"PANAL, FE FLORES",RES1,240,1
5978,2020241648,"DIOQUINO, LEONARDA  P",RES1,240,1
5979,2020241649,"TILAN, ANALYN NIDEA",RES1,240,1
5980,2020241650,"TILAN, HERWINA NIDEA",RES1,240,1
5981,2020241651,"PANIM, MARISSA MANAGUELOD",RES1,240,1
5982,2020241652,"OPIANA, CRISTY MERIDOR",RES1,240,1
5983,2020241653,"DOLLETE, VICTORIA PICAO",RES1,240,1
5984,2020241654,"MERIDOR, CHRISTINE ATIENZA",RES1,240,1
5985,2020241655,"MERIDOR, MA. SHIRLY ATIENZA",RES1,240,1
5986,2020241656,"TICA, ROSALIA PICAO",RES1,240,1
5987,2020241657,"TILAN, REBECCA PICAO",RES1,240,1
5988,2020241658,"LLANETA, MARILOU A",RES1,240,1
5989,2020241659,"BEDRO, MARILYN L",RES1,240,1
5990,2020241660,"TAMAYO, MERIAM ZABALA",RES1,240,1
5991,2020241661,"FLORANTE, EUSEBIO/BERNARDITA CARATAO",RES1,240,1
5992,2020241662,"PAMANIAN, LIZA CORDEL",RES1,240,1
5993,2020241663,"QUIDLAT, CLARISSA P",RES1,240,1
5994,2020241664,"RENDORA, MARICEL ORIOL",RES1,240,1
5995,2020241665,"COSPADA, ELIZABETH",RES1,240,1
5996,2020241666,"HONDELERO, ANTONIO CCARATAO",RES1,240,1
5997,2020241667,"PALOMIQUE, RODEL LIGUTAN",RES1,240,1
5998,2020241668,"COSPADA, JOCELYN R",RES1,240,1
5999,2020241669,"PAMANIAN, MISHELLE M",RES2,240,1
6000,2020250040,"TADEFA, HELARIO O.",RES1,240,1
6001,2020250050,"MAKABENTA, ADORA R.",RES1,240,1
6002,2020250060,"BACTOL, JOSE",RES1,240,1
6003,2020250070,"BACTOL, ANALYN F.",RES1,240,1
6004,2020250080,"OLEDAN, NORMA N.",RES1,240,1
6005,2020250090,"LAURO, VIRGINIA B.",RES1,240,1
6006,2020250100,"MAKABENTA, ALICIA L.",RES1,240,1
6007,2020250105,"BACTOL, RAFAEL F.",RES2,240,1
6008,2020250110,"VIOJELA, REYMELDA A.",RES2,240,1
6009,2020250115,"CABALTERA, LUCIO C.",RES1,240,1
6010,2020250120,"MAKABENTA, MICHAEL L.",RES1,240,1
6011,2020250125,"ORIOL, WILMA C.",RES1,240,1
6012,2020250130,"NARIDO, DANTE D.",RES1,240,1
6013,2020250135,"BENUSA, NENITA M.",RES1,240,1
6014,2020250140,"MENDOZA, DANILO M.",RES1,240,1
6015,2020250145,"BACARISAS, VICTOR R.",RES2,240,1
6016,2020250150,"NARIDO, OLIVER D.",RES1,240,1
6017,2020250155,"TADEFA, MARISOL B.",RES1,240,1
6018,2020250160,"BENUSA, JOCELLE M.",RES1,240,1
6019,2020250165,"BACARISAS, GERTRUDES R.",RES1,240,1
6020,2020250170,"MAKABENTA, JUDE B.",RES1,240,1
6021,2020250180,"NARIDO, MARIBEL P.",RES1,240,1
6022,2020250185,"MAKABENTA, BENJAMIN V.",RES1,240,1
6023,2020250190,"DAANG, ARLENE D.",RES1,240,1
6024,2020250195,"LAURO, CRISANTO O.",RES2,240,1
6025,2020250200,"DAANG, JERRY D.",RES1,240,1
6026,2020250205,"BACTOL, CECILIA F.",RES1,240,1
6027,2020250210,"AVILA, APRILYN",RES1,240,1
6028,2020250215,"NARIDO, MARILYN I.",RES2,240,1
6029,2020250220,"GOBELAB, LEONORA B.",RES1,240,1
6030,2020250225,"NARIDO, LEOPOLDO V.",RES1,240,1
6031,2020250230,"MAKABENTA, SAMUEL P.",RES1,240,1
6032,2020250235,"NARIDO, MARINA",RES1,240,1
6033,2020250240,"NALDA, ROMEO R.",RES1,240,1
6034,2020250245,"BRIER, ILUMINADA",RES1,240,1
6035,2020250250,"MAKABENTA, LEE B.",RES1,240,1
6036,2020250255,"PEQUE, DIONY Q.",RES1,240,1
6037,2020250260,"MAKABENTA, LEONORA B.",RES1,240,1
6038,2020250270,"OBALAN, REMEGIO E.",RES1,240,1
6039,2020250275,"DRILON, RALEN Z.",RES1,240,1
6040,2020250280,"EDUSMA, ALMA M.",RES1,240,1
6041,2020250285,"DARANTINAO, ROMUALDO E.",RES1,240,1
6042,2020250290,"ENCINAS, ROSALINDA U.",RES2,240,1
6043,2020250295,"FALGUERA, VILMA PERMEJO",RES1,240,1
6044,2020250300,"RAYOS, RAUL E.",RES1,240,1
6045,2020250305,"DACARA, MYRNA I.",RES1,240,1
6046,2020250310,"NARIDO, GIOVANNI D.",RES1,240,1
6047,2020250315,"QUIRIMIT, TEOFILA L.",RES1,240,1
6048,2020250320,"ENCINAS, RANDY U.",RES1,240,1
6049,2020250325,"QUIRIMIT, VIOLETA M.",RES1,240,1
6050,2020250330,"LAURO, ANNA-LIZA",RES1,240,1
6051,2020250335,"DARANTINAO, RONNEL",RES1,240,1
6052,2020250340,"NALDA, HERMINIO R.",RES1,240,1
6053,2020250350,"NALDA, JUVENCIA R.",RES1,240,1
6054,2020250360,"LAURO, MA. NIDA N.",RES1,240,1
6055,2020250362,"ERIA, MARITA",RES1,240,1
6056,2020250363,STRET LIGHT LOWER PARAG-UM,ST,240,1
6057,2020250364,"MAKABENTA, SESENIO INDITA",RES1,240,1
6058,2020250365,"BACTOL, MARY JANE U.",RES1,240,1
6059,2020250366,"PRADA, YOLANDA B",RES3,240,1
6060,2020250367,"DACARA, IRENE DRILON",RES1,240,1
6061,2020260100,"DARANTINAO, GINA E.",RES2,240,1
6062,2020260105,"LUCELO, MARIANITA D.",RES2,240,1
6063,2020260110,"DARANTINAO, BENEDICTO",RES1,240,1
6064,2020260115,"MONTEBON, ANGEL M.",RES1,240,1
6065,2020260120,"DARANTINAO, CELIA S.",RES1,240,1
6066,2020260125,"PANIM, MA. KRISTALYN T.",RES1,240,1
6067,2020260130,"PANIM, ANALYN D.",RES1,240,1
6068,2020260135,"PANIM, TRINIDAD",RES1,240,1
6069,2020260140,"DIOLA, MARLITA T.",RES1,240,1
6070,2020260145,"CAPALAR, MARGIE P.",RES1,240,1
6071,2020260150,"CAPALAR, EDUARDO A.",RES1,240,1
6072,2020260155,"CAPALAR, ROBERTO A.",RES1,240,1
6073,2020260160,"CAPALAR, JOSE A.",RES1,240,1
6074,2020260165,"CAPALAR, VIRGIE P.",RES1,240,1
6075,2020260170,"CAPALAR, MERLINA A.",RES1,240,1
6076,2020260175,"CUESTA, ANGIE K.",RES1,240,1
6077,2020260180,"FLORENDO, JOSE",RES1,240,1
6078,2020260185,"ORIOL, EMMALYN B.",RES1,240,1
6079,2020260190,"DARANTINAO, NANCY D.",RES1,240,1
6080,2020260195,"RENDORA, GINA U.",RES3,240,1
6081,2020260200,"RENDORA, RICARDO L.",RES1,240,1
6082,2020260205,"RENDORA, BIGILDA F.",RES2,240,1
6083,2020260210,"RENDORA, MARIBETH L.",RES1,240,1
6084,2020260215,"RENDORA, LEOVEGILDA L.",RES2,240,1
6085,2020260220,"RENDORA, JANET U.",RES1,240,1
6086,2020260225,"FLORENDO, BERNABE D.",RES1,240,1
6087,2020260230,"SERON, MARILYN E.",RES1,240,1
6088,2020260235,"SERON, SIMON U.",RES1,240,1
6089,2020260240,"SERON, VALERIANO U.",RES1,240,1
6090,2020260245,"SERON, VIRGILIO U.",RES1,240,1
6091,2020260250,"WENCESLAO, DOMINADOR JR. C.",RES2,240,1
6092,2020260255,"MARQUEZ, ARTURO T., JR.",RES2,240,1
6093,2020260256,"RENDORA, RICHEL QUINTANA",RES1,240,1
6094,2020270100,"CORBE, CRISTINA",RES1,240,1
6095,2020270105,"FAMOR, ROGELIO",RES1,240,1
6096,2020270110,"FAMOR, ESTELITA",RES1,240,1
6097,2020270115,"FAMOR, DOMINADOR",RES1,240,1
6098,2020270120,"IBATAN, REBECA",RES1,240,1
6099,2020270125,"VENTURINA, MARILOU",RES1,240,1
6100,2020270130,"CAÑADA, MARY JANE",RES2,240,1
6101,2020270135,"CAÑADA, JOSE",RES1,240,1
6102,2020270140,"PAMINTUAN, CRISTINA",RES1,240,1
6103,2020270145,"BACTOL, NORMA",RES1,240,1
6104,2020270150,"COMBINIDO, AURELIO",RES1,240,1
6105,2020270155,"PICAO, JOECYNEL",RES1,240,1
6106,2020270160,"MACALALAG, LUDIVICO",RES1,240,1
6107,2020270165,"COMBINIDO, ALDEGUNDO SR.",RES2,240,1
6108,2020270170,"BACTOL, EVANGELITA",RES1,240,1
6109,2020270175,"FAMOR, CERELINA",RES1,240,1
6110,2020270180,"FAMOR, NATIVIDAD",RES3,240,1
6111,2020270185,"PAMANIAN, MARIETA",RES2,240,1
6112,2020270190,"FAMOR, NORBERTO",RES1,240,1
6113,2020270195,"FAMOR, MANUEL",RES1,240,1
6114,2020270200,"PALMES, JANNETH",RES1,240,1
6115,2020270205,"FAMOR, MERLE",RES2,240,1
6116,2020270210,"DANDAN, ANTONIO",RES1,240,1
6117,2020270215,"DANDAN, NORMA",RES1,240,1
6118,2020270220,"DANDAN, FRANCISCO",RES4,240,1
6119,2020270225,"GONZALES, PRESENTACION",RES1,240,1
6120,2020270230,"DARANTINAO, FRANCISCO",RES1,240,1
6121,2020270235,"GONZALES, EVANGELINE",RES2,240,1
6122,2020270240,"DARANTINAO, BELEN",RES3,240,1
6123,2020270245,"DARANTINAO, REINA",RES1,240,1
6124,2020270250,"COLUMBRILLO, MARCIANA",RES1,240,1
6125,2020270255,"WAEL, JENNIFER",RES1,240,1
6126,2020270260,"MABAO, VIVENCIO",RES2,240,1
6127,2020270265,"PALMES, MAGDALENA",RES2,240,1
6128,2020270270,"PAMANIAN, LELIOSA",RES2,240,1
6129,2020270275,"PALMES, DOMINICA",RES1,240,1
6130,2020270280,"COMBINIDO, JENNIFER",RES1,240,1
6131,2020270285,"MACALALAG, LETECIA",RES1,240,1
6132,2020270290,"DANDAN, PATRICIA",RES1,240,1
6133,2020270295,"PALMES, CARIDAD",RES1,240,1
6134,2020270300,"PICAO, LETECIA",RES3,240,1
6135,2020270305,"DARANTINAO, MARY GRACE",RES1,240,1
6136,2020270310,"GARCIA, JENNIFER",RES1,240,1
6137,2020270315,"MACALALAG, RIC PALMES",RES3,240,1
6138,2020270320,"PAMANIAN, LEAH",RES2,240,1
6139,2020270325,"MACALALAG, SHELLRYL",RES2,240,1
6140,2020270330,"MACALALAG, FRANCISCO JR.",RES1,240,1
6141,2020270335,"QUEBEC, ARTURO",RES1,240,1
6142,2020270340,"BRUN, LENLIBETH",RES1,240,1
6143,2020270345,"MACALALAG, WILFREDO",RES2,240,1
6144,2020270350,"NIERVES, BEINVINIDO",RES1,240,1
6145,2020270355,"NIERVES, MATIAS",RES3,240,1
6146,2020270360,"MISON, ROBERTO",RES3,240,1
6147,2020270365,"BRUN, ROSALINDA",RES1,240,1
6148,2020270370,"DEMATANGGAL, ALICIA",RES1,240,1
6149,2020270375,"BRUN, RICHA",RES1,240,1
6150,2020270380,"LLOREN, ROSEMARIE",RES1,240,1
6151,2020270385,"BRUN, LILIBETH",RES2,240,1
6152,2020270390,"BRUN, CLARITA",RES1,240,1
6153,2020270395,MANLOY BRGY. HALL W/ST. LIGHTS (UPPER),RES1,240,1
6154,2020270400,"FLORES, MARILYN G.",RES1,240,1
6155,2020270405,"SAN PEDRO, JOEL",RES1,240,1
6156,2020270410,"OBANIL, FRANCISCA",RES1,240,1
6157,2020270415,"BACTOL, QUIRICA P.",RES2,240,1
6158,2020270420,"CARATAO, JERAMY C.",RES1,240,1
6159,2020270425,"NIDERA, MARY ROSALIE M.",RES1,240,1
6160,2020270435,"PAMANIAN, HELEN C.",RES1,240,1
6161,2020270440,"BACTOL, VERGENCITU",RES1,240,1
6162,2020270445,"DARANTINAO, MYLENE",RES1,240,1
6163,2020270450,"PAMANIAN, JOAN C.",RES1,240,1
6164,2020270452,"DANDAN, HERMINIA M.",RES2,240,1
6165,2020270453,"FERNANDEZ, JONALYN RANA",RES2,240,1
6166,2020270454,"BACULANTA, MARK ROY LIGUTAN",RES1,240,1
6167,2020270455,"GARCIA, EDUARDO S.",RES1,240,1
6168,2020270456,"DOLLETE, LETECIA MACALALAG",RES3,240,1
6169,2020270457,"FIEL, EUFEMIA B.",RES1,240,1
6170,2020270458,"BRUN, CHERELYN SAMORANOS",RES1,240,1
6171,2020270459,"NAVARRA, JAKE MERELOS",RES1,240,1
6172,2020270460,"CAÑADA, ROSALINDA INFANTE",RES2,240,1
6173,2020270461,"BACULANTA, LILIA QUEBEC",RES1,240,1
6174,2020270462,"NIERVES, JINKY CAUBALEJO",RES3,240,1
6175,2020270463,"DANDAN, DANILO A",RES1,240,1
6176,2020270464,"POTOLIN, TIMOTHY B",RES1,240,1
6177,2020270465,"PLATILLA, MARILYN ALECHA",RES2,240,1
6178,2020300100,"OLEDAN, EDGARDO I.",RES2,240,1
6179,2020300110,"OLEDAN, ELSA I.",RES2,240,1
6180,2020300115,"OLEDAN, ERICSON I.",RES1,240,1
6181,2020300120,"PARABOLES, MILAGROS",RES1,240,1
6182,2020300130,"INOSANTE, ISIDRA EDITHA",RES1,240,1
6183,2020300140,"DELA CRUZ, VERGIE",RES1,240,1
6184,2020300145,"IRLANDEZ, ABSALON",RES1,240,1
6185,2020300150,"EGARTA, ANTONIO Q.",RES2,240,1
6186,2020300155,"HAMTIG, ALBINO P.",RES1,240,1
6187,2020300160,"TAMPOL, FELIX B. SR.",RES1,240,1
6188,2020300165,"TAMPOL, REBECCA P.",RES4,240,1
6189,2020300170,"TAMPOL, BENJAMIN B.",RES1,240,1
6190,2020300175,"OLEDAN, REMEGIO",RES1,240,1
6191,2020300180,"URMENITA, EDWIN B.",RES1,240,1
6192,2020300185,"PLATILLA, AVELINO H.",RES2,240,1
6193,2020300190,"BALERO, LEONILA D.",RES1,240,1
6194,2020300195,"PLATILLA, EMILIO H. SR.",RES1,240,1
6195,2020300200,"LIANZA, CLARITA A.",RES1,240,1
6196,2020300205,"INOSANTE, JOEY B.",RES1,240,1
6197,2020300210,"TAMPOL, FELIX O. JR.",RES2,240,1
6198,2020300215,"PARABOLES, LUISA L.",RES1,240,1
6199,2020300220,"PARABOLES, MELODIA C.",RES4,240,1
6200,2020300225,"CASENARES, ELVIRA P.",RES1,240,1
6201,2020300230,"LAGRIA, TERESITA ",RES1,240,1
6202,2020300235,"DOLLETE, ROWENA P.",RES3,240,1
6203,2020300245,"SUDARIO, ELISA L.",RES3,240,1
6204,2020300250,"CAÑESO, FEDERICO D.",RES1,240,1
6205,2020300255,"CANCILAO, RIZALINO C.",RES1,240,1
6206,2020300256,"GLIMANE, MERLA IRLANDEZ",RES1,240,1
6207,2020310370,"FLORENDO, JESUSA",RES1,240,1
6208,2020320100,"BODO, MATHEW T.",RES1,240,1
6209,2020320105,"FALGUERA, JOHNNY B.",RES1,240,1
6210,2020320110,"VEGA, CONCEPCION H.",RES1,240,1
6211,2020320115,"VEGA, ERNESTO Q.",RES1,240,1
6212,2020320120,"VEGA, PRIMO",RES1,240,1
6213,2020320125,"VEGA, ULDARICO Q.",RES1,240,1
6214,2020320135,"ASPA, ALBERTO V.",RES1,240,1
6215,2020320140,"AMORES, WILFREDO B.",RES1,240,1
6216,2020320145,"DARANTINAO, DOMINGA",RES1,240,1
6217,2020330100,"CLARIN, CELEDONIO P.",RES1,240,1
6218,2020330110,"PAMINIANO, JENETH S.",RES1,240,1
6219,2020330120,"GIBE, DENNIS S.",RES1,240,1
6220,2020330130,"ARPON, EDUARDO D.",RES1,240,1
6221,2020330150,"TAPIA, EDUARDO M.",RES2,240,1
6222,2020330160,"BOLIVAR, ARNEL S.",RES1,240,1
6223,2020330165,"CAÑAS, ROMEO S.",RES1,240,1
6224,2020330170,"CAÑESO, ANGELO D.",RES1,240,1
6225,2020330175,"DIAZ, ROMY",RES1,240,1
6226,2020330180,"ARPON, ALLAN D.",RES1,240,1
6227,2020330187,"CANDARE, PABLO S.",RES2,240,1
6228,2020330188,"HOLASCA, FRANKIE BROL",RES1,240,1
6229,2020340100,"CAÑEGA, PEDRO",RES1,240,1
6230,2020340105,"MAKABENTA, PANFILO",RES1,240,1
6231,2020340110,"AFRICANO, LILIBETH",RES2,240,1
6232,2020340115,"HIDALGO, ERLINDA",RES1,240,1
6233,2020340120,"DARRIQUEZ, MARIA M.",RES1,240,1
6234,2020340125,"MAKABENTA, REYNALDO",RES1,240,1
6235,2020340130,"PILAPIL, ALLAN M.",RES1,240,1
6236,2020340135,"MAKABENTA, MA. MERLA B.",RES1,240,1
6237,2020340140,"DACARA, SHEILA",RES1,240,1
6238,2020340145,"DACARA, TEODORA",RES3,240,1
6239,2020340150,"DACARA, JAIME",RES1,240,1
6240,2020340155,"DACARA, VILMA",RES1,240,1
6241,2020340160,"CAÑAMASO, BEATRIZ",RES1,240,1
6242,2020340165,"CAÑAMASO, ELENA",RES1,240,1
6243,2020340170,"CAÑAMASO, WENEFREDA",RES1,240,1
6244,2020340175,"CAÑAMASO, LEREGIE L.",RES1,240,1
6245,2020340180,"CAÑEGA, DANILO",RES1,240,1
6246,2020340185,"DACARA, MARIA I.",RES1,240,1
6247,2020340190,"ISANAN, WINEFRADA",RES1,240,1
6248,2020340195,"BUÑALES, ROSANO",RES1,240,1
6249,2020340200,"BUÑALES, ROLANDO",RES1,240,1
6250,2020340205,"BUÑALES, ERNESTO",RES1,240,1
6251,2020340210,"MANONDO, MONIRO",RES1,240,1
6252,2020340215,"BRIT, ALFREDO",RES2,240,1
6253,2020340220,"FLORENDO, RAQUEL",RES2,240,1
6254,2020340225,"BACULBAS, TRINIDAD",RES1,240,1
6255,2020340230,"ERIA, ZENAIDA",RES1,240,1
6256,2020340235,"FLORENDO, ELSA",RES1,240,1
6257,2020340245,"FLORENDO, ROMULO",RES1,240,1
6258,2020340250,"FLORENDO, FLORENCIO",RES1,240,1
6259,2020340255,"DOLLETE, MARY ANN",RES1,240,1
6260,2020340260,"GOBELAB, MARINA",RES1,240,1
6261,2020340265,"FLORENDO, CELIA",RES4,240,1
6262,2020340270,"CORRO, RENALYN",RES2,240,1
6263,2020340275,PARAG-UM ELEMENTARY SCHOOL,RES1,240,1
6264,2020340280,"SANTOS, SHERYN",RES2,240,1
6265,2020340285,"ESMEÑO, GEMMA",RES2,240,1
6266,2020340290,"IBAÑEZ, LEONITA",RES1,240,1
6267,2020340295,"ORIOSTE, NELIA",RES1,240,1
6268,2020340300,"ORIOSTE, DOMINGA",RES1,240,1
6269,2020340305,PARAG-UM BRGY. HALL,RES1,240,1
6270,2020340310,"IRLANDEZ, BENJAMEN",RES2,240,1
6271,2020340315,"NAZARITA, VERNIE",RES1,240,1
6272,2020340320,"BALENDO, CAYETANO",RES1,240,1
6273,2020340325,"DOLLETE, NORMA",RES1,240,1
6274,2020340330,"ACERDEN, LUCY",RES1,240,1
6275,2020340335,"BALENDO, NARDITO",RES1,240,1
6276,2020340340,"SALDERIEGA, ANALISA",RES1,240,1
6277,2020340345,"FLORENDO, RUFINA",RES1,240,1
6278,2020340350,"GOLONDRINA, MARILOU",RES1,240,1
6279,2020340355,"DAGUTAO, ARLENE",RES1,240,1
6280,2020340360,"CUMPA, CRESENCIA",RES1,240,1
6281,2020340365,"BALENDO, ERLINDA",RES1,240,1
6282,2020340370,"BALENDO, PEDRO",RES1,240,1
6283,2020340375,"IMPORTANTE, CLARA",RES1,240,1
6284,2020340380,"BALENDO, ANGEL",RES1,240,1
6285,2020340385,"DARANTINAO, JUDITH",RES3,240,1
6286,2020340390,"DRILON, JOVITA",RES1,240,1
6287,2020340395,"DRILON, MARVIC",RES1,240,1
6288,2020340400,PARA-UM BRGY. CHAPEL,RES1,240,1
6289,2020340405,"NIVAL, WENEFREDA",RES1,240,1
6290,2020340410,"NIVAL, RANDY",RES1,240,1
6291,2020340420,"FLORENDO, TERESITA",RES1,240,1
6292,2020340425,"FLORENDO, JANET",RES1,240,1
6293,2020340435,"DAGUMAN, TRINIDAD",RES1,240,1
6294,2020340440,"BACARISAS, MARTINA B.",RES1,240,1
6295,2020340445,"NIVAL, RODOLFO",RES2,240,1
6296,2020340450,"NIVAL, NEGIE",RES1,240,1
6297,2020340455,"NIVAL, FE",RES1,240,1
6298,2020340460,"NIVAL, ALEJANDRA",RES1,240,1
6299,2020340465,"DAGUMAN, ERNANI",RES1,240,1
6300,2020340470,"DAGUMAN, EFREN",RES1,240,1
6301,2020340475,"DAGUTAO, HERMENIGALDO",RES2,240,1
6302,2020340480,"BRILATA, SOLOMON",RES3,240,1
6303,2020340500,"PERMEJO, ADELINA",RES1,240,1
6304,2020340505,"PERMEJO, GEMA",RES1,240,1
6305,2020340510,"VENTURINA,, JANICE",RES2,240,1
6306,2020340515,"VENTURINA, MYRNA",RES1,240,1
6307,2020340520,"VENTURINA, PRISILO",RES1,240,1
6308,2020340525,"BRIT, LITO",RES1,240,1
6309,2020340540,"PERIT, GERTRUDES",RES2,240,1
6310,2020340545,"MAKABENTA, ANGEL",RES2,240,1
6311,2020340555,"LUCIDO, BELMA",RES1,240,1
6312,2020340560,"MAKABENTA, NILO P.",RES1,240,1
6313,2020340565,"DACARA, MARLENE I.",RES1,240,1
6314,2020340570,"BALENDO, BEATRIZ D.",RES1,240,1
6315,2020340575,"GOBELAB, ELY ANN",RES1,240,1
6316,2020340580,"Mabahin, Rowena B.",RES1,240,1
6317,2020340585,"FLORENDO, CLEMENTE",RES1,240,1
6318,2020340590,"CUMPA, BENJAMIN",RES1,240,1
6319,2020340595,"PADILLA, GLENN",RES1,240,1
6320,2020340605,"MAKABENTA, LEILANI",RES1,240,1
6321,2020340610,"NIVAL, SALVADOR B.",RES1,240,1
6322,2020340615,"DACARA, LUISA",RES2,240,1
6323,2020340620,"QUIDLAT, ROSITA",RES1,240,1
6324,2020340625,HITRI DEV. CORP.,RES4,240,1
6325,2020340630,"BUNALES, MELVIN",RES1,240,1
6326,2020340635,"FLORENDO, MARILYN",RES1,240,1
6327,2020340640,"CANDOLE, LEONITA",RES1,240,1
6328,2020340645,"TADEFA, MARGIE",RES1,240,1
6329,2020340650,"NARIDO, ROLANDO",RES1,240,1
6330,2020340655,"ORIOSTE, EVELYN",RES1,240,1
6331,2020340660,"SANDAGAN, MARINA",RES1,240,1
6332,2020340665,"OBALAN, URSOLINA",RES1,240,1
6333,2020340670,"NARBONITA, IVY",RES1,240,1
6334,2020340675,"BALENDO, GAUDENCIO",RES1,240,1
6335,2020340680,"NIVAL, MARICRIS",RES1,240,1
6336,2020340685,"PERMEJO, MARITES",RES3,240,1
6337,2020340690,"AVILA, MARILOU",RES1,240,1
6338,2020340701,"FLORENDO, ROMALYN M.",RES1,240,1
6339,2020340702,"FLORENDO, ROQUE",RES1,240,1
6340,2020340703,"MAKABENTA, ARNULFO R.",RES1,240,1
6341,2020340704,"BACARISAS, NARDITO P.",RES2,240,1
6342,2020340705,"BALENDO, ROSARIO GONZALES",RES1,240,1
6343,2020340706,"FLORENDO, ELAILA MAE DOLLTE",RES1,240,1
6344,2020340707,"OBERT, MYRNA BUÑALES",RES4,240,1
6345,2020340710,"MORALES, MARIRIOSE BUÑALES",RES1,240,1
6346,2020340712,"AGUILON, EXPEDITA",RES1,240,1
6347,2020340713,"NAZARETA, ROWENA",RES1,240,1
6348,2020340714,"NIVAL, LANI LIANZA",RES1,240,1
6349,2020340715,"CAIN, JANINA IMPORTANTE",RES3,240,1
6350,2020340716,"MAKABENTA, THERESA ANGELITA F",RES1,240,1
6351,2020350100,"DINGCOL, NARCISA B.",RES1,240,1
6352,2020350105,"AGUMBAY, MARCIAL V.",RES1,240,1
6353,2020350110,"DARANTINAO, JIMMY G.",RES1,240,1
6354,2020350115,"VILLABONA, MAGDALENA O.",RES1,240,1
6355,2020350120,"LAURO, BIENVENIDO V.",RES2,240,1
6356,2020350125,"CERA, ADORACION V.",RES1,240,1
6357,2020350130,"VILLABONA, JAIME N.",RES1,240,1
6358,2020350135,"DARANTINAO, GENA G.",RES1,240,1
6359,2020350140,"CERNA, MARICEL R.",RES1,240,1
6360,2020350145,"GRANA, SALVADOR L.",RES1,240,1
6361,2020350150,"PLATILLA, NOIME ",RES2,240,1
6362,2020350155,"VILLABONA, FRANCISCA",RES1,240,1
6363,2020350160,"PLATILLA, JOSE L. JR.",RES1,240,1
6364,2020350161,"DUMAPE, JEANY D./EFREN",RES3,240,1
6365,2020350162,"PLATILLA, JOSE",RES3,240,1
6366,2020360100,"BRUN, CARINA/ROBERTO",RES2,240,1
6367,2020360105,"FABI, TERESA",RES1,240,1
6368,2020360110,"FABI, NILDA RINA",RES2,240,1
6369,2020360115,"BETE, ALMA",RES3,240,1
6370,2020360120,"FABI, ULDARICO JOSE",RES2,240,1
6371,2020360125,"LLONORA, RHODORA F.",RES1,240,1
6372,2020360130,"DEL FABI, ROSALINA",RES1,240,1
6373,2020360135,"FABI, JULIA C.",RES1,240,1
6374,2020360140,"JAMELI, JUANITO",RES1,240,1
6375,2020360145,"ZETA, TRINIDAD",RES1,240,1
6376,2020360150,"FABI, ROSALINDA L.",RES1,240,1
6377,2020360155,"PARACALE, MARITA",RES3,240,1
6378,2020360160,"ZETA, GINA",RES1,240,1
6379,2020360165,"ZETA, CRESENCIA",RES1,240,1
6380,2020360170,"ERIA, JOSE",RES2,240,1
6381,2020360175,"BRIER, CEPRIANO",RES1,240,1
6382,2020360180,"ZETA, ARSENIA",RES1,240,1
6383,2020360185,"ZETA, ROSITA",RES3,240,1
6384,2020360190,"LLANETA, LUCIA",RES3,240,1
6385,2020360195,"QUILESTE, DOMINGA",RES2,240,1
6386,2020360200,"RONQUILLO, IMELDA/RONQUILLO, DAVID",RES1,240,1
6387,2020360205,"FABI, BALBINO/ROSA",RES3,240,1
6388,2020360210,"ERIA, NIDA II",RES1,240,1
6389,2020360215,"ERIA, MARIANO",RES1,240,1
6390,2020360220,"ESCABARTE, FE",RES3,240,1
6391,2020360225,"BACTOL, TRECENIA",RES1,240,1
6392,2020360230,"ERIA, NIDA I",RES1,240,1
6393,2020360240,BRGY. HALL,RES4,240,1
6394,2020360245,"EDUSMA, FRANCISCA",RES4,240,1
6395,2020360250,"QUINAGUTAN, MARITES",RES1,240,1
6396,2020360255,"EDUSMA, MARINA",RES1,240,1
6397,2020360260,"SEBRANO, MARCELA/EDUSMA, DOMINICE",RES1,240,1
6398,2020360265,"ERIA, ROSALINDA",RES1,240,1
6399,2020360270,"URIBE, EUFEMIA",RES2,240,1
6400,2020360275,"URIBE, BENITO",RES1,240,1
6401,2020360280,"ERIA, MERLINA",RES3,240,1
6402,2020360285,"ERIA, ANTONIO JR.",RES2,240,1
6403,2020360290,"GOMEZ, CRESENCIA",RES2,240,1
6404,2020360295,CANFABI ELEMENTARY SCHOOL,RES1,240,1
6405,2020360300,"RENDORA, ESTELITA",RES1,240,1
6406,2020360305,"DAGALEA, VERONICA",RES1,240,1
6407,2020360310,"ERIA, GREGORIO",RES2,240,1
6408,2020360315,"ERIA, VIRGINIA/FELIX",RES1,240,1
6409,2020360320,"FLORENDO, JOSEFINA",RES3,240,1
6410,2020360325,"FLORENDO, ELMER/ROSARIO",RES3,240,1
6411,2020360330,"FLORENDO, FEDENCIO",RES2,240,1
6412,2020360335,"FLORENDO, CATALINO",RES1,240,1
6413,2020360340,"FLORENDO, GONZALO",RES1,240,1
6414,2020360345,"ERIA, LEONILA",RES1,240,1
6415,2020360350,"ERIA, DIOMEDES",RES1,240,1
6416,2020360355,"ZETA, LEAH B.",RES1,240,1
6417,2020360360,"MORANO, AVELINO R.",RES1,240,1
6418,2020360361,ARCHDIOCESE OF PALO CHAPEL C/O FRANCISCA B. EDUSMA,PB,240,1
6419,2020360362,"GOMEZ, GINA",RES2,240,1
6420,2020360363,"BRIER, MA. FE I.",RES1,240,1
6421,2020360364,"CLEMENCIO, KRISTINE ERIA",RES4,240,1
6422,2020360365,"QUINAGUTAN, ARMANDO URMENETA",RES1,240,1
6423,2020360366,"PETINO, MARY JANE U.",RES1,240,1
6424,2020360367,"ARRE, VILMA URMENETA",RES2,240,1
6425,2020360368,"ZETA, REY INDITA",RES1,240,1
6426,2020360369,"ERIA, EDWIN/ LYDIA E",RES1,240,1
6427,2020360370,"CAANDOY, LUDY RENDORA",RES1,240,1
6428,2020360371,"PAMA, REZA RENDORA",RES1,240,1
6429,2020360372,"NEGADO, KAREEN LYNN ERIA",RES1,240,1
6430,2020360373,"ERIA, GUILLERMO EDUSMA",RES2,240,1
6431,2020360374,"ERIA, REYVINCE BACULOT",RES1,240,1
6432,2020360375,"FRANCISCO, KAYCEELYN RONDINA",RES1,240,1
6433,2020390100,"DOLLETE, JOECELYN P.",RES1,240,1
6434,2020390105,"DOLLETE, CARMELITA",RES1,240,1
6435,2020390110,"CARATAO, ARLENE",RES2,240,1
6436,2020390115,"DOLLETE, FELIPE",RES1,240,1
6437,2020390125,"DOLLETE, EXALTACION",RES1,240,1
6438,2020390130,"CABALLES, RUBYLEN",RES2,240,1
6439,2020390135,"BARCELON, CLOTILDE",RES1,240,1
6440,2020390140,"DOLLETE, EUSTAQUIA",RES1,240,1
6441,2020390145,"LLOSE, MA. PONCIARO R.",RES4,240,1
6442,2020390150,"NARBONITA, MARY GRACE",RES1,240,1
6443,2020390155,"VELUNTA, ARLENE",RES1,240,1
6444,2020390160,"IGNACIO, FRANCISCA",RES3,240,1
6445,2020390165,"PAMANIAN, DALISAY",RES2,240,1
6446,2020390170,"CABALLES, DEMETRIA/ULDARICO",RES2,240,1
6447,2020390175,"CABALLES, JENNIFER",RES2,240,1
6448,2020390180,"FRANKOW, ALMA",RES1,240,1
6449,2020390185,"DOLLETE, CRISANTA",RES1,240,1
6450,2020390190,"PAMANIAN, MYLENE",RES1,240,1
6451,2020390195,"PAMANIAN, ANTONIO SR.",RES3,240,1
6452,2020390200,"PAMANIAN, PRIMO",RES1,240,1
6453,2020390205,"DOLLETE, DELIA",RES1,240,1
6454,2020390210,"DOLLETE, ROMEO",RES1,240,1
6455,2020390215,"LIANZA, CESAR",RES2,240,1
6456,2020390220,"CAGASCAS, VICENTE",RES1,240,1
6457,2020390225,"RIEL, MA. ANA",RES1,240,1
6458,2020390230,"MACALALAG, TIMOTEA",RES1,240,1
6459,2020390235,"MACALALAG, MECHIEL",RES1,240,1
6460,2020390245,"VELUNTA, SHERWIN",RES1,240,1
6461,2020390250,"RIEL, GILBERTO",RES3,240,1
6462,2020390255,"REAMILLO, NOLI",RES3,240,1
6463,2020390270,"CABALLES, ROBERTO",RES1,240,1
6464,2020390275,"CABALLES, ROMERO",RES2,240,1
6465,2020390280,"GIBAN, CONCHITA",RES1,240,1
6466,2020390285,"PAMANIAN, MARCELINO",RES1,240,1
6467,2020390290,"CABALLES, BINELDA",RES2,240,1
6468,2020390295,"CABALLES, ERMELINDA",RES2,240,1
6469,2020390300,"CABALLES, LIZA",RES1,240,1
6470,2020390305,"CABALLES, REMEGIO",RES3,240,1
6471,2020390310,BARAYONG BRGY. HALL,PB,240,1
6472,2020390315,"PAMANIAN, LYDIA ESTA",RES3,240,1
6473,2020390320,"PAMANIAN, ROSITA",RES1,240,1
6474,2020390330,"CABALLES, EDGAR P.",RES1,240,1
6475,2020390331,"LIANZA, LINO",RES1,240,1
6476,2020390333,"CABALLES, TEODOMERO",RES1,240,1
6477,2020390334,"LACSON, JAY-AR",RES1,240,1
6478,2020390335,"NARBONITA, ANTONIO",RES1,240,1
6479,2020390336,BARAYONG CHAPEL,PB,240,1
6480,2020390337,"VILLALINO, KRISTOFFER IAN S.",COM3,240,1
6481,2020390338,"MACANIP, FERNANDO MESIAS",RES3,240,1
6482,2020390339,"ROTAIRO, ALBERT CABATUAN",RES1,240,1
6483,2020390340,"CABALLES, EVA",RES2,240,1
6484,2020400100,"AGUNOS, ANESIA",RES1,240,1
6485,2020400105,"LIANZA, LUCIA",RES2,240,1
6486,2020400110,"URMENETA, MARCELO",RES2,240,1
6487,2020400115,"LIANZA, BERNARDINO",RES1,240,1
6488,2020400120,"LIANZA, CHARLIE",RES1,240,1
6489,2020400125,"CARATAO, FEDEL",RES1,240,1
6490,2020400130,"CADIENTE, TEOFILO",RES1,240,1
6491,2020400140,"NACIONAL, MELITA",RES1,240,1
6492,2020400145,"CARATAO, MELANIE",RES1,240,1
6493,2020400150,"MACALALAG, JOSEPHINE",RES1,240,1
6494,2020400155,"CADIENTE, JOEL",RES2,240,1
6495,2020400160,"PLATILLA, CARLOS",RES1,240,1
6496,2020400165,"CARATAO, RODEL",RES1,240,1
6497,2020400170,"ANOS, RIZALDE",RES1,240,1
6498,2020400175,"LIANZA, ANALIZA",RES2,240,1
6499,2020400180,"AGUT, ROSILA",RES1,240,1
6500,2020400185,"LIANZA, JOCELYN",RES1,240,1
6501,2020400190,"DIONALDO, NORA",RES1,240,1
6502,2020400195,"PLATILLA, GINA",RES1,240,1
6503,2020400200,"ANOS, FLOR",RES1,240,1
6504,2020400205,"LIGUTAN, AMADEO",RES1,240,1
6505,2020400210,"ANOS, MARILYN",RES1,240,1
6506,2020400215,"AGUNOS, AMELIA",RES2,240,1
6507,2020400220,"NARBONITA, CIRIACA",RES1,240,1
6508,2020400225,"AGUNOS, REGINA",RES2,240,1
6509,2020400230,"AGUNOS, EVELYN",RES1,240,1
6510,2020400235,"REBUCAN, LEA",RES1,240,1
6511,2020400240,"NAADAT, ROLLY",RES1,240,1
6512,2020400245,"NAADAT, ROSA",RES1,240,1
6513,2020400250,"RANCE, JUSTINIANO",RES1,240,1
6514,2020400255,"CAGASCAS, ENGEL",RES1,240,1
6515,2020400260,"URMENETA, EVELYN",RES2,240,1
6516,2020400265,"URMENETA, RAFAEL",RES2,240,1
6517,2020400270,"URMENETA, JOSEFINA",RES1,240,1
6518,2020400275,"PANAL, EVELYN",RES1,240,1
6519,2020400280,"URMENETA, RAMIL",RES1,240,1
6520,2020400285,"URMENETA, ROSITA",RES1,240,1
6521,2020400290,"RANCE, JOCELYN",RES1,240,1
6522,2020400295,"HAMTIG, GABRIELA",RES3,240,1
6523,2020400300,"RANCE, JENNIFER",RES1,240,1
6524,2020400305,"NARBONITA, EUTEMIO",RES2,240,1
6525,2020400310,"DELOS REYES, REGINALDO",RES1,240,1
6526,2020400315,"CANDASUA, MANSUETO",RES2,240,1
6527,2020400320,"CANDASUA, RYAN",RES1,240,1
6528,2020400325,"ANOS, CRESINTA",RES1,240,1
6529,2020400330,"CORTEL, ANALISA",RES1,240,1
6530,2020400335,"ASORIO, NORBERTO",RES1,240,1
6531,2020400340,"AMANCIO, ROSALIE",RES1,240,1
6532,2020400345,"NARBONITA, JEFFRY",RES1,240,1
6533,2020400350,"MENESES, FELIPE",RES1,240,1
6534,2020400355,"DARANTINAO, ALBERICO",RES2,240,1
6535,2020400360,"RANCE, ANTONIO",RES1,240,1
6536,2020400365,"RANCE, MARCIANO",RES1,240,1
6537,2020400370,"MATEO, MARIA",RES2,240,1
6538,2020400375,"MELLONA, MARILYN",RES1,240,1
6539,2020400380,"PLATILLA, ELIZABETH",RES1,240,1
6540,2020400385,"MELLONA, EDGARDO",RES1,240,1
6541,2020400390,"LUCERO, VICTOR",RES1,240,1
6542,2020400395,"MELLON, MARCILA",RES1,240,1
6543,2020400400,"MELLONA, NORMA",RES1,240,1
6544,2020400405,"MELLONA, LEONILA",RES4,240,1
6545,2020400410,"LAPORRE, ALMA",RES2,240,1
6546,2020400415,"LAPORRE, DANILO",RES1,240,1
6547,2020400420,"AGUNOS, ANGELES",RES2,240,1
6548,2020400425,"IRLANDEZ, RENATO",RES2,240,1
6549,2020400430,"AMANCIO, RAMIL",RES1,240,1
6550,2020400435,"NETURA, NERISSA",RES2,240,1
6551,2020400440,"INALISAN, FELOMINA",RES1,240,1
6552,2020400445,"AGUNOS, MERELITA",RES1,240,1
6553,2020400450,"CARATAO, SEGUNDINA",RES2,240,1
6554,2020400455,"REBUCAN, FLORA",RES1,240,1
6555,2020400460,"SUELA, CORAZON",RES1,240,1
6556,2020400465,"LAPORRE, EDETHA",RES2,240,1
6557,2020400470,"LAPORRE, FRANCISCO",RES1,240,1
6558,2020400475,"LAPORRE, GENOVEVA",RES1,240,1
6559,2020400480,"CARATAO, ANTHONY",RES1,240,1
6560,2020400485,"OBAOB, SEVERINA",RES2,240,1
6561,2020400490,"OBAOB, ROWINA",RES2,240,1
6562,2020400495,"MENDORO, RECHEL",RES1,240,1
6563,2020400500,"GASPARIN, DOLORES",RES2,240,1
6564,2020400505,"OBAOB, TRANQUILINO",RES2,240,1
6565,2020400510,"LIANZA, SIXTO",RES2,240,1
6566,2020400515,"URMENETA, ZENAIDA",RES2,240,1
6567,2020400520,"AGUNOS, TERESA",RES2,240,1
6568,2020400525,"OBAOB, ANNABIL",RES2,240,1
6569,2020400530,"URMENETA, RUBEN",RES2,240,1
6570,2020400535,"NARBONITA, LENY",RES2,240,1
6571,2020400540,"MACALALAG, LETECIA",RES1,240,1
6572,2020400545,"PLATILLA, NATIVIDAD",RES1,240,1
6573,2020400550,"CANDASUA, RAYMART",RES1,240,1
6574,2020400555,"TANCINCO, ANA MAY",RES1,240,1
6575,2020400556,"BRGY. CHAPEL C/O MATEO, MARIA R.",RES1,240,1
6576,2020400557,"AGUNOS, MARIA PLATILLA",RES1,240,1
6577,2020400558,"BENAIRES, ANNIELOU NARBONITA",RES4,240,1
6578,2020400559,"LAPORRE, MARLON A.",RES1,240,1
6579,2020400560,"MANIPOL, ANECITA SUELA",RES1,240,1
6580,2020400561,"MARPA, LORNA ANACITA",RES1,240,1
6581,2020400562,"BAUTISTA, RHENA JOY M.",RES2,240,1
6582,2020400563,"URMENETA, MART L.",RES1,240,1
6583,2020400564,"BALENDO, ERLINDA IRLANDES",RES1,240,1
6584,2020400565,"INALISAN, PURITA NAADAT",RES1,240,1
6585,2020400566,"MAKABENTA, ALVIN D",RES2,240,1
6586,2020400567,"PLATILLA, MA. ROSE FAMI",RES1,240,1
6587,2020410100,"FABI, PEDRO",RES1,240,1
6588,2020410105,"ERIA, LINO",RES1,240,1
6589,2020410110,"BRIER, PABLO",RES1,240,1
6590,2020410115,"TADEFA, ABONDIO",RES1,240,1
6591,2020410120,"RENDORA, JEAN",RES2,240,1
6592,2020410125,"QUENAGUTAN, LORNA",RES1,240,1
6593,2020410130,"RAMACION, ERLENDA",RES1,240,1
6594,2020410135,"BRIER, LINO",RES1,240,1
6595,2020410140,"SALVACION, PERJENTINO",RES1,240,1
6596,2020410145,"BRIER, EUFEMIA",RES1,240,1
6597,2020410150,"BACATANO, ROQUE",RES1,240,1
6598,2020410155,"ARBOLIDA, FELIXBERTA",RES1,240,1
6599,2020410160,"NALDA, MARITES",RES2,240,1
6600,2020410165,"BRIER, ANTONIO",RES1,240,1
6601,2020410170,"PANIM, ROLLY",RES1,240,1
6602,2020410175,"OLEDAN, VICENTE SR.",RES2,240,1
6603,2020410180,"OLEDAN, EMMA",RES1,240,1
6604,2020410185,"BACARISAS, ELINO",RES1,240,1
6605,2020410190,"MACALINAO, ELENA",RES2,240,1
6606,2020410195,"INDITA, LEO",RES1,240,1
6607,2020410205,"NALDA, GENILO",RES1,240,1
6608,2020410210,"NALDA, DOMINGO",RES2,240,1
6609,2020410215,"NALDO, PABLO",RES1,240,1
6610,2020410220,"NALDA, SOSICO",RES3,240,1
6611,2020410225,"OLEDAN, ERNESTO",RES3,240,1
6612,2020410230,"CARAO, MARIA",RES2,240,1
6613,2020410235,"MAKABENTA, CORAZON",RES1,240,1
6614,2020410240,"QUINAGUTAN, DIOSCORO SR.",RES1,240,1
6615,2020410245,"QUINAGUTAN, DANILO",RES3,240,1
6616,2020410250,"LETRAGO, EDITHA",RES3,240,1
6617,2020410255,"CANASTA, DOMINGA",RES1,240,1
6618,2020410260,"LIGUTAN, TARALITA",RES2,240,1
6619,2020410265,"FABI, LINO",RES1,240,1
6620,2020410270,"CARAO, FIRMIN",RES2,240,1
6621,2020410275,"INDITA, JOSE",RES3,240,1
6622,2020410280,"CARAO, FELINO",RES1,240,1
6623,2020410285,"INDITA, ESPERANZA",RES1,240,1
6624,2020410290,"NALDA, EMELIA",RES1,240,1
6625,2020410295,"NALDA, LUCIANO",RES2,240,1
6626,2020410300,"INDITA, ROSALINO",RES1,240,1
6627,2020410305,"INDITA, ROQUE",RES1,240,1
6628,2020410310,"INDITA, GAVINO",RES2,240,1
6629,2020410315,"INDITA, RONICO",RES2,240,1
6630,2020410320,"BACARISAS, FRANCISCO",RES1,240,1
6631,2020410325,"PLANADA, ARLENE",RES1,240,1
6632,2020410330,"BRIER, LEONARDO JR.",RES1,240,1
6633,2020410335,"SALVACION, EDGAR",RES1,240,1
6634,2020410340,"PLANADA, ELVERA",RES3,240,1
6635,2020410345,"EDUSMA, ROWENA",RES1,240,1
6636,2020410350,"MAKABENTA, SULFECIO JR.",RES2,240,1
6637,2020410355,"EDUSMA, ELUMINADO",RES1,240,1
6638,2020410360,"EDUSMA, NECOMEDES",RES4,240,1
6639,2020410365,"CAÑAMASO, EDELBERTO",RES1,240,1
6640,2020410370,"MAKABENTA, GUILLERMO",RES1,240,1
6641,2020410375,"CAÑAMASO, LARRY",RES3,240,1
6642,2020410380,"CAÑAMASO, REYNALDO",RES1,240,1
6643,2020410385,"CAÑAMASO, LEO",RES4,240,1
6644,2020410390,"CAÑAMASO, ROSARIO G.",RES2,240,1
6645,2020410395,"LAURO, TOMAS",RES2,240,1
6646,2020410400,"GOBALIZA, ARMANDO",RES3,240,1
6647,2020410405,"QUEBEC, ELELIANA",RES1,240,1
6648,2020410410,"NARIDO, JOSE",RES1,240,1
6649,2020410415,"AVILA, MATEO",RES1,240,1
6650,2020410420,"NARIDO, ABONDIO",RES1,240,1
6651,2020410425,"OGNILLA, VICTOR",RES1,240,1
6652,2020410430,"PLANADA, MICHAEL",RES3,240,1
6653,2020410435,"PLANADA, JAYSON",RES2,240,1
6654,2020410440,"AGUILAR, JOEL",RES1,240,1
6655,2020410445,"LAURO, CARLOS",RES1,240,1
6656,2020410450,"BUSANTE, JOSELITO",RES1,240,1
6657,2020410455,"BRIER, LEO",RES1,240,1
6658,2020410460,"BRIER, EUGENIO",RES1,240,1
6659,2020410465,"BANGLOY, JANETH",RES1,240,1
6660,2020410470,"ARGUELLES, REYNALDA",RES1,240,1
6661,2020410475,"BACARISAS, MELITA",RES1,240,1
6662,2020410480,"BACARISAS, MA. FE",RES2,240,1
6663,2020410485,"BACARISAS, NORA O.",RES1,240,1
6664,2020410490,"FABI, WENCESLAO",RES1,240,1
6665,2020410495,"BRIER, THELMA",RES1,240,1
6666,2020410500,"FABI, SOFRONIO",RES1,240,1
6667,2020410505,"FABI, VICENTA",RES3,240,1
6668,2020410510,"RENDORA, AIDA",RES2,240,1
6669,2020410515,"PIANO, DIMINGO",RES1,240,1
6670,2020410520,"CARAO, JOSEFINO",RES3,240,1
6671,2020410525,"BACARISAS, CHARME",RES1,240,1
6672,2020410530,"MAKABENTA, WELMA",RES2,240,1
6673,2020410535,"AGUILAR, MARCELO",RES1,240,1
6674,2020410540,"LLOA, ROSE",RES2,240,1
6675,2020410545,"INAGAN, JOSEFINA",RES4,240,1
6676,2020410550,PANGNA ELEM. SCHOOL,RES1,240,1
6677,2020410565,"LAURO, FERNANDO",RES1,240,1
6678,2020410570,"LAURO, MARITES A.",RES1,240,1
6679,2020410575,"TADEFA, FELIX B.",RES2,240,1
6680,2020410580,"NALDA, LEO D.",RES4,240,1
6681,2020410585,"LAURO, THELMA B.",RES1,240,1
6682,2020410590,"RENDORA, VICTOR",RES3,240,1
6683,2020410595,"RUBAICO, MARICEL",RES1,240,1
6684,2020410600,"NALDA, MA. NORA",RES1,240,1
6685,2020410610,"MAKABENTA, JORGE",RES3,240,1
6686,2020410615,"NARIDO, MILAGROS",RES1,240,1
6687,2020410620,"LAURO, ERICK",RES1,240,1
6688,2020410625,"TADEFA, HERMENEHILDA",RES2,240,1
6689,2020410630,"DELIMA, BENJAMEN",RES1,240,1
6690,2020410635,"SALVACION, PAUL",RES1,240,1
6691,2020410640,"ESPLANADA, ESTELITO O.",RES1,240,1
6692,2020410645,"PIANO, LUDIVICA Q.",RES1,240,1
6693,2020410650,"BACARISAS, ISIDORO S.",RES1,240,1
6694,2020410655,"CAÑAMASO, BIENVINIDO G., JR.",RES1,240,1
6695,2020410660,"PLANADA, JOVITO N.",RES2,240,1
6696,2020410665,"CABELIS, DANILO C.",RES1,240,1
6697,2020410667,"ASIS, JORGE D., JR.",RES1,240,1
6698,2020410668,"CARAO, JOEL B.",RES1,240,1
6699,2020410669,"PIANO, BENIDO B.",RES1,240,1
6700,2020410672,"INDITA, REYMUND P.",RES1,240,1
6701,2020410673,"AGUMBAY, NORA AGUILAR",RES2,240,1
6702,2020410674,"MERIDOR, MA. DAISY QUILESTE",RES2,240,1
6703,2020410675,"FABI, JENALYN R.",RES1,240,1
6704,2020410676,"PIANO, JOSEPH B.",RES1,240,1
6705,2020410678,"RENDORA, APOLINARIO F.",RES1,240,1
6706,2020410679,"NALDA, AURORA CANASTA",RES1,240,1
6707,2020410680,"BRIER, VERGENIA S.",RES1,240,1
6708,2020410681,"BENSI, DAVE P.",RES1,240,1
6709,2020410682,"ALVARES, NOEL A./BANK HOUSE",RES4,240,1
6710,2020410683,"LAURO, RAFAELA ALABA",RES1,240,1
6711,2020410684,"NOVILLA, NIDA R.",RES2,240,1
6712,2020410685,"BACARISAS, RENEL OBALAN",RES1,240,1
6713,2020410686,"CAÑAMASO, MELVIN GOBALEZA",RES1,240,1
6714,2020420100,"ASORIO, VIOLETA G.",RES2,240,1
6715,2020420105,"PANAL, LYDIA I.",RES1,240,1
6716,2020420110,"SABENORIO, MARILOU G.",RES1,240,1
6717,2020420115,"DARANTINAO, MARLYN A.",RES1,240,1
6718,2020420120,"DARANTINAO, URBANO F.",RES1,240,1
6719,2020420125,"CABALLES, MICHAEL D.",RES1,240,1
6720,2020420130,"SECORATA, EMMA ",RES1,240,1
6721,2020420135,"BRUN, ROSA C.",RES1,240,1
6722,2020420140,"NARBONITA, ABUNDIO A.",RES1,240,1
6723,2020420145,"TILAN, ERMELINDA N.",RES1,240,1
6724,2020420150,"NARBONITA, ARNULFO N.",RES1,240,1
6725,2020420155,"CANABE, JERECO R.",RES1,240,1
6726,2020420160,"ARMINAL, AILYN M.",RES1,240,1
6727,2020420165,"MILLONA, ADELAIDA N.",RES1,240,1
6728,2020420170,"PORE, ALMA N.",RES1,240,1
6729,2020420175,"PORE, OSIAS S.",RES1,240,1
6730,2020420180,"NARBONITA, ADORACION L.",RES1,240,1
6731,2020420185,"SABENORIO, ERLINDA R.",RES3,240,1
6732,2020420190,"SABENORIO, AGNES N.",RES2,240,1
6733,2020420195,"IBAL, VERGINIA N.",RES3,240,1
6734,2020420200,"CABALLES, ROSALINA H.",RES1,240,1
6735,2020420201,"NARBONITA, ROSALINDA I.",RES1,240,1
6736,2020420202,"LAGERA, ANTONIO MABOYAO",RES1,240,1
6737,2020420203,"LAGUMBAY, NERISSA B.",RES1,240,1
6738,2020430100,"URMENITA, JOCELYN C.",RES1,240,1
6739,2020430105,"NIVAL, MARLON R.",RES2,240,1
6740,2020430110,"NARTEA, ERLINDA T.",RES1,240,1
6741,2020430115,"CERA, ZACARIAS B.",RES1,240,1
6742,2020430120,"CUARTERO, LOURDES C.",RES1,240,1
6743,2020430125,"OSMEÑA, LYNJANE O.",RES1,240,1
6744,2020430130,"LAURO, BENEDICTO A.",RES1,240,1
6745,2020430135,"JAPAG, SUSANA L. ",RES1,240,1
6746,2020430140,"BACTOL, MELINDA V.",RES1,240,1
6747,2020430145,"ALCORIZA, RHODELIA C.",RES1,240,1
6748,2020430150,"HAMTIG, CORNELIO L.",RES1,240,1
6749,2020430156,"NARTEA, CARLITO G",RES1,240,1
6750,2020440100,"BOYO, HOSPICIO",RES2,240,1
6751,2020440105,"BOYO, VESITACION",RES1,240,1
6752,2020440115,"DAANG, BEATRIZ",RES4,240,1
6753,2020440120,"DAANG, MARIVIC",RES1,240,1
6754,2020440125,"DARANTINAO, ROSALINO",RES3,240,1
6755,2020440135,"INDITA, MILAGROS",RES1,240,1
6756,2020440140,"INDITA, GLECERIO",RES1,240,1
6757,2020440145,"INOSANTE, ARNOLD",RES1,240,1
6758,2020440150,"IRLANDEZ, BERNADETH",RES1,240,1
6759,2020440155,"OBEJERA, REYNALDO",RES2,240,1
6760,2020440160,"PANIM, ANTONIO",RES2,240,1
6761,2020440165,"PANIM, FELICIDAD Q.",RES1,240,1
6762,2020440170,"PANIM, FRANCISCA",RES2,240,1
6763,2020440175,"PANIM, REYNA",RES1,240,1
6764,2020440180,"QUIMNO, TEODORO",RES3,240,1
6765,2020440185,"QUILESTE, SANTIAGO",RES1,240,1
6766,2020440190,"RENDORA, BENIGNO",RES1,240,1
6767,2020440195,"RENDORA, RICARDO",RES1,240,1
6768,2020440200,"RENDORA, DOMINGO",RES1,240,1
6769,2020440205,"RENDORA, GLORIA",RES1,240,1
6770,2020440210,"RENDORA, RAFAEL",RES1,240,1
6771,2020440215,"RENDORA, SILVERIA",RES1,240,1
6772,2020440220,"RENDORA, MARIO Q.",RES1,240,1
6773,2020440225,"SALVACION, FEDERICO",RES2,240,1
6774,2020440230,"RENDORA, MANUEL",RES1,240,1
6775,2020440235,"INOSANTE, RENATO",RES1,240,1
6776,2020440240,"BALUYOT, MIGUEL",RES1,240,1
6777,2020440245,"RENDORA, EDWEN",RES1,240,1
6778,2020440250,"JAMILI, CHARETA",RES1,240,1
6779,2020440255,"JAMILI, TEOPETO",RES1,240,1
6780,2020440260,"JAMILI, BERNARDO",RES1,240,1
6781,2020440265,"JAMILI, EUGENE",RES1,240,1
6782,2020440270,"JAMILI, TERESO",RES1,240,1
6783,2020440275,"PANIM, MARIA",RES1,240,1
6784,2020440280,"RAÑEN, TEODORO",RES2,240,1
6785,2020440291,"LLOVIA, JOCELYN S.",RES1,240,1
6786,2020440292,"RENDORA, DOLORES OBEJERA",RES1,240,1
6787,2020440293,"DELEGENCIA, FRECY S",RES2,240,1
6788,2020440294,"MACALALAG, EMILY P",RES1,240,1
6789,2020460100,"SALVACION, ARSENIO",RES1,240,1
6790,2020460105,"SALVACION, JERRY",RES2,240,1
6791,2020460110,"SALVACION, ALEJANDRO",RES1,240,1
6792,2020460115,"HORCA, GERON P.",RES1,240,1
6793,2020460120,"SALVACION, JENELYN",RES1,240,1
6794,2020460125,"PROFETANA, ROWENA",RES1,240,1
6795,2020460130,"SALVACION, DOMINADOR",RES1,240,1
6796,2020460135,"CUERA, PATROCENIA",RES1,240,1
6797,2020460140,"SALVAION, REYNALDA",RES1,240,1
6798,2020460145,"SALVACION, ABRAHAM",RES1,240,1
6799,2020460150,"RAÑIN,  ANECITA",RES1,240,1
6800,2020460160,"RAÑIN, JAIME",RES1,240,1
6801,2020460165,"INSIGNE, RAUL",RES1,240,1
6802,2020460175,"CANINDO, LOLITA",RES1,240,1
6803,2020460180,"PEÑA, REBECCA DE LA",RES4,240,1
6804,2020460185,"PEÑA, LEOPOLDO DE LA",RES3,240,1
6805,2020460190,"GRABADOR, ANGELO",RES2,240,1
6806,2020460195,"DRILON, JOSE JR.",RES3,240,1
6807,2020460200,"SIXTO, ROSITA",RES1,240,1
6808,2020460205,"OGNILLA, MATEO",RES1,240,1
6809,2020460210,"BAAC, MARILOU",RES1,240,1
6810,2020460215,"INDITA, AMARIO",RES1,240,1
6811,2020460220,"BASAGAN, ELEORDO",RES3,240,1
6812,2020460225,"GRABADOR, LOURDES",RES4,240,1
6813,2020460230,BRGY. STREET LIGHTS,ST,240,1
6814,2020460235,"GRABADOR, JANET",RES1,240,1
6815,2020460240,"DAANG, JESSIE",RES2,240,1
6816,2020460245,"DAANG, RAQUEL",RES1,240,1
6817,2020460250,"DAANG, ANGELINA E.",RES1,240,1
6818,2020460255,"OGNILLA, CORAZON",RES3,240,1
6819,2020460260,"TOMAS, ADELAIDA",RES1,240,1
6820,2020460265,"OGNILLA, FELIX JR.",RES2,240,1
6821,2020460270,"GRABADOR, ISAAC JR.",RES3,240,1
6822,2020460275,"DAANG, JOSE",RES1,240,1
6823,2020460280,"GRABADOR, MARY M.",RES2,240,1
6824,2020460285,"PROFETANA, TEOFILO",RES2,240,1
6825,2020460290,"PETALLANA, MARCELO",RES1,240,1
6826,2020460295,"QUITALIG, ANALYN",RES4,240,1
6827,2020460300,"PASCUAL, NOEL",RES4,240,1
6828,2020460305,"INDOTA, ROBERT",RES1,240,1
6829,2020460310,"BACATANO, RANDY",RES1,240,1
6830,2020460315,"INDITA, MODESTO",RES1,240,1
6831,2020460320,"LIPORADA, EDILBERTO",RES1,240,1
6832,2020460325,"LIZARDO, JUAN",RES1,240,1
6833,2020460330,"TALUA, SHERYL",RES3,240,1
6834,2020460335,"TALUA, JUAN",RES1,240,1
6835,2020460340,"OPLEDA, ERNESTO",RES1,240,1
6836,2020460345,BRGY. CHAPEL,RES1,240,1
6837,2020460350,"PATELLANA, GEMMA",RES1,240,1
6838,2020460355,"ENCINAS, RAMIL U.",RES1,240,1
6839,2020460360,"BACORDO, DIEGO",RES1,240,1
6840,2020460365,"PANIM, MARINA P.",RES1,240,1
6841,2020460370,"PATELLANA, CECELIO",RES1,240,1
6842,2020460375,"LIPORADA, MA. CONDESA",RES3,240,1
6843,2020460380,"JOSOL, JESSICA",RES4,240,1
6844,2020460385,"FABI, AGNES",RES2,240,1
6845,2020460390,"BACARISAS, WEVINA S.",RES2,240,1
6846,2020460395,"CAÑAMASO, SAMUEL",RES1,240,1
6847,2020460400,"CAÑAMASO, BENJAMIN",RES1,240,1
6848,2020460405,"BACARISAS, REY",RES1,240,1
6849,2020460410,"LAGERA, ANECITA",RES1,240,1
6850,2020460415,"CAÑAMASO, MANNY",RES1,240,1
6851,2020460420,"FABI, GLORIA B.",RES2,240,1
6852,2020460425,"JACELA, MELODIA",RES1,240,1
6853,2020460430,"LUCELO, ROMAN",RES1,240,1
6854,2020460435,"GASPE, ROSALEA",RES1,240,1
6855,2020460440,"LUCELO, ROSALEO",RES2,240,1
6856,2020460445,"YACAP, LEONIDO",RES4,240,1
6857,2020460450,"RAÑIN, VINANCIO",RES1,240,1
6858,2020460455,"GRABADOR, RISSA",RES1,240,1
6859,2020460460,"MENDOZA, CONCHITA",RES1,240,1
6860,2020460465,"LUCELO, ARNEL",RES1,240,1
6861,2020460470,"FALLER, LETECIA",RES1,240,1
6862,2020460475,"FABI, NENITA",RES1,240,1
6863,2020460480,"INDITA, NORBERTO",RES3,240,1
6864,2020460485,"AZORES, EVELYN",RES1,240,1
6865,2020460490,"CARAO, VIRGINIO",RES1,240,1
6866,2020460495,"LIPORADA, ARNESIA",RES1,240,1
6867,2020460500,"INDITA, MELANIE",RES2,240,1
6868,2020460505,"CANASTA, ADELINA",RES1,240,1
6869,2020460510,"BRIER, WARLITO",RES1,240,1
6870,2020460515,"BRIER, ROSA",RES1,240,1
6871,2020460520,"PETALLANA, TERESITA",RES1,240,1
6872,2020460525,"TOLOSA, ALEX",RES1,240,1
6873,2020460530,"MAKABENTA, ARNEL",RES1,240,1
6874,2020460535,"SALVACION, ELMA",RES2,240,1
6875,2020460540,"SALVACION, GERUNDIO",RES1,240,1
6876,2020460545,"INDITA, FELICITAS",RES1,240,1
6877,2020460550,"NARTEA, ELEUTERIO",RES1,240,1
6878,2020460555,"NARTEA, NARCESO",RES2,240,1
6879,2020460560,"PRECIA, FELIX",RES1,240,1
6880,2020460565,"NARTEA, ELENA",RES2,240,1
6881,2020460570,"PRECIA, CELESTINA",RES2,240,1
6882,2020460575,"EARCILLA, ANALYN",RES1,240,1
6883,2020460580,"LIPORADA, ANA MARIE",RES1,240,1
6884,2020460585,"FLORENDO, ROSSLYN",RES1,240,1
6885,2020460590,"CAÑAMASO, SAMULE JR.",RES1,240,1
6886,2020460595,"LUCELO, VERGILIO",RES3,240,1
6887,2020460605,"INDITA, ELMER",RES1,240,1
6888,2020460610,"INDITA, ERICO C.",RES1,240,1
6889,2020460611,"CARAO, AUREA T.",RES1,240,1
6890,2020460612,"BRIER, RICKY B.",RES1,240,1
6891,2020460613,"CAÑON, FIONA E.",RES1,240,1
6892,2020460614,"MARQUEZ, ROMEO JR., A.",RES4,240,1
6893,2020460615,"LUNASIN, MARINA T.",RES1,240,1
6894,2020460616,"PETALLANA, VILMA S.",RES1,240,1
6895,2020460617,"ORIOL, EDILBERTO F.",RES1,240,1
6896,2020460618,"SALVACION, RENE P.",RES2,240,1
6897,2020460619,"JACELA, GIA SELORIO",RES3,240,1
6898,2020460622,"TADEFA, ANITA",RES1,240,1
6899,2020460623,"LABARDA, MELBERT IAN AGULLO",RES2,240,1
6900,2020460624,"SALVACION, PATRONILO ABALLAR",RES1,240,1
6901,2020460625,"NARTEA, MARITES PANIM",RES1,240,1
6902,2020460626,"INDITA, ALBERT B",RES1,240,1
6903,2020460627,"CABALTERA, JULIO OBALAN",RES1,240,1
6904,2020460628,"LUCELO, ANGELITO PARABOLES",RES1,240,1
6905,2020460629,"FABI, CELITO QUEBEC",RES1,240,1
6906,2020460630,"LIPORADA, CIRILO URIBE",RES1,240,1
6907,2020460631,"BACORDO, JOSEPH PETALLANA",RES3,240,1
6908,2020460632,"TALUA, MARIANNE S",RES1,240,1
6909,2020460633,"DAANG, JOCELYN TIAD",RES2,240,1
6910,2020460634,"LIPORADA, MAY ANN T",RES2,240,1
6911,2020460635,"DAANG, LUZVIMINDA C",RES1,240,1
6912,2020460636,"FLORES, WELFREDO LIANZA",RES1,240,1
6913,2020460637,"CADIENTE, JESSICA  D",RES2,240,1
6914,2020460638,"SALVACION, ALVIN METRAN",RES1,240,1
6915,2020480100,"CABALTERA, ALFREDO",RES1,240,1
6916,2020480105,"CABALTERA, ARGIE",RES4,240,1
6917,2020480110,"CABALTERA, ALEX",RES2,240,1
6918,2020480115,"CABALTERA, IRENE",RES1,240,1
6919,2020480120,"INDITA, FEDIL",RES1,240,1
6920,2020480125,"INDITA, ANSELMA",RES1,240,1
6921,2020480130,"INDITA, MARYJANE",RES1,240,1
6922,2020480135,"BRIER, ESTILITA",RES2,240,1
6923,2020480140,"PERIT, OLIVA",RES1,240,1
6924,2020480145,"PERIT, MA. THERESA",RES1,240,1
6925,2020480150,"PERIT, MARITES",RES1,240,1
6926,2020480155,"PERIT, MERLITA",RES1,240,1
6927,2020480160,"RAMACION, WENEFREDA",RES1,240,1
6928,2020480165,"RAMACION, CECELIA",RES1,240,1
6929,2020480170,"ERIA, EVANGELINA",RES1,240,1
6930,2020480175,"NAZARETA, EFREN",RES2,240,1
6931,2020480180,"INDITA, CHARINA",RES1,240,1
6932,2020480185,"LAGERA, JOCELYN",RES2,240,1
6933,2020480190,"LAGERA, MONICA",RES1,240,1
6934,2020480195,"SANDAGAN, ROSITA",RES1,240,1
6935,2020480200,"CA?ESO, BALDEMAR",RES1,240,1
6936,2020480205,"LAGERA, ANALIZA",RES1,240,1
6937,2020480210,"BURGUETA, BERNABELLA",RES4,240,1
6938,2020480215,STA. FE BRGY. HALL,RES4,240,1
6939,2020480220,"BONES, MELBA L.",RES1,240,1
6940,2020480225,"FLORENDO, NOEL",RES1,240,1
6941,2020480230,"BALBOA, ADELAIDA",RES2,240,1
6942,2020480235,"LABAD, RODOLFO",RES1,240,1
6943,2020480245,STA. FE ELEM. SCHOOL,RES1,240,1
6944,2020480250,"INDITA, EVELYN",RES1,240,1
6945,2020480255,"BACTOL, ANA",RES1,240,1
6946,2020480265,"BACULOT, JANET",RES3,240,1
6947,2020480270,"INDITA, IRENEA",RES1,240,1
6948,2020480275,"IDLISAN, ANTONIO",RES1,240,1
6949,2020480280,"BACULOT, SALVADOR",RES3,240,1
6950,2020480285,"BACULOT, CHARITY",RES1,240,1
6951,2020480290,"SANDAGAN, ADORACION",RES1,240,1
6952,2020480295,"LABAD, ROSARIO",RES1,240,1
6953,2020480300,"PERIT, EDILINA",RES1,240,1
6954,2020480305,"PERIT, JENELYN",RES1,240,1
6955,2020480315,"JABAY(2X), GERTRODES",RES2,240,1
6956,2020480320,"JABAY (2X), ANGELES",RES1,240,1
6957,2020480325,"JABAY (2X), ROSITA",RES1,240,1
6958,2020480330,"BACULOT, NOEL",RES2,240,1
6959,2020480335,"ERIA, MERNA",RES1,240,1
6960,2020480340,"CA?ESO, JOAN",RES4,240,1
6961,2020480345,"BACTOL, WELFREDO",RES1,240,1
6962,2020480350,"TAMPOL, ROSENDA",RES1,240,1
6963,2020480355,"BACULOT, ROSIE",RES1,240,1
6964,2020480360,"DACARA, EMERITA",RES3,240,1
6965,2020480365,"AGAPAY, ROSITA",RES2,240,1
6966,2020480366,"JABAY (2X), ROWENA",RES1,240,1
6967,2020480367,"FALGUERA, TRANQUELINA",RES1,240,1
6968,2020480368,"BACULBAS, ROLLY",RES1,240,1
6969,2020480369,"JABAY (2X), CESARIO",RES1,240,1
6970,2020480370,"PERIT, LITO",RES1,240,1
6971,2020480371,"PANIM, WENDELYN",RES1,240,1
6972,2020480373,"JABAY-JABAY, CONSOLACION F.",RES1,240,1
6973,2020480374,"LAGERA, RUSTICO",RES2,240,1
6974,2020480376,"LAGERA, MARILOU, PANIM",RES2,240,1
6975,2020480377,"CAÑESO, LESLEAN NARTEA",RES1,240,1
6976,2020480379,"BACOLOT, MARIBEL DELOS SANTOS",RES1,240,1
6977,2020480380,"JABOLIN, RUEL/GABANE",RES1,240,1
6978,2020480381,"MESA, DOROTEO S., JR.",RES1,240,1
6979,2020480382,"BACTOL, LIZA ROSAL",RES1,240,1
6980,2020480383,"DURON, CLARA IDLISAN",RES1,240,1
6981,2020480384,STA. FE WATER SYSTEM,PB,240,1
6982,2020480385,"BACULOT, LETECIA OROGAN",RES1,240,1
6983,2020480386,"ADOPTANTE, RICARDO C",RES3,240,1
6984,2020490001,"TAMPOL, JOBER C.",RES1,240,1
6985,2020490002,"TAMPOL, TERESITA C.",RES1,240,1
6986,2020490003,"CAMPOSANO, LUCENA D.",RES1,240,1
6987,2020490004,"RAMASASA, MARISSA E.",RES1,240,1
6988,2020490005,"LAURO, WILLIAM F.",RES1,240,1
6989,2020490006,"CAMPOSANO, TEODORICA S.",RES1,240,1
6990,2020490007,"CANABE, JESSA V.",RES1,240,1
6991,2020490008,"CANABE, JANNET B.",RES1,240,1
6992,2020490009,"CANABE, MANUEL D., SR.",RES1,240,1
6993,2020490010,"PROFETANA, LUIDA N.",RES1,240,1
6994,2020490011,"PROFETANA, ROBEN E.",RES1,240,1
6995,2020490012,"CANABE, JANINE R.",RES3,240,1
6996,2020490013,"ROBEL, JUAN L.",RES1,240,1
6997,2020510001,"CABAYAO, ALEXANDER D.",RES1,240,1
6998,2020510002,"FALGUERA, DOMENGGUETO",RES1,240,1
6999,2020510003,"AGUILON, JUAN C.JR.",RES1,240,1
7000,2020510004,"CAÑEGA, SALVACION ASIS",RES1,240,1
7001,2020510005,"FLORENDO, HILARIO B.",RES2,240,1
7002,2020510006,"RENDORA, JAN ABBA",RES1,240,1
7003,2020510007,"NARIDO, LEONORA, MAKABENTA",RES1,240,1
7004,2020510008,"NARIDO, MA. CRESIL R.",RES1,240,1
7005,2020510009,"ALVAREZ, IRIS F.",RES2,240,1
7006,2020510010,"ECHEVARRIA, ALVA M.",RES1,240,1
7007,2020510011,"FALGUERA, ROSITA TINAY",RES1,240,1
7008,2020510012,"LINGGAN, MA. GINA",RES1,240,1
7009,2020510016,"AVILA, BASILLO",RES1,240,1
7010,2020520001,"GRABAN, JOSEFINA POLIDO",RES1,240,1
7011,2020520002,"ANCHEZ, ANITA ISONG",RES1,240,1
7012,2020520003,"POLIDO, ISMAEL GLORY",RES1,240,1
7013,2020520004,"YACAP, FRANCISCO MAKABENTA",RES1,240,1
7014,2020520005,"YACAP, DOMINGO MAKABENTA",RES1,240,1
7015,2020520006,"GLORY, ANATALIA O.",RES1,240,1
7016,2020520007,"LAGERA, NOLI POLIDO",RES1,240,1
7017,2020520008,"INDITA, ADELAIDA GOBELAB",RES1,240,1
7018,2020520009,"INDITA, MELISSA DACOYCOY",RES1,240,1
7019,2020520010,"DACARA, MARIVIC CUMPA",RES1,240,1
7020,2020520011,"BACULBAS, LUISITO MACALINAO",RES1,240,1
7021,2020520012,"MAKABENTA, NUMERIANO ORIOSTE JR.",RES1,240,1
7022,2020520013,"BACOLOT, LERMA M.",RES1,240,1
7023,2020520015,"SURI, ARLENE B.",RES1,240,1
7024,2020520016,"URMENETA, LYDIA B.",RES1,240,1
7025,2020520017,"TAMPOL, AIZA B.",RES1,240,1
7026,2020520018,"SURI, WENEFREDA",RES2,240,1
7027,2020520019,"DARIGUEZ, BASILIO",RES2,240,1
7028,2020520020,BACATANO. CATALINA,RES2,240,1
7029,2020520022,"BACOLOT, ROSENDA",RES1,240,1
7030,2020520023,"SURI, ELENA FAMI",RES1,240,1
7031,2020520024,"CUMPA, RUBEN",RES1,240,1
7032,2020520025,"ROSAL, ERLINDA",RES1,240,1
7033,2020520026,"QUIDLAT, ROSEMARIE",RES1,240,1
7034,2020520027,"EÑISEN, GEMA",RES1,240,1
7035,2020540001,"BACULBAS, SUSAN",RES1,240,1
7036,2020540002,"CABRERA, MILAGROS",RES4,240,1
7037,2020540003,"CABRERA, MARLON",RES1,240,1
7038,2020540004,"CABORNIDA, BENSON G.",RES2,240,1
7039,2020540005,"YAGUMYUM, POLICARPO JR.",RES1,240,1
7040,2020540006,"RETIZ, CRISTINA",RES1,240,1
7041,2020540007,"CABRERA, MICHAEL",RES2,240,1
7042,2020540008,"CABORNIDA, ALFONSO",RES1,240,1
7043,2020540009,"COGON, ELEM. SCHOOL",PB,240,1
7044,2020540010,"BALENDO, ROSITA",RES2,240,1
7045,2020540011,"JUNTILLA, AURELIO",RES1,240,1
7046,2020540012,"ACEBO, LEON",RES1,240,1
7047,2020540013,"PERNES, FELISA",RES2,240,1
7048,2020540014,"PERNES, ENRIQUE",RES2,240,1
7049,2020540015,"GUANTERO, ANNA O.",RES2,240,1
7050,2020540016,"SAYAS, LIEZEL",RES1,240,1
7051,2020540017,"BUÑALES, LETECIA YACAP",RES1,240,1
7052,2020540018,"ACEBU, NORBERTO",RES2,240,1
7053,2020540019,"BOQUILA, LOLITA",RES3,240,1
7054,2020540020,"PERNES, FELECIANO",RES2,240,1
7055,2020540021,"OLEDAN, LUCELA",RES3,240,1
7056,2020540022,"SAYAS, GUALBERTO",RES2,240,1
7057,2020540023,"ASTORGA, ARSENIO",RES2,240,1
7058,2020540024,"MACALINAO, FLORETO",RES3,240,1
7059,2020540025,"MACALINAO, SALVADOR",RES1,240,1
7060,2020540026,"MORALES, ERMA",RES3,240,1
7061,2020540027,"OBALAN, ANDREA",RES2,240,1
7062,2020540028,"PADILLA, MAURA",RES3,240,1
7063,2020540029,"COTONER, ANNALYN L.",RES1,240,1
7064,2020540030,"CABELLO, GILDA L.",RES1,240,1
7065,2020540031,"PADULLA, AURORA",RES1,240,1
7066,2020540032,"PADULLA, PEDRO",RES2,240,1
7067,2020540033,"QUINTANA, JULITO",RES2,240,1
7068,2020540034,"QUINTANA, CLARITA",RES2,240,1
7069,2020540035,"QUINTANA, CONSORCIA",RES1,240,1
7070,2020540036,"NARIDO, ANTONIO I.",RES1,240,1
7071,2020540037,"BALENDO, ROSARIO C.",RES1,240,1
7072,2020540038,"MAKABENTA, LUZ A.",RES1,240,1
7073,2020540039,"BORGUETA, ROSA",RES1,240,1
7074,2020540040,"NOMIO, MA. VICTORIA N.",RES1,240,1
7075,2020540041,"DAANG, NORMA C.",RES1,240,1
7076,2020540042,"MAKABENTA, ARSENIA A.",RES1,240,1
7077,2020540043,"CAÑEGA, LITO",RES1,240,1
7078,2020540044,"BRIER, VILMA",RES2,240,1
7079,2020540045,"MACALINAO, ADORACION",RES1,240,1
7080,2020540046,"BALIDA, ISMAEL",RES3,240,1
7081,2020540047,"CAÑAMASO, MELENDA Y.",RES1,240,1
7082,2020540048,"MACALINAO, FELIX O",RES1,240,1
7083,2020540049,"TADEFA, JAYSON M",RES1,240,1
7084,2020550349,"BACUNAWA, BRENDA BRIER",RES1,240,1
7085,2020550359,"MADJID, CHRISTOPHER OTTO",RES2,240,1
7086,2020550403,"CLARIN, ROEL PERNITES",RES1,240,1
7087,2020720011,"RENDORA, ELESEO",INDL2,13200,3
7088,2020720015,"INABANGAN, ARSENIO/WS",INDL1,240,1
7089,2020720017,"CHURCH OF LATER DAY SAINTS/GEREZ, J",INDL3,240,1
7090,2020720018,D P W H / DIST. ENGINEER,INDL3,240,1
7091,2020720020,"DOROJA, LILIA",INDL1,240,1
7092,2020720025,"ALOLO, ANTONIO",INDL1,240,1
7093,2020720055,HOLY CROSS ACADEMY (TR),INDL3,240,1
7094,2020720100,"WELDING SHOP C/O CABARDO, ROMEO",INDL2,240,1
7095,2020720125,"RESILLA, SONIA/WELDING SHOP",INDL2,240,1
7096,2020720130,"DOMINGUEZ, JOVITA",INDL1,240,1
7097,2020720160,"OLEDAN, MARIO",INDL1,240,1
7098,2020720165,"SABILLO, GARY L./WELDING SHOP",INDL1,240,1
7099,2020720240,"ALMOCERA, JOSE W/S",INDL1,240,1
7100,2020720245,"LIANZA, ROLANDO / SUNAG VULCANIZING",INDL2,240,1
7101,2020720250,"LIANZA, JUAN",INDL1,240,1
7102,2020720255,"AYENTO, ADELINA/SOLE USER-DRIER",INDL1,240,1
7103,2020720260,"DIPA, ASUNCION",INDL1,240,1
7104,2020720270,"PORE, MANUEL",INDL1,240,1
7105,2020720275,"DE LA CRUZ, ALDRIN",INDL1,240,1
7106,2020720277,"CRISOSTOMO, MARIO",INDL1,240,1
7107,2020720285,SBI GASOLINE STATION C/O JEROME E. CAPUYAN,INDL2,240,1
7108,2020720300,"J.C. TRI SHOP C/O RAAGAS, FRANCISCO",INDL1,240,1
7109,2020720310,"OBEJERA, JULIAN",INDL2,240,1
7110,2020720335,"FLORES, ALWIN P.",INDL2,240,1
7111,2020720345,LANDBANK CARIGARA BRANCH,INDL3,240,1
7112,2020720360,GLOBE TELECOM,INDL3,240,1
7113,2020720370,"FLORENDO, ELIZABETH",INDL1,240,1
7114,2020720375,CARIGARA EMERGENCY HOSPITAL,INDL3,13200,3
7115,2020720385,"DAGANASOL, EMELITA",INDL1,240,1
7116,2020720420,SUN CELLULAR CELL SITE,INDL3,240,1
7117,2020720455,"RACAL, ALFREDO JR./MACABANSAG, FELIPE JR- TEMP.",INDL3,240,1
7118,2020720465,"MADRIAGA, JONGIE",INDL2,240,1
7119,2020720475,"NEGADO, ROMEO I. SR.",INDL3,240,1
7120,2020720530,O C C I,INDL2,240,1
7121,2020720540,CAFVIMCO,INDL3,240,1
7122,2020720560,"COMBINIDO, EDUARDO",INDL2,240,1
7123,2020720610,"ANOPOL, ROBERTO",INDL3,240,1
7124,2020720622,HOLY CROSS CONVENT C/O HEAD OF OFFI,PB,240,1
7125,2020720632,"MACABANSAG, FELIPE",INDL1,240,1
7126,2020720634,"MENDOZA, GENA A. / WS",INDL1,240,1
7127,2020900010,CARIGARA ST. LIGHTING,ST,240,1
7128,2020900035,GUINDAPUNAN WEST ST. LIGHT,ST,240,1
7129,2020900115,BRGY.BARUGOHAY CENTRAL S/L,ST,240,1
7130,2020900125,7 UNITS ST. LIGHTS C/O BRGY. CHAIRMAN,ST,240,1
7131,2020900143,"LOWER SOGOD ST. LIGHTS/PANIM, F.",ST,240,1
7132,2020900144,"BRGY.SOGOD ST.LIGHTS/SENILLA,MARITE",ST,240,1
7133,2020900145,"BRGY. UPPER HIRAAN S/L C/O HAMTIG, M.",ST,240,1
7134,2020900147,"BRGY. CUTAY ST. LIGHTS/ACOLBE, ALBERTO",ST,240,1
7135,2020900148,BRGY. HALL/STREET LIGHTS,ST,240,1
7136,2020900149,BRGY. LOWER CANLAMPAY S/L,ST,240,1
7137,3030041572,"BUÑALES, DIVINA CASAS",RES1,240,1
7138,3030070049,"AGOSTO, RUEL M.                         ",RES1,240,1
7139,3030070351,"MAGLINTE, ESPERANZA",RES1,240,1
7140,3030120040,"ESCOBER, ELEANOR",RES1,240,1
7141,3030120050,"ENCELA, SUSAN B.",RES1,240,1
7142,3030120070,"BRAZIL, REYNALDO",RES1,240,1
7143,3030120080,"LANANTE, FELIMON",RES3,240,1
7144,3030120090,"BRAZIL, GASPAR",RES1,240,1
7145,3030120100,"ARPON, CLARA",RES1,240,1
7146,3030120105,"CORTEL, BERNARD A./LYDIA",RES1,240,1
7147,3030120110,"LANANTE, AGNES G.",RES2,240,1
7148,3030120115,"BOLIVAR, SALVACION A./FRANCISCO",RES1,240,1
7149,3030120120,"LANANTE, DIOSCORO JR. P.",RES1,240,1
7150,3030120125,"TAÑALA, MARIA A./FRANCISCO",RES1,240,1
7151,3030120130,"RIEL, JESUS A.",RES2,240,1
7152,3030120135,STREET LIGHT C/O SK CHAIRMAN,PB,240,1
7153,3030120145,"DEYMOS, GENALYN N./DANIEL",RES2,240,1
7154,3030120165,"DIAZ, JAYSON F.",RES1,240,1
7155,3030120175,"PONFERRADA, ROSEMARIE R./MICHAEL",RES1,240,1
7156,3030120180,"DIAZ, CRISTINA A.",RES1,240,1
7157,3030120185,"AUSTRIA, MARILYN",RES1,240,1
7158,3030120190,"PONFERRADA, VIOLETA A.",RES1,240,1
7159,3030120195,PONFERRADA ROSA N.,RES1,240,1
7160,3030120200,PONFERRADA. GABRIEL,RES1,240,1
7161,3030120205,"ARPON, SALVACION D.",RES1,240,1
7162,3030120210,"ASPA, GLORIA",RES3,240,1
7163,3030120215,"LANANTE, AILYN A.",RES1,240,1
7164,3030120220,"BORGUETA, CRISTINA",RES1,240,1
7165,3030120225,"DEYMOS, MYLA A.",RES1,240,1
7166,3030120240,ABEJAR. SILVANO BENUSA,RES1,240,1
7167,3030120245,"MESIAS, RAMIL S.",RES1,240,1
7168,3030120255,"ARPON, JULIET L.",RES1,240,1
7169,3030120260,"DIAZ, NERISSA E.",RES2,240,1
7170,3030120265,"AVORQUE, ROMEO A.",RES1,240,1
7171,3030120270,"DEYMOS, CLARITA A.",RES1,240,1
7172,3030120280,"CULAR, FLORO JR.",RES1,240,1
7173,3030120285,"DIAZ, JOCELYN",RES3,240,1
7174,3030120290,"CORVE, BELINDA A.",RES1,240,1
7175,3030120295,"CORTEL, DAYNA A.",RES1,240,1
7176,3030120300,"FORTUNA, JONALYN C.",RES2,240,1
7177,3030120310,"CORIA, MYRNA",RES1,240,1
7178,3030120315,SO. PAMONGSORAN CHAPEL C/O TARCELITA ASPA ,PB,240,1
7179,3030120320,"DOLORIAN, NARISSA B.",RES1,240,1
7180,3030120330,"ELIZON, ANNA MARIE",RES1,240,1
7181,3030120335,"DIAZ, ANGELES E.",RES1,240,1
7182,3030120345,"DIAZ, GREGORIO A.",RES2,240,1
7183,3030120355,"AGOSTO, JOAQUIN B.",RES2,240,1
7184,3030120360,"ASPA, RAUL",RES1,240,1
7185,3030120370,"LANANTE, MARLON",RES3,240,1
7186,3030120380,"LANANTE, SONNY",RES2,240,1
7187,3030120390,"ASPA, VENANCIO A. JR.",RES1,240,1
7188,3030120400,"ASPA, ALFONSA P.",RES1,240,1
7189,3030120410,"ASPA, RITA A.",RES1,240,1
7190,3030120420,"ARPON, ASUNCIANO B.",RES1,240,1
7191,3030120430,"BONITE, JULITA E.",RES2,240,1
7192,3030120460,"ASPA, DIOSDADO SR.",RES3,240,1
7193,3030120461,"AVILA, RONNEL C.",RES2,240,1
7194,3030120462,"PORE, CONSORCIA N.",RES1,240,1
7195,3030120463,"PACE, JONALYN SUELA",RES1,240,1
7196,3030120464,"DIAZ, JEROME H.",RES1,240,1
7197,3030120466,"ARPON, ROSARIO B.",RES1,240,1
7198,3030200490,"LAURE, CAMILO S.",RES1,240,1
7199,3030200535,"BELLO, EDGAR D.",RES3,240,1
7200,3030340001,"SABILLO, JOVENA",RES3,240,1
7201,3030340002,"PARENA, FRANCISCO JR.",COM1,240,1
7202,3030340003,"NIVAL, ANTONIO",RES1,240,1
7203,3030340004,"ALA, ROMEO",RES4,240,1
7204,3030340005,"CHALLINOR, JONA GRACE I.",RES3,240,1
7205,3030340006,"NIVAL, GUILLERMA",RES3,240,1
7206,3030340007,"MACARANDAN, MARIA",RES1,240,1
7207,3030340008,"DE LA PENA, ANTONIO",RES3,240,1
7208,3030340009,"ILAD, ELIZABETH I.",RES1,240,1
7209,3030340010,"NARIDO, ROSANA M.",RES2,240,1
7210,3030340011,BRGY. ABANGO CHAPEL C/O CHAPEL TREASURER,RES1,240,1
7211,3030340012,"APAN, ELENA",RES2,240,1
7212,3030340013,"ABAD, ROMMEL HIDALGO",RES3,240,1
7213,3030340014,"DARNAYLA, CORAZON B.",RES2,240,1
7214,3030340015,"ELUMBA, ROBERT OLEDAN",RES1,240,1
7215,3030340017,"SABILLO, EDUARDO",RES1,240,1
7216,3030340018,"DARNAYLA, ALEJANDRO",RES3,240,1
7217,3030340019,"MALAGAR, ELIZABETH P.",RES2,240,1
7218,3030340020,"TINAGAN, NIEVES",RES1,240,1
7219,3030340021,"GRESUNES, JESSIE KRIS LEOPARDAS",RES1,240,1
7220,3030340022,"DARNAYLA, JANIT Q.",RES2,240,1
7221,3030340023,"MENDOZA, MA. LINDA",RES1,240,1
7222,3030340024,"CABELIS, FRANCISCO",RES3,240,1
7223,3030340025,"BORQUETA, JOSELITO D.",RES1,240,1
7224,3030340026,"GRANATES, VILMA",RES1,240,1
7225,3030340027,"CABILES, ALFREDO",RES2,240,1
7226,3030340028,"CABELIS, JOSE",RES3,240,1
7227,3030340029,"OLORVIDA, PATROCENIA",RES1,240,1
7228,3030340030,"OLORVIDA, PATROCENIA",RES1,240,1
7229,3030340031,"BORGUETA, CUSTODIA",RES2,240,1
7230,3030340032,"ABANGO BRGY. HALL/MACALINAO, P.",PB,240,1
7231,3030340033,"DE LA TORRE, LUCIANO",RES2,240,1
7232,3030340034,"OBANA, NORBERTO",RES1,240,1
7233,3030340035,"BUSANTE, CARLITO L.",RES1,240,1
7234,3030340036,"CANEGA, CYNTHIA",RES1,240,1
7235,3030340037,"LAURE, ARVIM JED",RES3,240,1
7236,3030340038,"ROCHA, NANCY O.",RES1,240,1
7237,3030340039,"TADIFA, WILFREDA",RES2,240,1
7238,3030340041,"PALTENGCA, MARLYN",RES1,240,1
7239,3030340042,"NARIDO, BRIGIDA D.",RES3,240,1
7240,3030340043,"ROCHA, AMADEO JR.",RES3,240,1
7241,3030340044,"BRIT, JOSEPHINE V.",RES4,240,1
7242,3030340045,"TADEFA, ROSARIO",RES1,240,1
7243,3030340046,"VILLANUEVA, POMPEO",RES2,240,1
7244,3030340047,"DACOYCOY, EDGAR",RES3,240,1
7245,3030340048,"LOPEZ, GRACE V.",RES2,240,1
7246,3030340049,"BORQUETA, REMY",RES1,240,1
7247,3030340050,"SUDARIO, CRISTINA A.",RES1,240,1
7248,3030340051,"AVILA, MADONNA",RES4,240,1
7249,3030340052,"BORQUETA, AGUSTIN",RES1,240,1
7250,3030340053,"BRUM, VICTORIA",RES2,240,1
7251,3030340054,"OLORVIDA, ROGELIO JR. B.",COM1,240,1
7252,3030340055,"NIVAL, CESAR",RES1,240,1
7253,3030340056,"AVILA, NELSON",RES1,240,1
7254,3030340057,"AVILA, ZENAIDA",RES1,240,1
7255,3030340058,"MACALINAO, ANDREANA",RES1,240,1
7256,3030340059,"DE LA PEÑA, PATERNO",RES2,240,1
7257,3030340060,"LAMSIN, MAGDALINA ",RES1,240,1
7258,3030340061,"TOLIBAS, EUSEBIA M.",RES1,240,1
7259,3030340062,"LAMSIN, MAGDALENA",RES1,240,1
7260,3030340063,"MACALINAO, DOMINGO A.",RES2,240,1
7261,3030340064,"MACALINAO, DOMINGO ASPA",RES1,240,1
7262,3030340065,"LANANTE, BERNARDO",RES1,240,1
7263,3030340066,"LANANTE, ALEJO",RES2,240,1
7264,3030340067,"MESIAS, JONNEL J.",RES1,240,1
7265,3030340068,"LANANTE, MELINA",RES2,240,1
7266,3030340069,"OLORVIDA, ROSALYN B.",RES1,240,1
7267,3030340070,"CANEGA, ANGELITO",RES4,240,1
7268,3030340071,"PETALLANA, MA. LUISA",RES3,240,1
7269,3030340072,"BOYO, NORMA",RES1,240,1
7270,3030340074,"VILLA, RAMILO M. JR.",RES3,240,1
7271,3030340075,"GABISAY, LUDIVINA",RES2,240,1
7272,3030340076,"DAGALEA, ALFA",RES1,240,1
7273,3030340078,"OTIVAR, SAMUEL",RES1,240,1
7274,3030340079,"CALANDRIA, MIKE",RES4,240,1
7275,3030340080,"ESTRADA, MICHELLE",RES1,240,1
7276,3030340081,"NARBONITA, SUPREMO",RES1,240,1
7277,3030340082,"AGUIRRE, CLARO, REY",RES4,240,1
7278,3030340083,"SANTACERA, ROSALINA L.",RES2,240,1
7279,3030340084,"PERUDA, ROLANDO F.",RES1,240,1
7280,3030340085,"OBISCORO, RAMIL",RES2,240,1
7281,3030340087,"DAGANDAN, GODULA",RES1,240,1
7282,3030340088,"REYES, CHESTERTON",RES2,240,1
7283,3030340089,"PENARANDA, VERONICA P.",RES2,240,1
7284,3030340090,"CARAMONTE, JENNILYN",RES4,240,1
7285,3030340091,"CABILLO, ARNULFO",RES2,240,1
7286,3030340092,"INSIGNE, ARIEL",RES4,240,1
7287,3030340093,"OLORVIDA, ROMELA",RES4,240,1
7288,3030340094,"CAYCON VALLEY/LAGERA, RODERIGO JOSE",RES4,240,1
7289,3030340095,"CAYCON VALLEY/LAGERA, RODERIGO JOSE",RES3,240,1
7290,3030340096,"COQUIA, AMBROSIO JR.",RES3,240,1
7291,3030340097,"BASEA, SEVERINA",RES1,240,1
7292,3030340098,"FLORES, FLORITA",RES2,240,1
7293,3030340099,"LAGERA, ROWENA AILEEN",RES1,240,1
7294,3030340101,"AGUILAR, JENNIFER",RES2,240,1
7295,3030340102,"NEDRUDA, ELESA BROSAS",RES1,240,1
7296,3030340103,"ARIZA, BENJAMIN",RES1,240,1
7297,3030340104,"DAGALEA, BELBA",RES2,240,1
7298,3030340105,"URMENETA, RUTH",RES4,240,1
7299,3030340106,"BERING, CRISTINA",RES4,240,1
7300,3030340107,"APOSTOL, EMILIANO",RES4,240,1
7301,3030340108,"DARANG, JEFFREY M.",RES2,240,1
7302,3030340109,"BRILATA, TEODORO B.",RES1,240,1
7303,3030340110,"ABARCA, ALANA",RES4,240,1
7304,3030340111,"VILLAFLOR, FLORINA",RES3,240,1
7305,3030340112,"BARRERA, CAYETANO R./ADELAIDA",RES4,240,1
7306,3030340114,"TIOZON, EVELYN",RES2,240,1
7307,3030340115,"BODO, MERIEL",RES1,240,1
7308,3030340116,"FABELLA, JONAH",RES2,240,1
7309,3030340117,"AYUSTE, BERNARDO",RES1,240,1
7310,3030340118,"TAN, ROQUE",RES3,240,1
7311,3030340119,"ONG, CALVIN",RES4,240,1
7312,3030340120,"ILAYA, HELEN",RES3,240,1
7313,3030340121,"FABI, EMELIANO",RES3,240,1
7314,3030340122,"IRLANDEZ, AIREN",RES4,240,1
7315,3030340123,"ENCARNACION, PERFECTO",COM1,240,1
7316,3030340124,"VILLAFLOR, ESMERALDO",RES1,240,1
7317,3030340125,"CAUBALEJO, JEANETTE/ROGER",RES1,240,1
7318,3030340126,"PEÑAFLOR, RODOLFO",RES2,240,1
7319,3030340127,"LAGMAN, GLENDA",RES4,240,1
7320,3030340129,"POTOY, RODEL A.",RES1,240,1
7321,3030340130,"NARIDO, LEA",RES2,240,1
7322,3030340131,"OBALAN, ROLANDO",RES2,240,1
7323,3030340132,"NARIDO, NORMA",RES1,240,1
7324,3030340133,"BORGUETA, YOLANDA B.",RES1,240,1
7325,3030340134,"OSIP, COLITO",RES2,240,1
7326,3030340135,"CARDINES, FELIPE",RES4,240,1
7327,3030340136,"BOTICTIC, LUCIANA",RES1,240,1
7328,3030340137,"NARIDO, RUEL G.",RES2,240,1
7329,3030340138,"PERIDA, FELECIANO",RES1,240,1
7330,3030340139,"CARDINES, TITO",RES4,240,1
7331,3030340140,"PARROCHO, JUANITA",RES1,240,1
7332,3030340141,"LAUS, NERONA C./AMANCIO",RES2,240,1
7333,3030340142,"MACALINAO, WENCESLAO",RES3,240,1
7334,3030340143,"MACALINAO, ROLANDO SR. O.",RES1,240,1
7335,3030340144,"TAMACA, EUSTACIO O.",RES1,240,1
7336,3030340146,"PACIS, MA. FE",RES1,240,1
7337,3030340147,"ILAYA, CARMELITA",RES2,240,1
7338,3030340148,"BACATANO, JOSE",RES2,240,1
7339,3030340149,"ILAYA, ANTONIO",RES3,240,1
7340,3030340150,"LORICA, FELINA",RES3,240,1
7341,3030340151,"MOLABOLA, JUANITO",RES2,240,1
7342,3030340152,"ALVARAN, MARINA",RES3,240,1
7343,3030340153,"BALDONADO, PATRICIO JR. T.",RES2,240,1
7344,3030340154,"NIVAL, JESUS",RES1,240,1
7345,3030340155,"MENDOZA, CELSO",RES1,240,1
7346,3030340156,"TIOZON, VIRGIE",RES1,240,1
7347,3030340157,"DARNAYLA, SERGIO",RES2,240,1
7348,3030340158,"BORQUETA, FELIXBERTO",RES3,240,1
7349,3030340159,"DELGACO, LERMA C./DIEGO",RES1,240,1
7350,3030340160,"VIOGELA, MARISSA",RES1,240,1
7351,3030340161,"ARPON, EFREN",RES1,240,1
7352,3030340162,"BATISTIL, FLORENCIA",RES2,240,1
7353,3030340163,"BRAZIL, BERNARDITA",RES4,240,1
7354,3030340164,"NARIDO, NORBERTO",RES3,240,1
7355,3030340165,"DACARA, GABBY",RES1,240,1
7356,3030340166,"DECADIZ, HAZMIN",RES4,240,1
7357,3030340167,"DE LOS SANTOS, CLARISA",RES3,240,1
7358,3030340168,"PARENA, ALBERTO",RES3,240,1
7359,3030340169,"MACALALAG, LEONORA",RES2,240,1
7360,3030340170,"BASEA, VITO",RES2,240,1
7361,3030340171,"LUCERNAS, LYDIA",RES1,240,1
7362,3030340172,"CIBRABORN, EDGARDO",RES2,240,1
7363,3030340173,"FALGUERA, MARILYN",RES4,240,1
7364,3030340174,"MERCOLITA, RODOLFO",RES3,240,1
7365,3030340175,"AVILA, DOMESIANO L.",RES1,240,1
7366,3030340176,"NALDA, ALBINO",RES3,240,1
7367,3030340177,"LIPORADA, CRISPIN",RES2,240,1
7368,3030340178,"AVILA, PETRONILA",RES3,240,1
7369,3030340179,"MAKABENTA, TITO",RES3,240,1
7370,3030340180,"LANANTE, JOAN",RES1,240,1
7371,3030340181,"MESIAS, ADRIANO",RES1,240,1
7372,3030340182,"BELGAS, LETECIA L.",RES1,240,1
7373,3030340183,"ARPON, EFREN B.",RES1,240,1
7374,3030340185,"ROCHA, NILDA O.",RES3,240,1
7375,3030340186,"ROCHA, ALEJANDRO",RES1,240,1
7376,3030340187,"ILUMBA, GLENNY B.",RES2,240,1
7377,3030340188,"BUÑALES, ADELAIDA H.",RES2,240,1
7378,3030340190,"FLORENDO, CHANDA A.",COM1,240,1
7379,3030340191,"TIOZON, DIOSCORO",RES2,240,1
7380,3030340192,"TONOLETE, GLENN",RES1,240,1
7381,3030340193,"ACEBO, HONORIO",RES1,240,1
7382,3030340194,"CASTILLO, ANA N.",RES1,240,1
7383,3030340195,"MACALINAO, ESTEBAN",RES2,240,1
7384,3030340197,"SALVACION, GERALDINE BATISTIL",RES3,240,1
7385,3030340198,"TABADA, JAIME",RES3,240,1
7386,3030340199,"RODA, JOCEBEL D",COM2,240,1
7387,3030340200,"PACIS, MICHELLE PERIDA",RES1,240,1
7388,4040041115,"VIÑAS, JESSICA B.",RES1,240,1
7389,5050010010,"OLEDAN, GERONIMO",RES1,240,1
7390,5050010020,"CEREZO, RODOLFO",RES1,240,1
7391,5050010021,"NEGAD, EDUARDO JERRY",RES1,240,1
7392,5050010026,"CASTIN, IRENE",RES3,240,1
7393,5050010030,"OYZON, PORFERIO",RES1,240,1
7394,5050010040,"YOBIA, MARIANO",RES3,240,1
7395,5050010060,"ASIS, ENCARNACION",RES1,240,1
7396,5050010065,"LAUSIN, LEO",RES1,240,1
7397,5050010080,"MARTIRES, ALFREDO",RES1,240,1
7398,5050010081,"AGARRO, ARNEL",RES4,240,1
7399,5050010085,"SANGRANO, TERENCIO",RES1,240,1
7400,5050010090,"SANGRANO, ROGELIO",RES1,240,1
7401,5050010100,"OYZON, LEONCIO JR. P.",COM3,240,1
7402,5050010101,"QUALLE, THOMAS",RES1,240,1
7403,5050010102,"PADILLA, EMENIANO S. JR.",RES2,240,1
7404,5050010105,WATER REFILLING KRISTINE FALLORINA,COM1,240,1
7405,5050010110,"MIRALLES, EMELIANO",RES1,240,1
7406,5050010112,"CORRO, NELSON",RES1,240,1
7407,5050010115,"BODO, AUREA",RES3,240,1
7408,5050010120,"ORENDEZ, JOSE",RES3,240,1
7409,5050010125,"ENALISAN, LENY C.",RES1,240,1
7410,5050010130,"OYZON, SOFRONIO",RES1,240,1
7411,5050010131,"REGIS, JORGE",RES2,240,1
7412,5050010140,"NEGAD, ANTONIO",RES1,240,1
7413,5050010145,"FABI, LEA M.",RES3,240,1
7414,5050010155,"FALLORINA, ROLANDO O./NENITA",RES4,240,1
7415,5050010163,"CANDARE, MARILYN V.",RES1,240,1
7416,5050010164,"ENALISAN, LENY P.",RES3,240,1
7417,5050010165,"ABALLAR, FILOMENO",RES1,240,1
7418,5050010169,"CUESTA, ROMEO",RES1,240,1
7419,5050010171,"AYUSTE, JUN",COM1,240,1
7420,5050010173,SALVACION LEON III,RES1,240,1
7421,5050010174,"MORA?A, ROSALINDA",RES1,240,1
7422,5050010175,"CAMINA, MARILYN",RES3,240,1
7423,5050010177,"INALISAN, JUANITA",RES1,240,1
7424,5050010179,"MACARANDAN, MAXIMA",RES2,240,1
7425,5050010184,"INALISAN, AMADORA",RES1,240,1
7426,5050010186,"OLEDAN, MELCHOR",RES3,240,1
7427,5050010187,"CAPILI, EMELIA",RES2,240,1
7428,5050010188,"SOLAR, MARCELINO",RES1,240,1
7429,5050010191,"ILUSTRISIMO, ROWENA",RES1,240,1
7430,5050010194,"SOLAR, ELNORA E.",RES1,240,1
7431,5050010199,"SOFIA, MARISSA",RES1,240,1
7432,5050010205,"CATALO, LITO",RES3,240,1
7433,5050010206,"OYZON, LEONCIO JR.",RES4,240,1
7434,5050010207,"BALAIS, REDENTOR",RES2,240,1
7435,5050010208,"ADRALES, MA. ELMA",RES1,240,1
7436,5050010209,"CUESTA, NOEL",RES2,240,1
7437,5050010215,"EDANG, MELISSA B.",RES1,240,1
7438,5050010220,"ASTORGA, ESTACIO",RES1,240,1
7439,5050010240,"ABRIL, CRESENCIA",RES3,240,1
7440,5050010252,"DIMATANGAL, DELIA",RES1,240,1
7441,5050010253,"PRUDENTE, MARIA",RES1,240,1
7442,5050010254,"BALIDA, GLORIA",RES2,240,1
7443,5050010255,"BRGY. HALL C/O AYUSTE, GUILLERMO",PB,240,1
7444,5050010258,"MORA?A, CARINA",RES1,240,1
7445,5050010260,"AVILA, RODOLFO",RES4,240,1
7446,5050010264,"SOLAR, ADELINA",RES1,240,1
7447,5050010266,"ARRIBE, REMEDIOS",RES1,240,1
7448,5050010267,"RODA, LIEZLE",RES2,240,1
7449,5050010284,"CAMPOSANO, RHEALYN",RES1,240,1
7450,5050010285,"BALDONADO, AURORA",RES1,240,1
7451,5050010286,"BALDONADO, PAZ",RES1,240,1
7452,5050010291,"COSTELO, MARIO",RES1,240,1
7453,5050010300,"BALDONADO, AGAPITA",RES1,240,1
7454,5050010310,"ABONALES, MARTIN",RES4,240,1
7455,5050010325,"TIZON, DORIS G.",RES3,240,1
7456,5050010355,"ACUIN, MELBA F.",RES1,240,1
7457,5050010372,"ILAYA, CRISTIE",RES1,240,1
7458,5050010378,"BILLONES, VILMA",RES1,240,1
7459,5050010379,"BALDONADO, GRACE",RES1,240,1
7460,5050010384,"ASTORGA, MILA",COM1,240,1
7461,5050010385,"PACLE, FELIPE",RES3,240,1
7462,5050010386,"BLASCO, MERLITA",RES1,240,1
7463,5050010388,"TA?ALA, WILLYBALDO",RES1,240,1
7464,5050010390,"GIBAN, ANGEL",RES1,240,1
7465,5050010395,"GIBAN, ROMEO",RES2,240,1
7466,5050010397,"PANIS, FAUSTO",RES1,240,1
7467,5050010400,"FALGUERA, BENJAMIN",RES3,240,1
7468,5050010405,BRGY. HALL\ BRGY. CAPTAIN,PB,240,1
7469,5050010420,"CUESTA, LEONORA",RES1,240,1
7470,5050010435,"SURIGAO, GINA",RES3,240,1
7471,5050010440,"FALLORINA, LUZ",RES4,240,1
7472,5050010450,"OPRIN, PABLO",RES2,240,1
7473,5050010455,"RELI, MYRNA O.",RES2,240,1
7474,5050010460,"TAALA, JOVINO",RES1,240,1
7475,5050010465,"GAYAS, LOLITA",RES2,240,1
7476,5050010480,"PACLE, MANUEL",RES1,240,1
7477,5050010490,"ARIZA, MANUEL ANTONI",RES4,240,1
7478,5050010495,"ARIZA, LELIA",RES2,240,1
7479,5050010507,"CUESTA, PASTORA",RES2,240,1
7480,5050010508,"RAGSAG, FRUCIOSA",RES3,240,1
7481,5050010515,"FALLORINA, FLORINA",RES1,240,1
7482,5050010522,"TAALA, SUSANA",RES1,240,1
7483,5050010524,"TAALA, ROMEO",RES2,240,1
7484,5050010526,"GO, MARCELINA",RES1,240,1
7485,5050010530,"SOLAR, LETECIA",RES1,240,1
7486,5050010535,"ENGCONG, GERALDINE B.",RES2,240,1
7487,5050010540,"VISTAL, EDGARDO",RES1,240,1
7488,5050010550,"YOBIA, PATROCENIO",RES2,240,1
7489,5050010551,"ARPON, DOMINGA",RES1,240,1
7490,5050010580,"PERRY, ADELA",RES4,240,1
7491,5050010585,"GARRIDO, JOAQUINA",RES1,240,1
7492,5050010590,"GASPAY, EDUARDO",RES2,240,1
7493,5050010595,"TINGZON, FEDELINA",RES2,240,1
7494,5050010600,"DADULLA, FROILAN",RES1,240,1
7495,5050010605,"DARIA, FLORA A.",RES1,240,1
7496,5050010610,"SOLMAYOR, FE",RES2,240,1
7497,5050010620,"ROYO, TEOTIMA",RES3,240,1
7498,5050010625,"TIZON, DORIS G.",RES1,240,1
7499,5050010635,"AÑOVER, REY MARK A.",RES3,240,1
7500,5050010640,"TINGZON, RUFINA C.",RES3,240,1
7501,5050010645,"SENECIO, SUSANA A.",RES2,240,1
7502,5050010665,"FABI, ANECITA T.",RES2,240,1
7503,5050010685,"TAÑALA, LYDIA D.",RES1,240,1
7504,5050010695,"FALLORINA, NOEL G.",RES4,240,1
7505,5050010725,"FALGUERA, MYRNA B. ",RES1,240,1
7506,5050010745,"LAUSIN, ANTONIO N.",RES1,240,1
7507,5050010785,"BREGONDOT, MARIA AURORA V.",RES1,240,1
7508,5050010800,"ARPON, MARTA",RES1,240,1
7509,5050010835,"ALVARADO, MARY JANE E.",RES2,240,1
7510,5050010925,"CUESTA, JOHN WARRY M.",RES1,240,1
7511,5050011025,"MORALES, MICHELLE O.",RES1,240,1
7512,5050011075,"MALICAY, JOAN D./EDDIE",RES1,240,1
7513,5050011085,"ABRIL, ERICKSON B.",RES1,240,1
7514,5050011115,"ALGUEZA, MARIO D.",RES1,240,1
7515,5050011165,"CAPAY-CAPAY, ERLINDA",RES1,240,1
7516,5050011195,"GERALDO, EVELYN S.",RES1,240,1
7517,5050011255,"LUMPAY, JOSEPHINE Q.",RES1,240,1
7518,5050011305,"GONZALES, CHERILYN M.",RES1,240,1
7519,5050011315,"BRUN, BEBERLIE A.",RES1,240,1
7520,5050011325,"CASTIN, JUVELYN C.",RES1,240,1
7521,5050011335,"MORILES, VILMA B.",RES1,240,1
7522,5050011345,"DELA CUESTA, MERCEDES LASTEMOSA",RES1,240,1
7523,5050011355,"CORBE, SOFRONIA L.",RES1,240,1
7524,5050011365,"TAÑALA, CRISILDA B.",RES1,240,1
7525,5050011375,"HERSALINA, FELIX S.",RES1,240,1
7526,5050011385,"DARANTINAO, NORMA O.",RES1,240,1
7527,5050011395,"ALEGADO, CHARLIE P.",RES1,240,1
7528,5050011405,"CATENZA, CRESTITA E.",RES1,240,1
7529,5050011415,"COSTELO, NONA E.",RES1,240,1
7530,5050011425,"DELA CRUZ, EDIBETH F.",RES1,240,1
7531,5050011435,"TIZON, ROSALIA C.",RES1,240,1
7532,5050011445,"TIZON, DIVINA H.",RES1,240,1
7533,5050011505,"FALLORINA, ROLANDO",RES2,240,1
7534,5050011525,"COSTELO, SOCORRO S.",RES1,240,1
7535,5050012169,"FALGUERA, DANILO E.",RES1,240,1
7536,5050012171,"GERALDO, GARRY B.",RES1,240,1
7537,5050012172,"GERALDO, GARRY B.",COM1,240,1
7538,5050012181,"FALGUERA, GREGORIO ESQUIBEL",RES2,240,1
7539,5050012183,"GO, JONALYN R.",RES1,240,1
7540,5050020240,"ARIZA, TEODULO",RES4,240,1
7541,5050020250,"ARIZA, TEODULO JR.",RES2,240,1
7542,5050020270,"CORRO, DOMINADOR",RES3,240,1
7543,5050021685,"COSTELO, PIO",RES4,240,1
7544,5050021690,"BULLECER, RUFINO",RES3,240,1
7545,5050021695,"PENARANDA, JOSE",RES2,240,1
7546,5050021794,"VISTO, NATIVIDAD A.",RES1,240,1
7547,5050030545,"FALGUERA, NENITA C./BENJAMIN",RES1,240,1
7548,5050030565,"TAALA, RODERICK A.",RES1,240,1
7549,5050030706,"TIZON, CRISTOPHER",RES2,240,1
7550,5050030707,"LIGUTAN, JOAQUIN",RES1,240,1
7551,5050030709,"ARIZO, CERIACO",RES2,240,1
7552,5050030710,"AYUSTE, GUILLERMO",RES4,240,1
7553,5050030711,"QUEBEC, JUDITHA",RES1,240,1
7554,5050030713,"EDANG, OSCAR",RES3,240,1
7555,5050030714,"FALGUERA, ULPIANO",RES4,240,1
7556,5050030716,"DEMARANAN, AMALIA",RES1,240,1
7557,5050030717,"CUESTA, PEDRO",RES1,240,1
7558,5050030718,"LAUSIN, AURELIA",RES1,240,1
7559,5050030720,"BALAIS, RODRIGO",RES1,240,1
7560,5050030722,"CADORNA, LOURDES",RES1,240,1
7561,5050030725,"LAUSIN, CARIDAD",RES4,240,1
7562,5050030729,"SALVACION, MARICEL",RES1,240,1
7563,5050030730,"TAALA, PRUDENCIO",RES1,240,1
7564,5050030731,"TAALA, ANALYN",RES1,240,1
7565,5050030732,"COSEP, KARIN",RES1,240,1
7566,5050030733,"AGARRO, IRENE",RES1,240,1
7567,5050030735,"TAALA, MILAGROS",RES1,240,1
7568,5050030736,"TAALA, MARISSA",RES1,240,1
7569,5050030737,"ORENDEZ, JOSE NOEL",RES1,240,1
7570,5050030738,"COSTELO, LEAH",RES1,240,1
7571,5050030739,"DAROLE, ESTRILLETA A.",RES1,240,1
7572,5050030740,"ALAO, MERLYN",RES2,240,1
7573,5050030741,"COSTELO, ELMER",RES1,240,1
7574,5050030742,"DAROLE, AMALIA",RES1,240,1
7575,5050030743,"YOBIA, REYNALDO",RES1,240,1
7576,5050030744,"COTONER, JOAQUIN",RES2,240,1
7577,5050030746,"CATENZA, EUTIQUIA",RES1,240,1
7578,5050030747,"CADORNA, DIETA",RES1,240,1
7579,5050030748,"TANOLA, TERESITA",RES4,240,1
7580,5050030749,"MORA?A, BELINDA",RES1,240,1
7581,5050030750,"VILLENA, LUIS JR.",RES1,240,1
7582,5050030751,"MORA?A, DELIA",RES1,240,1
7583,5050030752,"MORA?A, ANITA",RES1,240,1
7584,5050030753,"SARMIENTO, LEDELIA",RES1,240,1
7585,5050030754,"TA?OLA, EMELITA",RES1,240,1
7586,5050030755,"ASPA, MIGUEL",RES1,240,1
7587,5050030756,BANAWANG ELEMENTARY SCHOOL,PB,240,1
7588,5050030757,"COTONER, IAN POL",RES1,240,1
7589,5050030758,"CATENZA, ANNABEL",RES1,240,1
7590,5050030759,"ROBENTA, ROMEO",RES1,240,1
7591,5050030760,"BALDONADO, DOMINADOR",RES2,240,1
7592,5050030761,"PANGAN, ELIZABETH",RES2,240,1
7593,5050030762,"CADIENTE, MARITA",RES1,240,1
7594,5050030763,"YOBIA, RUFO",RES2,240,1
7595,5050030764,"MORANA, RECHEL",RES2,240,1
7596,5050030765,"SUSAYA, NOEL",RES1,240,1
7597,5050030766,"LAGADAY, THELMA",RES1,240,1
7598,5050030767,"CANABE, SHARELYMEN S.",RES2,240,1
7599,5050030768,"CADORNA, JOLLY-AN T.",RES1,240,1
7600,5050030769,"COSTELO, MINERVA B.",RES1,240,1
7601,5050030770,"ASPA, GREGORIO",RES3,240,1
7602,5050030771,"CORSANES,, FELIPE",RES1,240,1
7603,5050030772,"ALAO, GREGORIA",RES1,240,1
7604,5050030773,"MACARANDAN, GAUDIOSA",RES1,240,1
7605,5050030774,"LOZANO, LEA",RES2,240,1
7606,5050030775,"CATENZA, ROBERTO",RES2,240,1
7607,5050030776,"AGDA, EDITHA",RES1,240,1
7608,5050030777,"ORTIZ, JULIAN",RES1,240,1
7609,5050030778,"SUSAYA, JOSEPH",RES1,240,1
7610,5050030779,"ARANTE, EDUARDO",RES1,240,1
7611,5050030780,"PANAO, ROMUALDO",RES1,240,1
7612,5050030781,"CUNA, ROSELYN",RES1,240,1
7613,5050030782,"FLORENDO, SALVACION",RES1,240,1
7614,5050030783,"ACEBO, ANGELIE G./LEMUEL",RES2,240,1
7615,5050030785,"ACEBU,ANGEL",RES1,240,1
7616,5050030790,"ABONALES, EUFEMIA",RES3,240,1
7617,5050030791,"BUGAL, JOEY",RES1,240,1
7618,5050030795,"COTONER, JOYLYN",RES1,240,1
7619,5050030796,"ARAZA, ROMAN",RES2,240,1
7620,5050030800,"BALDONADO, MARIANO",RES1,240,1
7621,5050030802,"SALVACION, EVELYN",RES2,240,1
7622,5050030803,"LORA, IDA",RES1,240,1
7623,5050030804,"SORIANO, JANEN",RES1,240,1
7624,5050030810,"LAUS, ESTANISLAO",RES1,240,1
7625,5050030815,"SUSAYA, NENITA",RES1,240,1
7626,5050030820,"FALGUERA, ZACARIAS",RES3,240,1
7627,5050030840,"QUIBA, DIOSCORO",RES1,240,1
7628,5050030841,"VILLENA, FELIX",RES1,240,1
7629,5050030842,"EGUIA, ROSALINDA",RES2,240,1
7630,5050030844,"LAGADAY, THELMA",RES1,240,1
7631,5050030845,"MORA?A, SILVERIO",RES1,240,1
7632,5050030847,"VILLENA, MIGUEL",RES1,240,1
7633,5050030848,"PACLE, PRESENTACION",RES2,240,1
7634,5050030849,"QUEBEC, TERESITA",RES2,240,1
7635,5050030850,"AYUSTE, SHIELA",RES1,240,1
7636,5050030851,"COTONER, RUTCHEL",RES1,240,1
7637,5050030852,"CADIENTE, ANACORITA",RES1,240,1
7638,5050030853,"TA?OLA, ROSENDA",RES1,240,1
7639,5050030854,"SUSAYA, GERRY",RES1,240,1
7640,5050030855,"BOSCAYA, BENEDICTO",RES1,240,1
7641,5050030858,"COTONER, MARY GRACE",RES3,240,1
7642,5050030859,"PUYAT, LOURDESITA",RES1,240,1
7643,5050030860,"SARMIENTO, FELICITO",RES1,240,1
7644,5050030861,"PACLE, CELESTINO",RES1,240,1
7645,5050030862,"FALGUERA, GREGORIO",RES1,240,1
7646,5050030863,"LAGADAY, SHEILA",RES1,240,1
7647,5050030865,CHURCH OF CHRIST,PB,240,1
7648,5050030895,"PILANDE, MAGDALINA P.",RES1,240,1
7649,5050030940,"GARBO, ROBERTO JR. A.",RES1,240,1
7650,5050030945,"TAÑOLA, ESTRELLA L.",RES1,240,1
7651,5050030980,"OPRIN, MARIVIC A.",RES3,240,1
7652,5050030995,"ABONALES, JAMES C.",RES2,240,1
7653,5050031055,"TANALA, FELICIANA B.",RES1,240,1
7654,5050031095,"ABRIL, ERICKSON B.",RES1,240,1
7655,5050031100,"CADORNA, VALENTINA S.",RES1,240,1
7656,5050031110,"MONZALES, SUSAN A.",RES1,240,1
7657,5050031120,"BALAIS, JESSICA I.",RES1,240,1
7658,5050031125,"PANAO, ROMUALDO III A.",RES1,240,1
7659,5050031140,"FALGUERA, FEDELIZA D.",RES1,240,1
7660,5050031150,"GARBO, CHELO A.",RES1,240,1
7661,5050031155,"PANIS, EMERITA B.",RES1,240,1
7662,5050031160,"TAALA, ADELITA R.",RES1,240,1
7663,5050031175,"HERMO, NANCY S.",RES1,240,1
7664,5050031190,"CATRE, ARMANDO M.",RES1,240,1
7665,5050031200,"AFABLE, SALDY A.",RES1,240,1
7666,5050031205,"MORAÑA, REBECCA P.",RES2,240,1
7667,5050031210,"RAPIZ, JOSEPHINE C.",RES2,240,1
7668,5050031220,"SUSAYA, JERRY M.",RES1,240,1
7669,5050031230,"FALGUERA, RHEMA C.",RES3,240,1
7670,5050031240,"VILLENA, RICHARD P.",RES2,240,1
7671,5050031250,"BALTAR, ALLAN C.",RES1,240,1
7672,5050031255,"CADIENTE, ROSEMARIE R.",RES1,240,1
7673,5050031260,"CADIENTE, JUNALYN D.",RES2,240,1
7674,5050031265,"CATRE, RUPERTO M.",RES1,240,1
7675,5050031280,"CADORNA, JONATHAN S.",RES1,240,1
7676,5050031285,"CADORNA, ARVIN ",RES1,240,1
7677,5050031290,"CATENZA, DIONESIA A.",RES1,240,1
7678,5050031295,"TAÑOLA, LOLITA E.",RES1,240,1
7679,5050031300,"ASPA, ROLANDO M.",RES1,240,1
7680,5050031305,"LIANZA, MARICEL P.",RES1,240,1
7681,5050031320,"DAROLE, ANGESTAL C.",RES2,240,1
7682,5050031402,"TAÑALA, TOMAS FALLORINA",RES1,240,1
7683,5050031403,"COSTELO, AIZA BURANDAY",RES1,240,1
7684,5050031406,"TAALA, RITCHE ARGUELLES",RES1,240,1
7685,5050031410,"YOBIA, RUBEN CUESTA",COM1,240,1
7686,5050031411,"VILLENA, NELSON",RES3,240,1
7687,5050040022,"SUSAYA, MARCELO",RES1,240,1
7688,5050040023,"SUSAYA, VIRGILIO",RES1,240,1
7689,5050040025,"BRUN, CARINA",RES1,240,1
7690,5050040027,"BACULBAS, SALLY",RES4,240,1
7691,5050040028,"ASOY, RALYN",RES1,240,1
7692,5050040029,"PARENA, CRESILDA",RES3,240,1
7693,5050040030,TUNGA LIVELIHOOD RESOURCES/LAPLANA,PB,240,1
7694,5050040031,"YOBIA, ESTELITA",RES1,240,1
7695,5050040032,"ASOY, RONALDO",RES1,240,1
7696,5050040033,"DAVOCOL, ARNOLD",RES1,240,1
7697,5050040034,"OYZON, SAMUEL A./MARINA",RES1,240,1
7698,5050040035,"PARINAS, RUEL",RES4,240,1
7699,5050040040,"GRAPANI, MATILDE",RES1,240,1
7700,5050040044,"FANTASTICO, LEA",RES2,240,1
7701,5050040046,"LIM, ALICIA",RES2,240,1
7702,5050040050,"APOSTOL, JOSE",RES2,240,1
7703,5050040053,"APOSTOL, ALVIN",RES3,240,1
7704,5050040055,BALIRE ELEM. SCHOOL,PB,240,1
7705,5050040056,"LARGADO, CLARITA",RES3,240,1
7706,5050040065,"BUNALES, SOCORRO",RES1,240,1
7707,5050040070,"APOSTOL, ESTELITA",RES3,240,1
7708,5050040080,"ADRALES, WENCESLAO",RES1,240,1
7709,5050040085,"QUIMNO, LEONARDO P.",RES2,240,1
7710,5050040090,"LABARDA, EDILBERTO",RES2,240,1
7711,5050040105,"DAVOCOL, ALFREDO",RES2,240,1
7712,5050040110,"DAVOCOL, DOMINADOR JR.",RES3,240,1
7713,5050040111,"DAVOCOL, JACQUILINE",RES3,240,1
7714,5050040112,"DAVOCOL, MELINDA",RES3,240,1
7715,5050040113,"SALVACION, MARIANITA",RES1,240,1
7716,5050040114,"DE LA CRUZ, AGNES",RES1,240,1
7717,5050040115,"BUGAL, ELMO",RES1,240,1
7718,5050040116,"DAVOCOL, ARMIDA",RES4,240,1
7719,5050040120,"LIGUTAN, GAUDIOSO",RES2,240,1
7720,5050040125,"DAVOCOL, MARIO",RES1,240,1
7721,5050040126,"ALVARADO, FERNANDO",RES4,240,1
7722,5050040127,"BULLECER, TARCELA",RES1,240,1
7723,5050040128,"LABARDA, ROSALIMA",RES3,240,1
7724,5050040129,"LABARDA, EDMUNDO",RES1,240,1
7725,5050040130,"BUGAL, CASTULO",RES1,240,1
7726,5050040135,"CATINDOY, HELEN",RES3,240,1
7727,5050040140,"LABARDA, ALMA",RES1,240,1
7728,5050040150,"LABARDA, PABLO",RES1,240,1
7729,5050040155,"LABARDA, ERLINDA",RES3,240,1
7730,5050040160,"LABARDA, PRIMITIVA",RES4,240,1
7731,5050040163,"LEROM, RETO",RES2,240,1
7732,5050040164,"BELTRAN, ALONZO",RES1,240,1
7733,5050040165,"BELTRAN, DESIDERIA",RES1,240,1
7734,5050040166,"LABANANCIA, MARIFE",RES2,240,1
7735,5050040168,"BELTRAN, TERESITA",RES1,240,1
7736,5050040169,"VILLAS, VIRGINIA",RES4,240,1
7737,5050040170,"ARINTOK, FELIPE",RES2,240,1
7738,5050040175,"BOQUILA, EMMA D./ROGELIO",RES2,240,1
7739,5050040180,"APOSTOL, FELICIDAD",RES3,240,1
7740,5050040190,"PRUDENTE, MILAGROS",RES3,240,1
7741,5050040200,"ARGUELLES, JULIA",RES1,240,1
7742,5050040210,"BERTIS, TEODORA",RES1,240,1
7743,5050040225,"BELTRAN, JUANITO C./MONICA",RES2,240,1
7744,5050040230,"LABARDA, ANTONIO",RES1,240,1
7745,5050040231,"TAN, NORMA",RES3,240,1
7746,5050040232,"BELTRAN, DIONESIO",RES1,240,1
7747,5050040233,"ARGUELLES, MERLE C.",RES1,240,1
7748,5050040235,"LABARDA, EDMUNDO",RES4,240,1
7749,5050040237,"PRUDENTE, EMMA",RES4,240,1
7750,5050040245,"GLORE, VICENTE R.",RES1,240,1
7751,5050040260,"OROGAN, GLORIA",RES1,240,1
7752,5050040270,"ANIMAS, JOSE",RES1,240,1
7753,5050040280,"CABILLAN, EDITHA",COM2,240,1
7754,5050040285,"ALABATA, NILO E.",RES1,240,1
7755,5050040290,"CABILLAN, VIRGINIA",RES2,240,1
7756,5050040305,"PERMEJO, FEDERICO D.",RES2,240,1
7757,5050040310,"ASTORGA, MARINA I.",RES3,240,1
7758,5050040320,"KAWASHIMA, NENITA",RES1,240,1
7759,5050040330,"CABILLAN, ROMEO",RES3,240,1
7760,5050040334,"CABILLAN, EVELYN",RES2,240,1
7761,5050040336,"MALLARI, VIOLETA",RES1,240,1
7762,5050040337,"DUAVES, BONIFACIO",RES1,240,1
7763,5050040338,"DUAVIS, PABLO",RES2,240,1
7764,5050040339,"BACULANTA, TERESITA",RES2,240,1
7765,5050040340,"GRAPANI, GRACE",RES3,240,1
7766,5050040341,"BACULANTA, JUANITO",RES1,240,1
7767,5050040342,"DUAVIS, LUCINA",RES1,240,1
7768,5050040360,"RONQUILLO, INES",RES3,240,1
7769,5050040362,"DAGASDAS, REBECCA",RES3,240,1
7770,5050040364,"CAUBALEJO, ROSALINDA",RES1,240,1
7771,5050040365,"CAUBALEJO, LUCINA",RES1,240,1
7772,5050040370,"DARANTINAO, GENOVIVA",RES4,240,1
7773,5050040377,"OBALAN, JESUS, JR.",RES1,240,1
7774,5050040380,"BACULBAS, PILAR",RES4,240,1
7775,5050040386,"OBALAN, MELANIA",RES1,240,1
7776,5050040399,"LAMSIN, GEMMA",RES2,240,1
7777,5050040400,"CABORNIDA, ILUMINADA",RES1,240,1
7778,5050040401,"OBALAN, JOSE",RES1,240,1
7779,5050040402,"OBALAN, MARY ANN",RES2,240,1
7780,5050040403,"CABORNIDA, PEDRO",RES1,240,1
7781,5050040404,"NARIDO, ELVIS",RES4,240,1
7782,5050040405,"CABRERA, OFELIA",RES3,240,1
7783,5050040406,"FALLER, DOMINGO",RES3,240,1
7784,5050040407,"NARIDO, RUEL",RES2,240,1
7785,5050040408,"OBALAN, ROWENA",RES2,240,1
7786,5050040410,"GUY, WILFORD MARK",RES2,240,1
7787,5050040415,"NARIDO, JAIME",RES3,240,1
7788,5050040417,"NARIDO, ARTURO",RES1,240,1
7789,5050040418,"CASTRO, ROBERT",RES1,240,1
7790,5050040420,"NARIDO, ALBERTO",RES3,240,1
7791,5050040430,"NARIDO, WENCESLAO",RES4,240,1
7792,5050040440,"NARIDO, ARTURO",RES3,240,1
7793,5050040445,"ACUIN, DIONESIA B. ",RES1,240,1
7794,5050040450,"NARIDO, EDNA",RES2,240,1
7795,5050040455,"NARIDO, TEODORO S./MARILYN",RES1,240,1
7796,5050040515,"NUQUI, CRISTINA S.",RES2,240,1
7797,5050040535,"ADRALES, WENCESLAO JR. A.",RES1,240,1
7798,5050040555,"QUEBEC, LINA A.",RES1,240,1
7799,5050040580,"ACEBO, LUIS",RES1,240,1
7800,5050040585,"PERNES, MANUELITA",RES1,240,1
7801,5050040600,"BRGY. STAGE/PADULLA, ARTURO",PB,240,1
7802,5050040605,"BIRAO, GEMMA",RES3,240,1
7803,5050040635,"ACEJO, MARTIN L.",RES1,240,1
7804,5050040650,"QUINTANA, AMANDA",RES1,240,1
7805,5050040656,"QUINTANA, RITO",RES3,240,1
7806,5050040676,"DRILON, ROMULO",RES1,240,1
7807,5050040687,"BACULBAS, CLARISSA Q.",RES2,240,1
7808,5050040715,"DUAVIS, MELANIE C.",RES1,240,1
7809,5050040720,"ASTORGA, ABDON",RES2,240,1
7810,5050040753,"CANDAZA, PORFERIO",RES2,240,1
7811,5050040754,"QUIDLAT, COLITA",RES2,240,1
7812,5050040760,"PERIDA, LYDIA",RES3,240,1
7813,5050040770,"MACARANDAN, EVANGELINE",RES2,240,1
7814,5050040775,"MACARANDAN, RICARDO A.",RES2,240,1
7815,5050040785,"RONQUILLO, MA. DELIA M.",RES1,240,1
7816,5050040790,"LORECA, RODOLFO",RES3,240,1
7817,5050040795,"LUCE?O, THELMA",RES3,240,1
7818,5050040806,"LAGERA, ERLINDA",RES4,240,1
7819,5050040844,"LUCELO, AMELIA",RES2,240,1
7820,5050040855,"ASTORGA, VERAFLEUR B.",RES1,240,1
7821,5050040875,"ASTORGA, ERIBERTO C.",COM1,240,1
7822,5050040885,"ASTORGA, ERIBERTO C.",COM1,240,1
7823,5050040895,"ABANGO ELEM. SCHOOL C/O ALA, ROMEO",PB,240,1
7824,5050040901,"DARNAYLA, JULITA",RES3,240,1
7825,5050040912,"DARNAYLA, RENATO",RES3,240,1
7826,5050040929,"DORMAL, JOSSIE",RES2,240,1
7827,5050040932,"ESTIL, JOSE",RES3,240,1
7828,5050040940,"ARPON, ROSITA",RES2,240,1
7829,5050040942,"GALAGATA, CLEMENCIA",RES2,240,1
7830,5050040943,"ROCHA, JOSEFINA",RES1,240,1
7831,5050040960,"LIZARDO, GABRIEL",RES2,240,1
7832,5050040964,"GUALBERTO, JOVITA",RES1,240,1
7833,5050040969,"PETALLANA, NENITA",RES4,240,1
7834,5050040990,"AVILA, ANATOLIO",RES2,240,1
7835,5050040999,"COSTELO, ANNA MARIE",RES1,240,1
7836,5050041007,"COSTELO, EDERLINA",RES2,240,1
7837,5050041012,"CABELON, ASELA",RES2,240,1
7838,5050041015,"LIGUTAN, ARGAY C. ",RES1,240,1
7839,5050041035,"DUAVIS, PURIFICACION C.",RES1,240,1
7840,5050041055,"BRUN, ALBERTO B.",RES2,240,1
7841,5050041073,"DELECTOR, FELOMINO",RES4,240,1
7842,5050041077,"NALDA, NOE",RES2,240,1
7843,5050041079,"BACTOL, YOLANDA",RES2,240,1
7844,5050041095,"PONFERRADA, LEANDRO",RES3,240,1
7845,5050041115,"DUAVIS, ROSARIO S.",RES3,240,1
7846,5050041125,"COMENDADOR, IRISH Y.",RES2,240,1
7847,5050041135,"VILLASAN, LUCIANA",RES1,240,1
7848,5050041145,"CANDAZA, PATRICIO A.",RES1,240,1
7849,5050041163,"MOLABOLA, JANET",RES1,240,1
7850,5050041164,"PAREJA, ARLENE",RES2,240,1
7851,5050041170,"AYUSTE, RONALD",RES1,240,1
7852,5050041175,"RAMISO, LILIES JR.",RES1,240,1
7853,5050041182,"ASPA, GERONIMA",RES1,240,1
7854,5050041185,"LEONZANIDA, GINA",RES4,240,1
7855,5050041186,"MAKABENTA, RAQUEL",RES1,240,1
7856,5050041210,"LAGERA, RODOLFO JAY",RES1,240,1
7857,5050041211,"CORTEL, AGNES",RES1,240,1
7858,5050041215,"RONQUILLO, ANJANETTE B.",RES1,240,1
7859,5050041225,"DUAVIS, GUILLERMO C.",RES1,240,1
7860,5050041230,"DAVOCOL, MARIA FATIMA B.",RES2,240,1
7861,5050041235,"CAUBALEJO, GRACIANO B.",RES1,240,1
7862,5050041240,"BUSANTE, FRANCISCO L.",RES1,240,1
7863,5050041250,"DRILON, CONNIE A.",RES1,240,1
7864,5050041265,"OYZON, KAREN L.",RES3,240,1
7865,5050041280,"DELGADO, EDNA E.",RES2,240,1
7866,5050041290,"BIBAT, VILNA N.",RES3,240,1
7867,5050041305,"BELTRAN, GENEVIEVE O.",RES1,240,1
7868,5050041310,"MALDA, MARY U.",RES1,240,1
7869,5050041315,"LARRAGA, VAL ULYSES G.",RES3,240,1
7870,5050041320,"BORER, JONNA B.",RES1,240,1
7871,5050041325,"CAUBALEJO, LUIS",RES1,240,1
7872,5050041330,"ARINTOC, AILEEN",RES1,240,1
7873,5050041335,"CORAÑES, RUFINO SOSING",RES1,240,1
7874,5050041345,"BAUTISTA, ELENA C.",RES1,240,1
7875,5050041673,"MALDA, CHARITA U.",RES1,240,1
7876,5050041677,"NIVAL, JOAN O.",RES2,240,1
7877,5050041678,"NIVAL, FERDINAND D.",RES3,240,1
7878,5050041691,"NARIDO, WENCESLAO LLOSE JR.",RES4,240,1
7879,5050041693,"LABARDA, NERISA CAMILONG",RES2,240,1
7880,5050041694,"APAN, RODRIGO GLORI JR.",RES1,240,1
7881,5050041696,"TALACAY, LUZVIMINDA A.",COM2,240,1
7882,5050041699,"FLORES, ELIZABETH CAÑON",RES3,240,1
7883,5050041700,"TAMACA, STEPHANIE KAY DAGO",RES1,240,1
7884,5050041701,"LIROM, ARSENIO C. JR.",RES1,240,1
7885,5050041702,"SARZOSA, TEODORO",RES1,240,1
7886,5050041703,"AGUIL, JASON",RES1,240,1
7887,5050041704,"AGUL, ROMELITA L.",RES1,240,1
7888,5050041705,"CAUBALEJO, ELENA",RES1,240,1
7889,5050041706,"LAGUERTA, GLORIA AGNOTE",RES1,240,1
7890,5050041707,"CABILLAN, TEODORO JR.",RES3,240,1
7891,5050041708,ABANGO DAY CARE CENTER,PB,240,1
7892,5050041709,"CABELIS, ALBERTO L",RES1,240,1
7893,5050041710,"ILUMBA, LEONILA SARABIA",RES1,240,1
7894,5050041711,"ORIOL, NOEL PELIPEL",RES2,240,1
7895,5050041712,"MAKABENTA, ELIZA PAMANIAN",RES1,240,1
7896,5050041713,"LANANTE, ROBINSON ACUIN",RES1,240,1
7897,5050041714,"SAGRADA, RHANCEL ACEBO",RES1,240,1
7898,5050041715,"VILLAS, VIRGINIA A/COKE WAREHOUSE",RES1,240,1
7899,5050041716,"LIANZA, ARTEMIO NIVAL",RES1,240,1
7900,5050041717,"ATUTUBO, RUBEN D.",RES2,240,1
7901,5050041718,"ELIZON, JOEL GAVERO",RES1,240,1
7902,5050041719,"MESIAS, JOSEPH S.",RES1,240,1
7903,5050041720,"ARPON, DOMINADOR C.",RES1,240,1
7904,5050041722,"TALLECER, JACQUILYN",RES3,240,1
7905,5050041723,"CADIENTE, EFREN B.",RES1,240,1
7906,5050041724,"ABUSTAN, AMALIA LODERO",RES4,240,1
7907,5050041727,"PERIDA, MARILYN REYES",RES1,240,1
7908,5050041730,"OBALAN, ROWENA JAVIER",RES1,240,1
7909,5050060105,"PADULLA, CLARITA",RES1,240,1
7910,5050060110,"MACABANSAG, THELMA",RES1,240,1
7911,5050060115,"MACABANSAG, AUREA",RES1,240,1
7912,5050060120,"BELTRAN, BRYAN",RES1,240,1
7913,5050060125,"BALENDO, VIRGILIA",RES1,240,1
7914,5050060130,"LEROM, ELSA",RES1,240,1
7915,5050060135,"LEROM, WILLAM",RES1,240,1
7916,5050060140,"LEROM, JORGE",RES1,240,1
7917,5050060145,"NARIDO, CRESENCIA",RES1,240,1
7918,5050060150,"QUEBEC, NECITAS",RES1,240,1
7919,5050060155,"CABALTERA, BIENVINIDO",RES1,240,1
7920,5050060160,"IBOJO, CRISTITO",RES1,240,1
7921,5050060165,"PADULLA, DOMINGO",RES1,240,1
7922,5050060170,"PADULLA, ISIDRO",RES1,240,1
7923,5050060175,"SUSAYA, TEMOTEO",RES1,240,1
7924,5050060180,"GUY, WILFFORD",RES2,240,1
7925,5050060185,"CABALTERA, MARILYN",RES2,240,1
7926,5050060190,"CAÑESO, PABLO",RES1,240,1
7927,5050060195,"BRIER, ERLINDA",RES1,240,1
7928,5050060200,"URIBE, MARIVIC",RES1,240,1
7929,5050060205,"CUMPA, VIOLETA",RES1,240,1
7930,5050060210,"CAÑAMASO, ROSARIO",RES1,240,1
7931,5050060215,"CAUBALEJO, EDUARDO",RES1,240,1
7932,5050060220,"ALCOBER, ANTONIO",RES1,240,1
7933,5050060225,"BRUN, DOMINADOR",RES1,240,1
7934,5050060230,"CUMPA, GREGORIO",RES1,240,1
7935,5050060235,"BONIFACIO, TEODORA",RES1,240,1
7936,5050060255,"QUEBEC, EUGENE B.",RES1,240,1
7937,5050060260,"CALUBID, MIGUEL G.",RES1,240,1
7938,5050060265,"CABIA-AN, JOEY F.",RES1,240,1
7939,5050060270,"ALCOBER, NILDA I.",RES1,240,1
7940,5050060275,"BELTRAN, CLARA C.",RES1,240,1
7941,5050060282,"LIROM, ROEL B.",RES1,240,1
7942,5050060283,"SARSOSA, MICHAEL P.",RES1,240,1
7943,5050060284,"LABARDA, MYRNA RESILLIO",RES1,240,1
7944,5050060287,"BRIER, AGNES, LABARDA",RES1,240,1
7945,5050060288,"BRIER, JHONAS INDITA",RES1,240,1
7946,5050060289,"LIROM, RYAN B",RES1,240,1
7947,5050720055,"LABARDA, EDMUNDO",INDL1,240,1
7948,5050900080,BRGY. BALIRE ST. LIGHTS,ST,240,1
7949,6060110777,"RIEL, VERONICA",RES1,240,1
7950,20-2084-0054,"SO. HUBAS, TINAGUBAN1",RES1,240,1
7951,20-2084-0055,"SO. HUBAS, TINAGUBAN2",RES1,240,1
7952,20-2084-0056,"SO. HUBAS, TINAGUBAN3",RES1,240,1
7953,20-2084-0057,"SO. HUBAS, TINAGUBAN4",RES1,240,1
7954,20-2084-0058,"SO. HUBAS, TINAGUBAN5",RES1,240,1
7955,20-2084-0059,"SO. HUBAS, TINAGUBAN6",RES1,240,1
7956,20-2084-0062,"SO. HUBAS, TINAGUBAN7",RES1,240,1
7957,20-2084-0063,"SO. HUBAS, TINAGUBAN8",RES1,240,1
7958,20-2084-0064,"SO. HUBAS, TINAGUBAN9",RES1,240,1
7959,20-2084-0065,"SO. HUBAS, TINAGUBAN10",RES1,240,1
7960,20-2084-0067,"SO. HUBAS, TINAGUBAN11",RES1,240,1
7961,20-2084-0068,"SO. HUBAS, TINAGUBAN12",RES1,240,1
7962,20-2084-0069,"SO. HUBAS, TINAGUBAN13",RES1,240,1
7963,20-2084-0070,"SO. HUBAS, TINAGUBAN14",RES1,240,1
7964,20-2084-0071,"SO. HUBAS, TINAGUBAN15",RES1,240,1
7965,20-2084-0072,"SO. HUBAS, TINAGUBAN16",RES1,240,1
7966,20-2084-0073,"SO. HUBAS, TINAGUBAN17",RES1,240,1
7967,20-2084-0074,"SO. HUBAS, TINAGUBAN18",RES1,240,1
7968,20-2084-0075,"SO. HUBAS, TINAGUBAN19",RES1,240,1
7969,20-2084-0076,"SO. HUBAS, TINAGUBAN20",RES1,240,1
7970,20-2084-0077,"SO. HUBAS, TINAGUBAN21",RES1,240,1
7971,20-2084-0078,"SO. HUBAS, TINAGUBAN22",RES1,240,1
7972,20-2084-0080,"SO. HUBAS, TINAGUBAN23",RES1,240,1
7973,20-2084-0084,"SO. HUBAS, TINAGUBAN24",RES1,240,1
7974,20-2084-0085,"SO. HUBAS, TINAGUBAN25",RES1,240,1
7975,20-2084-0086,"SO. HUBAS, TINAGUBAN26",RES1,240,1
7976,20-2084-0087,"SO. HUBAS, TINAGUBAN27",RES1,240,1
7977,20-2085-0035,HILUCTOGAN1,RES2,240,1
7978,20-2085-0036,HILUCTOGAN2,RES2,240,1
7979,20-2085-0037,HILUCTOGAN3,RES2,240,1
7980,20-2085-0038,HILUCTOGAN4,RES2,240,1
7981,20-2085-0039,HILUCTOGAN5,RES2,240,1
7982,20-2085-0040,HILUCTOGAN6,RES2,240,1
7983,20-2085-0041,HILUCTOGAN7,RES2,240,1
7984,20-2085-0042,HILUCTOGAN8,RES2,240,1
7985,20-2085-0043,HILUCTOGAN9,RES2,240,1
7986,20-2085-0044,HILUCTOGAN10,RES2,240,1
7987,20-2085-0045,HILUCTOGAN11,RES2,240,1
7988,20-2085-0046,HILUCTOGAN12,RES2,240,1
7989,20-2085-0047,HILUCTOGAN13,RES2,240,1
7990,20-2085-0048,HILUCTOGAN14,RES2,240,1
7991,20-2085-0049,HILUCTOGAN15,RES2,240,1
7992,20-2085-0051,HILUCTOGAN16,RES2,240,1
7993,20-2085-0052,HILUCTOGAN17,RES2,240,1
7994,20-2085-0053,HILUCTOGAN18,RES2,240,1
7995,20-2085-0054,HILUCTOGAN19,RES2,240,1
7996,20-2085-0055,HILUCTOGAN20,RES2,240,1
7997,20-2085-0056,HILUCTOGAN21,RES2,240,1
7998,20-2085-0057,HILUCTOGAN22,RES2,240,1
7999,20-2085-0058,HILUCTOGAN23,RES2,240,1
8000,20-2085-0059,HILUCTOGAN24,RES2,240,1
8001,20-2085-0060,HILUCTOGAN25,RES2,240,1
8002,20-2085-0061,HILUCTOGAN26,RES2,240,1
8003,20-2085-0062,HILUCTOGAN27,RES2,240,1
8004,20-2085-0063,HILUCTOGAN28,RES2,240,1
8005,20-2085-0064,HILUCTOGAN29,RES2,240,1
8006,20-2085-0065,HILUCTOGAN30,RES2,240,1
8007,20-2085-0066,HILUCTOGAN31,RES2,240,1
8008,20-2085-0067,HILUCTOGAN32,RES2,240,1
8009,20-2085-0068,HILUCTOGAN33,RES2,240,1
8010,20-2085-0069,HILUCTOGAN34,RES2,240,1
8011,20-2085-0070,HILUCTOGAN35,RES2,240,1
8012,20-2085-0071,HILUCTOGAN36,RES2,240,1
8013,20-2085-0072,HILUCTOGAN37,RES2,240,1
8014,20-2085-0073,HILUCTOGAN38,RES2,240,1
8015,20-2085-0074,HILUCTOGAN39,RES2,240,1
8016,20-2085-0075,HILUCTOGAN40,RES2,240,1
8017,20-2085-0076,HILUCTOGAN41,RES2,240,1
8018,20-2085-0077,HILUCTOGAN42,RES2,240,1
8019,20-2085-0078,HILUCTOGAN43,RES2,240,1
8020,20-2085-0079,HILUCTOGAN44,RES2,240,1
8021,20-2085-0080,HILUCTOGAN45,RES2,240,1
8022,20-2085-0081,HILUCTOGAN46,RES2,240,1
8023,20-2085-0082,HILUCTOGAN47,RES2,240,1
8024,20-2085-0083,HILUCTOGAN48,RES2,240,1
8025,20-2085-0084,HILUCTOGAN49,RES2,240,1
8026,20-2085-0085,HILUCTOGAN50,RES2,240,1
8027,20-2085-0086,HILUCTOGAN51,RES2,240,1
8028,20-2085-0087,HILUCTOGAN52,RES2,240,1
8029,20-2085-0088,HILUCTOGAN53,RES2,240,1
8030,20-2085-0089,HILUCTOGAN54,RES2,240,1
8031,20-2085-0090,HILUCTOGAN55,RES2,240,1
8032,20-2085-0091,HILUCTOGAN56,RES2,240,1
8033,20-2085-0092,HILUCTOGAN57,RES2,240,1
8034,20-2085-0093,HILUCTOGAN58,RES2,240,1
8035,20-2085-0094,HILUCTOGAN59,RES2,240,1
8036,20-2085-0095,HILUCTOGAN60,RES2,240,1
8037,20-2085-0096,HILUCTOGAN61,RES2,240,1
8038,20-2085-0097,HILUCTOGAN62,RES2,240,1
8039,20-2085-0098,HILUCTOGAN63,RES2,240,1
8040,20-2085-0099,HILUCTOGAN64,RES2,240,1
8041,20-2085-0100,HILUCTOGAN65,RES2,240,1
8042,20-2085-0101,HILUCTOGAN66,RES2,240,1
8043,20-2085-0102,HILUCTOGAN67,RES2,240,1
8044,20-2085-0103,HILUCTOGAN68,RES2,240,1
8045,20-2085-0104,HILUCTOGAN69,RES2,240,1
8046,20-2085-0105,HILUCTOGAN70,RES2,240,1
8047,20-2085-0106,HILUCTOGAN71,RES2,240,1
8048,20-2085-0107,HILUCTOGAN72,RES2,240,1
8049,20-2085-0108,HILUCTOGAN73,RES2,240,1
8050,20-2085-0109,HILUCTOGAN74,RES2,240,1
8051,20-2085-0110,HILUCTOGAN75,RES2,240,1
8052,20-2085-0111,HILUCTOGAN76,RES2,240,1
8053,20-2085-0112,HILUCTOGAN77,RES2,240,1
8054,20-2085-0113,HILUCTOGAN78,RES2,240,1
8055,20-2085-0114,HILUCTOGAN79,RES2,240,1
8056,20-2085-0115,HILUCTOGAN80,RES2,240,1
8057,20-2086-0101,"SO. PUROGTOK, HILUCTOGAN1",RES1,240,1
8058,20-2086-0102,"SO. PUROGTOK, HILUCTOGAN2",RES1,240,1
8059,20-2086-0103,"SO. PUROGTOK, HILUCTOGAN3",RES1,240,1
8060,20-2086-0104,"SO. PUROGTOK, HILUCTOGAN4",RES1,240,1
8061,20-2086-0105,"SO. PUROGTOK, HILUCTOGAN5",RES1,240,1
8062,20-2086-0106,"SO. PUROGTOK, HILUCTOGAN6",RES1,240,1
8063,20-2086-0107,"SO. PUROGTOK, HILUCTOGAN7",RES1,240,1
8064,20-2086-0108,"SO. PUROGTOK, HILUCTOGAN8",RES1,240,1
8065,20-2086-0109,"SO. PUROGTOK, HILUCTOGAN9",RES1,240,1
8066,20-2086-0110,"SO. PUROGTOK, HILUCTOGAN10",RES1,240,1
8067,20-2086-0111,"SO. PUROGTOK, HILUCTOGAN11",RES1,240,1
8068,20-2086-0112,"SO. PUROGTOK, HILUCTOGAN12",RES1,240,1
8069,20-2086-0113,"SO. PUROGTOK, HILUCTOGAN13",RES1,240,1
8070,20-2086-0114,"SO. PUROGTOK, HILUCTOGAN14",RES1,240,1
8071,20-2086-0115,"SO. PUROGTOK, HILUCTOGAN15",RES1,240,1
8072,20-2086-0116,"SO. PUROGTOK, HILUCTOGAN16",RES1,240,1
8073,20-2086-0117,"SO. PUROGTOK, HILUCTOGAN17",RES1,240,1
8074,20-2086-0118,"SO. PUROGTOK, HILUCTOGAN18",RES1,240,1
8075,20-2086-0119,"SO. PUROGTOK, HILUCTOGAN19",RES1,240,1
8076,20-2086-0120,"SO. PUROGTOK, HILUCTOGAN20",RES1,240,1
8077,20-2086-0121,"SO. PUROGTOK, HILUCTOGAN21",RES1,240,1
8078,20-2086-0122,"SO. PUROGTOK, HILUCTOGAN22",RES1,240,1
8079,20-2086-0123,"SO. PUROGTOK, HILUCTOGAN23",RES1,240,1
8080,20-2086-0124,"SO. PUROGTOK, HILUCTOGAN24",RES1,240,1
8081,20-2086-0125,"SO. PUROGTOK, HILUCTOGAN25",RES1,240,1
8082,20-2086-0126,"SO. PUROGTOK, HILUCTOGAN26",RES1,240,1
8083,20-2086-0127,"SO. PUROGTOK, HILUCTOGAN27",RES1,240,1
8084,20-2086-0128,"SO. PUROGTOK, HILUCTOGAN28",RES1,240,1
8085,20-2086-0129,"SO. PUROGTOK, HILUCTOGAN29",RES1,240,1
8086,20-2086-0130,"SO. PUROGTOK, HILUCTOGAN30",RES1,240,1
8087,20-2086-0131,"SO. PUROGTOK, HILUCTOGAN31",RES1,240,1
8088,20-2086-0132,"SO. PUROGTOK, HILUCTOGAN32",RES1,240,1
8089,20-2086-0133,"SO. PUROGTOK, HILUCTOGAN33",RES1,240,1
8090,20-2086-0134,"SO. PUROGTOK, HILUCTOGAN34",RES1,240,1
8091,20-2087-0001,LOWER MANLOY1,RES3,240,1
8092,20-2087-0002,LOWER MANLOY2,RES3,240,1
8093,20-2087-0003,LOWER MANLOY3,RES3,240,1
8094,20-2087-0004,LOWER MANLOY4,RES3,240,1
8095,20-2087-0005,LOWER MANLOY5,RES3,240,1
8096,20-2087-0006,LOWER MANLOY6,RES3,240,1
8097,20-2087-0007,LOWER MANLOY7,RES3,240,1
8098,20-2087-0008,LOWER MANLOY8,RES3,240,1
8099,20-2087-0009,LOWER MANLOY9,RES3,240,1
8100,20-2087-0010,LOWER MANLOY10,RES3,240,1
8101,20-2087-0011,LOWER MANLOY11,RES3,240,1
8102,20-2087-0012,LOWER MANLOY12,RES3,240,1
8103,20-2087-0013,LOWER MANLOY13,RES3,240,1
8104,20-2087-0014,LOWER MANLOY14,RES3,240,1
8105,20-2087-0015,LOWER MANLOY15,RES3,240,1
8106,20-2087-0016,LOWER MANLOY16,RES3,240,1
8107,20-2087-0017,LOWER MANLOY17,RES3,240,1
8108,20-2087-0018,LOWER MANLOY18,RES3,240,1
8109,20-2087-0019,LOWER MANLOY19,RES3,240,1
8110,20-2087-0020,LOWER MANLOY20,RES3,240,1
8111,20-2087-0021,LOWER MANLOY21,RES3,240,1
8112,20-2087-0022,LOWER MANLOY22,RES3,240,1
8113,20-2087-0023,LOWER MANLOY23,RES3,240,1
8114,20-2087-0024,LOWER MANLOY24,RES3,240,1
8115,20-2087-0025,LOWER MANLOY25,RES3,240,1
8116,20-2087-0026,LOWER MANLOY26,RES3,240,1
8117,20-2087-0027,LOWER MANLOY27,RES3,240,1
8118,20-2087-0028,LOWER MANLOY28,RES3,240,1
8119,20-2087-0029,LOWER MANLOY29,RES3,240,1
8120,20-2087-0030,LOWER MANLOY30,RES3,240,1
8121,20-2087-0031,LOWER MANLOY31,RES3,240,1
8122,20-2087-0032,LOWER MANLOY32,RES3,240,1
8123,20-2087-0033,LOWER MANLOY33,RES3,240,1
8124,20-2087-0034,LOWER MANLOY34,RES3,240,1
8125,20-2087-0035,LOWER MANLOY35,RES3,240,1
8126,20-2087-0036,LOWER MANLOY36,RES3,240,1
8127,20-2087-0037,LOWER MANLOY37,RES3,240,1
8128,20-2087-0038,LOWER MANLOY38,RES3,240,1
8129,20-2087-0039,LOWER MANLOY39,RES3,240,1
8130,20-2087-0040,LOWER MANLOY40,RES3,240,1
8131,20-2087-0041,LOWER MANLOY41,RES3,240,1
8132,20-2087-0042,LOWER MANLOY42,RES3,240,1
8133,20-2087-0043,LOWER MANLOY43,RES3,240,1
8134,20-2087-0044,LOWER MANLOY44,RES3,240,1
8135,20-2087-0045,LOWER MANLOY45,RES3,240,1
8136,20-2087-0046,LOWER MANLOY46,RES3,240,1
8137,20-2087-0047,LOWER MANLOY47,RES3,240,1
8138,20-2087-0048,LOWER MANLOY48,RES3,240,1
8139,20-2087-0049,LOWER MANLOY49,RES3,240,1
8140,20-2087-0050,LOWER MANLOY50,RES3,240,1
8141,20-2087-0051,LOWER MANLOY51,RES3,240,1
8142,20-2087-0052,LOWER MANLOY52,RES3,240,1
8143,20-2087-0053,LOWER MANLOY53,RES3,240,1
8144,20-2087-0054,LOWER MANLOY54,RES3,240,1
8145,20-2087-0055,LOWER MANLOY55,RES3,240,1
8146,20-2087-0056,LOWER MANLOY56,RES3,240,1
8147,20-2087-0057,LOWER MANLOY57,RES3,240,1
8148,20-2087-0058,LOWER MANLOY58,RES3,240,1
8149,20-2087-0059,LOWER MANLOY59,RES3,240,1
8150,20-2087-0060,LOWER MANLOY60,RES3,240,1
8151,20-2087-0061,LOWER MANLOY61,RES3,240,1
8152,20-2087-0062,LOWER MANLOY62,RES3,240,1
8153,20-2087-0063,LOWER MANLOY63,RES3,240,1
8154,20-2087-0064,LOWER MANLOY64,RES3,240,1
8155,20-2087-0065,LOWER MANLOY65,RES3,240,1
8156,20-2087-0066,LOWER MANLOY66,RES3,240,1
8157,20-2087-0067,LOWER MANLOY67,RES3,240,1
8158,20-2087-0068,LOWER MANLOY68,RES3,240,1
8159,20-2087-0069,LOWER MANLOY69,RES3,240,1
8160,20-2087-0070,LOWER MANLOY70,RES3,240,1
8161,20-2087-0071,LOWER MANLOY71,RES3,240,1
8162,20-2087-0072,LOWER MANLOY72,RES3,240,1
8163,20-2087-0073,LOWER MANLOY73,RES3,240,1
8164,20-2087-0074,LOWER MANLOY74,RES3,240,1
8165,20-2087-0075,LOWER MANLOY75,RES3,240,1
8166,20-2087-0076,LOWER MANLOY76,RES3,240,1
8167,20-2087-0077,LOWER MANLOY77,RES3,240,1
8168,20-2087-0078,LOWER MANLOY78,RES3,240,1
8169,20-2087-0079,LOWER MANLOY79,RES3,240,1
8170,20-2087-0080,LOWER MANLOY80,RES3,240,1
8171,20-2087-0081,LOWER MANLOY81,RES3,240,1
8172,20-2087-0082,LOWER MANLOY82,RES3,240,1
8173,20-2087-0083,LOWER MANLOY83,RES3,240,1
8174,20-2087-0084,LOWER MANLOY84,RES3,240,1
8175,20-2087-0085,LOWER MANLOY85,RES3,240,1
8176,20-2087-0086,LOWER MANLOY86,RES3,240,1
8177,20-2087-0087,LOWER MANLOY87,RES3,240,1
8178,20-2087-0088,LOWER MANLOY88,RES3,240,1
8179,20-2087-0089,LOWER MANLOY89,RES3,240,1
8180,20-2087-0090,LOWER MANLOY90,RES3,240,1
8181,20-2087-0091,LOWER MANLOY91,RES3,240,1
8182,20-2087-0092,LOWER MANLOY92,RES3,240,1
8183,20-2087-0093,LOWER MANLOY93,RES3,240,1
8184,20-2087-0094,LOWER MANLOY94,RES3,240,1
8185,20-2087-0095,LOWER MANLOY95,RES3,240,1
8186,20-2087-0096,LOWER MANLOY96,RES3,240,1
8187,20-2087-0097,LOWER MANLOY97,RES3,240,1
8188,20-2087-0098,LOWER MANLOY98,RES3,240,1
8189,20-2087-0099,LOWER MANLOY99,RES3,240,1
8190,20-2087-0100,LOWER MANLOY100,RES3,240,1
8191,20-2087-0101,LOWER MANLOY101,RES3,240,1
8192,20-2087-0102,LOWER MANLOY102,RES3,240,1
8193,20-2087-0103,LOWER MANLOY103,RES3,240,1
8194,20-2087-0104,LOWER MANLOY104,RES3,240,1
8195,20-2087-0105,LOWER MANLOY105,RES3,240,1
8196,20-2087-0106,LOWER MANLOY106,RES3,240,1
8197,20-2087-0107,LOWER MANLOY107,RES3,240,1
8198,20-2087-0108,LOWER MANLOY108,RES3,240,1
8199,20-2087-0109,LOWER MANLOY109,RES3,240,1
8200,20-2087-0110,LOWER MANLOY110,RES3,240,1
8201,20-2087-0111,LOWER MANLOY111,RES3,240,1
8202,20-2087-0112,LOWER MANLOY112,RES3,240,1
8203,20-2087-0113,LOWER MANLOY113,RES3,240,1
8204,20-2087-0114,LOWER MANLOY114,RES3,240,1
8205,20-2087-0115,LOWER MANLOY115,RES3,240,1
8206,20-2087-0116,LOWER MANLOY116,RES3,240,1
8207,20-2087-0117,LOWER MANLOY117,RES3,240,1
8208,20-2088-0066,CANFABI2-1,RES1,240,1
8209,20-2088-0067,CANFABI2-2,RES1,240,1
8210,20-2088-0068,CANFABI2-3,RES1,240,1
8211,20-2088-0069,CANFABI2-4,RES1,240,1
8212,20-2088-0070,CANFABI2-5,RES1,240,1
8213,20-2088-0071,CANFABI2-6,RES1,240,1
8214,20-2088-0072,CANFABI2-7,RES1,240,1
8215,20-2088-0073,CANFABI2-8,RES1,240,1
8216,20-2088-0074,CANFABI2-9,RES1,240,1
8217,20-2088-0075,CANFABI2-10,RES1,240,1
8218,20-2088-0076,CANFABI2-11,RES1,240,1
8219,20-2088-0077,CANFABI2-12,RES1,240,1
8220,20-2088-0078,CANFABI2-13,RES1,240,1
8221,20-2088-0079,CANFABI2-14,RES1,240,1
8222,20-2088-0080,CANFABI2-15,RES1,240,1
8223,20-2088-0081,CANFABI2-16,RES1,240,1
8224,20-2088-0082,CANFABI2-17,RES1,240,1
8225,20-2088-0083,CANFABI2-18,RES1,240,1
8226,20-2088-0084,CANFABI2-19,RES1,240,1
8227,20-2088-0085,CANFABI2-20,RES1,240,1
8228,20-2088-0086,CANFABI2-21,RES1,240,1
8229,20-2088-0087,CANFABI2-22,RES1,240,1
8230,20-2088-0088,CANFABI2-23,RES1,240,1
8231,20-2088-0089,CANFABI2-24,RES1,240,1
8232,20-2088-0090,CANFABI2-25,RES1,240,1
8233,20-2088-0091,CANFABI2-26,RES1,240,1
8234,20-2088-0092,CANFABI2-27,RES1,240,1
8235,20-2088-0093,CANFABI2-28,RES1,240,1
8236,20-2088-0094,CANFABI2-29,RES1,240,1
8237,20-2088-0095,CANFABI2-30,RES1,240,1
8238,20-2088-0096,CANFABI2-31,RES1,240,1
8239,20-2088-0097,CANFABI2-32,RES1,240,1
8240,20-2088-0098,CANFABI2-33,RES1,240,1
8241,20-2088-0099,CANFABI2-34,RES1,240,1
8242,20-2088-0100,CANFABI2-35,RES1,240,1
8243,20-2088-0101,CANFABI2-36,RES1,240,1
8244,20-2088-0102,CANFABI2-37,RES1,240,1
8245,20-2088-0103,CANFABI2-38,RES1,240,1
8246,20-2088-0104,CANFABI2-39,RES1,240,1
8247,20-2088-0105,CANFABI2-40,RES1,240,1
8248,20-2088-0106,CANFABI2-41,RES1,240,1
8249,20-2088-0107,CANFABI2-42,RES1,240,1
8250,20-2089-0036,LOWER HIRAAN2-1,RES2,240,1
8251,20-2089-0037,LOWER HIRAAN2-2,RES2,240,1
8252,20-2089-0038,LOWER HIRAAN2-3,RES2,240,1
8253,20-2089-0039,LOWER HIRAAN2-4,RES2,240,1
8254,20-2089-0040,LOWER HIRAAN2-5,RES2,240,1
8255,20-2089-0041,LOWER HIRAAN2-6,RES2,240,1
8256,20-2089-0042,LOWER HIRAAN2-7,RES2,240,1
8257,20-2089-0043,LOWER HIRAAN2-8,RES2,240,1
8258,20-2089-0044,LOWER HIRAAN2-9,RES2,240,1
8259,20-2089-0045,LOWER HIRAAN2-10,RES2,240,1
8260,20-2089-0046,LOWER HIRAAN2-11,RES2,240,1
8261,20-2089-0047,LOWER HIRAAN2-12,RES2,240,1
8262,20-2089-0048,LOWER HIRAAN2-13,RES2,240,1
8263,20-2089-0049,LOWER HIRAAN2-14,RES2,240,1
8264,20-2089-0050,LOWER HIRAAN2-15,RES2,240,1
8265,20-2089-0051,LOWER HIRAAN2-16,RES2,240,1
8266,20-2089-0052,LOWER HIRAAN2-17,RES2,240,1
8267,20-2089-0053,LOWER HIRAAN2-18,RES2,240,1
8268,20-2089-0054,LOWER HIRAAN2-19,RES2,240,1
8269,20-2089-0055,LOWER HIRAAN2-20,RES2,240,1
8270,20-2089-0056,LOWER HIRAAN2-21,RES2,240,1
8271,20-2089-0057,LOWER HIRAAN2-22,RES2,240,1
8272,20-2089-0058,LOWER HIRAAN2-23,RES2,240,1
8273,20-2089-0059,LOWER HIRAAN2-24,RES2,240,1
8274,20-2089-0060,LOWER HIRAAN2-25,RES2,240,1
8275,20-2089-0061,LOWER HIRAAN2-26,RES2,240,1
8276,20-2089-0062,LOWER HIRAAN2-27,RES2,240,1
8277,20-2089-0063,LOWER HIRAAN2-28,RES2,240,1
8278,20-2089-0064,LOWER HIRAAN2-29,RES2,240,1
8279,20-2089-0065,LOWER HIRAAN2-30,RES2,240,1
8280,20-2089-0066,LOWER HIRAAN2-31,RES2,240,1
8281,20-2089-0067,LOWER HIRAAN2-32,RES2,240,1
8282,20-2089-0068,LOWER HIRAAN2-33,RES2,240,1
8283,20-2089-0069,LOWER HIRAAN2-34,RES2,240,1
8284,20-2089-0070,LOWER HIRAAN2-35,RES2,240,1
8285,20-2089-0071,LOWER HIRAAN2-36,RES2,240,1
8286,20-2089-0072,LOWER HIRAAN2-37,RES2,240,1
8287,20-2089-0073,LOWER HIRAAN2-38,RES2,240,1
8288,20-2091-0042,LIBO2-1,RES1,240,1
8289,20-2091-0043,LIBO2-2,RES1,240,1
8290,20-2091-0044,LIBO2-3,RES1,240,1
8291,20-2091-0046,LIBO2-4,RES1,240,1
8292,20-2091-0047,LIBO2-5,RES1,240,1
8293,20-2091-0048,LIBO2-6,RES1,240,1
8294,20-2091-0049,LIBO2-7,RES1,240,1
8295,20-2091-0050,LIBO2-8,RES1,240,1
8296,20-2091-0051,LIBO2-9,RES1,240,1
8297,20-2091-0052,LIBO2-10,RES1,240,1
8298,20-2091-0053,LIBO2-11,RES1,240,1
8299,20-2091-0054,LIBO2-12,RES1,240,1
8300,20-2091-0055,LIBO2-13,RES1,240,1
8301,20-2091-0056,LIBO2-14,RES1,240,1
8302,20-2091-0057,LIBO2-15,RES1,240,1
8303,20-2091-0059,LIBO2-16,RES1,240,1
8304,20-2091-0060,LIBO2-17,RES1,240,1
8305,20-2091-0061,LIBO2-18,RES1,240,1
8306,20-2091-0062,LIBO2-19,RES1,240,1
8307,20-2091-0063,LIBO2-20,RES1,240,1
8308,20-2091-0064,LIBO2-21,RES1,240,1
8309,20-2091-0065,LIBO2-22,RES1,240,1
8310,20-2091-0066,LIBO2-23,RES1,240,1
8311,20-2091-0067,LIBO2-24,RES1,240,1
8312,20-2091-0068,LIBO2-25,RES1,240,1
8313,20-2091-0069,LIBO2-26,RES1,240,1
8314,20-2091-0070,LIBO2-27,RES1,240,1
8315,20-2091-0071,LIBO2-28,RES1,240,1
8316,20-2091-0072,LIBO2-29,RES1,240,1
8317,20-2091-0073,LIBO2-30,RES1,240,1
8318,20-2091-0074,LIBO2-31,RES1,240,1
8319,20-2091-0075,LIBO2-32,RES1,240,1
8320,30-3083-0168,"SO. LANANTE, BUKID1",RES1,240,1
8321,30-3083-0169,"SO. LANANTE, BUKID2",RES1,240,1
8322,30-3083-0170,"SO. LANANTE, BUKID3",RES1,240,1
8323,30-3083-0171,"SO. LANANTE, BUKID4",RES1,240,1
8324,30-3083-0172,"SO. LANANTE, BUKID5",RES1,240,1
8325,30-3083-0173,"SO. LANANTE, BUKID6",RES1,240,1
8326,30-3083-0175,"SO. LANANTE, BUKID7",RES1,240,1
8327,30-3083-0176,"SO. LANANTE, BUKID8",RES1,240,1
8328,30-3083-0177,"SO. LANANTE, BUKID9",RES1,240,1
8329,30-3083-0178,"SO. LANANTE, BUKID10",RES1,240,1
8330,30-3083-0179,"SO. LANANTE, BUKID11",RES1,240,1
8331,30-3083-0180,"SO. LANANTE, BUKID12",RES1,240,1
8332,30-3083-0181,"SO. LANANTE, BUKID13",RES1,240,1
8333,30-3083-0182,"SO. LANANTE, BUKID14",RES1,240,1
8334,30-3083-0183,"SO. LANANTE, BUKID15",RES1,240,1
8335,30-3083-0184,"SO. LANANTE, BUKID16",RES1,240,1
8336,30-3083-0185,"SO. LANANTE, BUKID17",RES1,240,1
8337,30-3083-0186,"SO. LANANTE, BUKID18",RES1,240,1
8338,30-3084-0080,"BALIRE, BARUGO1",RES2,240,1
8339,30-3084-0081,"BALIRE, BARUGO2",RES2,240,1
8340,30-3084-0082,"BALIRE, BARUGO3",RES2,240,1
8341,30-3084-0083,"BALIRE, BARUGO4",RES2,240,1
8342,30-3084-0084,"BALIRE, BARUGO5",RES2,240,1
8343,30-3084-0085,"BALIRE, BARUGO6",RES2,240,1
8344,30-3084-0086,"BALIRE, BARUGO7",RES2,240,1
8345,30-3084-0087,"BALIRE, BARUGO8",RES2,240,1
8346,30-3084-0088,"BALIRE, BARUGO9",RES2,240,1
8347,30-3084-0089,"BALIRE, BARUGO10",RES2,240,1
8348,30-3084-0090,"BALIRE, BARUGO11",RES2,240,1
8349,30-3084-0091,"BALIRE, BARUGO12",RES2,240,1
8350,30-3084-0092,"BALIRE, BARUGO13",RES2,240,1
8351,30-3084-0093,"BALIRE, BARUGO14",RES2,240,1
8352,30-3084-0094,"BALIRE, BARUGO15",RES2,240,1
8353,30-3084-0095,"BALIRE, BARUGO16",RES2,240,1
8354,30-3084-0096,"BALIRE, BARUGO17",RES2,240,1
8355,30-3084-0097,"BALIRE, BARUGO18",RES2,240,1
8356,30-3084-0098,"BALIRE, BARUGO19",RES2,240,1
8357,30-3084-0099,"BALIRE, BARUGO20",RES2,240,1
8358,30-3084-0100,"BALIRE, BARUGO21",RES2,240,1
8359,30-3084-0101,"BALIRE, BARUGO22",RES2,240,1
8360,30-3084-0102,"BALIRE, BARUGO23",RES2,240,1
8361,30-3084-0103,"BALIRE, BARUGO24",RES2,240,1
8362,30-3084-0104,"BALIRE, BARUGO25",RES2,240,1
8363,30-3084-0105,"BALIRE, BARUGO26",RES2,240,1
8364,30-3084-0106,"BALIRE, BARUGO27",RES2,240,1
8365,30-3084-0107,"BALIRE, BARUGO28",RES2,240,1
8366,30-3084-0108,"BALIRE, BARUGO29",RES2,240,1
8367,30-3084-0109,"BALIRE, BARUGO30",RES2,240,1
8368,30-3084-0111,"BALIRE, BARUGO31",RES2,240,1
8369,30-3084-0112,"BALIRE, BARUGO32",RES2,240,1
8370,30-3084-0113,"BALIRE, BARUGO33",RES2,240,1
8371,30-3084-0114,"BALIRE, BARUGO34",RES2,240,1
8372,30-3084-0115,"BALIRE, BARUGO35",RES2,240,1
8373,30-3084-0116,"BALIRE, BARUGO36",RES2,240,1
8374,30-3084-0117,"BALIRE, BARUGO37",RES2,240,1
8375,30-3084-0118,"BALIRE, BARUGO38",RES2,240,1
8376,30-3084-0119,"BALIRE, BARUGO39",RES2,240,1
8377,30-3084-0120,"BALIRE, BARUGO40",RES2,240,1
8378,30-3084-0121,"BALIRE, BARUGO41",RES2,240,1
8379,30-3084-0122,"BALIRE, BARUGO42",RES2,240,1
8380,30-3084-0123,"BALIRE, BARUGO43",RES2,240,1
8381,30-3084-0124,"BALIRE, BARUGO44",RES2,240,1
8382,30-3084-0125,"BALIRE, BARUGO45",RES2,240,1
8383,30-3084-0126,"BALIRE, BARUGO46",RES2,240,1
8384,30-3084-0127,"BALIRE, BARUGO47",RES2,240,1
8385,30-3084-0128,"BALIRE, BARUGO48",RES2,240,1
8386,30-3084-0129,"BALIRE, BARUGO49",RES2,240,1
8387,30-3084-0130,"BALIRE, BARUGO50",RES2,240,1
8388,30-3084-0131,"BALIRE, BARUGO51",RES2,240,1
8389,30-3084-0132,"BALIRE, BARUGO52",RES2,240,1
8390,30-3084-0133,"BALIRE, BARUGO53",RES2,240,1
8391,30-3084-0134,"BALIRE, BARUGO54",RES2,240,1
8392,30-3084-0135,"BALIRE, BARUGO55",RES2,240,1
8393,30-3084-0136,"BALIRE, BARUGO56",RES2,240,1
8394,30-3084-0137,"BALIRE, BARUGO57",RES2,240,1
8395,30-3084-0138,"BALIRE, BARUGO58",RES2,240,1
8396,30-3084-0139,"BALIRE, BARUGO59",RES2,240,1
8397,30-3084-0140,"BALIRE, BARUGO60",RES2,240,1
8398,30-3084-0141,"BALIRE, BARUGO61",RES2,240,1
8399,30-3084-0142,"BALIRE, BARUGO62",RES2,240,1
8400,30-3084-0143,"BALIRE, BARUGO63",RES2,240,1
8401,50-5083-0031,"BALIRE, TUNGA1",RES1,240,1
8402,50-5083-0032,"BALIRE, TUNGA2",RES1,240,1
8403,50-5083-0033,"BALIRE, TUNGA3",RES1,240,1
8404,50-5083-0034,"BALIRE, TUNGA4",RES1,240,1
8405,50-5083-0035,"BALIRE, TUNGA5",RES1,240,1
8406,50-5083-0036,"BALIRE, TUNGA6",RES1,240,1
8407,50-5083-0037,"BALIRE, TUNGA7",RES1,240,1
8408,50-5083-0038,"BALIRE, TUNGA8",RES1,240,1
8409,50-5083-0039,"BALIRE, TUNGA9",RES1,240,1
8410,50-5084-0021,"BALIRE, TUNGA2-1",RES3,240,1
8411,50-5084-0025,"BALIRE, TUNGA2-2",RES3,240,1
8412,50-5084-0026,"BALIRE, TUNGA2-3",RES3,240,1
8413,50-5084-0027,"BALIRE, TUNGA2-4",RES3,240,1
8414,50-5084-0028,"BALIRE, TUNGA2-5",RES3,240,1
8415,50-5084-0029,"BALIRE, TUNGA2-6",RES3,240,1
8416,50-5084-0030,"BALIRE, TUNGA2-7",RES3,240,1
8417,50-5084-0031,"BALIRE, TUNGA2-8",RES3,240,1
8418,50-5084-0032,"BALIRE, TUNGA2-9",RES3,240,1
8419,50-5084-0033,"BALIRE, TUNGA2-10",RES3,240,1
8420,50-5084-0034,"BALIRE, TUNGA2-11",RES3,240,1
8421,2020720637,J & F DEPARTMENT STORE/ BIENVINIDO G. ONG,INDL3,13200,3
8422,2020720470,"COMBINIDO, EDUARDO RICEMILL",INDL3,13200,3
8423,2020071499,LAND TRANSFORTATION OFFICE,PB,240,1
8424,5050720030,"BELTRAN, PIONIO W/S",RES1,240,1
8425,5050720230,"AYUSTE, VIOLETA W/S",INDL1,240,1
8426,2020720643,"BETERES, RODELIO P.",INDL1,240,1
8427,2020021682,"ABALLA, EDUARDO D",RES1,240,1
8428,2020201135,"ABALLAR, CARLOS L",RES1,240,1
8429,2020210359,"ABALLAR, HERMINIA S.",RES1,240,1
8430,5050080145,"ABALLAR, LUCIANO",RES1,240,1
8431,2020200615,"ABALLAR, PROTACIO",RES4,240,1
8432,2020141869,"ABILAR, MA. FE T.",RES1,240,1
8433,2020550025,"ABORCA, RANILO ROYO",RES2,240,1
8434,2020550035,"ABORCA, RONALYN ROYO",RES1,240,1
8435,2020210235,"ABRERA, ARTURO T.",RES1,240,1
8436,2020470180,"ABRERA, DOLORES",RES2,240,1
8437,2020210345,"ABRERA, ELIZABETH",RES1,240,1
8438,2020151195,"ABRERA, FELIX YACAP",RES1,240,1
8439,2020280175,"ABRERA, MARCELA",RES1,240,1
8440,2020470165,"ABRERA, VENANCIO",RES2,240,1
8441,2020151217,"ABRERA, VIOLETA S",RES1,240,1
8442,3030340189,"ACEBO, ROLANDO",RES2,240,1
8443,2020550227,"ACEBO, WILDREN AVILA",RES1,240,1
8444,2020141944,"ACERDEN, SARAH D.",RES2,240,1
8445,5050070110,"ACERO, ROSIE M.",RES1,240,1
8446,2020161522,"ACOLBE, GLENN",RES1,240,1
8447,2020151179,"ADAP, EDIZA BADILLA",RES1,240,1
8448,2020550006,"ADARNE, NANITA NAVARRA",RES2,240,1
8449,5050012228,"ADOLFO, ROSITA ONG",RES1,240,1
8450,2020280200,"ADONA, VIVIAN",RES1,240,1
8451,2020450220,"ADOPTANTE, VERGENIA",RES3,240,1
8452,2020200223,"ADRALES, ABUN",RES2,240,1
8453,2020201152,"ADRALES, ARIEL B",RES1,240,1
8454,2020200224,"ADRALES, FELIPE",RES2,240,1
8455,2020200197,"ADRALES, NORBERTO",RES1,240,1
8456,2020200221,"ADRALES, NORBERTO",RES1,240,1
8457,5050012226,"AGONOS, ANTHONETTE Y",RES2,240,1
8458,2020021679,"AGOSTO, GILBERT RAZOS",RES4,240,1
8459,2020161547,"AGUIL, RITCHEL JALUWAG",RES1,240,1
8460,2020151187,"AGUILAR, IRENEO A",RES1,240,1
8461,2020201134,"AGUILAR, LINO",RES1,240,1
8462,2020550082,"AGUILAY, MARIA BELEN D",RES3,240,1
8463,2020171410,"AGUILAY, ROBERTO E.",RES1,240,1
8464,2020141914,"AGUILOS, BIEN A",RES1,240,1
8465,2020091593,"AGUILOS, RYAN M",RES3,240,1
8466,2020041661,"AGUJA, KENNETH VINCENT PAMANIAN",COM1,240,1
8467,2020161557,"AGUJA, OLIVER V",RES1,240,1
8468,2020151181,"AGUMBAY, JERMY B",RES2,240,1
8469,2020190475,"AGUNOS, JACINTO",RES3,240,1
8470,2020191100,"AGUNOS, LAIZA RAMIREZ",RES1,240,1
8471,2020310551,"AGUNOS, RINCE D.",RES1,240,1
8472,2020171556,"AGUT, ABEGAIL D",RES1,240,1
8473,2020141923,"AGUT, GENEVIEVE O",RES1,240,1
8474,2020200329,"ALALID, ALICIA",RES1,240,1
8475,2020200308,"ALALID, FLORA",RES2,240,1
8476,2020200865,"ALALID, JESSICA B.",RES1,240,1
8477,2020200234,"ALALID, MAGDALINA",RES2,240,1
8478,2020200235,"ALALID, WENEFREDA",RES3,240,1
8479,5050031439,"ALAO, GEMMA TULFO",RES1,240,1
8480,2020210215,"ALAO, RAUL S.",RES2,240,1
8481,2020032003,"ALCOY, BENITA RAPAZ",RES2,240,1
8482,2020012352,"ALDERITE, MARINO C",RES4,240,1
8483,2020270468,"ALECHA, PIO",RES2,240,1
8484,2020270471,"ALICHA, JOCELYN R",RES1,240,1
8485,2020550210,"ALOB, ALEJANDRO PACAÑA",RES1,240,1
8486,2020550136,"ALTERADO, MA. EMMA",RES1,240,1
8487,2020550033,"ALVARES, LUISA V.",RES1,240,1
8488,2020550120,"ALVAREZ, ADORMITA S.",RES1,240,1
8489,2020550162,"ALVAREZ, ANABEL ANCHOVAS",RES2,240,1
8490,2020550021,"ALVAREZ, ANALEE BARRANTES",RES1,240,1
8491,2020141924,"ALVAREZ, BENJAMIN JR SALINO",RES1,240,1
8492,2020550014,"ALVAREZ, DOLORES B",RES1,240,1
8493,2020550194,"ALVAREZ, JOSEFINA BARRANTES",RES1,240,1
8494,2020550060,"ALVAREZ, JUNEREL D",RES1,240,1
8495,2020550046,"ALVAREZ, MARIBETH IBAÑEZ",RES3,240,1
8496,2020550019,"ALVAREZ, MARILOU CASAÑGO",RES3,240,1
8497,2020520028,"ALVAREZ, SARAH",RES2,240,1
8498,2020550174,"ALVAREZ, TERESITA VIARINO",RES1,240,1
8499,3030120476,"ALVERO, ANDREW JESUS P.",RES1,240,1
8500,2020091599,"AMORIN, REALYN ORIOL",RES1,240,1
8501,2020171574,"ANAGAP, DENNIS WAEL",RES1,240,1
8502,2020310375,"AÑASCO, JIOSALYN S.",RES1,240,1
8503,2020032009,"ANDRIANO, NORESEL",RES1,240,1
8504,2020550229,"AÑONUEVO, ROSELANE MAY P.",RES1,240,1
8505,2020550156,"AÑONUEVO, SHIELA MAY AYASO",RES2,240,1
8506,2020340718,"ANSUAS, DIOSCORA M",RES1,240,1
8507,2020280195,"ANTIPUESTO, MARIA",RES1,240,1
8508,2020280408,"ANTIPUISTO, EDMER V",RES1,240,1
8509,2020550154,"ANTONIO, EVIE DIAZ",RES1,240,1
8510,2020550196,"ANTONIO, WILFREDO R",RES1,240,1
8511,2020151208,"APAN, FRANCISCO RANCE",RES2,240,1
8512,2020200390,"APAN, JOSE",RES1,240,1
8513,2020021676,"APAN, LOURDES ROBENTA",RES2,240,1
8514,2020151196,"APILADO, ZENAIDA FALLER",RES1,240,1
8515,2020510017,"APLACA, VIVIAN",RES2,240,1
8516,2020550224,"APULAN, JAYSON ORZAL",RES1,240,1
8517,2020550059,"ARAÑO, DEVANY IBAÑEZ",RES4,240,1
8518,2020310255,"ARBALATE, PAULINA",RES1,240,1
8519,2020191087,"ARBOLIDA, ADORNADO M",RES1,240,1
8520,2020171415,"ARBOLIDA, ROMEO O.",RES1,240,1
8521,2020161525,"ARBOLIDA, RYAN D",RES1,240,1
8522,5050060286,"ARCON, ARSENIO P",RES1,240,1
8523,5050041740,"ARCOSEBA, MARIFE DELOVERJES",RES1,240,1
8524,2020091576,"ARCOSIBA, ROSEMARIE IMUS",RES2,240,1
8525,2020180698,"ARDENA, ROPER PANES",RES1,240,1
8526,2020450260,"ARGUELLES, ARTURO",RES2,240,1
8527,2020151202,"ARGUELLES, CHARLITA",RES1,240,1
8528,2020370461,"ARGUELLES, CLARA",RES1,240,1
8529,2020141916,"ARGUELLES, EMMA F",RES1,240,1
8530,5050080171,"ARGUELLES, ERLINDA NUEVO",RES1,240,1
8531,2020201167,"ARGUILLES, TERESA H",RES1,240,1
8532,2020550087,"ARIATE, CORITA E",RES2,240,1
8533,5050040002,"ARINTOC, FLORENTINA",RES2,240,1
8534,2020200066,"ARIZA, ISAIAS",RES3,240,1
8535,2020121720,"ARMENDI, CATHYRINE REGONIA",RES1,240,1
8536,2020310390,"ARMENIO, ADELYN",RES1,240,1
8537,2020310569,"ARMENIO, SONNY/ CHERYL",RES1,240,1
8538,2020550230,"ARMINAL, ANGELINA MOMO",RES1,240,1
8539,2020171549,"ARMINAL, MAFE TORION",RES1,240,1
8540,2020091574,"AROPO, JESSA MAY LUCEÑO",RES1,240,1
8541,2020210010,"ARPON, ESTELITA",RES4,240,1
8542,2020210349,"ARPON, HERCULANO ROYO",RES1,240,1
8543,5050070150,"ARPON, ISABEL",RES2,240,1
8544,2020530005,"ARPON, JOJO",RES1,240,1
8545,2020091580,"ARPON, MICHAEL M",RES2,240,1
8546,5050012220,"ARPON, VIOLETA C.",RES1,240,1
8547,2020091581,"ARPON, WENCESLAO MERIDOR",RES1,240,1
8548,2020171576,"ARTIAGA, DOMINGO ROMERO",RES1,240,1
8549,2020280404,"ASIS, IMELDA DRUGA",RES1,240,1
8550,5050040021,"ASOY, JUANA",RES1,240,1
8551,5050040020,"ASOY, MARGARITA",RES1,240,1
8552,2020200098,"ASPA, ADELAIDA",RES1,240,1
8553,5050031430,"ASPA, JUAN BOQUILA",RES1,240,1
8554,2020550049,"ASTILLA, MA. FE D.",RES1,240,1
8555,2020550005,"ASTILLA, RIC CANENDO/WELLYN A.",RES2,240,1
8556,2020550228,"ASTILLA, RICO CANENDO",RES1,240,1
8557,2020550111,"ASTORGA, ADELA ARPON",RES1,240,1
8558,2020550239,"ASTORGA, IRENE",RES1,240,1
8559,2020550186,"AVILA, ERLINDA BASIHAN",RES2,240,1
8560,5050041739,"AVILA, IRENE FLORENDO",RES1,240,1
8561,3030340209,"AVILA, JOCELYN MIMAY",RES2,240,1
8562,5050031408,"AYUSTE, JULIUS CARL L.",RES1,240,1
8563,2020550193,"AZORES, MARIA FELYN LAGUNZAD",RES1,240,1
8564,2020550233,"AZORES, NESTOR SR JULE",RES1,240,1
8565,2020550125,"AZORES, SHERYL DADOR",RES1,240,1
8566,2020151203,"BAAC, ELIAS SALVACION",RES1,240,1
8567,2020550099,"BABAGAY, HENRY DACARA",RES1,240,1
8568,2020450422,"BABILONIA, CORAZON FAMI",RES1,240,1
8569,2020410688,"BACARISAS, RANDY BALENDO",RES2,240,1
8570,2020210340,"BACATANO, EDDIE",RES1,240,1
8571,2020151205,"BACATANO, GELSI",RES1,240,1
8572,2020141912,"BACATANO, NORA LABAJOY",RES1,240,1
8573,2020191102,"BACATIO, ARVEL",RES1,240,1
8574,2020550040,"BACAY, RODRIGO C",RES1,240,1
8575,2020460645,"BACORDO, JULIET  C",RES1,240,1
8576,2020460646,"BACTOL, ALEC SALVACION",RES4,240,1
8577,2020191099,"BACTOL, ANTHONY C",RES1,240,1
8578,2020550248,"BACTOL, ANTONIO JR. S",RES1,240,1
8579,2020280295,"BACTOL, NIEVIS",RES2,240,1
8580,2020470100,"BACTOL, REMEDIOS",RES1,240,1
8581,2020270473,"BACULANTA, WENEVILLE LIGUTAN",RES2,240,1
8582,2020480260,"BACULOT, NORMA",RES3,240,1
8583,2020550001,"BACUNAWA, BRENDY BRIER",RES1,240,1
8584,2020550003,"BACUNAWA, ESPERANZA CAPALAR",RES1,240,1
8585,2020550092,"BACUNAWA, MENRICO BALSAMO",RES1,240,1
8586,2020550165,"BACUNAWA, SEVERITO O./ MATEA",RES4,240,1
8587,2020201153,"BADAJOS, DANILO",RES1,240,1
8588,2020550017,"BADIABLE, BRANDO PASCUAL",RES1,240,1
8589,5050012230,"BAISA, BERNABE CAÑON",RES1,240,1
8590,2020550128,"BALAIS, LYDIA/ ALEX",RES3,240,1
8591,5050012232,"BALANE, DINAH MORANTE",RES4,240,1
8592,2020550115,"BALDONADO, MANUELITO LABAD",RES2,240,1
8593,5050012213,"BALDONADO, WILLIAM DE GUZMAN",RES1,240,1
8594,2020550164,"BALENDO, CRIST C/ BELINDA",RES2,240,1
8595,5050031429,BANAWANG CHAPEL,PB,240,1
8596,2020141926,"BAQUE, RANDY LAURO",RES1,240,1
8597,2020030805,"BARCA, LERMA H.",RES2,240,1
8598,2020550234,"BARCOMA, ERLINDA SALVADO",RES1,240,1
8599,2020171547,"BARDEOSA, DAMBIE NOGAR",RES1,240,1
8600,2020081135,"BARDIAGO, ROSENDO",RES4,240,1
8601,2020171571,"BARQUEZ, ALFREDO AGUILAY JR",RES1,240,1
8602,2020550055,"BARRANTES, ROSALIE M.",RES1,240,1
8603,2020201111,"BARRETA, JERDETH C.",RES2,240,1
8604,5050040003,"BASALLAJE, CORNELIO",RES3,240,1
8605,2020550101,"BASEA, ERLINDA AGUILAR",RES1,240,1
8606,2020141903,"BASILAN, REENA LACAP",RES1,240,1
8607,2020400568,"BATIS, BERNARDO P",RES1,240,1
8608,2020550118,"BATULAN, DENNIS O",RES2,240,1
8609,2020171568,"BAYANI, GRACE LLOREN",RES3,240,1
8610,2020062091,"BAYBAY, EVACUATION CENTER",PB,240,1
8611,2020370235,"BAYNOSA, ELENA C / CONSTANTINO JR",RES2,240,1
8612,2020200232,"BCFO PMC C/O ALALID, WENEFREDA",PB,240,1
8613,2020550243,"BELICARIO, RICARDO JR. TADEFA",RES1,240,1
8614,2020201125,"BELITA, EDWIN R.",RES2,240,1
8615,2020200585,"BELITA, FRANCISCO",RES1,240,1
8616,2020200039,"BELITA, NOEL",RES2,240,1
8617,2020200435,"BELITA, ROSALIE L.",RES1,240,1
8618,5050041728,"BELTRAN, ANALYN CANDARE",RES1,240,1
8619,2020200414,"BELUNTA, ANGELINA",RES1,240,1
8620,2020200800,"BELUNTA, LEONILA",RES1,240,1
8621,2020080735,"BENAIRES, CHANEL A.",RES1,240,1
8622,2020080685,"BENIS, MICHAEL C/MIMVELOU",RES4,240,1
8623,2020550201,"BERDEJO, CORAZON ABRERA",RES1,240,1
8624,2020200273,BINIBIHAN ELEM. SCHOOL/CAPALAR,PB,240,1
8625,2020210245,"BLASCO, MERLITA",RES3,240,1
8626,2020550188,"BOCO, JOSELITO ARCOSIBA",RES1,240,1
8627,2020151186,"BODO, BASILISA PEÑAFLOR",RES1,240,1
8628,2020280305,"BODO, NICOMEDES JR.",RES1,240,1
8629,2020171425,"BODO, RUPERTO REX C., JR.",RES1,240,1
8630,2020200530,"BODO, SILVINA",RES1,240,1
8631,2020200560,"BODO, VALERIANO",RES3,240,1
8632,2020011545,"BOLITO, RHONA MAE A. ",RES1,240,1
8633,2020280395,"BOLONGGAITA, RICO BALASANOS",RES1,240,1
8634,2020280385,"BOQUILLA, JESSON",RES1,240,1
8635,3030340184,"BORGUETA, AGAPITO B.",RES1,240,1
8636,2020550212,"BORRICO, ROLANDO CASARIGO",RES1,240,1
8637,3030340207,"BOTICTIC, RUEL GAYAS",RES2,240,1
8638,2020370410,"BOYO, EDITHA",RES1,240,1
8639,2020200783,"BOYO, EDWIN",RES1,240,1
8640,2020440290,"BOYO, MICHAEL B.",RES1,240,1
8641,2020370440,"BRAZIL, ANNABELE",RES1,240,1
8642,2020200595,"BRAZIL, CARMELITA C.",RES1,240,1
8643,2020310557,"BRAZIL, CONCORDIO",RES1,240,1
8644,2020550043,"BRAZIL, DESIDERIO P",RES2,240,1
8645,2020200791,"BRAZIL, ERNESTO",RES2,240,1
8646,2020370200,"BRAZIL, EUFEMIA",RES1,240,1
8647,2020200445,"BRAZIL, FAUSTO",RES1,240,1
8648,2020200955,"BRAZIL, JAIME C.",RES1,240,1
8649,2020370210,"BRAZIL, JENNEFER",RES3,240,1
8650,2020200940,"BRAZIL, JESUS R.",RES1,240,1
8651,2020450105,"BRAZIL, LORETA",RES1,240,1
8652,2020310120,"BRAZIL, MARICEL",RES1,240,1
8653,2020550038,"BRAZIL, NENITA Y",RES3,240,1
8654,2020550041,"BRAZIL, NICSON YANGA",RES1,240,1
8655,2020310430,"BRAZIL, NOEL",RES2,240,1
8656,2020290170,"BRAZIL, ROSALINA I.",RES1,240,1
8657,2020200222,"BRAZIL, ZYNIEL PROTO B.",RES1,240,1
8658,2020200805,"BREGANIA, FEDERICO",RES3,240,1
8659,2020450165,"BREGANIA, MERCEDES",RES1,240,1
8660,2020450170,"BREGANIA, RACHEL ANN",RES1,240,1
8661,2020380270,"BREGANIA, RONICO",RES1,240,1
8662,2020900165,BRGY. COUNCIL S/L,ST,240,1
8663,5050900070,BRGY. HALL  W/ 10 UNITS ST. LIGHT,ST,240,1
8664,2020200535,"BRGY. HALL C/O PRUDENTE, NORBERTO",PB,240,1
8665,2020210265,BRGY. ST. LIGHTS/BRGY. CAPTAIN,ST,240,1
8666,2020200152,"BRIER, AGNES",RES1,240,1
8667,2020460600,"BRIER, CARIDAD",RES1,240,1
8668,2020390332,"BRIER, EVELYN",RES1,240,1
8669,2020141881,"BRIER, FLOR DUAVIS",RES1,240,1
8670,2020151180,"BRIER, PERGENTINO CANASTA",RES1,240,1
8671,2020201149,"BRIER, ROBERTO C",RES1,240,1
8672,2020550133,"BRILATA, MICHAEL  MISAGAL",RES3,240,1
8673,2020200226,"BRIMON, ANECITO",RES3,240,1
8674,2020201129,"BRIMON, ANECITO JR. HABAYHABAY",RES1,240,1
8675,2020200214,"BRIMON, MILAGROS",RES2,240,1
8676,2020200242,"BRIMON, ROBERTO",RES1,240,1
8677,5050030880,"BRIT, ALLAN M.",RES1,240,1
8678,2020201166,"BRIT, ALLAN MASUELA",RES1,240,1
8679,2020200238,"BRIT, CONSOLACION",RES1,240,1
8680,2020141947,"BRUM, MARISSA MACABENTA",RES2,240,1
8681,2020051962,"BRUM, RAUL P./LOTTO OUTLET",COM1,240,1
8682,2020201105,"BRUN, ABUNDIO P.",RES1,240,1
8683,2020201115,"BRUN, BEATRIZ S.",RES2,240,1
8684,2020200290,"BRUN, BENITO",RES1,240,1
8685,2020200213,"BRUN, EMELIANO",RES1,240,1
8686,2020200260,"BRUN, FELIX",RES4,240,1
8687,2020200303,"BRUN, FRANCISCO",RES1,240,1
8688,2020200337,"BRUN, GINA",RES1,240,1
8689,2020200336,"BRUN, HILARIO",RES3,240,1
8690,2020270430,"BRUN, IVY S.",RES1,240,1
8691,2020210185,"BRUN, JENNY C.",RES1,240,1
8692,2020210135,"BRUN, MAGDALINA C.",RES1,240,1
8693,2020201050,"BRUN, MARLITO S.",RES1,240,1
8694,2020201160,"BRUN, NENITA/ ALFREDO IMUS",RES1,240,1
8695,2020210355,"BRUN, PABLO JR CERA",RES1,240,1
8696,2020210020,"BRUN, PATROCENIO",RES1,240,1
8697,2020200330,"BRUN, PEDRO",RES2,240,1
8698,2020200370,"BRUN, ROSALINA C.",RES1,240,1
8699,2020200097,"BRUN, ROWENA",RES4,240,1
8700,2020200333,"BRUN, TASCIANO",RES1,240,1
8701,2020310210,"BRUN, VILMA",RES2,240,1
8702,2020550112,"BUENA, JANET",RES1,240,1
8703,2020550145,"BULAKLAK, RANDY NERIGUIS",RES4,240,1
8704,2020161566,"BUNAGAN, FEDERICO M",RES1,240,1
8705,2020171578,"BURDAN, HERBERT RAMOS",RES1,240,1
8706,2020550022,"BUSTILLO, GERONIMO C",RES1,240,1
8707,2020200765,"BUYO, TECLA",RES1,240,1
8708,2020200090,"CAÑESO, CAYETANO",RES3,240,1
8709,5050012211,"CABAIS, EVELYN FALLORINA",RES3,240,1
8710,2020390341,"CABALLES, ANTONITT LISONDRA",RES1,240,1
8711,2020370220,"CABALLES, FEDELIZA",RES3,240,1
8712,2020161526,"CABALLES, JEFFREY",RES1,240,1
8713,2020550051,"CABALLES, MARGARITA GANTALA",RES1,240,1
8714,2020161529,"CABALLES, MARIA  ATELANA ABRERA",RES1,240,1
8715,2020550166,"CABALLES, MARIA LUZ MALINAO",RES1,240,1
8716,2020470229,"CABALLES, MARIBETH YACAP",RES4,240,1
8717,2020081393,"CABALLES, MICHAEL F",RES1,240,1
8718,2020080450,"CABALLES, NARZAL SR.",COM1,240,1
8719,2020420204,"CABALLES, REGIDOR V",RES3,240,1
8720,2020550226,"CABALLES, RODOLFO R/ LOLITA",RES1,240,1
8721,2020240060,"DAYLO, LIEZEL CABALLES",RES2,240,1
8722,2020550074,"CABARDO, MAYLINDA JAO",RES2,240,1
8723,2020280190,"CABELIN, JENA",RES1,240,1
8724,2020010835,"CABELIN, MATEO",RES3,240,1
8725,2020550093,"CABELIN, NORMA",RES2,240,1
8726,2020141900,"CABELLO, JONATHAN",RES1,240,1
8727,2020141919,"CABELLO, MAXIMA P",RES1,240,1
8728,5050012223,"CABELLO, OLYMPIA MERLIE PACLE",RES1,240,1
8729,2020310250,"CABIA-AN, ALICIA",RES2,240,1
8730,5050080130,"CABIA-AN, ANTONIO",RES1,240,1
8731,2020310245,"CABIA-AN, ARLYN",RES1,240,1
8732,2020200485,"CABIA-AN, CASTULO",RES1,240,1
8733,2020200960,"CABIA-AN, CRISTINA J.",RES1,240,1
8734,2020200185,"CABIA-AN, DANILO S./JUDITHA",RES1,240,1
8735,2020200332,"CABIA-AN, ELIZA",RES1,240,1
8736,2020310240,"CABIA-AN, ELVIRA",RES1,240,1
8737,2020200160,"CABIA-AN, ERLINDA",RES1,240,1
8738,2020200395,"CABIA-AN, EUGENIO",RES2,240,1
8739,2020201113,"CABIA-AN, GEMMA M.",RES1,240,1
8740,2020200212,"CABIA-AN, IRENE",RES1,240,1
8741,2020200331,"CABIA-AN, IRENEO",RES4,240,1
8742,5050080120,"CABIA-AN, JEFFREY",RES1,240,1
8743,5050080125,"CABIA-AN, JERRY",RES1,240,1
8744,2020201159,"CABIA-AN, NESTOR CAPANAS",RES1,240,1
8745,2020200715,"CABIA-AN, SHERILL R.",RES3,240,1
8746,2020201045,"CABIAN-AN, JOEL",RES1,240,1
8747,2020550214,"CABRERA, MARICEL CAMPOSANO",RES1,240,1
8748,2020200740,"CADIENTE, ANTONIO",RES3,240,1
8749,2020201090,"CADIENTE, JIMMY R. ",RES1,240,1
8750,2020200231,"CADIENTE, PELAGIA",RES1,240,1
8751,2020161558,"CAGASCAS, ANTHONY I",RES1,240,1
8752,2020550122,"CAGASCAS, HERCULANO RIPAJA",RES1,240,1
8753,2020161510,"CAGASCAS, TERESITA T",RES3,240,1
8754,2020201128,"CAING, PHILIP CLINTON LOMA",RES1,240,1
8755,2020081371,"CALO, GERALD A.",RES1,240,1
8756,2020550187,"CAMPOSANO, ANA MICHAELA V",RES1,240,1
8757,2020161543,"CAMPOSANO, GILDA URMENETA",RES1,240,1
8758,2020550002,"CAMPOSANO, MARIANITO PETALLANA",RES1,240,1
8759,2020550095,"CAMPOSANO, MARVIN C.",RES2,240,1
8760,2020012353,"CAMPOSANO, REGINE S",RES1,240,1
8761,2020141902,"CANABE, CHIRY ANN LAURO",RES1,240,1
8762,5050080110,"CANABE, DIANA ELENA S.",RES1,240,1
8763,2020021681,"CANABE, EFREN D",COM1,240,1
8764,2020280360,"CAÑADILLA, ROSE MARIE U.",RES1,240,1
8765,2020370000,"CAÑARES, ERNESTO A.",RES1,240,1
8766,2020470195,"CAÑARES, ESTER",RES1,240,1
8767,2020111154,"CANDARE, CARLITO SECOYA",RES2,240,1
8768,2020200150,"CANDARE, FLORENTINO",RES1,240,1
8769,2020200095,"CANDARE, LANI",RES3,240,1
8770,2020200665,"CANDARE, MA. CONTESSA I.",RES3,240,1
8771,2020200103,"CANDARE, NIDA",RES1,240,1
8772,2020530003,"CANDASUA, SOLEDAD",RES1,240,1
8773,2020161507,CANDIGAHUB ELEM SCHOOL,PB,240,1
8774,2020550221,"CAÑEDO, JAIME Y.",RES1,240,1
8775,2020200325,"CANEGA, EDUARDO",RES2,240,1
8776,2020280388,"CAÑESO, BERNADETTE O.",RES1,240,1
8777,2020200810,"CAÑESO, CANDIDA I.",RES1,240,1
8778,2020201065,"CAÑESO, CARLITO R.",RES1,240,1
8779,2020200815,"CAÑESO, DELIA C.",RES2,240,1
8780,2020380285,"CAÑESO, EDNA",RES2,240,1
8781,2020380280,"CAÑESO, ERLINDA G.",RES1,240,1
8782,2020280401,"CAÑESO, GAUDIOSO BRAZIL",RES1,240,1
8783,2020081389,"CAÑESO, GIL C",RES1,240,1
8784,2020280365,"CAÑESO, JEL",RES2,240,1
8785,2020080705,"CAÑETE, ARLENE F.",RES1,240,1
8786,2020310556,"CAÑETE, JONISIE CATALUGO",RES1,240,1
8787,2020310495,"CANETE, ROMY C.",RES1,240,1
8788,2020310215,"CAÑITE, CRISTITOTO",RES1,240,1
8789,2020171577,"CANLAMPAY, BRGY. HALL",PB,240,1
8790,2020200147,"CANO, ROMIRO",RES3,240,1
8791,2020012344,"CANOY, NIDA DACOYCOY",RES2,240,1
8792,2020550029,"CANTIVEROS, ROBERTO C",RES2,240,1
8793,2020171569,"CAPILA, JULIE NEBASA",RES1,240,1
8794,2020310165,"CARAMONTE, ERIC/JENNYLYN",RES4,240,1
8795,2020250175,"CARAO, OSCAR B.",RES1,240,1
8796,2020550131,"CARCELLAR, JONATHAN DAWATON",RES2,240,1
8797,2020200780,CARIGARA WATER DISTRICT,PB,240,1
8798,2020550050,"CARLOS, ANDRES INSIGNE",RES1,240,1
8799,2020012349,"CARSON, FRANCIS",RES1,240,1
8800,2020550096,"CARTEL, MARIBEL MORILLA",RES3,240,1
8801,2020200068,"CAS, TEODORA",RES3,240,1
8802,2020091589,"CASIN, CRESENCIA C",RES1,240,1
8803,2020200164,"CASTRO, JONALD S.",RES1,240,1
8804,3030340208,"CATUBAO, JANE AVORQUE",RES3,240,1
8805,5050040005,"CAUBALEJO, FELINO",RES1,240,1
8806,5050041725,"CAUBALEJO, JENNY CABIA-AN",RES1,240,1
8807,2020380301,"CAUBALEJO, LEONILA P",RES1,240,1
8808,5050041726,"CAUBALEJO, MARIA THELMA CANAMASO",RES1,240,1
8809,2020201130,"CAUBALEJO, MARINA U.",RES1,240,1
8810,2020290180,"CAUBALEJO, MARINA U.",RES1,240,1
8811,2020091591,"CAUBALEJO, RITCHIE RAQUEL",RES1,240,1
8812,2020041662,"CERA, ANTONIO GUIMEL",COM1,240,1
8813,2020210030,"CERA, JUANA",RES1,240,1
8814,2020091605,"CHAVEZ, MERVIN JOHN GLER",RES1,240,1
8815,2020550081,"CHU, ALLAN",RES3,240,1
8816,2020081384,"CHU, ROMEO LLANETA",RES1,240,1
8817,2020141946,"CLARIN, AIZA SILVA",RES1,240,1
8818,2020141941,"CLAVECILLAS, ARNEL JOSE CONDE",RES1,240,1
8819,2020051963,"CLEMENTE, CARMELITA G",COM1,240,1
8820,2020050855,"CLEMENTE, RIC P.",RES3,240,1
8821,2020720624,"CLEMENTE, ROMBO S. W/S",RES4,240,1
8822,3030340205,"CLORES, ANGELES PERUDA",RES4,240,1
8823,5050040001,"COBER, NELSON",RES2,240,1
8824,2020550016,"CODERA, ALBERTO JR ASTORGA",RES1,240,1
8825,2020550077,"CODERA, ARLENE ASTORGA",RES1,240,1
8826,2020460643,"CODERA, JAYSON  TAMPOL",RES1,240,1
8827,2020161540,"COLBE, EFREN",RES1,240,1
8828,2020210225,"COLETO, ERLINDA C/O ATTY. CAPAROSO",RES1,240,1
8829,2020171529,"COLUMBRILLO, VIOLETA DAGANASOL",RES1,240,1
8830,2020241180,"COMBENIDO, ELESIO VELUNTA (ESF)",RES2,240,1
8831,2020171535,"COMBINIDO, ARCHIE I",RES2,240,1
8832,2020200085,"COMPA, ELUETERIO",RES1,240,1
8833,2020550205,"CONOS, ROBERTO S/MERLITA",RES1,240,1
8834,2020280345,"CONTAPAY, MELDRID",RES4,240,1
8835,3030120477,"CONTE, MELINDA CORIA",RES1,240,1
8836,2020480388,"COQUIA, VIRGINIA IDLISAN",RES1,240,1
8837,2020241677,"CORDEL, RENATO MERIDOR",RES1,240,1
8838,2020240445,"CORDEL, RUFINA B.",RES1,240,1
8839,2020171532,"CORDEL, ZYRA BARDELOSA",RES2,240,1
8840,5050041688,"CORPORAL, EVA FRANCISCO",RES1,240,1
8841,2020141911,"CORTEZ, JEFREY JHON D",RES1,240,1
8842,2020550177,"COSTELO, ALVIN DIPA",RES1,240,1
8843,5050030727,"COSTELO, DEMETRIO",RES1,240,1
8844,5050080135,"COSTELO, EGLESERIA R.",RES1,240,1
8845,5050030726,"COSTELO, MARLINA",RES2,240,1
8846,5050080115,"COSTELO, WILLIAM R.",RES1,240,1
8847,2020210205,"COTONER, EDGARDO P.",RES1,240,1
8848,5050030835,"COTONER, LERMA E.",RES4,240,1
8849,2020141945,"COTONER, RICHARD",RES1,240,1
8850,2020011565,"CRUZ, ALMA F.",RES2,240,1
8851,2020012342,"CUARTERO, ARNULFO B",RES1,240,1
8852,5050080140,"CUENZA, CLAUDIO C.",RES1,240,1
8853,2020151201,"CUMBIS, CELSO",RES1,240,1
8854,2020151198,"CUMBIS, KIMBERLY",RES1,240,1
8855,2020310160,"CUMPA, DANTE",RES2,240,1
8856,2020200161,"CUMPA, DELIA P.",RES1,240,1
8857,2020370395,"CUMPA, FERNANDO",RES2,240,1
8858,2020370240,"CUMPA, JOSE",RES1,240,1
8859,2020151211,"CUMPA, MARIA G",RES3,240,1
8860,2020370390,"CUMPA, MARINO",RES1,240,1
8861,2020210210,"CUMPA, RAYMUNDA",RES1,240,1
8862,5050012219,"CUMPA, RUBYLYN E",RES1,240,1
8863,2020440110,"DAANG, ANTHONY",RES2,240,1
8864,2020440296,"DAANG, JOSEPH JUANITE",RES1,240,1
8865,2020310500,"DAANG, LARRY C.",RES1,240,1
8866,2020310195,"DAANG, LEONCIA",RES1,240,1
8867,2020310490,"DAANG, PATROCENIA O.",RES1,240,1
8868,2020200229,"DAANG, REX",RES2,240,1
8869,2020370405,"DAANG, TERISETA",RES1,240,1
8870,2020550147,"DABALOS, ROLAND C.",RES3,240,1
8871,2020550085,"DABALOS, VILMA TIMOGAN",RES1,240,1
8872,2020550191,"DABILBIL, ALLAN A.",RES1,240,1
8873,2020141888,"DACARA, EDNA D.",RES1,240,1
8874,2020141932,"DACUDAG, ALEJANDRO C",RES2,240,1
8875,2020171562,"DADIS, MARY CRIS",RES1,240,1
8876,2020370215,"DADIS, MERLIE",RES1,240,1
8877,5050080100,"DADULLA, JACINTO R.",RES1,240,1
8878,2020210040,"DADULLA, NENITA",RES2,240,1
8879,2020161553,"DAGALEA, NESTOR JAY LLANETA",RES1,240,1
8880,2020141931,"DAGANASOL, REYNALDO JR T",RES2,240,1
8881,2020141943,"DAGANASOL, ROSE MARIE T",RES2,240,1
8882,2020370310,"DAGUMAN, ROBERTO",RES2,240,1
8883,2020310420,"DAGUMAN, TOMAS S.",RES2,240,1
8884,2020200227,"DAGUTAO, ANALYN G./GIL",RES1,240,1
8885,2020440295,"DAJORAYA, FELIPE JR.",RES1,240,1
8886,2020241672,"DALORAYA, GRETCHEN S",RES1,240,1
8887,2020051966,"DALORAYA, NENITA RAMOS",COM1,240,1
8888,2020141910,"DALUMPINES, ROSENDA MOLABOLA",RES1,240,1
8889,2020071240,"DAPITON, FAUSTINO",RES2,240,1
8890,2020201121,"DAPUNAN, CATHYREN G.",RES3,240,1
8891,2020200410,"DAQUIGAN, CONRADO",RES1,240,1
8892,2020550114,"DAQUIPIL, ESTER R.",RES1,240,1
8893,2020021678,"DARANTINAO, GLADY",RES2,240,1
8894,2020021671,"DARANTINAO, JEZEN MIRASOL",RES2,240,1
8895,2020171539,"DARANTINAO, LIZA B",RES1,240,1
8896,2020171545,"DARANTINAO, MIGUEL BASAS",RES1,240,1
8897,2020200475,"DAUPLO, BIENVENIDO Y.",RES1,240,1
8898,2020310325,"DAUPLO, EUTIQUIO",RES3,240,1
8899,2020310110,"DAUPLO, FELOMINA",RES1,240,1
8900,2020310505,"DAUPLO, JEFFREY B.",RES1,240,1
8901,2020310540,"DAUPLO, PRIMO",RES1,240,1
8902,2020310115,"DAUPLO, PROCOLO",RES1,240,1
8903,2020550023,"DAVOCOL, RAFFY ABLIHAN",RES2,240,1
8904,2020021672,"DAYOJA, SHIRLEY TUBAT",RES1,240,1
8905,2020091602,"DE LEON, ANTHONY FALLER",RES1,240,1
8906,5050031436,"DEDAL, SALVACION T",RES1,240,1
8907,2020200315,"DEDIL, JOHNNY NELSON A.",RES1,240,1
8908,2020200071,"DEDIL, MAURICIA",RES2,240,1
8909,2020310405,"DEDIL, TERESITA",RES1,240,1
8910,2020550134,"DEGALA, SHARYN DORADO",RES1,240,1
8911,2020550195,"DELA CRUZ, EMELITA LIGUTAN",RES2,240,1
8912,2020200685,"DELA CRUZ, ROBERT B.",RES1,240,1
8913,2020012338,"DELA PEÑA, ARLINDA DELLERA",RES3,240,1
8914,2020091586,"DELA PEÑA, CEPRIANO DELANTAR",RES3,240,1
8915,2020550244,"DELA PEÑA, CEPRIANO JR D.",RES1,240,1
8916,2020011455,"DELA PENA, ROSA G. C/O NGCP",RES4,240,1
8917,2020171533,"DELIMA, CORAZON  L",RES4,240,1
8918,2020071505,"DELOTAVO, MARIO",RES1,240,1
8919,2020550108,"DELVO, ANTONIO/ LOLITA",RES3,240,1
8920,2020550109,"DELVO, RICKY OLEDAN",RES1,240,1
8921,2020171566,"DESPABILADERAS, LORIE DOLLETE",RES1,240,1
8922,2020550142,"DEYMOS, ROSE ANN D.",RES2,240,1
8923,2020081394,"DIAZ, HAZEL AGUNOS",RES1,240,1
8924,2020161533,"DIMASILAN, TEODORICA",RES1,240,1
8925,2020550137,"DIMATANGGAL, SALLY GRAMA",RES2,240,1
8926,2020201035,"DINGCOL, BETHANY F.",RES1,240,1
8927,2020200513,"DINGCOL, GREGORIO",RES1,240,1
8928,2020201146,"DINGCOL, JOEBERT GAYAS",RES1,240,1
8929,2020200087,"DINGCOL, MA FE",RES1,240,1
8930,2020310535,"DINGCOL, MARCELINO N.",RES1,240,1
8931,5050070125,"DINOLA, MA, MAGDALINA Q.",RES1,240,1
8932,2020550080,"DIONALDO, MARY ANN O.",RES1,240,1
8933,2020450255,"DISBARRO, NOEL A.",RES1,240,1
8934,2020450280,"DISBARRO, PURITA",RES1,240,1
8935,5050041697,"DIZON, ZARAH JEANE A.",RES1,240,1
8936,2020111153,"DOLAMOS, DHINA FLORENDO",RES2,240,1
8937,2020141949,"DOLLETE, CRISTINA PLAZA",RES1,240,1
8938,2020201156,"DOLLETE, LEODEGARIO R.",RES1,240,1
8939,2020200209,"DOLLETE, LEOPOLDO R.",RES2,240,1
8940,2020270467,"DOLLETE, LETECIA M.",RES1,240,1
8941,2020270470,"DOLLETE, MARIBIE S",RES2,240,1
8942,2020180699,"DOLLETE, REMEGIO DIMASILAN",RES1,240,1
8943,2020012350,"DRILON, MARIVIC I.",RES2,240,1
8944,2020151177,"DRILON, NIENA FALLORE",RES2,240,1
8945,5050041731,"DUAVIS, JOE GUILLERA",RES3,240,1
8946,2020200570,"DUCALANG, ELPEDIO",RES1,240,1
8947,2020200796,"DUCALANG, MATIAS",RES1,240,1
8948,2020201015,"DUCALANG, RENATO P.",RES1,240,1
8949,2020201010,"DUCALANG, RICO P.",RES1,240,1
8950,2020200580,"DUCALANG, SARAH",RES1,240,1
8951,2020201020,"DUMAGAN, TERESITA P.",RES2,240,1
8952,3030340204,"DY, RODOLFO L II",RES2,240,1
8953,2020310415,"EDUSMA, ADELINA L.",RES1,240,1
8954,2020310568,"EDUSMA, ERIC LABARDA",RES1,240,1
8955,2020310460,"EDUSMA, IMELDA D.",RES2,240,1
8956,2020450155,"RANCE, EPIFANIA HINAMPAS",RES1,240,1
8957,2020490014,"ELARDO, ROLWENN P",RES3,240,1
8958,2020200230,"ELIZON, JORGE",RES2,240,1
8959,3030120474,"ELPEDES, SHIMEI VILLAMOR",RES1,240,1
8960,2020200125,"ELUMBA, JORGE",RES1,240,1
8961,2020062089,"ENARSICO, ROSE ANN MAKABENTA",RES2,240,1
8962,2020161535,"EÑESIN, LOLITA",RES1,240,1
8963,2020191105,"ENGRATO, ANGELICA BRAZIL",RES2,240,1
8964,2020200170,"ENGRATO, LEONILA",RES1,240,1
8965,2020241310,"ENGRESO, MELODIA VELUNTA",RES1,240,1
8966,2020161527,"EÑISEN, LOURDES I",RES1,240,1
8967,3030340203,"ENITES, NORA BORGUETA",RES1,240,1
8968,2020161538,"ERATO, CHARLENE ABALLE",RES1,240,1
8969,2020370295,"ERLANDEZ, MARIANO",RES1,240,1
8970,2020171572,"ESING, MA. JUDY REDILLA",RES1,240,1
8971,2020171553,"ESPINEDA, BERNARDITA F",RES1,240,1
8972,2020550170,"ESPINO, ALFREDO JR GRATOL",RES1,240,1
8973,2020091585,"ESPINO, CYNTHIA GRATOL",RES1,240,1
8974,2020550192,"ESTRADA, WILMA MILLOS",RES1,240,1
8975,2020370365,"EVANGELISTA, SORIMA",RES1,240,1
8976,5050012221,"FABELONA, FERDINAND G",RES1,240,1
8977,2020460642,"FABI, DANILO TADEFA",RES2,240,1
8978,2020141938,"FABILLAR, JESSICA L",RES1,240,1
8979,2020012341,"FALGUERA, ALLAN B",RES1,240,1
8980,2020290183,"FALGUERA, ANELITA QUINAGUTAN",RES2,240,1
8981,2020141907,"FALGUERA, DOLOR",RES1,240,1
8982,2020091588,"FALLER, ROSALINDA M",RES1,240,1
8983,2020021659,"FALLORINA, ANALIZA JUNTILLA",RES1,240,1
8984,5050012210,"FALLORINA, SHERYL AGUIDO",RES2,240,1
8985,2020241150,"FAMI, BENJAMIN MERIDOR",RES1,240,1
8986,2020280397,"FAMI, CHEERY GARCIA",RES1,240,1
8987,2020470218,"FAMI, EDGAR",RES1,240,1
8988,2020470135,"FAMI, FERNANDO",RES1,240,1
8989,2020450135,"FAMI, MA. SOCORRO YACAP",RES1,240,1
8990,2020470105,"FAMI, MAGDALENA",RES1,240,1
8991,2020191083,"FAMI, MARY JANE O",RES1,240,1
8992,2020191095,"FAMI, RIZA I",RES1,240,1
8993,2020450415,"FAMI, ROSEMARIE A.",RES1,240,1
8994,2020290165,"FAMI, WILMA I.",RES1,240,1
8995,2020241610,"FAMOR, NIEL CARATAO",RES1,240,1
8996,2020171554,"FERNANDEZ, CELIA D",RES1,240,1
8997,2020290110,"FERNANDEZ, DINAH D.",RES1,240,1
8998,2020070235,"FERRERAS, MA. CHRISCHELLE A.",RES4,240,1
8999,5050070155,"FIGUEROA, HAZEL",RES1,240,1
9000,2020470160,"FILEPE, BIENVINIDO",RES1,240,1
9001,2020280155,"FLORENDO, ANGELES",RES1,240,1
9002,2020470185,"FLORENDO, BEVERLY",RES1,240,1
9003,2020200565,"FLORENDO, DEOGRACIA M.",RES2,240,1
9004,2020012354,"FLORENDO, EUFEMIA ECHEVARRIA",RES1,240,1
9005,2020171541,"FLORENDO, FELIBERTO L",RES1,240,1
9006,2020310315,"FLORENDO, GLORIA",RES3,240,1
9007,2020310175,"FLORENDO, IÑEGO",RES2,240,1
9008,2020550054,"FLORENDO, IRENE N",RES1,240,1
9009,2020012343,"FLORENDO, ISABELO JR B",RES1,240,1
9010,2020370345,"FLORENDO, JENNYLIND",RES1,240,1
9011,2020310567,"FLORENDO, JERRY B",RES1,240,1
9012,2020310305,"FLORENDO, JUANITA",RES2,240,1
9013,2020310295,"FLORENDO, KIMBERLY ROSE",RES1,240,1
9014,2020360376,"FLORENDO, LEONA V",RES1,240,1
9015,2020310140,"FLORENDO, LEONILA",RES2,240,1
9016,2020310220,"FLORENDO, LINA",RES1,240,1
9017,2020370350,"FLORENDO, MA. LUZ",RES1,240,1
9018,2020450360,"FLORENDO, MARIA",RES1,240,1
9019,2020310470,"FLORENDO, PEDRITO SR. A.",RES1,240,1
9020,2020550037,"FLORENDO, REMY BAYABADO",RES1,240,1
9021,2020191084,"FLORENDO, ROBERTO I",RES1,240,1
9022,2020550223,"FLORENDO, ROMEO BAYABADO",RES2,240,1
9023,2020191098,"FLORENDO, RONALYN P.",RES2,240,1
9024,2020550182,"FLORENDO, YOLANDA",RES3,240,1
9025,3030340077,"FLORES, CARIDAD",RES3,240,1
9026,2020151182,"FLORES, ELISA L",RES1,240,1
9027,2020550184,"FLORES, ROGELIO B.",RES1,240,1
9028,2020550159,"FLORES, ROSALIA LLOREN",RES1,240,1
9029,2020550153,"FLORES, TOMAS D./ SUSANA",RES2,240,1
9030,2020550064,"FLORES, WELMARIE ESTRADA",RES1,240,1
9031,2020200086,"CEREZO, ANABELLE T.",RES2,240,1
9032,2020550160,"GABON, MERCY",RES1,240,1
9033,2020550044,"GABON, NELMER A",RES2,240,1
9034,2020191101,"GABUNADA, RUBELYN U",RES1,240,1
9035,2020201137,"GADE, BRYAN ANTHONY CINCO",RES1,240,1
9036,2020201075,"GADIE, MARIO P.",RES1,240,1
9037,2020021668,"GAHOL, JANICE G",COM2,240,1
9038,2020200355,"GALANZA, DANILO",RES2,240,1
9039,2020091590,"GAMOT, SHEILA MARIE R",RES1,240,1
9040,2020071502,"GANDIA, ADOLFO III AGUILAR",PB,240,1
9041,2020370170,"GANTALAO, PREMITIVO JR.",RES4,240,1
9042,2020550103,"GAQUIT, FELICITAS",RES3,240,1
9043,2020550072,"GAQUIT, JN JOROLAN",RES1,240,1
9044,2020201025,"GARCIA, ALAN L.",RES1,240,1
9045,2020280402,"GARCIA, ALLAN",RES1,240,1
9046,2020280235,"GARCIA, BETELIANA",RES1,240,1
9047,2020280245,"GARCIA, CELIA",RES1,240,1
9048,2020280220,"GARCIA, CLARA",RES1,240,1
9049,2020200806,"GARCIA, ROSARIO",RES2,240,1
9050,2020200135,"GARCIA, ROSELINE L.",RES1,240,1
9051,2020280389,"GARCIA, VIRGINIA SARCILLA",RES1,240,1
9052,2020280350,"GARCIA, WILHELMINA A.",RES1,240,1
9053,5050070160,"GARCIOLA, CELSO I.",RES1,240,1
9054,2020191097,"GASTON, ELENA BREGANIA",RES1,240,1
9055,2020241676,"GAUFO, ANALITA I/ MARLON F.",RES1,240,1
9056,2020141925,"GAVIOLA, MA. CORAZON Q",RES3,240,1
9057,2020370270,"GAYAS, PURIFICACION",RES1,240,1
9058,2020200680,"GAYAS, ALBERTO",RES1,240,1
9059,2020200470,"GAYAS, ANASTACIO",RES2,240,1
9060,2020200586,"GAYAS, EUFROCINA",RES2,240,1
9061,2020370430,"GAYAS, FEDINCIO",RES1,240,1
9062,2020450380,"GAYAS, FLORENTINA",RES1,240,1
9063,2020200760,"GAYAS, JAIME",RES3,240,1
9064,2020200660,"GAYAS, LUCIANO",RES2,240,1
9065,2020200965,"GAYAS, MARRY ANN P.",RES2,240,1
9066,2020450370,"GAYAS, MELETZA",RES1,240,1
9067,2020450375,"GAYAS, PEREGRINA",RES1,240,1
9068,2020450190,"GAYAS, ROSA I.",RES1,240,1
9069,2020141906,"GAYUNDA, SALUDACION",RES1,240,1
9070,5050030784,"GEMARINO, EULOGIO P./MARILOU",RES1,240,1
9071,5050012225,"GERALDO, PATRICIA TINGZON",RES2,240,1
9072,2020550213,"GERALDO, RONNIE P./ ROSALINDA",RES1,240,1
9073,2020200511,"GIBAN, ANALYN",RES1,240,1
9074,2020191089,"GIBAN, DANILO B",RES1,240,1
9075,2020200512,"GIBAN, ESTELITA",RES1,240,1
9076,2020200406,"GIBAN, LEONIDA",RES2,240,1
9077,2020201120,"GIBAN, NILDA CABIA-AN",RES1,240,1
9078,2020200720,"GIBAN, OTELIA",RES1,240,1
9079,2020450385,"GIBAN, VERGIE HORCA",RES1,240,1
9080,2020191103,"GIBAN, VIRGILIO B",RES1,240,1
9081,2020450215,"GLEMA, ANGELES",RES3,240,1
9082,2020450345,"GLEMA, BEINVENIDO",RES1,240,1
9083,2020450421,"GLEMA, MARIA LOLITA .",RES1,240,1
9084,2020470130,"GLEMA, MARILYN",RES1,240,1
9085,2020450429,"GLEMA, WILFREDO S",RES1,240,1
9086,2020161542,"GLEMANI, ROSALINDA R",RES1,240,1
9087,2020200522,"GLER, VICTORIA",RES1,240,1
9088,2020290155,"GLORE, JOEL L.",RES1,240,1
9089,2020241674,"GLORE, JOSEPHINE BERDEJO",RES1,240,1
9090,2020370155,"GLORE, LEONILO",RES1,240,1
9091,5050012233,"GLORY, GREGORIO TAÑALA",RES1,240,1
9092,2020310155,"GLORY, ISIDRO",RES1,240,1
9093,2020310515,"GLORY, RODOLFO",RES1,240,1
9094,2020550012,"GO, ANNABELLE BARRANTES",RES1,240,1
9095,2020370260,"GOBALIZA, AURELIO",RES2,240,1
9096,2020370325,"GOBALIZA, LINDE",RES2,240,1
9097,2020370315,"GOBALIZA, MYRNA",RES3,240,1
9098,2020370330,"GOBALIZA, RIZZA",RES3,240,1
9099,2020370415,"GOBALIZA, RYAN",RES1,240,1
9100,2020200154,"GONZALES, CELSO",RES2,240,1
9101,2020200195,"GONZALES, MARTINO",RES1,240,1
9102,2020200010,"GONZALES, RODULFO",RES4,240,1
9103,2020200190,"GONZALES, RUPERTO",RES1,240,1
9104,2020450120,"GRABADOR, CARMEN",RES1,240,1
9105,2020450125,"GRABADOR, FRANCISCO",RES1,240,1
9106,2020450195,"GRABADOR, GODOFREDO JR.",RES2,240,1
9107,2020161505,"GRABADOR, JANET PEPITO",RES4,240,1
9108,2020450424,"GRABADOR, LIZA I",RES1,240,1
9109,2020450423,"GRABADOR, ROMEL B",RES1,240,1
9110,2020460640,"GRABADOR, ROSAL",RES1,240,1
9111,2020460641,"GRABADOR, TOMAS",RES1,240,1
9112,5050041734,"GRABAN, RHEA INDINA",RES1,240,1
9113,5050041736,"GRABAN, RONA INDINA",RES1,240,1
9114,2020550007,"GRABOL, DARREL",RES2,240,1
9115,2020550130,"GRABOL, JOSEFA CAÑAMAQUE",RES1,240,1
9116,2020070605,"GRABOL, LETECIA",RES1,240,1
9117,2020081382,"GRAMA, JOCELYN N",RES1,240,1
9118,2020081392,"GRAMA, JONEL NAAGAS",RES1,240,1
9119,2020550088,"GRAMA, TERESITA",RES1,240,1
9120,2020200860,"GRANA, MARILYN D.",RES2,240,1
9121,2020032012,"GRANADOS, EVELYN ANTONI",COM1,240,1
9122,2020012340,"GRANATES,  GLENDA BARRANTES",RES1,240,1
9123,2020550155,"GRANATES, FLORENTINA BRIER",RES1,240,1
9124,5050080170,"GRANATES, RENATO B.",RES1,240,1
9125,2020280380,"GREPON, JOSEFINA",RES3,240,1
9126,2020370225,"GRESOLA, ALFREDO",RES2,240,1
9127,2020161512,"GRESOLA, MARY JANE INALISAN",RES1,240,1
9128,2020550076,"GUEVARRA, LEOTER M",RES1,240,1
9129,2020151183,"GUINA, MA. SHERYLL REYES",RES1,240,1
9130,2020081395,"GUIRINDOLA, ROMEO SICADSICAD",RES1,240,1
9131,2020141915,"GUNABE, SUSAN P",RES2,240,1
9132,2020171523,"HABAY-HABAY, MARITESS UMPACAN",RES1,240,1
9133,2020300257,"HAMTIG, LUCIANO LIANZA",RES1,240,1
9134,2020161508,"HAMTIG, WENEFREDA L",RES1,240,1
9135,2020200405,"HERNANI, TEODULO",RES2,240,1
9136,2020210310,"HIGUM, AMALIA",RES1,240,1
9137,2020071503,"HISOLA, MICHAEL T/BAKESHOP",COM1,240,1
9138,2020071504,HOLY CROSS COLLEGE CANTEEN,COM1,240,1
9139,2020151212,"HORCA, ELMER B",RES2,240,1
9140,2020151213,"HORCA, RODOLFO DAGALEA",RES1,240,1
9141,2020201158,"HOSEÑA, SHEERY P.",RES1,240,1
9142,2020161559,"IBAL, JOBERT S",RES1,240,1
9143,5050070135,"IBAL, LANIE",RES1,240,1
9144,2020031993,"IBAL, LANIE ABALLAR",RES1,240,1
9145,2020161520,"IBAL, MYLENE AGUDO",RES1,240,1
9146,2020550032,"IBAÑEZ, DAVID T",RES3,240,1
9147,2020550100,"IBAÑEZ, JENNIFER BONTES",RES1,240,1
9148,2020190535,"IBATAN, AMANCIO Q.",RES2,240,1
9149,2020370195,"IBATAN, ANTONIO",RES2,240,1
9150,2020012321,"IBHAÑEZ, NARCISO DELA PEÑA",RES2,240,1
9151,2020200104,"IBOJO, ANACORITA",RES3,240,1
9152,2020201131,"IBOJO, ARTHUR DALOMIAS",RES1,240,1
9153,2020200100,"IBOJO, CESARIO",RES1,240,1
9154,2020200155,"IBOJO, GREGORIA",RES2,240,1
9155,2020200159,"IBOJO, LITA R.",RES1,240,1
9156,2020200099,"IBOJO, ROSITA VEGA",RES1,240,1
9157,2020310385,"IBOJO, EDUEN",RES2,240,1
9158,2020201110,"ILAD, ANNABELL A.",RES1,240,1
9159,2020200092,"ILAD, ANTONIO",RES2,240,1
9160,2020210050,"ILAD, DANILO",RES1,240,1
9161,5050012231,"ILAD, EDWIN REBOSO",RES1,240,1
9162,2020210060,"ILAD, ELMER",RES1,240,1
9163,2020200148,"ILAD, EMELITO",RES1,240,1
9164,2020200096,"ILAD, REMEDIOS",RES3,240,1
9165,3030340145,"ILAYA, ESTELITA",RES1,240,1
9166,2020141928,"ILAYA, RICHELLE",RES1,240,1
9167,2020290100,"IMUS, ADELA Q.",RES1,240,1
9168,2020200794,"IMUS, ADELFA",RES1,240,1
9169,2020450140,"IMUS, ARNEL",RES1,240,1
9170,2020450185,"IMUS, ATELANA",RES2,240,1
9171,2020200792,"IMUS, AURORA",RES1,240,1
9172,2020290115,"IMUS, CELSO I.",RES1,240,1
9173,2020200205,"IMUS, CRISMAR A.",RES1,240,1
9174,2020200799,"IMUS, DELIA",RES1,240,1
9175,2020290145,"IMUS, FRANCISCO T.",RES1,240,1
9176,2020201168,"IMUS, GINALYN QUINTANA",RES4,240,1
9177,2020450175,"IMUS, JOSEPHINE",RES1,240,1
9178,2020280315,"IMUS, LEONARDO T.",RES3,240,1
9179,2020200803,"IMUS, MA. CECILIA",RES1,240,1
9180,2020200275,"IMUS, MANILYN P.",RES1,240,1
9181,2020280240,"IMUS, MELODIA",RES3,240,1
9182,2020450150,"IMUS, MERCEDES",RES1,240,1
9183,2020290120,"IMUS, OLIVER I.",RES1,240,1
9184,2020290185,"IMUS, RITA CAUBALEJO",RES1,240,1
9185,2020200807,"IMUS, ROSALEA",RES3,240,1
9186,2020200797,"IMUS, TARCELITA",RES1,240,1
9187,2020290105,"IMUS, YOLANDA F.",RES1,240,1
9188,2020200300,"INABANGAN, ALICIA",RES1,240,1
9189,2020200064,"INABANGAN, LORETA",RES2,240,1
9190,2020200070,"INABANGAN, PEDRO",RES4,240,1
9191,2020310260,"INAGAN, ALFREDO",RES1,240,1
9192,2020310440,"INAGAN, EDGAR C.",RES1,240,1
9193,2020310265,"INAGAN, FEDENCIO",RES2,240,1
9194,2020370130,"INAGAN, LYDIA",RES1,240,1
9195,2020370135,"INAGAN, LYDIA",RES2,240,1
9196,2020310520,"INAGAN, NICANOR",RES1,240,1
9197,2020310525,"INAGAN, RANDY T.",RES1,240,1
9198,2020310285,"INAGAN, ROMEO",RES1,240,1
9199,2020310275,"INAGAN, SALOSTIANO",RES3,240,1
9200,2020310170,"INAGAN, WILMA",RES2,240,1
9201,2020280275,"INALISAN, ANTONIO",RES4,240,1
9202,2020280280,"INALISAN, ANTONIO",RES1,240,1
9203,2020280290,"INALISAN, GILDA",RES1,240,1
9204,2020280330,"INALISAN, JOEY G.",RES1,240,1
9205,2020161562,"INALISAN, KATHERINE P",RES1,240,1
9206,2020280375,"INALISAN, NILO/MARITES G.",RES1,240,1
9207,2020280140,"INALISAN, SELVENA Y.",RES1,240,1
9208,2020012339,"INDINA, ALBERTA LAMAYO",RES1,240,1
9209,2020200211,"INDITA, ALVIN",RES1,240,1
9210,2020310425,"INDITA, ANSELMO",RES1,240,1
9211,2020310480,"INDITA, APOLINARIO",RES1,240,1
9212,2020310130,"INDITA, BIENVINIDO",RES1,240,1
9213,2020201132,"INDITA, EDUARDO CABIA-AN",RES1,240,1
9214,2020200361,"INDITA, EDWIN",RES2,240,1
9215,2020200365,"INDITA, ENICITO",RES1,240,1
9216,2020290160,"INDITA, ERLINDA A.",RES1,240,1
9217,2020200362,"INDITA, GINALYN A./PEDRO M.",RES1,240,1
9218,2020201133,"INDITA, JENETH  PAMINIANO",RES1,240,1
9219,2020200885,"INDITA, NENITA N.",RES1,240,1
9220,2020550146,"INDITA, NILDA VELASQUEZ",RES1,240,1
9221,2020200217,"INDITA, PEDRO",RES2,240,1
9222,2020200201,"INDITA, ROSALINDA",RES1,240,1
9223,2020200360,"INDITA, ROSITA",RES1,240,1
9224,2020370275,"INGRATO, BENJAMINE",RES3,240,1
9225,2020280215,"INGRATO, BERNABRE",RES1,240,1
9226,2020280386,"INGRATO, EUGINE T.",RES2,240,1
9227,2020280265,"INGRATO, MARIA",RES1,240,1
9228,2020310185,"INGRATO, PERLA",RES1,240,1
9229,2020370115,"INGRATO, ROSALINDA",RES2,240,1
9230,2020201162,"INGRATO, ROSALIO C",RES3,240,1
9231,2020280230,"INGRATO, ROSARIO",RES2,240,1
9232,2020201100,"INGRATO, TEOTIMO C.",RES1,240,1
9233,2020280403,"INGRATO, VICTORIA BELTRAN",RES1,240,1
9234,2020080715,"INOJAS, MARITES A.",RES2,240,1
9235,2020280160,"INOSANTE, AURELIO",RES1,240,1
9236,2020280135,"INOSANTE, BINEGNO",RES1,240,1
9237,2020200210,"INOSANTE, CALIXTO",RES3,240,1
9238,2020280130,"INOSANTE, CESARIA",RES1,240,1
9239,2020550042,"INOSANTE, DIVINA A.",RES1,240,1
9240,2020280145,"INOSANTE, ESMAEL SR.",RES1,240,1
9241,2020280392,"INOSANTE, FELIPE",RES2,240,1
9242,2020280180,"INOSANTE, LAURA",RES2,240,1
9243,2020280355,"INOSANTE, LOURDES B.",RES1,240,1
9244,2020280406,"INOSANTE, LUCKY/MARY ANN",RES1,240,1
9245,2020201070,"INOSANTE, MARICAR T.",RES3,240,1
9246,2020280393,"INOSANTE, MILA I.",RES2,240,1
9247,2020280225,"INOSANTE, NARCESA",RES1,240,1
9248,2020290140,"INOSANTE, IMELDA M.",RES2,240,1
9249,2020141312,"INSIGNE, JULIANA",RES1,240,1
9250,2020550052,"INSIGNE, JULIANA M",RES1,240,1
9251,2020151210,"INSIGNE, MARK JOSEPH",RES1,240,1
9252,2020151221,"INSIGNE, MICHAEL UY",RES1,240,1
9253,2020550053,"INSIGNE, NELIA ABADINES",RES1,240,1
9254,2020460639,"INSIGNE, RAUL TABADA",RES1,240,1
9255,2020550069,"IPIL, JENNYLYN T",RES3,240,1
9256,2020200735,"IRLANDEZ, ANNALOU D.",RES2,240,1
9257,2020200705,"IRLANDEZ, ARCHIE D.",RES1,240,1
9258,2020310105,"IRLANDEZ, DANILO",RES2,240,1
9259,2020191085,"IRLANDEZ, DEMETRIA F",RES1,240,1
9260,2020310125,"IRLANDEZ, EMMA",RES1,240,1
9261,2020200397,"IRLANDEZ, JUANITA",RES1,240,1
9262,2020200237,"IRLANDEZ, JULIO",RES1,240,1
9263,2020190760,"IRLANDEZ, LEONARDO",RES1,240,1
9264,2020200239,"IRLANDEZ, LIZA",RES1,240,1
9265,2020310100,"IRLANDEZ, MACEDONIO",RES4,240,1
9266,2020200675,"IRLANDEZ, RIA O.",RES1,240,1
9267,2020310235,"IRLANDEZ, ROBERTO",RES1,240,1
9268,2020201150,"IRLANDEZ, ROSITA A",RES1,240,1
9269,2020310552,"IRLANDEZ, RUBEN",RES1,240,1
9270,2020161509,"IRLANDEZ, ZOSIMA B",RES1,240,1
9271,2020440130,"JAMILI, ANTONIO",RES1,240,1
9272,2020450265,"JAMILI, MA. TERESA",RES1,240,1
9273,2020021675,"JAO, EPIFANIO JR S",RES1,240,1
9274,2020200695,"JAPAG, ALVIN",RES1,240,1
9275,2020180706,"JAPAG, ARNEL LLOSA",RES1,240,1
9276,2020200750,"JAPAG, CRESENTE",RES2,240,1
9277,2020201060,"JAPAG, EDITA L.",RES2,240,1
9278,2020201147,"JAPAG, ERWIN CABIA-AN",RES1,240,1
9279,2020200650,"JAPAG, JANURIA",RES1,240,1
9280,2020200690,"JAPAG, LEDELIA",RES2,240,1
9281,2020121719,"JASMIN, RENATO ORTULA",RES1,240,1
9282,5050041732,"JAVIER, BEVERLY BARUC",RES2,240,1
9283,2020071498,"JAVINES, ANN-ANN NALDA",RES1,240,1
9284,2020390265,"JAVINES, MIKE",RES1,240,1
9285,2020280150,"JORILLA, MILO G.",RES1,240,1
9286,2020091578,"JULI, DIANA ROSE VALDEZ",RES1,240,1
9287,2020280300,"JURELLA, RUPA",RES2,240,1
9288,2020200915,"JURILLA, ARIEL L.",RES1,240,1
9289,2020280205,"JURILLA, EDGAR",RES1,240,1
9290,2020200825,"JURILLA, GUILLERMO E.",RES2,240,1
9291,2020210070,"JURILLA, MARGARITA",RES3,240,1
9292,2020450365,"JURILLA, MARIA",RES1,240,1
9293,2020450420,"JURILLA, MARIA L.",RES1,240,1
9294,2020280320,"JURILLA, MARILOU O.",RES2,240,1
9295,2020151197,"JURILLA, MELCHOR R",RES1,240,1
9296,2020450295,"JURILLA, MILAGROS",RES1,240,1
9297,2020200793,"JURILLA, NORMA",RES1,240,1
9298,2020450425,"JURILLA, ROMELIO G",RES1,240,1
9299,2020200610,"JURILLA, ROSALEA",RES2,240,1
9300,2020450405,"JURILLA, VICTORIO I.",RES1,240,1
9301,2020200241,"KIM, ADELFA",RES3,240,1
9302,2020200855,"KIM, ADELFA B.",RES1,240,1
9303,2020210352,"KINGKING, JESUS BULACAN",RES1,240,1
9304,2020210080,"LABARDA, DELIA",RES1,240,1
9305,2020210348,"LABARDA, DIOSDADO ALALID",RES1,240,1
9306,2020550045,"LABARDA, IGNACIA OBALAN",RES1,240,1
9307,2020290150,"LABARDA, JENNIFER D.",RES1,240,1
9308,5050030805,"LABJANAN, JENELYN L.",RES1,240,1
9309,2020550124,"LABRADORES, ANGILLY REPONTE",RES1,240,1
9310,2020091579,"LABRADORES, JANET OBANA",RES3,240,1
9311,2020550231,"LABRADORES, LUZ M.",RES1,240,1
9312,2020550150,"LABRADORES, REJOYCE C.",RES1,240,1
9313,2020141921,"LABUAC, ROSALIN D",RES1,240,1
9314,2020141922,"LACABA, RAMIL O",RES1,240,1
9315,2020370335,"LACAMPUENGAN, MARINA",RES1,240,1
9316,2020370455,"LACOMPUENGAN, MARINA",RES1,240,1
9317,2020550204,"LACSON, RICARTE FABON",RES1,240,1
9318,2020210090,"LADERA, PASCUALITO",RES4,240,1
9319,2020210240,"LADERA, WILFREDO",RES1,240,1
9320,2020480372,"LAGERA, DEAREM S.",RES2,240,1
9321,2020310400,"LAGERA, GESTRUDES",RES3,240,1
9322,2020370385,"LAGERA, NELIA",RES1,240,1
9323,2020370380,"LAGERA, SOSIMO",RES2,240,1
9324,2020530002,"LANANTE, BELINDA OLEDAN",RES1,240,1
9325,5050041285,"LANDICHO, EVANGELINE H.",RES1,240,1
9326,2020171575,"LAO, NOVA ANN",RES1,240,1
9327,2020241300,"LAPORRE, ROMEO T.",RES2,240,1
9328,2020210100,"LASTIMADO, ROBERTO",RES1,240,1
9329,2020370290,"LAURENCIANA, LINA",RES2,240,1
9330,2020141918,"LAURO, ARNEL",RES1,240,1
9331,2020180665,"LAURON, ANTONIO I. JR.",RES1,240,1
9332,2020041666,"LAURON, CORAZON TONOLETE",COM1,240,1
9333,2020470219,"LAURON, GRACIANA",RES1,240,1
9334,2020550200,"LAURON, NONITO MUTYA",RES1,240,1
9335,2020550097,"LAURON, SHERYROSE D",RES1,240,1
9336,2020550198,"LAVILLA, ELIZABETH NALDO",RES1,240,1
9337,2020550219,"LAVILLA, IVY NALDO",RES1,240,1
9338,2020550217,"LAVILLA, LUZ NALDO",RES2,240,1
9339,2020170566,"LAWAAN, JOCELYN",RES2,240,1
9340,2020310475,"LAWAAN, NESTOR A.",RES1,240,1
9341,2020310340,"LAWAAN, REYNALDO",RES1,240,1
9342,2020550172,"LESIGUES, AMELITA PEPITO",RES1,240,1
9343,5050720314,LEYECO III KLCC COOPERATIVE,COM2,240,1
9344,5050041735,"LEYECO III, LBP ATM",COM1,240,1
9345,2020161560,"LIANZA, ESTER B",RES2,240,1
9346,2020171550,"LIANZA, GLENN A",RES1,240,1
9347,2020340719,"LIANZA, MELBA NAZARETA",RES1,240,1
9348,5050030708,"LIBREA, NIMFA",RES2,240,1
9349,2020200795,"LIGUTAN, AMALIA",RES1,240,1
9350,2020180707,"LIGUTAN, GE-ANN GREGORIO",RES1,240,1
9351,2020200168,"LIGUTAN, GORGONIO",RES1,240,1
9352,2020200925,"LIGUTAN, JAIME C.",RES1,240,1
9353,2020200935,"LIGUTAN, JIMMY N.",RES1,240,1
9354,2020180701,"LIGUTAN, MARILOU PARABOLES",RES2,240,1
9355,2020450432,"LIGUTAN, MARY ANN J",RES1,240,1
9356,2020200625,"LIGUTAN, PANFILO J.",RES1,240,1
9357,2020240350,"LIGUTAN, ULDARICO FAMOR",RES2,240,1
9358,2020490015,"LIGUTAN, VICITACION GRABADOR",RES2,240,1
9359,2020210110,"LIPORADA, ANTONIO",RES1,240,1
9360,2020200407,"LIPORADA, CECILIA",RES1,240,1
9361,2020200412,"LIPORADA, EVANGELINE",RES1,240,1
9362,2020200408,"LIPORADA, GENEROSA",RES1,240,1
9363,2020200403,"LIPORADA, JENNELYN",RES2,240,1
9364,2020151220,"LIPORADA, ROSARIO CAMPANO",RES1,240,1
9365,2020200411,"LIPORADA, TERESA",RES1,240,1
9366,2020141937,"LIROM, MARLON F",RES1,240,1
9367,2020200700,"LIWANAG, PURIFICACION",RES1,240,1
9368,2020151219,"LIZARDO, ANITA M",RES1,240,1
9369,2020151189,"LLAGAS, MARY ANN BACTOL",RES1,240,1
9370,2020141904,"LLAMES, ADELINA OLEDAN",RES2,240,1
9371,2020171559,"LLANDER, MELANI BARGAN",RES1,240,1
9372,2020081386,"LLANETA, ARMANDO CABALLES",RES1,240,1
9373,2020550157,"LLANETA, EMELITA B./ LEONARDO",RES1,240,1
9374,2020091604,"LLANETA, LEONARDO T.",RES1,240,1
9375,2020290184,"LLORAG, GIRLY BRUN",RES1,240,1
9376,2020171563,"LLOREN, BUENAVENTURA JR ENOVISO",RES1,240,1
9377,2020171546,"LLOREN, LITO/ VERONA, MICHELLE P",RES1,240,1
9378,2020240595,"LLOSA, ROSANNA R.",RES1,240,1
9379,2020021670,"LLOSE, LILIAN UY",RES1,240,1
9380,2020161545,"LLOVIA, MARY JANE C",RES1,240,1
9381,2020161506,"LLOVIA, PORFERIA AGUDO",RES1,240,1
9382,2020241675,"LOBENIA, CHRISTOPHER BARDAJE",RES2,240,1
9383,3030340128,"LODERO, GILGA",RES1,240,1
9384,2020550222,"LOMOT, ENRIQUE DELIMA",RES1,240,1
9385,2020180708,"LOPEZ, JOSEPHINE CABALLES",RES1,240,1
9386,2020171567,"LOPEZ, LOREZA CABALLES",RES1,240,1
9387,2020550004,"LOPEZ, ORLANDO BACARISAS",RES1,240,1
9388,2020151194,"LOPEZ, RODERICK DON CUMBIS",RES2,240,1
9389,2020200975,"LORICA, LUCIA M.",RES2,240,1
9390,2020200149,"LORICA, MICHAEL",RES1,240,1
9391,2020200083,"LUCELO, ERLINDA",RES1,240,1
9392,2020180704,"LUCELO, ROBERTO C",RES1,240,1
9393,2020200088,"LUCELO, ROSALIE R./ROMEO                ",RES2,240,1
9394,2020200310,"LUCENA, EMETERIO",RES2,240,1
9395,2020200306,"LUCENA, ERLINDA",RES1,240,1
9396,2020200285,"LUCENA, FLORO",RES1,240,1
9397,2020200515,"LUCENA, IMELDA T.",RES1,240,1
9398,2020201155,"LUCENA, MICHAEL ASIS",RES1,240,1
9399,2020200302,"LUCENA, PABLO",RES1,240,1
9400,2020201154,"LUCENA, RODRIGO G",RES1,240,1
9401,2020201112,"LUCENA, ROSALIA B.",RES1,240,1
9402,2020200830,"LUCENA, RUFINA B.",RES1,240,1
9403,2020200280,"LUCENA, SERGIO",RES1,240,1
9404,2020280399,LUINAB KAULAYANAN FARMERS,COM1,240,1
9405,2020550132,"LUMAPAK, JULITO MAURING",RES1,240,1
9406,2020550056,"LUMPANGUE, FELOMINA",RES1,240,1
9407,2020470227,"LUMPAY, ALLAN CABOHOR",RES1,240,1
9408,5050070115,"LUMPAY, BERNADETH C.",RES1,240,1
9409,5050070130,"LUMPAY, DERLIN B.",RES1,240,1
9410,5050031445,"LUMPAY, EDWIN COTONER",RES1,240,1
9411,5050070164,"LUMPAY, GLORIA C.",RES1,240,1
9412,2020280394,"LUMPAY, MARLYN CAUBALEJO",RES1,240,1
9413,5050070161,"LUMPAY, REGIN G.",RES1,240,1
9414,2020470200,"LUMPAY, ROBERTO",RES2,240,1
9415,2020210120,"MACABANSAG, SALVADOR",RES2,240,1
9416,2020201114,"MACABENTA, FLOR C.",RES1,240,1
9417,2020470120,"MACABENTA, MANUEL",RES1,240,1
9418,2020071500,"MACALALAG, FLORINA J",RES1,240,1
9419,2020071506,"MACALALAG, FLORINA J",RES1,240,1
9420,2020171561,"MACALALAG, JOCELYN PLATILLA",RES1,240,1
9421,2020400569,"MACALALAG, JOHANN MARC L",RES1,240,1
9422,2020241170,"MACALALAG, MELITA VELUNTA",RES1,240,1
9423,2020241671,"MACALALAG, NUMERIANO INALISAN",RES3,240,1
9424,2020081383,"MACALALAG, ROSEMARIE F",RES1,240,1
9425,2020540050,"MACALINAO, WENEFREDA BALINDO",RES1,240,1
9426,2020200532,"MACALPI ELEM. SCHOOL/HILARIO, RAMON",PB,240,1
9427,2020161521,"MACAMAY, ARLENE ACOLBE",RES1,240,1
9428,2020081398,"MADEJAS, LEDWINA GUIRINDULA",RES3,240,1
9429,2020180700,"MAGDUA, ILUMINADA GRAMA",RES2,240,1
9430,2020032002,"MAKABENTA, ADELAIDA U",COM2,240,1
9431,2020470225,"MAKABENTA, ALBERT PARENA",RES1,240,1
9432,2020550107,"MAKABENTA, ALVIN DIGMAN",RES1,240,1
9433,2020081396,"MAKABENTA, CHIRELYN DIAZ",RES1,240,1
9434,2020032011,"MAKABENTA, DOLORES BORROMEO",RES2,240,1
9435,2020450350,"MAKABENTA, ELENA",RES2,240,1
9436,2020141933,"MAKABENTA, ENRICO C",RES1,240,1
9437,2020450225,"MAKABENTA, EVELYN",RES1,240,1
9438,2020550242,"MAKABENTA, FLORENTINA DIGMAN",RES1,240,1
9439,2020450355,"MAKABENTA, FRANCISCA",RES2,240,1
9440,2020071492,"MAKABENTA, JANE A.",RES1,240,1
9441,2020200151,"MAKABENTA, JENNYLYN",RES1,240,1
9442,2020450431,"MAKABENTA, JONATHAN",RES1,240,1
9443,2020310300,"MAKABENTA, LEONILA",RES1,240,1
9444,2020191086,"MAKABENTA, MATIAS Y",RES1,240,1
9445,2020171558,"MAkaBENTA, MYRNA B",RES1,240,1
9446,2020470110,"MAKABENTA, PABLO",RES1,240,1
9447,5050041698,"MAKABENTA, SOLEDAD DARRIGUEZ",RES1,240,1
9448,2020200146,"MAKABENTA, ULDARICO",RES1,240,1
9449,2020200265,"MAKABENTA, VICTORINA",RES1,240,1
9450,2020310335,"MAKABENTA, WENEFREDA",RES2,240,1
9451,2020450395,"MAKABENTA, WILFREDA R.",RES1,240,1
9452,2020200611,"MALINAO, AGUINALDO",RES1,240,1
9453,2020200093,"MANALAC, MA. CORAZON",RES1,240,1
9454,2020141905,"MANGUERRA, ARIEL",RES2,240,1
9455,2020550015,"MANICANI, RONILO C.",RES1,240,1
9456,2020310280,"MAPAIT, TERESA",RES1,240,1
9457,2020200425,"MAPILI, MA. ELENA I.",RES1,240,1
9458,5050012218,"MARILLA, THELMA P",RES1,240,1
9459,2020550149,"MARQUEZ, LEONORA ARO",RES1,240,1
9460,2020550066,"MASIBAG, DAISY",RES2,240,1
9461,2020550158,"MASIBAG, LORNA VARGAS",RES1,240,1
9462,2020550152,"MAURILLO, AURORA CANOPIN",RES1,240,1
9463,2020550179,"MENDOZA, ABNER S.",RES3,240,1
9464,2020151200,"MENDOZA, AYESSA ANN",RES1,240,1
9465,2020550079,"MENDOZA, CONNIE F.",RES1,240,1
9466,2020151199,"MENDOZA, DELFIN S",RES1,240,1
9467,2020370460,"MENDOZA, DODIE P.",RES1,240,1
9468,2020550169,"MENDOZA, EUFEMIA RIEL",RES3,240,1
9469,2020200228,"MENDOZA, GUILLERMA",RES3,240,1
9470,2020030825,"MENDOZA, LEONILA D.",RES2,240,1
9471,2020550098,"MENDOZA, MARY JANE M",RES2,240,1
9472,2020091554,"MENDOZA, RICO, DAGASDAS",RES1,240,1
9473,3030120475,"MERANO, ERIK BRAZIL",RES1,240,1
9474,2020141936,"MERELOS, MADONA M",RES2,240,1
9475,2020210115,"MEREMILLA, MICHELLE A.",RES1,240,1
9476,2020550084,"METRAN, PATROCENIA ORSAL",RES1,240,1
9477,2020550086,"MIA, ERWIN MAKABENTA",RES2,240,1
9478,2020032004,"MIJARES, ABNER ISIDRO",RES2,240,1
9479,2020201124,"MIRALLES, EILEEN CELONES",RES2,240,1
9480,2020200440,"MIRALLES, GLECERIA",RES2,240,1
9481,2020200490,"MIRALLES, MARGARITA",RES2,240,1
9482,2020200521,"MIRALLES, RUEL",RES2,240,1
9483,2020550218,"MIRANDA, CARLITO CAPAYCAPAY",RES1,240,1
9484,2020550008,"MIRANDA, FELISA R.",RES2,240,1
9485,2020550011,"MIRANDA, JEFFREY ORIOL",RES1,240,1
9486,2020550236,"MIRANDA, RODELIO ADARNE",RES2,240,1
9487,2020161563,"MISAGAL, TERESITA B.",RES1,240,1
9488,2020200394,"MOLABOLA, ESTRELLA C.",RES1,240,1
9489,2020200396,"MOLABOLA, MARCELINA",RES1,240,1
9490,5050012205,"MOLAS, NELIA ARINTOC",RES1,240,1
9491,2020161569,"MOLLIDA, MARK ALLAN RIEL",RES3,240,1
9492,2020210130,"MOLO, CLETO",RES1,240,1
9493,2020081397,"MOLO, CYREL CARL J/ GARAGE BLDG",COM1,240,1
9494,2020210350,"MOLO, GLEN BALTAR",RES1,240,1
9495,2020210351,"MOLO, GLENDA BALTAR",RES1,240,1
9496,2020210358,"MOLO, MYRNA AÑOVER",RES1,240,1
9497,2020210195,"MOLO, PEDRO JR. O.",RES1,240,1
9498,2020210320,"MOLO, TRANQUILINO",RES2,240,1
9499,5050012227,"MONARES, TEODOSIA",RES1,240,1
9500,2020550138,"MONTANO, ESTELITA C. (LEON)",RES1,240,1
9501,5050012215,"MORAÑA, ELVIRA AGUDO",RES1,240,1
9502,2020201095,"MORANTE, MA. ROWENA JEAN D.",RES3,240,1
9503,2020550104,"MORELES, HELMA",RES1,240,1
9504,2020141879,"MORIEL, JOSEFA YASMIN A.",COM1,240,1
9505,2020062090,MUNICIPALITY OF CARIGARA ST LIGHT METER2,ST,240,1
9506,2020051969,"MUSTAPHA, MOHAMMAD ALI",RES1,240,1
9507,2020550106,"MUTYA, MOISES N.",RES1,240,1
9508,2020550225,"MUTYA, ROWENA BUENA",RES1,240,1
9509,2020141940,MWJ CONSTRUCTION BUNK HOUSE,RES1,240,1
9510,2020550207,"NAAGAS, BETHZAIDA NAVILGAS",RES1,240,1
9511,2020550171,"NAAGAS, CHONA GONZAGA",RES1,240,1
9512,2020550110,"NAAGAS, JUANITO C",RES3,240,1
9513,2020210105,"NAAGAS, LEO P.",RES4,240,1
9514,2020550013,"NAAGAS, LETECIA H.",RES1,240,1
9515,2020550189,"NAAGAS, LUCIANA SEMENIANO",RES2,240,1
9516,2020550161,"NAAGAS, ROGELIO JR. HERNANDEZ",RES1,240,1
9517,2020081388,"NAAGAS, UGIE BENIS",RES1,240,1
9518,2020280255,"NACIONAL, IMELDA",RES1,240,1
9519,2020121728,"NALDA, JUNE DIGMAN",RES1,240,1
9520,2020091596,"NALDO, ALMA H",RES2,240,1
9521,2020550123,"NAPOLES, DANIEL SIOS-E",RES1,240,1
9522,2020550144,"NAPOLES, JERSON SIOS-E",RES1,240,1
9523,2020280325,"NARBONITA, ADELFA",RES2,240,1
9524,2020171548,"NARBONITA, ALICIA L",RES2,240,1
9525,2020171543,"NARBONITA, ANNALYN I",RES1,240,1
9526,2020190060,"NARBONITA, FELIX",RES2,240,1
9527,2020200340,"NARBONITA, FELIX",RES1,240,1
9528,2020200334,"NARBONITA, FELIX/LUIS",RES1,240,1
9529,2020091603,"NARBONITA, GOMER",RES1,240,1
9530,2020200351,"NARBONITA, MARITES",RES1,240,1
9531,2020200890,"NARBONITA, MARITES B.",RES2,240,1
9532,2020171570,"NARBONITA, MERRY CRIS D",RES1,240,1
9533,2020200255,"NARBONITA, MICHAEL A./JENIEFER",RES3,240,1
9534,2020550135,"NARIDO, RENE NALDA",RES1,240,1
9535,2020430157,"NARTEA, ARMANDO G",RES1,240,1
9536,2020161552,"NARTEA, JEFFREY R",RES1,240,1
9537,2020201085,"NARTEA, RODOLFO L.",RES1,240,1
9538,2020171555,"NAVARRO, LEMUEL F",RES1,240,1
9539,2020200245,"NAZARETA, BONIFACIA P.",RES1,240,1
9540,2020310561,"NEDRUDA, MICHAEL P",RES1,240,1
9541,2020091583,"NEGAD, LAYLIE GUYA",RES2,240,1
9542,2020280391,"NEPOMUCENO, MERLY Y.",COM1,240,1
9543,2020201118,"NICAL, DOMINGO JR. T.",RES1,240,1
9544,2020450160,"NIMO, MODELINE",RES1,240,1
9545,2020200480,"NIVAL, ANTONIO",RES2,240,1
9546,2020201148,"NIVAL, FRANCISCO PETALLANA",RES1,240,1
9547,2020201145,"NIVAL, JOVELYN PARENA",RES1,240,1
9548,2020151207,"NIVAL, LEEMARK D",RES1,240,1
9549,2020200486,"NIVAL, RICKY",RES1,240,1
9550,2020201117,"NIVERA, MANUEL (POULTRY)",COM1,240,1
9551,2020200243,"OBALAN, EMELIANA",RES2,240,1
9552,2020200244,"OBALAN, LETECIA",RES3,240,1
9553,2020370400,"OBALAN, ROWENA",RES1,240,1
9554,2020210250,"OBANA, EUGENIA",RES1,240,1
9555,2020550102,"OBANA, GRANT OLIVER RHEENIE J",RES1,240,1
9556,2020210356,"OBANA, JOANA BODO",RES1,240,1
9557,2020171536,"OBANA, RENE AGUMBAY",RES2,240,1
9558,2020550139,"OBANIL, VICTORIA ABORITA",RES1,240,1
9559,2020161551,"OBAOB, CECILIA  L.",RES1,240,1
9560,2020161548,"OBAOB, PATROCINIA LIANZA",RES2,240,1
9561,2020280260,"OBCIANA, EDITHA",RES1,240,1
9562,2020280387,"OBCIANA, EDITHA N.",RES1,240,1
9563,2020171557,"OBEJERA, GERRY/ LAGUNSAD, RENALYN",RES1,240,1
9564,2020210335,"OBEÑA, ARNOLFO C.",RES2,240,1
9565,2020210145,"OBEÑA, CENONA R.",RES1,240,1
9566,2020210295,"OBEÑA, GERARDO Y.",RES1,240,1
9567,2020550089,"OBERO, PATERNO",RES3,240,1
9568,2020141892,"OBISCORO, JOECEL BREMON",RES1,240,1
9569,5050012206,"OBO, NICANOR D",RES1,240,1
9570,2020151185,"OBO, NIDA B",RES3,240,1
9571,5050070163,"OCBO, DARRYL CARSTEN ABALLAR",RES1,240,1
9572,2020161541,"OFENDA, JOSEFA MENDOZA",RES1,240,1
9573,2020060105,"OFREL, MARIO C/O CABUGUING",RES3,240,1
9574,2020550143,"OJALES, LEA AMASCUAL",RES2,240,1
9575,2020081390,"OLAYA, GERALD JAVINES",RES1,240,1
9576,2020310395,"OLAYAN, EMELDA",RES1,240,1
9577,2020141920,"OLEDAN, ALEJANDRO DAGALEA",RES1,240,1
9578,2020141929,"OLEDAN, ARSENIA DAGASDAS",RES1,240,1
9579,2020410555,"OLEDAN, AURORA",RES2,240,1
9580,2020550247,"OLEDAN, ELISA BARCOMA",RES1,240,1
9581,2020410560,"OLEDAN, LOLITA C.",RES3,240,1
9582,2020550105,"OLEDAN, PURIFICACION",RES1,240,1
9583,2020121727,"OLEDAN, ROMEO BACATAN",RES1,240,1
9584,2020550245,"OLEDAN, VIOLETA GARRATA/DANILO",RES1,240,1
9585,2020141950,"OLIDAN, ESTER MATIGA",RES1,240,1
9586,2020151190,"OLIVER, CARLO T",RES1,240,1
9587,2020201123,"OMAWAS, MARICEL FLORENDO",RES1,240,1
9588,2020210155,"OMAWAS, MYLENE E. ",RES1,240,1
9589,5050012207,"ONG, STEVEN P",COM1,240,1
9590,2020141913,"OPEÑA, ELBERT SR CABORNIDA",RES2,240,1
9591,2020141934,"OPEÑA, ELMER C",RES1,240,1
9592,2020171564,"OPETINA, ERWIN NITURA",RES1,240,1
9593,2020200645,"OPETINA, FELISA T.",RES1,240,1
9594,2020200120,"OPETINA, MANSUETA",RES3,240,1
9595,2020550083,"OPETINA, RENGIE  B",RES1,240,1
9596,2020550113,"OPETINA, RICARDO BUENO",RES1,240,1
9597,2020370180,"OPLEGIDA, BENEDICTO",RES2,240,1
9598,2020370190,"OPLEGIDA, EVANGELINE",RES1,240,1
9599,2020370205,"OPLEGIDA, SALVADOR",RES2,240,1
9600,2020290125,"OPLEJEDA, JENNIFER F.",RES2,240,1
9601,2020280185,"OPLEJEDA, JOSE",RES2,240,1
9602,2020290130,"OPLEJEDA, MARLON T.",RES1,240,1
9603,2020200082,"OPON, ANASTACIA",RES2,240,1
9604,2020081391,"ORIAN, NALLIE RAGSAG",RES1,240,1
9605,2020550026,"ORIOL, ALEJANDRO MAKABENTA",RES1,240,1
9606,2020310564,"ORIOL, ARNEL J",RES1,240,1
9607,2020091587,"ORIOL, CARIDAD N",RES1,240,1
9608,2020550232,"ORIOL, CRISANTO MAKABENTA",RES1,240,1
9609,2020550065,"ORIOL, EVELYN O",RES1,240,1
9610,2020550251,"ORIOL, LILIOSA ELLAZAR",RES1,240,1
9611,2020141917,"ORIOQUE, ALFREDO C",RES1,240,1
9612,2020121721,"ORIOQUE, EDUARDO NALDA JR",RES1,240,1
9613,2020161561,"ORMOQUIN, DOMINADOR JR E.",RES3,240,1
9614,2020450145,"OROGAN, MARINA",RES2,240,1
9615,5050041737,"OROGAN, WILMA SARMIENTO",RES2,240,1
9616,2020550178,"ORSAL, SALVADOR A.",RES1,240,1
9617,5050012208,"ORTILE, ANGIE LORICA",RES1,240,1
9618,2020550061,"ORTULA, LOURDES NAAGAS",RES1,240,1
9619,2020161549,"OYZON, SEVERO JR N",RES4,240,1
9620,2020370375,"PABELLO, BEVERLY",RES1,240,1
9621,2020280100,"PABLO, URIBE",RES3,240,1
9622,2020550067,"PACALA, JENNY",RES2,240,1
9623,2020310135,"PACALA, JOEL",RES2,240,1
9624,2020180705,"PACE, FLORENCIO MACALALAG",RES1,240,1
9625,2020200042,"PADILLA, MERCY",RES1,240,1
9626,2020210290,"PADILLA, ROSALINDA",RES1,240,1
9627,2020210275,"PADILLA, SOLITA C.",RES1,240,1
9628,2020270472,"PADOGA, RONRON D",RES4,240,1
9629,2020161516,"PALAD, JESSICA INALISAN",RES1,240,1
9630,2020200166,"PALAGINOG, AIDA",RES1,240,1
9631,2020200157,"PALAGINOG, ERLINDA",RES2,240,1
9632,2020200970,"PALAGINOG, FELIPE B.",RES1,240,1
9633,2020200990,"PALAGINOG, GILDA L.",RES1,240,1
9634,2020200215,"PALAGINOG, GLORIANNE",RES1,240,1
9635,2020191090,"PALAGINOG, JUNALYN C",RES1,240,1
9636,2020200158,"PALAGINOG, RUPERTO",RES1,240,1
9637,2020200180,"PALAHINOG, VALERIANA",RES1,240,1
9638,2020200252,"PALAJOREN, BELINDA C./MELVIN",RES3,240,1
9639,2020370160,"PALAJOREN, EMMA",RES1,240,1
9640,2020370150,"PALAJOREN, ERNESTO I.",RES1,240,1
9641,2020200335,"PALAJOREN, MELCHOR",RES3,240,1
9642,2020200233,"PALAJORIN, MELCHOR",RES1,240,1
9643,2020050815,PALAWAN PAWNSHOP,COM1,240,1
9644,2020550235,"PALCES, CONCEPCION BOCO",RES2,240,1
9645,2020270469,"PALMES, ALMA ANCHETA",RES1,240,1
9646,2020240530,"PAMANIAN, BRENDA",RES2,240,1
9647,2020550168,"PAMANIAN, TERESITA GORGONIO",RES3,240,1
9648,2020240130,"PANAL, BELINDA",RES1,240,1
9649,2020380275,"PANAL, CARLITO P.",RES2,240,1
9650,2020200620,"PANAL, ESTELITA",RES2,240,1
9651,2020200590,"PANAL, JOVITA",RES3,240,1
9652,2020200510,"PANAL, MARINA",RES2,240,1
9653,2020200945,"PANAL, MELVIN P.",RES2,240,1
9654,2020200545,"PANAL, NANCY",RES2,240,1
9655,2020390120,"PANAL, NORMA",RES1,240,1
9656,2020200710,"PANAL, PATROCENIA",RES1,240,1
9657,2020380300,"PANAL, RENATO/ MARIA",RES1,240,1
9658,2020200450,"PANAL, ROSALINDA",RES1,240,1
9659,2020450290,"PANAL, TEOFESTA",RES2,240,1
9660,2020450340,"PANAL, VERONICA R.",RES1,240,1
9661,2020051964,"PANAY, ANDOKS CORPORATION",COM3,240,1
9662,2020191092,"PANIM, ALEX R",RES1,240,1
9663,2020191096,"PANIM, BENSON  P",RES1,240,1
9664,2020550119,"PANIM, GLADYS BEE N",RES1,240,1
9665,2020370285,"PANIM, MARIA",RES1,240,1
9666,2020161515,"PANIM, MERENCIANA L",RES1,240,1
9667,2020161514,"PANIM, RENATO I/VERONICA",RES1,240,1
9668,2020200162,"PANIM, SIMEON",RES1,240,1
9669,2020410687,"PANIM, SOFRONIA CARAO",RES1,240,1
9670,5050012212,"PANIS, ERLINDA O.",RES1,240,1
9671,2020091385,"PANSOY, MENCHIE N.",RES1,240,1
9672,2020450115,"PARADO, WILMA",RES1,240,1
9673,2020340717,"PARAG UM, EVACUATION CENTER",PB,240,1
9674,2020520029,"PARAG-UM, DUMPSITE",PB,240,1
9675,2020450427,"PARENA, ADELINA S",RES1,240,1
9676,2020450230,"PARENA, AMANCIA",RES1,240,1
9677,2020380296,"PARENA, ANALIZA",RES2,240,1
9678,2020201163,"PARENA, CELINA",RES1,240,1
9679,2020450210,"PARENA, CHOLITA",RES3,240,1
9680,2020200540,"PARENA, CORNELIO",RES2,240,1
9681,2020200730,"PARENA, DOMINADOR",RES1,240,1
9682,2020450330,"PARENA, EFREN",RES1,240,1
9683,2020470228,"PARENA, EFREN YACAP",RES2,240,1
9684,2020380290,"PARENA, ELOISA M.",RES1,240,1
9685,2020450240,"PARENA, ELSA",RES1,240,1
9686,2020450325,"PARENA, FELIMON",RES1,240,1
9687,2020200770,"PARENA, FLORA",RES2,240,1
9688,2020200481,"PARENA, GILBERT",RES2,240,1
9689,2020380297,"PARENA, JOVELYN FAMI",RES1,240,1
9690,2020200835,"PARENA, LEO B.",RES2,240,1
9691,2020200094,"PARENA, LEONZA",RES2,240,1
9692,2020200920,"PARENA, MERVIN C.",RES1,240,1
9693,2020450200,"PARENA, MYRNA",RES1,240,1
9694,2020141942,"PARENA, NICANOR M",RES2,240,1
9695,2020470222,"Parena, Nieves I.",RES1,240,1
9696,2020450310,"PARENA, NILDA",RES2,240,1
9697,2020280165,"PARENA, OLEVA",RES2,240,1
9698,2020450110,"PARENA, PABLO L",RES1,240,1
9699,5050040019,"PARENA, PAZ",RES1,240,1
9700,2020450205,"PARENA, RENATO",RES3,240,1
9701,5050041738,"PARENA, ROSARIO ENSINAS",RES2,240,1
9702,2020450335,"PARENA, SESENIA",RES2,240,1
9703,2020200520,"PARENA, SOPRIANA",RES2,240,1
9704,2020450320,"PARENA, TRINIDAD",RES1,240,1
9705,2020450235,"PARENA, ZENAIDA",RES1,240,1
9706,2020200550,"PARING, WILFREDO",RES1,240,1
9707,5050012216,"PARROCHO, RAMIL MONTE",RES2,240,1
9708,2020370340,"PARTO, RENERIO",RES1,240,1
9709,2020550010,"PASCUAL, ACHILLES DOROJA",RES1,240,1
9710,2020111150,"PASCUAL, ERNESTO RONEL SALVACION",COM1,240,1
9711,2020101089,"PASCUAL, FERNANDO A.",RES3,240,1
9712,2020101088,"PASCUAL, MARNNIE RAAGAS",RES3,240,1
9713,2020210360,"PATANO, CLINT QUEBEC",RES1,240,1
9714,2020210255,"PATANO, CYNTHIA",RES1,240,1
9715,2020550090,"PATRIMONIO, SANDER PANUGAN",RES2,240,1
9716,2020200542,"PEÑAFLOR, JOSEPHINE",RES3,240,1
9717,2020200575,"PEÑAFLOR, NOEL",RES2,240,1
9718,2020200153,"PEÑAS, GUADALUPE",RES1,240,1
9719,2020091555,"PEDONG, ULYSES KIM L.",RES1,240,1
9720,2020310555,"PELEA, FELIPE D. JR.",RES2,240,1
9721,2020370105,"PELIA, ALEJANDRO",RES2,240,1
9722,2020151193,"PELIA, CARLOS  INDINA",RES1,240,1
9723,2020310570,"PELIA, EMELINDA D",RES1,240,1
9724,2020310145,"PELIA, FELIPE SR.",RES2,240,1
9725,2020370100,"PELIA, ROMEO",RES1,240,1
9726,2020310150,"PELIA,ESMAEL",RES1,240,1
9727,2020012313,"PELSON, NORIE LYN PLANILLO",RES2,240,1
9728,2020030765,"PEÑARANDA, RUFINA",RES1,240,1
9729,2020030445,"PENESA, CROMWELL R.",RES3,240,1
9730,2020310445,"PERALTA, REGGIE F.",RES1,240,1
9731,5050080160,"PERDONIS, ROSARIO",RES1,240,1
9732,3030340206,"PERIDA, OSCAR PARROCHO",RES2,240,1
9733,2020310485,"PERMEJO, MELINDA D.",RES2,240,1
9734,2020041659,"PERMEJO, NEIL RONALD ANCEL",RES3,240,1
9735,2020550129,"PERMEJO, ROMMEL BUÑALES",RES1,240,1
9736,2020200145,"PERNIS, MAGDALENA I.",RES2,240,1
9737,2020241670,"PEROCHO, VICTORIANO JR EXCLAMADOR",RES2,240,1
9738,2020161556,"PERONA, JOSELITO U",RES1,240,1
9739,2020031995,"PERUDA, JEANA FLORENDA",RES2,240,1
9740,2020151218,"PERUDA, MARY GRACE C",RES3,240,1
9741,2020041660,"PERUDA, RODRIGO JR",RES1,240,1
9742,2020161567,"PERUDA, SALVADOR D",RES4,240,1
9743,2020012345,"PESQUERA, CONSTANCIOJR RENDORA",RES2,240,1
9744,2020121726,"PESQUERA, MICHAEL/MARICAR",RES1,240,1
9745,2020161528,"PETALLANA, CRISTAN  L",RES1,240,1
9746,2020200352,"PETALLANA, MARITES A.",RES1,240,1
9747,2020460644,"PETALLANA, MARVIN B.",RES1,240,1
9748,2020200375,"PETALLANA, NATIVIDAD",RES1,240,1
9749,2020161523,"PETALLANA, SHERYL",RES1,240,1
9750,2020161524,"PETALLANA, SOLEDAD A",RES1,240,1
9751,2020200790,"PETALLANA, VICTORIA",RES1,240,1
9752,2020430158,"PETILOS, ARNEL CARATAO",RES1,240,1
9753,2020450315,"PETRONILA, GARCIA",RES1,240,1
9754,2020021652,"PIAD, RICHEL A.",RES1,240,1
9755,2020550215,"PIANGCO, MARK ANTHONY S",RES1,240,1
9756,2020410689,"PIANO, DOMINGO JR BRIER",RES1,240,1
9757,2020550091,"PILAPIL, BENJAMIN MALINAO",RES2,240,1
9758,2020550206,"PILAPIL, NOEL BUSTILLO",RES1,240,1
9759,2020550176,"PILAPIL, NORMAN BUSTILLO",RES1,240,1
9760,2020310230,PILORO BRGY. HALL,RES4,240,1
9761,2020550121,"PIÑAS, JEFFREY T./ROSITA",RES2,240,1
9762,2020280125,"PLATILLA, CORITA",RES1,240,1
9763,2020440297,"PLATILLA, ERNEO",RES1,240,1
9764,2020161534,"PLATILLA, JONNIE PENOTE",RES1,240,1
9765,2020300258,"PLATILLA, JOSELITO LIANZA",RES1,240,1
9766,2020161537,"PLATILLA, JUANITO SR",RES1,240,1
9767,2020550151,"PLATILLA, MARIA MERCEDES AGUMBAY",RES2,240,1
9768,2020280407,"PLATILLA, MYLA",RES1,240,1
9769,2020201144,"POLERO, ENCARNACION GAYAS",RES1,240,1
9770,2020201143,"POLERO, MA. THERESA G",RES1,240,1
9771,2020550028,"PONES, RAYMOND SALDENO",RES1,240,1
9772,2020071501,"PORRAL, REYNALDO S",RES1,240,1
9773,2020091601,"POTOLIN, DOMINGO G. JR",RES3,240,1
9774,2020550116,"POTOLIN, KRYSTIANNE P",RES1,240,1
9775,2020091594,"POTOLIN, MA. PAZ R",RES1,240,1
9776,2020550140,"PRESBITERO, DANILO C (DONNA)",RES2,240,1
9777,2020081372,"PRESBITERO, DONNA CANOPIN",RES3,240,1
9778,2020370435,"PRIETO, MARY ANN ",RES2,240,1
9779,2020151192,"PROFETANA, ALANO PETALLANA",RES1,240,1
9780,2020201055,"PRUDENTE, CLARA Q.",RES1,240,1
9781,2020201142,"PRUDENTE, MICHAEL Q.",RES1,240,1
9782,2020201141,"PRUDENTE, NORBERTO Q",RES2,240,1
9783,2020201140,"PRUDENTE, ROSARIO D",RES1,240,1
9784,2020550058,"PULGA, DELITA MIRANDA",RES1,240,1
9785,2020550203,"PULGA, RENATO M/ LOURDES",RES1,240,1
9786,2020370125,"QUEBEC, ALJEN",RES1,240,1
9787,2020200200,"QUEBEC, BENJAMIN",RES3,240,1
9788,2020200980,"QUEBEC, EMELITO B.",RES1,240,1
9789,2020200165,"QUEBEC, EXPEDITO",RES1,240,1
9790,2020370464,"QUEBEC, FELINO",RES1,240,1
9791,2020210260,"QUEBEC, FRANCISCO",RES4,240,1
9792,2020370140,"QUEBEC, LYDIA",RES1,240,1
9793,2020201161,"QUEBEC, MA. LUISA ILAD",RES1,240,1
9794,2020210140,"QUEBEC, MARGARITO",RES2,240,1
9795,2020370145,"QUEBEC, MARILYN",RES3,240,1
9796,2020370420,"QUEBEC, MARLISSA",RES1,240,1
9797,2020081385,"QUEBEC, PAULINA A",RES1,240,1
9798,5050070120,"QUEBEC, REDENTOR R.",RES1,240,1
9799,2020310365,"QUIDLAT, AGNES",RES1,240,1
9800,2020310553,"QUIDLAT, ANECITA B.",RES1,240,1
9801,2020200236,"QUIDLAT, CIRILO",RES1,240,1
9802,2020310510,"QUIDLAT, EDUARDO",RES1,240,1
9803,2020310360,"QUIDLAT, ELISA",RES1,240,1
9804,2020310355,"QUIDLAT, EMMA",RES1,240,1
9805,2020310350,"QUIDLAT, ERNITA",RES2,240,1
9806,2020310563,"QUIDLAT, NOLIE IBOJO",RES1,240,1
9807,2020310554,"QUIDLAT, NORBERTO U.",RES1,240,1
9808,2020310530,"QUIDLAT, NORY B.",RES2,240,1
9809,2020310330,"QUIDLAT, NOVA",RES1,240,1
9810,2020310559,"QUIDLAT, OLIVIA S.",RES3,240,1
9811,2020310566,"QUIDLAT, ROJERICK A",RES1,240,1
9812,2020310200,"QUIDLAT, ROSARIO",RES1,240,1
9813,2020310225,"QUIDLAT, SARAH",RES1,240,1
9814,2020310345,"QUIDLAT, TERESITA",RES1,240,1
9815,2020280210,"QUILAQUIL, EDILBERTA",RES1,240,1
9816,2020370425,"QUILESTE, RAYMUNDO",RES1,240,1
9817,2020370250,"QUILESTE, ROLLY",RES1,240,1
9818,2020180680,"QUIMBO, MARILOU C.",RES3,240,1
9819,2020450428,"QUIMNO, ADONIS C",RES1,240,1
9820,2020290181,"QUIMNO, ARSENIA",RES1,240,1
9821,2020450285,"QUIMNO, GERRY",RES1,240,1
9822,2020290186,"QUIMNO, MARCELINO",RES1,240,1
9823,2020450410,"QUIMNO, TEOFILA",RES1,240,1
9824,2020161564,"QUINAGUTAN, JANET",RES1,240,1
9825,2020190685,"QUINAGUTAN, JENNIFER",RES1,240,1
9826,2020370450,"QUINAGUTAN, MARIETTA",RES2,240,1
9827,2020310180,"QUINAGUTAN, PATROCENA",RES1,240,1
9828,2020210361,"QUINTINTA, MARYJANE S.",RES2,240,1
9829,2020141901,"QUIRIMIT, ELENA DAGAN",RES1,240,1
9830,2020450300,"RAAGAS, LANIE",RES1,240,1
9831,2020450275,"RAAGAS, LEONCIA",RES1,240,1
9832,2020450305,"RAAGAS, MARIA",RES3,240,1
9833,2020201151,"RAAGAS, RACHEL R",RES1,240,1
9834,2020151188,"RAAGAS, VIOLETA DELVO",RES1,240,1
9835,2020091598,"RABACIO, ELLIE IBAÑEZ",RES1,240,1
9836,2020200105,"RAGANIT, VICENTA",RES2,240,1
9837,2020171552,"RAGSAG, BENERANDO CLORES",RES1,240,1
9838,2020161513,"RAGSAG, CHERILYN DAGALEA",RES1,240,1
9839,2020171551,"RAGSAG, LETTY D",RES1,240,1
9840,2020550163,"RALIA, DIOSDADA PACHECO",RES1,240,1
9841,2020310565,"RAMACION, RONALD LIANZA",RES1,240,1
9842,2020201030,"RAMIREZ, ERLINDA B.",RES2,240,1
9843,2020081387,"RAMIREZ, RICA M",RES1,240,1
9844,2020161532,"RANCE, ALFREDO O",RES1,240,1
9845,2020380302,"RANCE, CARLITO P",RES1,240,1
9846,2020310562,"RANCE, ERLINDA N",RES1,240,1
9847,2020151216,"RANCE, JAMUEL A",RES1,240,1
9848,2020200745,"RANCE, JOSEPHINE Q.",RES1,240,1
9849,2020550199,"RANCE, MARIA CRISTINA ASIS",RES1,240,1
9850,2020450430,"RANCE, RECTO I",RES1,240,1
9851,2020161531,"RANCE, ROBERTO",RES1,240,1
9852,2020200605,"RANCE, ROSA",RES2,240,1
9853,2020200320,"RANCE, TARCELA",RES2,240,1
9854,2020380299,"RANCE, VIRGINIA P",RES1,240,1
9855,2020380295,"RAÑIN, CONNIE V.",RES1,240,1
9856,2020450426,"RAÑIN, NORBERTO F",RES1,240,1
9857,2020140422,"RAÑIN, ROMEO",RES1,240,1
9858,2020380298,"RAZO, ALEX JURILLA",RES1,240,1
9859,2020012347,"RAZON, LYDIA ORIOQUE",RES1,240,1
9860,2020191094,"REATAZA, SALVADOR A",RES1,240,1
9861,2020200270,"RECILLO, ISIDORA YACAP",RES1,240,1
9862,2020062093,"REDONDO, MARY ANN FLORES",COM1,240,1
9863,2020240735,"REGINA, CARATAO",RES1,240,1
9864,2020201139,"RELI, ALICIA DAQUIGAN",RES2,240,1
9865,2020200670,"REMEDIO, ALICIA",RES1,240,1
9866,2020380303,"REMEDIO, HERMINIO L",RES1,240,1
9867,2020161539,"RENDORA, ADELAIDA OBANA",RES1,240,1
9868,2020310190,"RENDORA, EULOGIO",RES1,240,1
9869,2020310435,"RENDORA, JOSEPHINE N.",RES2,240,1
9870,2020550009,"RENDORA, LUISITO ELIZON",RES2,240,1
9871,2020370360,"RENDORA, VECETACIO",RES2,240,1
9872,2020550034,"REPOLLO, ARIEN POUD",RES1,240,1
9873,2020550063,"REPOLLO, ARTURO O",RES1,240,1
9874,2020171544,"RESQUICIO, JACKIELYN U",RES2,240,1
9875,2020171538,"RESQUICIO, MARIVIC BACTOL",RES2,240,1
9876,2020171537,"RESQUICIO, ROMEO COMBINIDO",RES1,240,1
9877,2020031990,"REUYAN, JOSTHUAMAY ARPON",RES3,240,1
9878,2020550073,"REYES, MARINA CARLOS",RES1,240,1
9879,2020151184,"REYES, SHERWIN LLAGAS",RES3,240,1
9880,2020310205,"RICO, SALVACION AMAHIT",RES1,240,1
9881,2020062092,"RIEL, RUEL C",RES2,240,1
9882,2020030815,"RIGA, LIEZLE I.",RES1,240,1
9883,2020201080,"RIVERA, JONALYN P.",RES1,240,1
9884,2020161555,"ROCHA, ELMER B",RES1,240,1
9885,2020161536,"ROCHA, MARISSA HAMTIG",RES1,240,1
9886,2020040160,"ROCHA, MIGUEL",RES2,240,1
9887,2020151206,"ROCHA, NOEL TAMPOL",RES1,240,1
9888,2020151191,"ROCHA, NORA TAMPOL",RES1,240,1
9889,2020151214,"ROCHA, ROWENA A.",RES1,240,1
9890,5050012229,"ROGERO, MARICAR GONZALES",RES1,240,1
9891,2020550209,"ROMANO, JOSEPH MACALINAO",RES1,240,1
9892,2020550185,"ROMANO, MA. JOSEPHINE M.",RES1,240,1
9893,2020550208,"RONDINA, BENEDICTO VERONA",RES1,240,1
9894,2020310380,"ROSAL, CARMELITA",RES1,240,1
9895,2020310465,"ROSAL, LIZA O.",RES1,240,1
9896,2020030795,"ROTAIRO, ANNABELLE C.",RES1,240,1
9897,2020550220,"ROTAIRO, RIZA G.",RES3,240,1
9898,2020550039,"ROTAIRO, SALVADOR RAMIREZ",RES3,240,1
9899,2020550246,"ROXAS, SUSANA BALAIS",RES1,240,1
9900,2020370463,"ROYO, JERRY",RES1,240,1
9901,2020201157,"ROYO, RITA BRUN",RES1,240,1
9902,2020210125,"ROYO, STERINA C.",RES4,240,1
9903,2020091582,"RUÑA, ROSALINDA MUTYA",RES1,240,1
9904,2020091577,"RUÑA, ROSEMARIE TORRES",RES1,240,1
9905,2020550167,"SABELA, ALELOUR MORADOS",RES1,240,1
9906,2020550117,"SABENORIO, ALBERT P.",RES1,240,1
9907,2020101090,"SABILLO, ESPERANZA",RES1,240,1
9908,5050012222,"SAGON, RUBY T.",RES1,240,1
9909,2020550250,"SALAZAR, SOTERO JR C.",RES1,240,1
9910,2020200163,"SALINO, ANTHONY A.",RES3,240,1
9911,2020161546,"SALINO, CATALINA A",RES2,240,1
9912,2020470215,"SALVACION, EDGAR",RES1,240,1
9913,2020012307,"SALVACION, TEOFILO T., JR.",RES1,240,1
9914,2020180703,"SAMORANOS, EDA PRUEL",RES2,240,1
9915,2020161554,"SAMORANOS, EDITHA I",RES1,240,1
9916,3030340201,"SANTA ROMANA, MARITES BATISTIL",RES2,240,1
9917,2020450100,"SAPILAN, MILA C",RES1,240,1
9918,2020200430,"SAPILAN, TECLA",RES1,240,1
9919,2020550173,"SAPIOT, LORNA ALA",RES1,240,1
9920,2020550175,"SAPIOT, MARITES ALVAREZ",RES1,240,1
9921,2020550018,"SAPIOT, RITCHIE A",RES1,240,1
9922,2020210280,"SARCILLA, ALEX",RES1,240,1
9923,2020210346,"SARCILLA, ARNEL BRILATA",RES1,240,1
9924,2020201119,"SARCILLA, JESUS, TAPALLA",RES2,240,1
9925,2020210175,"SARCILLA, LEONORA",RES1,240,1
9926,2020210353,"SARCILLA, VERONICO JR BRILATA",RES1,240,1
9927,2020200016,"SARI, AMELITA",RES3,240,1
9928,2020201164,"SARI, FLORA  RAÑIN NESTOR",RES1,240,1
9929,2020201126,"SARI, JOEL COSTELO",RES3,240,1
9930,2020201127,"SARI, MICHELLE MOLABOLA",RES1,240,1
9931,5050080155,"SARI, PEDRO JR.",RES1,240,1
9932,2020550094,"SAYCON, ROSALINDA D.",RES2,240,1
9933,2020550148,"SAYONG, CHONA MENDOZA",RES2,240,1
9934,2020091575,"SEGUROS, KIMBERLY ANNE QUIZON",RES2,240,1
9935,2020161568,"SENILLA, AGNES B",RES3,240,1
9936,2020450390,"SENILLA, MAGDALENA",RES1,240,1
9937,2020161511,"SENILLA, MARITES R",RES1,240,1
9938,2020161517,"SERON, FELIPA S",RES2,240,1
9939,2020171573,"SIAPO, ALBERTA A",RES1,240,1
9940,2020032008,"SIAPO, ROSITA D",RES2,240,1
9941,2020032007,"SIAPO, VIRGINIA M",RES1,240,1
9942,2020550127,"SIAPO, WILLIAM BALOTE",RES1,240,1
9943,2020032005,"SICADSICAD, DINO R",COM1,240,1
9944,2020081381,"SICADSICAD, MARTIN  RUBIS",RES2,240,1
9945,2020241673,"SICSIC, MARCO PAMANIAN",RES1,240,1
9946,2020191104,"SIGUAN, WILFREDO I",RES1,240,1
9947,2020091600,"SIOS-E, EVANGELINE BATALLA",RES1,240,1
9948,2020390240,"SISMO-AN, RISHELLE",RES1,240,1
9949,2020091606,"SISTER, FRANCISCO JR. D",RES1,240,1
9950,2020840117,"SO. PURO, MACALPI SEPA",RES4,240,1
9951,2020210150,"SOFIA, CRISPIN",RES1,240,1
9952,2020210165,"SOFIA, ZENAIDA V.",RES1,240,1
9953,5050070100,"SOLAR, ADRAIN G.",RES1,240,1
9954,5050070145,"SOLAR, ALEJANDRO",RES1,240,1
9955,5050031444,"SOLAR, DARLYN CUÑA",RES1,240,1
9956,2020550238,"SONON, MAGDALINA R.",RES1,240,1
9957,2020470115,"SORIMA, GEMMA",RES1,240,1
9958,2020200380,"SORIMA, HILARIO",RES1,240,1
9959,2020370370,"SORIMA, JOCELYN",RES1,240,1
9960,2020200402,"SORIMA, RUEL",RES3,240,1
9961,2020200446,"SOTILO, LETECIA",RES1,240,1
9962,2020280170,ST. LIGHT,RES4,240,1
9963,2020171560,"STA ANA, ARNOLPA NICANOR",RES1,240,1
9964,5050012224,"SUDARIO, MARIA GISELLE ESQUIBEL",RES3,240,1
9965,2020141935,"SULAR, CORAZON MENDOZA",RES3,240,1
9966,2020200376,"SURIMA, FELIPE",RES1,240,1
9967,2020200385,"SURIMA, MANUEL",RES1,240,1
9968,5050040010,"SUSAYA, ERLINDA",RES1,240,1
9969,5050040015,"SUSAYA, IMELDA",RES2,240,1
9970,5050041733,"SUSAYA, LOWELA M",RES1,240,1
9971,5050031427,"TAALA, LOURDES ARGUELLES",RES1,240,1
9972,5050070140,"TAALA, RHODORA",RES1,240,1
9973,2020201136,"TABADA, ALFREDO JR B",RES3,240,1
9974,2020201165,"TABADA, MARIA SHERLYN B",RES3,240,1
9975,2020550024,"TABOON, JELLY V",RES1,240,1
9976,2020121729,"TADEFA, JAMBOY",RES4,240,1
9977,2020550027,"TAGLE, JAKE PERMEJO",RES2,240,1
9978,2020051965,"TAGPIS, ERLINDA RIEL",RES1,240,1
9979,2020171565,"TAGPIS, MICHAEL D",RES1,240,1
9980,2020141948,"TALACAY, CESAR TAÑALA",RES1,240,1
9981,2020151215,"TALUA, CARLO  A",RES1,240,1
9982,2020051967,"TALUA, MARIANNE SALVACION",RES4,240,1
9983,2020210325,"TAMPOL, CARIDAD",RES1,240,1
9984,2020310310,"TAMPOL, EDNA",RES1,240,1
9985,2020210160,"TAMPOL, ELISEA",RES1,240,1
9986,2020470223,"TAMPOL, JOCELYN LUMPAY",RES1,240,1
9987,2020450130,"TAMPOL, MARIA",RES1,240,1
9988,2020200995,"TAMPOL, MELANIE G.",RES1,240,1
9989,2020201138,"TAMPOL, MERLITA L",RES1,240,1
9990,2020310410,"TAMPOL, PEDRO",RES1,240,1
9991,2020280398,"TAMPOL, VERGILIO",RES1,240,1
9992,2020470224,"TAMPOL, ZENAIDA A.",RES2,240,1
9993,2020370185,"TAÑALA, ANGELA SAMORANOS",RES1,240,1
9994,2020550237,"TANCINCO, NORITA CORPIN",RES2,240,1
9995,2020060545,"TANCINCO, ROSALINA C.",RES1,240,1
9996,2020450250,TANOD OUTPOST,RES2,240,1
9997,3030340113,"TAYONI, ALLAN",RES1,240,1
9998,2020151209,"TENORIO, ELIZABETH PROFETANA",RES1,240,1
9999,5050041729,"TERRADO, DEXTER CABIA",RES4,240,1
10000,2020011625,"TERRADO, SALVACION R.",RES1,240,1
10001,2020200763,"TEZON, ALVINO",RES2,240,1
10002,2020210180,"TICA, PEDRO",RES2,240,1
10003,2020370255,TIGBAO BRGY. HALL,RES4,240,1
10004,2020370230,TIGBAO CHAPEL,RES1,240,1
10005,2020370245,TIGBAO ELEM. SCHOOL,RES1,240,1
10006,2020550036,"TIGLAO, ANALIZA  ESTRADA",RES1,240,1
10007,2020200110,"TINGZON, FRANCISCA",RES1,240,1
10008,2020200460,"TIZON, ESTELITA",RES1,240,1
10009,2020200487,"TIZON, MARIVIC C./ARIEL",RES2,240,1
10010,2020550211,"TOLENTINO, PETER JOHN RUFON",RES1,240,1
10011,2020180702,"TOMAS, CIELO REY MATIAS",RES2,240,1
10012,2020151204,"TORCENDE,  IAN MALOLOY-ON",RES1,240,1
10013,5050060285,"TORRES, ROGELIO A",RES1,240,1
10014,2020550078,"TROYO, AILEEN A.",RES3,240,1
10015,5050040006,TUNGA MUNICIPAL CEMETERY,PB,240,1
10016,5050060290,"TUYOR, NERLY CAÑAMASO",RES1,240,1
10017,2020720623,UCCP-TASK FORCE HAIYAN,INDL1,240,1
10018,2020200156,"UMAWAS, JOSE",RES1,240,1
10019,2020550070,"UMPAD, DICKS DAY MIA",RES3,240,1
10020,2020550068,"UMPAD, JOSHUA CABANTOC",RES1,240,1
10021,2020520021,"URBANO, GEMA",RES2,240,1
10022,2020280110,"URIBE, DEMETRIO",RES2,240,1
10023,2020280400,"URIBE, EMILIANO ARLANDIS",RES1,240,1
10024,2020280340,"URIBE, GILBERT",RES1,240,1
10025,2020210354,"URIBE, JOSE/ CABIA-AN, FE",RES1,240,1
10026,2020280285,"URIBE, MARIA",RES2,240,1
10027,2020280405,"URIBE, MARY JOY YACAP",RES1,240,1
10028,2020280120,"URIBE, VALINTEN",RES4,240,1
10029,2020280115,"URIBE, VALINTEN",RES4,240,1
10030,2020032010,"URMENETA, ANTONIO L",RES1,240,1
10031,2020151176,"URMENETA, GOMERCIENDO NIVERA",RES1,240,1
10032,2020161565,"URMENETA, JUDITH NEDIC",RES2,240,1
10033,2020550180,"URMENETA, LEONILA MIRANDA",RES1,240,1
10034,2020200115,"URMENETA, MARGARITO",RES1,240,1
10035,2020200140,"URMENETA, MARIA",RES1,240,1
10036,2020210330,"URMENETA, MATEO",RES2,240,1
10037,2020161518,"URMENETA, MELVIN BODO",RES1,240,1
10038,2020200130,"URMENETA, SULPICIO",RES1,240,1
10039,2020550183,"URMENETA, VIOLETA MIRANDA",RES1,240,1
10040,2020111151,"VALDEZ, EFREN DE LA CRUZ",RES1,240,1
10041,2020310270,"VANGUARDIA, AMY AMMI",RES2,240,1
10042,2020200798,"VARONA, ADELA",RES2,240,1
10043,2020161544,"VEGA, CELSA/ EDWIN",RES3,240,1
10044,2020550057,"VEGA, EDUARDO N",RES1,240,1
10045,2020171542,"VEGA, FRANCISCA",RES2,240,1
10046,2020091595,"VEGA, ISMAEL NALDO",RES1,240,1
10047,2020091592,"VELASCO, MARILOU C",RES1,240,1
10048,2020270466,"VELUNTA, VERONICA D",RES3,240,1
10049,2020470155,"VENTURINA, ROSITA ENGRATO",RES1,240,1
10050,2020370305,"VENTURINA, ARTEMIO",RES1,240,1
10051,2020191093,"VENTURINA, CONRADA P",RES1,240,1
10052,2020370265,"VENTURINA, EVANGELINE",RES2,240,1
10053,2020450270,"VENTURINA, MARILYN",RES1,240,1
10054,2020370300,"VENTURINA, PETRONIO",RES2,240,1
10055,2020310571,"VENTURINA, RICHELL Q",RES1,240,1
10056,2020161530,"VENTURINA, RONALD L",RES1,240,1
10057,2020180709,"VERALLO, NILFRA REDILLA",RES1,240,1
10058,2020340711,VERLIN KONSTRUCK INC,COM1,240,1
10059,2020021680,"VERZOSA, ROWENA ADARNE",RES1,240,1
10060,2020161550,"VILLABONA, ROLLY",RES1,240,1
10061,2020062086,"VILLALINO, DONDEE DACALLOS",COM1,240,1
10062,2020550071,"VILLALINO, JOSE ARVIN PIAD",RES3,240,1
10063,2020550202,"VILLALINO, MARLON GATELA",RES1,240,1
10064,2020111152,"VILLALINO, RAMIL LANTICSE",RES1,240,1
10065,2020550020,"VILLAMOR, JOHN DANIEL LOPEZ",RES1,240,1
10066,3030340202,"VILLANUEVA, LOLITA IBAÑEZ",RES1,240,1
10067,2020550197,"VILLARANTE, BERNARDO",COM1,240,1
10068,2020210347,"VILLASAN, MARJORIE E",RES2,240,1
10069,2020161519,"VIOJAN, ROMEO M",RES4,240,1
10070,2020200398,"VIRREY, MA. AVELINA",RES3,240,1
10071,5050030801,"VISTO, JESUS",RES1,240,1
10072,2020720631,"WAREHOUSE C/O CONTAPAY, MELVIN L.",INDL1,240,1
10073,2020470175,"YACAP, ALMA",RES1,240,1
10074,2020280250,"YACAP, AURELIO",RES3,240,1
10075,2020470220,"YACAP, AVELINO",RES1,240,1
10076,2020470150,"YACAP, CESAR",RES1,240,1
10077,5050012217,"YACAP, CONSORCIO T.",RES1,240,1
10078,2020470140,"YACAP, FELIPE",RES3,240,1
10079,2020470125,"YACAP, GUDOFREDO",RES1,240,1
10080,2020470190,"YACAP, HEPOLITO",RES1,240,1
10081,2020191091,"YACAP, HERCULANO JR LIGUTAN",RES1,240,1
10082,2020280390,"YACAP, JONALYN G.",RES1,240,1
10083,2020470221,"YACAP, JORGE",RES1,240,1
10084,2020290182,"YACAP, JOSEPHINE QUIMNO",RES1,240,1
10085,2020470210,"YACAP, JULIE",RES1,240,1
10086,2020470170,"YACAP, MARCELINA B.",RES1,240,1
10087,2020450245,"YACAP, MILA",RES2,240,1
10088,2020280370,"YACAP, RODEL",RES1,240,1
10089,2020470145,"YACAP, ROLLY",RES2,240,1
10090,2020470205,"YACAP, RUTCHEL",RES2,240,1
10091,2020280105,"YACAP, SEGUNDINA",RES1,240,1
10092,2020200219,"YACAP, SHERWIN",RES1,240,1
10093,2020450180,"YACAP, VIDAL",RES1,240,1
10094,5050012209,"YAMAT JR., RIZALDE M.",RES3,240,1
10095,2020550190,"YBAÑEZ, VIRGINIA OMPON",RES1,240,1
10096,2020550241,"YMAS, CRESENCIO DEVARAS",RES1,240,1
10097,2020550031,"YUTRAGO, ANDREW BARDELOSA",RES1,240,1
10098,2020480387,"YUTRAGO, JIMMY INDITA",RES4,240,1
10099,2020081380,"ZACARIAS, MARIETA RIEL",RES1,240,1
10100,2020550216,"ZETA, JEAN GO",RES1,240,1
10101,2020370110,"ZETA, LUCIANO",RES1,240,1
10102,2020370120,"ZETA, MELINDA",RES2,240,1
10103,2020310320,"ZETA, TREPONIO",RES1,240,1
10104,2020032015,"PADRON, FREDIE RANIN",RES2,240,1
10105,2020032014,"NIVERA, ROMEO PLANILLO",COM1,240,1
10106,2020032016,"ARGUELLES, ANGELICA MELGAR",RES2,240,1
10107,2020041669,"VILLANUEVA, MARIA JASMIN SULLA",RES3,240,1
10108,2020041668,"GO, ANTONIETA COLUMBRETES",RES3,240,1
10109,2020062094,"RIEL, MARIBETH LLOSE",COM1,240,1
10110,2020071507,"SAVERET, RICKY LLOREN",RES2,240,1
10111,2020081399,"NEGADO, DELIA  G.",RES3,240,1
10112,2020121730,"DADACAY, ROLANDO GUNABE",RES1,240,1
10113,2020161570,"BOLITO, JENELYN DAGALEA",RES1,240,1
10114,2020340720,"NIVAL, PRUDENCIA LIANZA",RES1,240,1
10115,2020390342,"CABALLES, RALPH NIEGAS",RES1,240,1
10116,2020460647,"SALVACION, GREGORIO R.",RES1,240,1
10117,2020480389,"PARABOLES, MONICA INDITA",RES1,240,1
10118,2020550256,"MARIQUIT, ARLENE",RES1,240,1
10119,2020550254,"BACTOL, MARIA ESTRELLA PERINA",RES1,240,1
10120,2020550262,"AZORES, MARY JANE S.",RES1,240,1
10121,2020550253,"DACOYCOY, ALBERTO B",RES1,240,1
10122,2020550257,"PONES, ADRIANO VILLAMOR",RES2,240,1
10123,2020550255,"DACARA, RICARDO TAMPOL",RES1,240,1
10124,2020550259,"ACERDEN, JUAN BRIMON",RES1,240,1
10125,2020550260,"GABON, REYNALDO A./ WENIFREDA",RES1,240,1
10126,2020550252,"ALVAREZ, EVELYN KALAW",RES1,240,1
10127,2020550258,"AGUILON, OSCAR C.",RES1,240,1
10128,2020550261,"BRAZIL, WILFREDO JR. Y",RES2,240,1
10129,2020720640,"RUFINO, BRODETH & CO. INC.",INDL3,240,1
10130,3030340211,"BOQUILA, ERLINDA RAMIREZ",RES1,240,1
10131,3030340210,"NIVAL, DAYNA DELA TORRE",RES4,240,1
10132,5050012234,"BARRETTO, NEIL LIM",RES4,240,1
10133,5050031446,"JAVINES, RICO MEDALLA",RES2,240,1
10134,5050041741,"ANDAYA, THELMA TRANI",RES1,240,1
10135,5050010250,"AÑOVER, RENATO",RES2,240,1
10136,3030120325,"ACERDEN, RHODORA A.",RES1,240,1
10137,3030060505,"ALBERCA, JUDITH",RES1,240,1
10138,3030060633,"ALDAYA, RODOLFO",RES1,240,1
10139,5050031360,"ALVARADO, ARLENE E.",RES1,240,1
10140,5050010234,"ALVARADO, EDITHA",RES1,240,1
10141,3030060631,"ALVERO, ROMEO",RES2,240,1
10142,5050010615,"AMADOR, LEA E.",RES1,240,1
10143,5050010795,"ANOVER, JENNIFER T.",RES1,240,1
10144,5050010200,"ASTORGA, ERIBERTO",RES2,240,1
10145,5050010210,"ASTORGA, MARIANO",RES1,240,1
10146,5050010320,"ASTORGA, MELQUIADES",RES1,240,1
10147,5050010415,"AUMENTO, LOLITA S.",RES4,240,1
10148,3030050265,"AVESTRUZ, EDITHA E.",RES1,240,1
10149,5050010350,"AYUSTE, ANNABEL M.",RES2,240,1
10150,3030060535,"BABOR, MARITA",RES2,240,1
10151,5050010195,"BACARISAS, ROMEO",RES2,240,1
10152,5050010189,"BACTOL, EDGAR",RES1,240,1
10153,3030060675,"BALAIS, DANILO",RES1,240,1
10154,5050010211,"BALDONADO, NILDA",RES2,240,1
10155,5050010955,"BARBADO, NENITA",RES1,240,1
10156,5050010232,"BONIFACIO,ANA RESURRECION",RES1,240,1
10157,2020200218,"BRIT, TEODULO",RES1,240,1
10158,3030060573,"BUKID CHAPEL C/O ACEBO, EDGARDO",PB,240,1
10159,5050040710,"BUNALES, MARCELINO",RES1,240,1
10160,3030120471,"BUSANTE, ARVIN PANIS",RES1,240,1
10161,5050010183,"CABIYA-AN, DIONESIO",RES1,240,1
10162,5050010182,"CABIYA-AN, GREGORIO",RES1,240,1
10163,3030060567,"CADORNA, JULITA",RES1,240,1
10164,5050010335,"CAMPOSANO, ELMER F.",RES1,240,1
10165,3030060817,"CARDINES, OSCAR",RES1,240,1
10166,5050011265,"CATARIN, MARIDEL H.",RES3,240,1
10167,5050031413,"CATENZA, MARGARITO NARIDO",RES1,240,1
10168,3030120305,"COREA, ESTELA L.",RES2,240,1
10169,3030120155,"CORTEL, FELIXBERTO L.",RES1,240,1
10170,5050010470,"COTONER, MACARIO",RES3,240,1
10171,5050010176,"CUESTA, NENITA",RES3,240,1
10172,5050011175,"DADES, JOSE C.",RES1,240,1
10173,3030060525,"DADIS, MARIO",RES4,240,1
10174,5050010425,"DAGUMAN, ESMERALDO U./PIGGERY",COM1,240,1
10175,5050012192,"DELIG, EVELYN ESTORPE",RES1,240,1
10176,5050012198,"ENGCONG, LORENA BERNADOS",RES2,240,1
10177,5050010245,"ESPINA, CHERYL",RES1,240,1
10178,3030120468,"ESTARDO, JENNALYN BALAIS",RES2,240,1
10179,3030120469,"ESTEMBER, NOEMI BALURAN",RES1,240,1
10180,5050010505,"FALGUERA, CALIXTO",COM1,240,1
10181,5050012193,"FALGUERA, LUZ PAJARES",RES2,240,1
10182,5050010375,"FALLORINA, TEOFILO",RES3,240,1
10183,5050010485,"GALIZONDA, DOLORES A.",RES1,240,1
10184,5050010135,"GASPAY, SOLEDAD P.",RES1,240,1
10185,5050010235,"GEREZ, CLARA",RES1,240,1
10186,5050010376,"GLOBO, ROMEO",RES1,240,1
10187,3030120465,"GRABILLO, ELGIN JOMADIAO",RES1,240,1
10188,3030730240,HEDWINA COTONER BEACH RESORT,INDL1,240,1
10189,3030060502,"LAGUMBAY, MARJURIE A.",RES1,240,1
10190,3030120473,"LANANTE, VANISSA SALES",RES4,240,1
10191,5050010445,"LAUSIN, DIVINA GRACIA C.",RES2,240,1
10192,5050010203,"LAUSIN, JUAN",RES2,240,1
10193,5050012197,"LIANZA, MICHAEL EMBERSO",RES2,240,1
10194,5050010204,"LORECA, EDWIN",RES1,240,1
10195,5050010225,"MACARANDAN, ARLYN T./FERNANDO",RES1,240,1
10196,5050010295,"MACARANDAN, ELIZABETH E.",RES1,240,1
10197,3030060575,"MASANA, CLOTILDE",RES1,240,1
10198,5050010345,"MATAGANAS, EVELYN B./BLAS",RES3,240,1
10199,5050010202,"MESA, CHRIS",RES2,240,1
10200,5050010170,"MIRALLES, BENEDICTO E.",RES1,240,1
10201,5050010365,"MOLABOLA, AGNES P.",RES3,240,1
10202,5050010230,"MORAÑA, ALFREDO",RES3,240,1
10203,3030120472,"NARIDO, VINA A",RES1,240,1
10204,5050010805,"OBALAN, RUTHCHEL A.",RES1,240,1
10205,5050010475,"OLEDAN, MARITES L.",RES3,240,1
10206,5050010545,"PRUDENTE, SUSIE",RES3,240,1
10207,5050010150,"RACAZA, JOVITA S.",RES4,240,1
10208,5050012203,"REQUIEZ, CELSO FALLORINA",RES2,240,1
10209,5050010180,"RIEL, BORJA",RES2,240,1
10210,5050011095,"RIMA, CHAVEREL G.",RES1,240,1
10211,5050010275,"SALINO, GLENN D.",RES1,240,1
10212,5050010160,"SALVACION, FRANCISCO",RES2,240,1
10213,5050010172,"SALVACION, FRANCISCO",RES1,240,1
10214,3030120479,"SEPE, LINA AYUSTE",RES1,240,1
10215,3030830173,"SO. MARIKOT II, BUKID SEPA",RES3,240,1
10216,3030060530,"SUSAYA, LUZ M.",RES2,240,1
10217,5050010370,"TAÑALA, MARIANO",RES2,240,1
10218,5050010387,"TAÑALA, OCTAVIO",RES4,240,1
10219,5050010190,"TAÑALA, SAMUEL",RES3,240,1
10220,5050011055,"VILLENA, LOURDES A.",RES1,240,1
10221,5050010305,"YAZAR, LANDERICO D.",COM1,240,1
10222,2020021684,"CAMPOSANO, JOEAN D.",RES1,240,1
10223,2020051970,"MAKABENTA, JOEL LLOREN",RES1,240,1
10224,2020081400,"BENIS, JESSA SEMBRERO",RES2,240,1
10225,2020091607,"COLANTA, ASTER CARIDO",RES1,240,1
10226,2020121731,"BELICARIO, REMEDIOS T",RES2,240,1
10227,2020141951,"DARNAYLA, CONSOLACION DATAYLO",RES2,240,1
10228,2020161571,"LIPORADA, FE URMENETA",RES1,240,1
10229,2020171580,"OPETINA, JOCELYN PANIM",RES1,240,1
10230,2020201169,"LIROM, MARICEL MONTEBON",RES1,240,1
10231,2020280409,"PLATA, LIEZL JAVIER",RES1,240,1
10232,2020480390,"CANASTA, JEMMA/RUEL",RES1,240,1
10233,2020550384,"ROCHA, RENATO DAVOCOL",RES1,240,1
10234,2020550269,"ARPON, HAIDEE LLAMES",RES1,240,1
10235,2020550272,"MARTINEZ, JAY HAN GAYAS",RES1,240,1
10236,2020550282,"TUANDO, SHERLITA P.",RES2,240,1
10237,2020550288,"ARGUELLES, ALI INSIGNE",RES1,240,1
10238,2020550291,"MENGUIN, RANDY",RES1,240,1
10239,2020550297,"DACOYCOY, LOURDES M.",RES3,240,1
10240,2020550305,"BOLIVAR, ARNEL SALVACION",RES1,240,1
10241,2020550329,"ABUDA, JOSE YODICO",RES2,240,1
10242,2020550337,"CHAVEZ, ERLINDA G.",RES3,240,1
10243,2020550340,"ORIOL, LEONARD MAJUCA",RES1,240,1
10244,2020550358,"SIAPO, ROBELYN S.",RES1,240,1
10245,2020550363,"GRAMA, ARIEL",RES3,240,1
10246,2020550364,"TUMULAK, JANICE L.",RES1,240,1
10247,2020550371,"BALISONG, RONA LABORES",RES1,240,1
10248,2020550268,"ARPON, SUSAN LLAMES",RES2,240,1
10249,2020550293,"CABILIDA, AGNES P.",RES1,240,1
10250,2020550320,"BACATANO, DARWIN D.",RES2,240,1
10251,2020550381,"CAPALAR, RAMON RAÑIN",RES1,240,1
10252,2020550278,"GONZAGA, FLORENTINO B.",RES1,240,1
10253,2020550279,"CALAPRE, JESUSA B.",RES2,240,1
10254,2020550289,"PERUDA, MELYN AZORES",RES1,240,1
10255,2020550290,"MENGIN, LEDWENA L.",RES1,240,1
10256,2020550306,"DACOYCOY, RICHIE MAKABENTA",RES1,240,1
10257,2020550383,"HOLASCA, FRANKIE BROL",RES1,240,1
10258,2020550328,"MAJUCA, CHARLYN BERNALES",RES1,240,1
10259,2020550330,"MAJUCA, CESAR PADILLOS",RES3,240,1
10260,2020550339,"MENESES, MARIA RAÑIN",RES2,240,1
10261,2020550348,"CAMPOSANO, MARK GIL COTONER",RES1,240,1
10262,2020550365,"FALGUERA, LIESLY/ MAMERTO",RES1,240,1
10263,2020550373,"BALISONG, RIEZEL LABORES",RES1,240,1
10264,2020550374,"PERMEJO, MARIBELLE BUÑALES",RES1,240,1
10265,2020550265,"REPOLLES, MARCIAL V.",RES1,240,1
10266,2020550338,"NAAGAS, JULIO JR. S",RES1,240,1
10267,2020550352,"DAGOTAO, ZOSIMA TADEFA",RES1,240,1
10268,2020550286,"INSIGNE, FIDELINA S.",RES1,240,1
10269,2020550304,"PANGCOBILLA, ANALYN BOLIVAR",RES2,240,1
10270,2020550362,"LAVILLA, MADEL NALDO",RES1,240,1
10271,2020550378,"DE PAZ, EVELYN TABLATIN",RES1,240,1
10272,2020550303,"YABAO, TERESITA ALVERO",RES1,240,1
10273,2020550316,"VEGA, MARICEL NAAGAS",RES3,240,1
10274,2020550327,"PARALES, ARTEMIO M.",RES1,240,1
10275,2020550357,"BACUNAWA, NOEL RENDORA",RES1,240,1
10276,2020550361,"TUAZON, NILDA FAMOR",RES2,240,1
10277,2020550276,"MARIANO, ALBERT A., JR.",RES1,240,1
10278,2020550295,"MADJID, DARYL S",RES1,240,1
10279,2020550382,"METRAN, FE NALDO",RES1,240,1
10280,2020550298,"CUARTERO, JOEMEL BATAN",RES2,240,1
10281,2020550299,"DELA CRUZ, ROYCE DODOLLA",RES2,240,1
10282,2020550302,"BON, ROSEVIMINDA SALVACION",RES3,240,1
10283,2020550313,"SABENORIO, RODEL N.",RES1,240,1
10284,2020550368,"IGARTA, JENNY A.",RES1,240,1
10285,2020550370,"SABAY, RODOLFO BERDEJO",RES1,240,1
10286,2020550380,"GRAMA, LEO BACAY",RES1,240,1
10287,2020550389,"ZETA, TREPENIO QUIDLAT",RES1,240,1
10288,2020550379,"ARPON, EDWIN D.",RES1,240,1
10289,2020550388,"DAVOCOL, VICENTA ABLIHAN",RES1,240,1
10290,2020550266,"PIAD, JOCELYN ENGRESO",RES2,240,1
10291,2020550301,"DABALOS, ESPERANZA C.",RES1,240,1
10292,2020550315,"ARSOLON, JHONA LABRADORES",RES1,240,1
10293,2020550270,"SERANTE, REBECCA B",RES1,240,1
10294,2020550307,"DANDAN, RHEA RIEL",RES3,240,1
10295,2020550325,"AZORES, ANGELICA",RES1,240,1
10296,2020550333,"LOMOT, JERRY T.",RES2,240,1
10297,2020550264,"BARCOMA, CESAR RYAN Q.",RES2,240,1
10298,2020550296,"LIWANAG, GENEVIEVE SENECA",RES2,240,1
10299,2020550300,"CUARTERO, IMELDA BATAN",RES1,240,1
10300,2020550309,"EMNAS, GINA CADANO",RES1,240,1
10301,2020550312,"GORAPO, JOHN ALBERT G.",RES1,240,1
10302,2020550326,"AZORES, ANGELITA Y.",RES1,240,1
10303,2020550345,"NAAGAS, ALMA EBINA",RES1,240,1
10304,2020550356,"SALVACION, LEOPOLDO JR. DONAL",RES2,240,1
10305,2020550387,"ARIATE, CRISTINA ETNAG",RES1,240,1
10306,2020550292,"OFRIL, ELAINE M.",RES2,240,1
10307,2020550314,"ARGUELLES, ALMA INSIGNE",RES1,240,1
10308,2020550336,"LOMOT, LIEZEL BARDIAGO",RES1,240,1
10309,2020550360,"DE LEON, REGINA/ MANNY",RES1,240,1
10310,2020550369,"MOLINA, ROEL/  BERGILDA",RES1,240,1
10311,2020550377,"PONTILAN, MA. FE BARCIBAL",RES1,240,1
10312,2020550274,"SERANTE, BRANDO M./ EBELLA",RES3,240,1
10313,2020550284,"INSIGNE, NAZARINE ROSE D.",RES1,240,1
10314,2020550308,"BATALLA, JOSEPHINE N.",RES1,240,1
10315,2020550311,"SABENARIO, OFELIA",RES1,240,1
10316,2020550335,"LLAMES, ROSE ANN S.",RES1,240,1
10317,2020550346,"LOMOT, EMILYN ASIS",RES1,240,1
10318,2020550367,"ARPON, MELCHORA/ ARTURO",RES1,240,1
10319,2020550271,"DAGALEA, RAQUEL L.",RES1,240,1
10320,2020550277,"MARTINEZ, GENEROSO C.",RES3,240,1
10321,2020550280,"DACOYCOY, RALPH M.",RES1,240,1
10322,2020550287,"CERA, LYDIA D.",RES3,240,1
10323,2020550318,"RABACIO, ELMER IBAÑEZ",RES2,240,1
10324,2020550334,"RUTO, ELIZABETH E.",RES1,240,1
10325,2020550343,"MOLABOLA, MAR ABO",RES2,240,1
10326,2020550355,"BALINDO, DANTE OYZON",RES1,240,1
10327,2020550267,"ARPON, NICKY LLAMES",RES1,240,1
10328,2020550273,"TAPIA, ROSE ANN S./ EDUARDO",RES2,240,1
10329,2020550281,"SIA, WALTER KRISTOFFER A.",RES4,240,1
10330,2020550283,"ESCOBIDO, JUVY S.",RES3,240,1
10331,2020550310,"VEGA, ORLANDO BARGOLA",RES1,240,1
10332,2020550319,"MIRANDA, ARVIN OBERO",RES2,240,1
10333,2020550323,"LICAROS, AURELIO F.",RES1,240,1
10334,2020550324,"TILAN, ANGELES BARGOLA",RES1,240,1
10335,2020550331,"MENGUIN, BAUTISTA LARIOSA JR",RES1,240,1
10336,2020550344,"DELANTAR, ROGELIO PALAJOREN",RES1,240,1
10337,2020550353,"MAKABENTA, DAREL DIGMAN",RES2,240,1
10338,2020550390,"FLORENDO, ROLANDO",RES3,240,1
10339,2020550385,"AGNER, LOLITA NALDO",RES1,240,1
10340,2020550285,"VEGA, LEONARDO BARGOLA",RES1,240,1
10341,2020550294,"LLAMES, LUCENA S./ROMULO",RES1,240,1
10342,2020550321,"ENCINAS, NESIA U.",RES1,240,1
10343,2020550322,"ALIMA, MERCY N.",RES1,240,1
10344,2020550342,"PERMEJO, FEDERICO BUÑALES",RES1,240,1
10345,2020550351,"DAVOCOL, MAUREEN GALE B.",RES1,240,1
10346,2020550366,"NAAGAS, JUANITA/ REMEGIO",RES2,240,1
10347,2020550375,"GOBATAO, JOSE N./LORENA",RES2,240,1
10348,2020550386,"MENDOZA, LAICA AVILA",RES1,240,1
10349,2020550263,"TROGON, KRIXIA JULI",RES1,240,1
10350,2020550275,"MACADANGDANG, EDUARDO S.",RES2,240,1
10351,2020550317,"RAMOS, SHIELA BACTOL",RES2,240,1
10352,2020550332,"ELBORE, GINA ROSITE",RES4,240,1
10353,2020550341,"DAVOCOL, RUBY JANE ORIOL",RES1,240,1
10354,2020550354,"BACUNAWA, JASON RENDORA",RES1,240,1
10355,2020550376,"MANINGO, JERWIN CHAVEZ",RES1,240,1
10356,3030340212,"CHANG, ANNA JUDITH RICACHO",RES3,240,1
10357,5050031447,"ESQUIBEL, VIRGILIO CAONES",RES1,240,1
10358,5050041743,"ABELLA, RIZA DAVOCOL",RES1,240,1
10359,5050041742,"TOMARONG, ANECITA DAVOCOL",RES1,240,1
10360,2020091597,"LAVILLA, IVY N",RES2,240,1
10361,2020012356,"DIADOLE, CRESENCIA INSIGNE",RES2,240,1
10362,2020021686,"LUMACAD, GENA EMLARINO",RES2,240,1
10363,2020032017,"GUIWAN, JAIME INDITA",RES1,240,1
10364,2020062095,"BERNAL, RAFAEL BARGAMENTO",RES4,240,1
10365,2020091608,"CABIA-AN, AGNES GRAMA",RES2,240,1
10366,2020151222,"PLATILLA, HILDELITA N./ARTURO",RES2,240,1
10367,2020171579,"QUIMNO, ELLY ROSE BRAZIL",RES1,240,1
10368,2020180710,"FLORENDO, EMMA LIGUTAN",RES3,240,1
10369,2020191108,"YACAP, CHERYL CEVALLOS",RES1,240,1
10370,2020191106,"HAMTIG, ESTEBAN PORE",RES1,240,1
10371,2020191107,"ADOLFO, ELISA H.",RES1,240,1
10372,2020210362,"BRUN, ERIC LABARDA",RES1,240,1
10373,2020550372,"GOBATAO, LEO N./ JENNIFER",RES1,240,1
10374,2020550400,"MACALINAO, JOYCE V",RES2,240,1
10375,2020550395,"BALEJON, JONATHAN MANTO",RES1,240,1
10376,2020550396,"CAÑEZAL, GAMALIEL JAMOSMOS",RES1,240,1
10377,2020550401,"AÑONUEVO, WENCESLAO SOLMAYOR",RES1,240,1
10378,2020550408,"CORPIN, REYNALDO L./ MARBE",RES3,240,1
10379,2020550394,"BRAZIL, NELSON YANGGA",RES1,240,1
10380,2020550393,"MADJID, JIM S.",RES1,240,1
10381,2020550402,"LOMOT, MELVIN ASIS",RES1,240,1
10382,2020550398,"TILAN, CARLO C.",RES1,240,1
10383,2020550407,"RIMANDIMAN, MARILYN D.",RES1,240,1
10384,2020550391,"NICDAO, NELIA C.",RES1,240,1
10385,2020550392,"LABRADORES, RAMIL DABALOS",RES1,240,1
10386,2020550409,"DE LA PENA, RUBEN",RES1,240,1
10387,2020550399,"ARCOSIBA, ROY DACULONG",RES1,240,1
10388,2020550397,"SALAZAR, MARIFE LUCHAVEZ",RES1,240,1
10389,2020900797,"PUNONG, ST. LIGHT CLUSTER 1",RES1,240,1
10390,5050012236,"BALENDO, TERENCIO OBALAN",RES1,240,1
10391,5050031448,"COTONER, JULITO GARIS",RES1,240,1
10392,5050041744,"MARTINETO, GINALYN D.",RES1,240,1
10393,2020210220,"DAANG, DOROTEO",RES1,240,1
10394,2020141930,"DAGANASOL, RONALDO M",RES1,240,1
10395,2020171540,"VEGA,  ROMANA",RES1,240,1
10396,2020062096,"CARIGARA, POLICE STATION",PB,240,1
10397,2020081402,"DELA RAMA, RAMON D.",RES2,240,1
10398,2020151224,"ADRALES, IRISH JOY IBATAN",RES1,240,1
10399,2020151223,"ERIA, AIZA PANIGON",PB,240,1
10400,2020161572,"GAYAS, SARAH JANE CAGASCAS",RES3,240,1
10401,2020171581,"TAMPOL, JOEBERT BRAZIL",RES1,240,1
10402,2020171582,"DALIMOCON, ANA NIÑA URMENETA",RES1,240,1
10403,2020180711,"SERON, REXEN DOLLETE",RES1,240,1
10404,2020201170,"ORACION, MARICRIS RELI",RES2,240,1
10405,2020290187,"IMUS, GIL",RES1,240,1
10406,2020340723,"BOLONG, ROGER",RES1,240,1
10407,2020340721,"BATISTIL, JESUS ARPON",RES1,240,1
10408,2020460649,"RAÑIN, EDMUNDO Q.",RES1,240,1
10409,2020460650,"TALUA, VICENTE SALVACION",RES1,240,1
10410,2020460648,"LIPORADA, CHRISTOPHER ERIA",RES2,240,1
10411,2020550406,"AGUILAY, DARIO T./JOHANNA",RES1,240,1
10412,2020550413,"NALDO, TOMAS ROYLO",RES1,240,1
10413,2020550425,"BELARO, MARY JEAN MORELES",RES1,240,1
10414,2020550429,"FAMI, AMALIA DAQUIGAN",RES1,240,1
10415,2020550434,"INSIGNE, JOHN PAUL YUTRGAO",RES2,240,1
10416,2020550445,"TANCINCO, MARK JUSTINE CORPIN",RES1,240,1
10417,2020550459,"ELUMBA, HELEN L.",RES2,240,1
10418,2020550461,"JAVINES, JANICE ALCOBER",RES1,240,1
10419,2020550468,"CABER, JOEL SAPIOT",RES1,240,1
10420,2020550410,"FAMOR, ROMEO RAAGAS",RES1,240,1
10421,2020550424,"JAVINES, GLENDA PAMANIAN",RES1,240,1
10422,2020550444,"GORDOVE, ALELI",RES1,240,1
10423,2020550455,"LLANETA, CLEOFE DARANTINAO",RES1,240,1
10424,2020550472,"BOQUIRON, MARILYN PERMEJO",RES1,240,1
10425,2020550435,"ITANG, RONNIE ACLON",RES2,240,1
10426,2020550449,"ROTAIRO, DARWIN ROYO",RES1,240,1
10427,2020550457,"TANCINCO, CHERRY JOYCE CORPIN",RES1,240,1
10428,2020550427,"BOQUIRON, DANNILYN PERMEJO",RES1,240,1
10429,2020550439,"NICDAO, BENJAMIN LOPEZ",RES1,240,1
10430,2020550447,"LASTRILLA, ESTRELLA SOLAYAO",RES2,240,1
10431,2020550466,"LALOSES, NERVELYN GADAYAN",RES2,240,1
10432,2020550471,"AYASO, DOMINADOR JR. PIAMONTE",RES1,240,1
10433,2020550416,"BRIER, JOELMA CANABE",RES1,240,1
10434,2020550454,"ALVAREZ, JOVELYN VIARINO",RES1,240,1
10435,2020550462,"CAHUTAY, RODULFO RAGANIT",RES1,240,1
10436,2020550477,"OLEDAN, RENO GARRATA",RES1,240,1
10437,2020550411,"LOMOT, NONITO D.",RES1,240,1
10438,2020550418,"RAMIREZ, CARLITO PONES",RES1,240,1
10439,2020550423,"PACETES, ELROY BACARISAS",RES2,240,1
10440,2020550430,"ESTRELLA, RHEA JEAN",RES1,240,1
10441,2020550443,"GALANZA, VIRGILIO LUGASA",RES1,240,1
10442,2020550469,"DAWISAN, YONICA BUSTILLO",RES1,240,1
10443,2020550474,"LOZADA, ELIZABETH CODERA",RES1,240,1
10444,2020550433,"ROYO, LINA DONZAL",RES1,240,1
10445,2020550467,"BARRAS, PETRONILO/ ARLENE",RES2,240,1
10446,2020550475,"NICDAO,  JOSE WILTON COLLERA",RES1,240,1
10447,2020550404,"GARCETOS, EVANGELINE C./ ELESIO",RES1,240,1
10448,2020550417,"ARIATE, RODERICK M.",RES1,240,1
10449,2020550426,"EMNAS, RICA CADANO",RES1,240,1
10450,2020550431,"PANIM, ERNESTO JR. NICANOR",RES1,240,1
10451,2020550456,"CASTRO, ELNIE ESTRELLA",RES3,240,1
10452,2020550473,"ONTUCA, MICHELLE CABER",RES2,240,1
10453,2020550405,"MADRIGAL, ERNESTO",RES1,240,1
10454,2020550438,"ALVAREZ, LUCITO MOLITO",RES1,240,1
10455,2020550446,"MENDOZA, JARRIEL GRANATES",RES1,240,1
10456,2020550420,"GARING, JEFFREY",RES1,240,1
10457,2020550440,"LAYAGUE, GENNA ORIOQUE",RES1,240,1
10458,2020550453,"JAVINES, ANN-ANN NALDA",RES2,240,1
10459,2020550465,"CAGASCAS, JUAN",RES2,240,1
10460,2020550412,"SIOS-E, JONY BATALLA",RES1,240,1
10461,2020550436,"SOLITARIO, ORLANDO DESTAJO",RES3,240,1
10462,2020550450,"BORRICO, SONNY C.",RES1,240,1
10463,2020550464,"QUILESTE, LEONILO RAÑIN",RES1,240,1
10464,2020550419,"ABORCA, REGENE S.",RES1,240,1
10465,2020550421,"BILARO, ARLENE",RES1,240,1
10466,2020550428,"FEROLINO, MA. LIZA DUMALAG",RES2,240,1
10467,2020550441,"MENDEORO, SARAH CASALDAN",RES1,240,1
10468,2020550448,"NAAGAS, ALICIA MAGAT",RES1,240,1
10469,2020550470,"LANANTE, ROSE ANN",RES1,240,1
10470,2020550415,"CAMPOMAYOR, NELIA",RES1,240,1
10471,2020550432,"ROTAIRO, PABLO ROYO",RES2,240,1
10472,2020550451,"LANDRITO, ROWEL",RES1,240,1
10473,2020550458,"ARBAS, LETECIA GONZAGA",RES2,240,1
10474,2020550463,"GABON, MANILYN ALVAREZ",RES1,240,1
10475,2020550422,"CADANO, CRISTINA AMORIN",RES1,240,1
10476,2020550452,"CADANO, REYVIN AMORIN",RES1,240,1
10477,2020550476,"MESA, VERLINA S./ NIÑO",RES1,240,1
10478,2020550414,"DACOYCOY, EMELIO/ MA. DECENA",RES2,240,1
10479,2020550437,"FLORES, MARIA SHELINA PERNIS",RES2,240,1
10480,2020550442,"MAKABENTA, ANNA MORENA CARLOS",RES1,240,1
10481,2020550460,"BRUM, RAUL DELA PAÑA",RES4,240,1
10482,5050012237,"BRUN, PAULA TAÑALA",RES1,240,1
10483,5050041745,"NUQUI, CRISTINA S.",RES1,240,1
10484,5050041746,"MALANUM, MARILYN ARMINAL",RES1,240,1
10485,5050040959,"VILLACENCIO, MA. LOURDES",RES4,240,1
10486,2020012358,"TABADA, ARLENE PEREZ",RES1,240,1
10487,2020032020,"FALGUERA, VIDA VISITACION G.",RES3,240,1
10488,2020032018,"FALGUERA, VISITACION G.(STALL2)",COM1,240,1
10489,2020032019,"FALGUERA, VIDA VISITACION G.(STALL1)",COM3,240,1
10490,2020041671,"ACERDEN, CARMELITA T.",RES2,240,1
10491,2020041670,"TAJO, THELMA LLOSE",RES4,240,1
10492,2020051971,"REYES, CHONA CLEMENTE",RES4,240,1
10493,2020051972,"CABELIN, MARLON N.",COM1,240,1
10494,2020062097,"ACEBU, ARNULFO RIEL",COM1,240,1
10495,2020091610,"BACATAN, ARNEL OYZON",RES1,240,1
10496,2020091609,"ROTAIRO, MARISSA M.",RES2,240,1
10497,2020091611,"DACLITAN, FELICIDAD NIVERA",RES1,240,1
10498,2020101091,"TONOLETE, CLINT RAFAEL PILAPIL",RES1,240,1
10499,2020121733,"RAÑIN, LOLITA CANABE",COM1,240,1
10500,2020141953,"TERANO, EVANGELINE C.",RES1,240,1
10501,2020141952,"RENDORA, LOURDES GARCIA",RES1,240,1
10502,2020171583,"SABILLO, FRANCIS MAY A.",RES1,240,1
10503,2020171584,"LAO, AMELIA AGUMBAY",RES1,240,1
10504,2020171585,"ANAGAP, CRISTINA ESTA",RES1,240,1
10505,2020340724,"JAVINES, RICO",RES1,240,1
10506,2020340722,"ORIOSTE, IMELDA INDITA",RES1,240,1
10507,2020410690,"MARTIN, MILAGROS INDITA",RES1,240,1
10508,2020480392,"CABALTERA, MICHELLE ISIDTO",RES1,240,1
10509,2020550482,"BRIER, JOEHAN U./ALMA",RES2,240,1
10510,2020550481,"SALENTES, PEPITO P./JOCELYN",RES1,240,1
10511,2020550479,"SIOS-E, MERCEDES BATALLA",RES1,240,1
10512,2020550485,"FLORENDO, ARTURO",RES1,240,1
10513,2020550484,"MAKABENTA, ROWENA D.",RES1,240,1
10514,2020550483,"RENDORA, ELEONOR",RES2,240,1
10515,2020550480,"BARCOMA, LETECIA",RES2,240,1
10516,2020550486,"NAVARRO, MA. CECILIA DEPASANA",RES1,240,1
10517,5050012238,"ORTIGUE, RAYMUND V",RES3,240,1
10518,5050031449,"LAUSIN, NELSON A",RES3,240,1
10519,5050031450,"AZORES, NENITA A.",RES1,240,1
10520,5050041747,"LIANZA, SABINA AGUDERA",RES2,240,1
10521,5050041748,"BADILLA, JAYSON ROSITE",RES2,240,1
10522,5050070165,"SOLAR, ALTON GARCIOLA",RES1,240,1
10523,2020200196,"GONZALES, MARIACEL",RES1,240,1
10524,2020071508,"WOMEN'S & SKILLS, TRAINING CENTER",PB,240,1
10525,2020081403,"DALOMIAS, SERGIO CABELLO",RES1,240,1
10526,2020081404,"QUITORIANO, GUADA MAY",RES2,240,1
10527,2020081405,"CABALLES, MARLON SABILLO",RES1,240,1
10528,2020141956,"ABAINZA, LEONORA ABANES",RES1,240,1
10529,2020141955,"MAKABENTA, EDUARDO DACOYCOY",RES2,240,1
10530,2020141954,"MACALINAO, JOEL PANAL",RES1,240,1
10531,2020161575,"CAÑETE, MARILYN INALISAN",RES2,240,1
10532,2020161573,"QUIDLAT, VERONICA Y.",RES1,240,1
10533,2020171587,"NARTEA, JEFFREY ROCHA",RES1,240,1
10534,2020171586,"CABILLO, ARCHIE SABAY",RES2,240,1
10535,2020180712,"GO, EDWIN MAKABENTA",RES1,240,1
10536,2020210363,"MACABANSAG, LEILANI LIGUTAN",RES1,240,1
10537,2020250368,"NARIDO, JANIKAH DESPI",RES1,240,1
10538,2020310572,"INAGAN, GEMA CUMPA",RES2,240,1
10539,2020320146,"VEGA, BEATRIZ Q.",RES1,240,1
10540,2020400571,"OBAOB, ROWENA PARILLA",RES2,240,1
10541,2020400570,"CANDASUA, NANELYN SABILLO",RES1,240,1
10542,2020410691,"URMENETA, EDWIN RAÑIN",RES1,240,1
10543,2020450433,"SENILLA, ELMER G.",RES1,240,1
10544,2020480391,"RAAGAS, JODIERICK INDITA",COM2,240,1
10545,2020550490,"DE LA PEÑA, HONEY GRACE BACARISAS",RES1,240,1
10546,2020550488,"PARROCHO, MARIETA PAMOR",RES2,240,1
10547,2020550493,"MONTILLA, REY ABELLANOSA",RES1,240,1
10548,2020550504,"TABORADA, SAMUEL GARRATA",RES1,240,1
10549,2020550503,"AZORES, ROWEN PORRAL",RES2,240,1
10550,2020550496,"LANDRITO, JOEL PILANDE",RES3,240,1
10551,2020550506,"DE GUZMAN, RUBINIA MACARANDAN",RES1,240,1
10552,2020550487,"ACERDEN, ESTEBAN",RES1,240,1
10553,2020550500,"OLIDAN, DANILO JR GARRATA",RES1,240,1
10554,2020550502,"BALAIS, GREG FLORES",RES1,240,1
10555,2020550489,"BACARISAS, RUBIELYN MANALO",RES1,240,1
10556,2020550491,"SAPIOT, RODA ALVAREZ",RES2,240,1
10557,2020550498,"NOVIO, MICHELLE COLASITO",RES1,240,1
10558,2020550499,"OLEDAN, NARCISA J.",RES1,240,1
10559,2020550505,"SALDAÑA, ADELAIDA TABORADA",RES1,240,1
10560,2020550497,"CODERA, ANALIZA ENGRESO",RES2,240,1
10561,2020550507,"ABAINZA, ANDRES/ CRISTINA",RES2,240,1
10562,2020550492,"DEDIL, MADONNA FAMI",RES1,240,1
10563,2020550495,"NEGADO, TELMAMIRA TIBE",RES1,240,1
10564,2020550494,"DELVO, GLEENE CATHERINE GADON",RES1,240,1
10565,2020550501,"LUMEN, WILSON CAPIN",RES2,240,1
10566,2020720644,"CARIGARA, NATIONAL VOCATIONAL SCHOOL",INDL3,240,1
10567,3030340213,"PALUYA, REMEDIOS D.",RES3,240,1
10568,5050012239,"ABAYARE, MA. MELODY DAWN C.",RES4,240,1
10569,5050012240,"ONGBIT, SERGIO OLEDAN",RES1,240,1
10570,5050031451,"COSTELO, AILEEN BURANDAY",RES1,240,1
10571,2020012359,"LAYAGUE, EMMANUEL SALCEDA",RES1,240,1
10572,2020012360,"PHIL. RUSI, INC.",COM3,240,1
10573,2020051973,"618 LSFC, INC.",COM1,240,1
10574,2020062098,"SABILLO, LORENZO RIEL",RES4,240,1
10575,2020121734,"ORIOQUE, ROLAND GIL ABALLA",RES1,240,1
10576,2020141957,"AGUILAR, IRISH",RES1,240,1
10577,2020141958,"PASCUAL, ESTERBELLE NODADO",RES3,240,1
10578,2020151226,"SALVEDIA, JIMMY BACORDO",RES1,240,1
10579,2020151225,"ORSAIZ, MARLYN BAYONG",RES1,240,1
10580,2020161574,"MAKABENTA, JERAFE BENEGAS",RES3,240,1
10581,2020180713,"TILAN, ERLINDA APETIN",RES1,240,1
10582,2020280410,"PERALTA, JELOU GARCIA",RES1,240,1
10583,2020550509,"VEGA, LORETA NALDO",RES1,240,1
10584,2020550535,"GARRATA, CORAZON/ VICTORIANO",RES1,240,1
10585,2020550513,"CHING, JENNIFER BACAY",RES3,240,1
10586,2020550525,"METRAN, JEVUEL CUSTAN",RES1,240,1
10587,2020550527,"GARILLO, RENAN NALDO",RES1,240,1
10588,2020550511,"SABINO, SOTERA COSTELO",RES1,240,1
10589,2020550519,"CANEJA, FERNANDO CATOR",RES1,240,1
10590,2020550521,"UMPACAN, EUSEBIO",RES2,240,1
10591,2020550514,"ORIOL, ROSELYN MAJUCA",RES1,240,1
10592,2020550531,"MOVIDO, BRANDO PILAPIL",RES2,240,1
10593,2020550510,"BERSANO, RUFO CAHULOGAN",RES1,240,1
10594,2020550512,"NAAGAS, CRISTINE",RES1,240,1
10595,2020550533,"FELSON III, STUART APILADO",RES1,240,1
10596,2020550534,"TABLO, DENNIS DAGASDAS",RES3,240,1
10597,2020550508,"ROSALES, REGINE",RES1,240,1
10598,2020550529,"CAMPOSANO, JOSEPH OLEDAN",RES1,240,1
10599,2020550530,"SASABO, MARLYN PERINO",RES2,240,1
10600,2020550532,"CRUZ, REYNANTE LU-ANG",RES2,240,1
10601,2020550516,"DAGANASOL, SUSAN FLORENDO",RES1,240,1
10602,2020550523,"NEGADO, ANNILYN ASIS",RES2,240,1
10603,2020550524,"MENDOZA, MARICEL A./JESSIE",RES2,240,1
10604,2020550536,"SIAPO, LANI B.",RES1,240,1
10605,2020550517,"SALAZAR, VIOLETA LUCHAVEZ",RES1,240,1
10606,2020550520,"ROMO, GLORIA APILAR",RES2,240,1
10607,2020550522,"ANZANO, CHRISTINA I",RES2,240,1
10608,2020550526,"DAYOJA, ELENA BELICARIO",RES1,240,1
10609,2020550515,"SUMAYA, ANN DELMA IPIL",RES1,240,1
10610,2020550518,"NAADAT, MARY GRACE OBO",RES1,240,1
10611,2020560015,"BAYLON, PERLA CABALLES",RES3,240,1
10612,2020560018,"MACALALAG, MARIBEL C.",RES1,240,1
10613,2020560043,"NICANOR, RAZEL I.",RES1,240,1
10614,2020560097,"IRLANDEZ, RIZA M.",RES1,240,1
10615,2020560012,"IRLANDEZ, RITA MORALLOS",RES3,240,1
10616,2020560001,"NEPOMUCENO, CLEOFE N.",RES3,240,1
10617,2020560004,"IRLANDEZ, RYAN M.",RES1,240,1
10618,2020560017,"PERUDA, MERLINA M.",RES3,240,1
10619,2020560023,"NEGADO, SUSIE KADILE",RES1,240,1
10620,2020560053,"NICANOR, BENJAMIN OBANIL",RES2,240,1
10621,2020560100,"SAN PEDRO, CHARITO H",RES1,240,1
10622,2020560026,"NICANOR, MARIBETH P.",RES1,240,1
10623,2020560033,"SAMORANOS, ROSITA M.",RES1,240,1
10624,2020560056,"PALMES, ROSALIA I.",RES1,240,1
10625,2020560060,"URMENETA, JAIME S.",RES3,240,1
10626,2020560061,"PADOGA, MARGARITA CUSTODIO",RES2,240,1
10627,2020560064,"CABALLES, EMMA E.",RES3,240,1
10628,2020560079,"NARBONITA, MA. LUZ PARENA",RES2,240,1
10629,2020560089,"ALDAYA, ANALYN OBANIL",RES2,240,1
10630,2020560095,"NIERVES, VIRGINIA P.",RES1,240,1
10631,2020560098,"MISON, RHODERICK LIGUTAN",RES1,240,1
10632,2020560116,"PANIM, GUILLERMA",RES1,240,1
10633,2020560007,"BACULANTA, MARILOU L.",RES1,240,1
10634,2020560046,"GERALDO, ROSITA LIGUTAN",RES1,240,1
10635,2020560071,"CABALLES, THELMA PARENA",RES2,240,1
10636,2020560081,"MACALALAG, GISELLE N.",RES1,240,1
10637,2020560084,"URMENETA, NEIL MACALALAG",RES1,240,1
10638,2020560119,"NEDIC, CARMEN",RES3,240,1
10639,2020560013,"IRLANDEZ, ALEXANDRA",RES1,240,1
10640,2020560029,"FERNANDEZ, CAROLINA BACULANTA",RES1,240,1
10641,2020560065,"FRANCISCO, ZENAIDA BARDELOSA",RES1,240,1
10642,2020560068,"ROSALES, EMMA C.",RES1,240,1
10643,2020560087,"PANIM, RONALYN C.",RES1,240,1
10644,2020560102,"VELUNTA, AILENE PANIM",RES2,240,1
10645,2020560109,"NIEGAS, AIZA ESTO",RES1,240,1
10646,2020560123,"IRLANDEZ, CORAZON P.",RES3,240,1
10647,2020560021,"LIM, RODULFO F.",RES2,240,1
10648,2020560049,"MADURO, RUSSEL BINGHOY",RES1,240,1
10649,2020560050,"ALDAYA, RODOLFO O.",RES2,240,1
10650,2020560051,"DOLLETE, ODETH",RES1,240,1
10651,2020560054,"PANIM, VELEGIN RAGSAG",RES2,240,1
10652,2020560072,"CABALLES, MARIA",RES1,240,1
10653,2020560077,"LLOREN, GINA D.",RES3,240,1
10654,2020560082,"LIGAD, LENI MACALALAG",RES1,240,1
10655,2020560085,"MACALALAG, FELY ARIZALA",RES1,240,1
10656,2020560088,"GARCIA, PABLO FLORES",RES3,240,1
10657,2020560093,"DUGANG, LINDA MACALALAG",RES1,240,1
10658,2020560101,"SAMORANOS, VILLA VELUNTA",RES2,240,1
10659,2020560108,"PALMES, BENEDICTO G.",RES1,240,1
10660,2020560120,"SAMORANOS, TARCELITA",RES2,240,1
10661,2020560059,"BACULANTA, VIOLETA C.",RES2,240,1
10662,2020560067,"CAUBALEJO, LINA V.",RES1,240,1
10663,2020560106,"LUCELO, RONICO U. JR.",RES1,240,1
10664,2020560124,"MANLOY, ELEMENTARY SCHOOL",RES1,240,1
10665,2020560125,"PARENA, ADELAIDA MACALALAG",RES1,240,1
10666,2020560002,"IRLANDEZ, ALLAN PETILOS",RES1,240,1
10667,2020560005,"IRLANDEZ, JEMARK MORANA",RES1,240,1
10668,2020560008,"LAGUMBAY, MARIA",RES1,240,1
10669,2020560036,"MACALALAG, LIZA LAWAAN",RES2,240,1
10670,2020560074,"HAMTIG, REMEDIOS",RES1,240,1
10671,2020560080,"DOLLETE, TERESITA VILLARIN",RES1,240,1
10672,2020560111,"BACULANTA, REGIE Q.",RES2,240,1
10673,2020560117,"PANIM, MARICEL P.",RES2,240,1
10674,2020560118,"NEDIC, JONALYN GELIZON",RES1,240,1
10675,2020560034,"MACALALAG, LEMUEL JURILLA",RES1,240,1
10676,2020560096,"PANIM, JOSE",RES2,240,1
10677,2020560003,"IRLANDEZ, NIMFA M.",RES2,240,1
10678,2020560031,"MACALALAG, CARIDAD JURILLA",RES1,240,1
10679,2020560016,"MACALALAG, MARINO JR.",RES1,240,1
10680,2020560020,"REYES, GASPARI I. JR",RES4,240,1
10681,2020560024,"MACALALAG, ROLANDO IRLANDEZ",RES1,240,1
10682,2020560039,"MACALALAG, MARIVIC O.",RES1,240,1
10683,2020560040,"IRLANDEZ, MA. LUCIA B.",RES2,240,1
10684,2020560041,"MACALALAG, BIENVENIDO B.",RES2,240,1
10685,2020560044,"MISON, WILSON I.",RES2,240,1
10686,2020560075,"DECHOSA, ROEL P.",RES2,240,1
10687,2020560078,"MACALALAG, REMEDIOS P.",RES1,240,1
10688,2020560107,"SAN PEDRO, JENELYN PEÑAFLOR",RES2,240,1
10689,2020560006,"NIVAL, MARIBETH I.",RES1,240,1
10690,2020560022,"NEGADO, ARMANDO M.",RES4,240,1
10691,2020560027,"IRLANDEZ, AIDA T.",RES2,240,1
10692,2020560047,"AREVALO, MILAGRO LOTINO",RES2,240,1
10693,2020560052,"GELIZON, CECENIA NICANOR",RES1,240,1
10694,2020560055,"OBANIL, JONALYN INFANTE",RES1,240,1
10695,2020560058,"BACULANTA, EFREN",RES1,240,1
10696,2020560063,"OBANIL, MARITES NIEGAS",RES1,240,1
10697,2020560114,"SAMORANOS, NORA W.",RES1,240,1
10698,2020560030,"IRLANDEZ, ILUMINADA NIERVES",RES2,240,1
10699,2020560057,"BACULANTA, AILYN MAE B.",RES1,240,1
10700,2020560115,"PANIM, ANASTACIO",RES1,240,1
10701,2020560009,"BACULANTA, MERLIE GARCIA",RES1,240,1
10702,2020560076,"DECHOSA, JERALLE MACALALAG",RES1,240,1
10703,2020560103,"MACALALAG, CHARLIE R.",RES1,240,1
10704,2020560121,"SAN PEDRO, MARILYN P",RES2,240,1
10705,2020560086,"NARBONITA, JOCELYN MACALALAG",RES2,240,1
10706,2020560090,"PANIM, NORMA C.",RES1,240,1
10707,2020560094,"NIERVES, CHRISTOPHER P.",RES2,240,1
10708,2020560104,"NIEGAS, JENNY GOMES",RES2,240,1
10709,2020560122,"BACULANTA, VIRGILIO I.",RES3,240,1
10710,2020560019,"MACALALAG, ROSALINDA P.",RES4,240,1
10711,2020560025,"DANTE, GLADYS I.",RES2,240,1
10712,2020560028,"IRLANDEZ, ERLINDA M.",RES3,240,1
10713,2020560037,"IRLANDEZ, GIL MICHAEL M.",RES3,240,1
10714,2020560042,"SAN PEDRO, JONATHAN M.",RES3,240,1
10715,2020560045,"NICANOR, MYRNA NALDO",RES2,240,1
10716,2020560073,"MADARANG, RUBEN M. JR.",RES2,240,1
10717,2020560083,"NOLAN, ASTERIA M.",RES1,240,1
10718,2020560099,"ROQUE, EMELINDA N.",RES1,240,1
10719,2020560113,"SAN PEDRO, DIOSDADO PORRAL",RES4,240,1
10720,2020560010,"CONDALOR, ROMEO LIANZA",RES1,240,1
10721,2020560011,"IRLANDEZ, MARILOU T.",RES2,240,1
10722,2020560014,"NARBONITA, LUCENDA IRLANDEZ",RES1,240,1
10723,2020560032,"ALTAREJOS, LIZA MACALALAG",RES1,240,1
10724,2020560035,"PARENA, MERLA",RES2,240,1
10725,2020560038,"ARGUILLES, SIXTA LLAVORE",RES4,240,1
10726,2020560066,"URMENETA, JOSE NOLY",RES3,240,1
10727,2020560105,"PALMES, VIRGILIO GRATEJA",RES1,240,1
10728,2020560110,"NIEGAS, AGAPITA GOMEZ",RES3,240,1
10729,2020012361,"CAÑAMAQUE, SHIELA SUICO",RES1,240,1
10730,2020051975,"PROFETANA, EDWIN",RES1,240,1
10731,2020101087,"BACARISAS, JERRY NARIDO",RES1,240,1
10732,2020110735,"MADERAZO, FLORENCIA",RES1,240,1
10733,2020111146,"PASCUAL, CIPRIANO DOROJA",RES2,240,1
10734,2020111142,"BOLONDRO, GINA MAKABENTA",RES2,240,1
10735,2020111148,"GAYOLA, SUSAN ETONG",RES3,240,1
10736,2020111147,"DOLLER, ALICIA B",RES2,240,1
10737,2020111149,"NARIDO, WHARREN TADEFA",RES1,240,1
10738,2020111144,"PALAÑA, MA. ESMERALDA ORDOÑA",RES3,240,1
10739,2020111143,"ORA, RICO P",COM1,240,1
10740,2020111145,"SOLAR, EDGAR ORIOL",RES3,240,1
10741,2020121717,"NALDA, SALVACION SABILA",RES1,240,1
10742,2020121736,"PADILLOS, JAY ORIOQUE",RES1,240,1
10743,2020121683,"ORTULA, SUNDY FLORENDO",RES1,240,1
10744,2020121735,"RONDINA, TEOFILA CALIM",RES3,240,1
10745,2020121723,"AGUILOS, ALVIN FLORENDO",RES1,240,1
10746,2020121716,"SERANTE, MELBA PERANTE",RES3,240,1
10747,2020121661,"GALDO, ANGELINA FLORENDO",RES2,240,1
10748,2020121640,"TUPAZ, JEFFREY R.",RES1,240,1
10749,2020121669,"BADIABLE, BRANDO PASCUAL",RES2,240,1
10750,2020121666,"AMISTOSO, MELANE F",RES1,240,1
10751,2020141959,"NARIDO, CHARITA B",RES1,240,1
10752,2020141960,"NICANOR, JODEL BADILLA",RES1,240,1
10753,2020161576,"DAGALEA, FLORENTINO INDINA",RES1,240,1
10754,2020171588,"WAEL, JUZAIL CAROLINO",RES1,240,1
10755,2020171589,"NICANOR, RONACIN JAVINES",RES1,240,1
10756,2020180714,"PETALLANA, RICHARD LIGUTAN",RES1,240,1
10757,2020180715,"PETALLANA, ROBERT LIGUTAN",RES1,240,1
10758,2020201172,"ABORQUE, GINA PADILLA",RES1,240,1
10759,2020201171,"BELITA, ARLENE AUSTRIA",RES1,240,1
10760,2020250369,"ORIOL, GINGIELYN DAANG",RES1,240,1
10761,2020340725,"SURI, JOY ORQUILLA",RES2,240,1
10762,2020360377,"RAÑIN, HUBERT",RES3,240,1
10763,2020410692,"OLEDAN, LORNA NALDA",RES1,240,1
10764,2020430159,"NARTEA, CRIS MESHEL",RES2,240,1
10765,2020550562,"CUARTERO, JOSEPH BATAN",RES1,240,1
10766,2020550538,"BALIDA, JOSE PANILAWON",RES1,240,1
10767,2020550547,"SUELA, DANILO CANONEGO",RES1,240,1
10768,2020550560,"TRANI, PRIMA ARASA",RES1,240,1
10769,2020550545,"BACTOL, JIEGER YUNTING",RES1,240,1
10770,2020550548,"MANICANI, MARICEL CONGE",RES1,240,1
10771,2020550557,"BRIONES, EVA",RES1,240,1
10772,2020550537,"BRAZIL, ESTER",RES1,240,1
10773,2020550541,"DABAN, LEONIL BACHA",RES1,240,1
10774,2020550555,"MAKABENTA, JESUS",RES1,240,1
10775,2020550558,"DALANON, REBECCA PAZ",RES1,240,1
10776,2020550551,"SIOS-E, CORAZON BATALLA",RES1,240,1
10777,2020550559,"AYASO, IMELDA",RES2,240,1
10778,2020550561,"TRONO, CHERYL BARCOMA",RES2,240,1
10779,2020550549,"PALANAS, MARITES YABAO",RES1,240,1
10780,2020550554,"GARILLO, AMILYN P.",RES1,240,1
10781,2020550543,"DAANG, MARIETA ALIDO",RES1,240,1
10782,2020550539,"CABIA-AN, TIMOTEO ILAD",RES1,240,1
10783,2020550544,"JAVIER, JAYSON CANTIVEROS",RES1,240,1
10784,2020550553,"MACARANDAN, EDUARDO M.",RES1,240,1
10785,2020550540,"HOMERES, MARIETA SANGRANO",RES3,240,1
10786,2020550542,"JAVINES, CIPRIANO JR. SULAYAO",RES3,240,1
10787,2020550546,"CATAN, ROXANNE NAPOLES",RES1,240,1
10788,2020550550,"VENDERO, MARIA MACABENTA",RES2,240,1
10789,2020550552,"MASION, ROSIE L.",RES2,240,1
10790,2020550564,"TAMAYO, JENNIFER OBANA",RES1,240,1
10791,2020550563,"CANTIVEROS, ELMER G.",RES1,240,1
10792,2020560128,"BACULANTA, EVANGELINA TILAN",RES1,240,1
10793,2020560048,"NICANOR, EUGENIA O.",RES1,240,1
10794,2020560126,"MACALALAG, MYLA S",RES3,240,1
10795,2020570008,"NARIDO, RICARDO CAÑESO",RES1,240,1
10796,2020570060,"NIDERA, LILIBETH",RES4,240,1
10797,2020570102,"MAKABENTA, JOAN DAANG",RES2,240,1
10798,2020570002,"DE LA TORRE, DORINA PRADA",RES2,240,1
10799,2020570009,"MESA, JUDY ANN",RES1,240,1
10800,2020570101,"SIAPO, VIRGILDA G",RES1,240,1
10801,2020570108,"QUELBIO, BERGILDA B./ EDMONDO",RES2,240,1
10802,2020570014,"BUSTILLO, MYRA ABIAN",RES1,240,1
10803,2020570057,"ABLEHAN, BELINDA DOLYENDO",RES1,240,1
10804,2020570061,"ORBISO, ERLINDA ANTOC",RES1,240,1
10805,2020570023,"CODERA, MICHAEL ENGRESO",RES1,240,1
10806,2020570068,"GRAMA, CARLOS BACAY",RES1,240,1
10807,2020570072,"ABORCA, EMILIE C.",RES2,240,1
10808,2020570018,"BUGAL, RAMEL LIGUTAN",RES1,240,1
10809,2020570036,"GOZA, LEAH BACARISAS",RES2,240,1
10810,2020570063,"FLORES, FEDERICO JR DAGANASOL",RES1,240,1
10811,2020570098,"CAGASCAS, IVY V.",RES1,240,1
10812,2020570065,"PERUDA, ALEJANDRO BACATAN",RES1,240,1
10813,2020570003,"LANDRITO, WILSON PILANDE",RES2,240,1
10814,2020570010,"GO, JEAGA SALVO",RES2,240,1
10815,2020570024,"MACALALAG, RODOLFO IMUS",RES1,240,1
10816,2020570026,"FORSUELO, ABDON B. JR",RES1,240,1
10817,2020570005,"JAO, EPIFANIO JR. SEVILLA",RES2,240,1
10818,2020570011,"BALIDA, CONSTANCIO PANILAWON",RES1,240,1
10819,2020570012,"OPETINA, MARIANO SABLADA",RES1,240,1
10820,2020570019,"DONZAL, WILFREDO ALVAREZ",RES1,240,1
10821,2020570044,"PERUDA, ROGINE BUSTILLO",RES1,240,1
10822,2020570092,"ARIZO, LUZ BACARISAS",RES1,240,1
10823,2020570099,"ABAINZA, ANITA",RES2,240,1
10824,2020570021,"CODERA, CERIA BACO",RES1,240,1
10825,2020570028,"BALENDO, JUSTINO LONGSOD",RES1,240,1
10826,2020570041,"LIGUTAN, ADELINA PERIÑA",RES2,240,1
10827,2020570042,"GARIANDO, RALPH ORIOQUE",RES1,240,1
10828,2020570049,"RAGAS, ABIGAIL AGUNOS",RES3,240,1
10829,2020570058,"CARAO, MATEO JR. REPOLLO",RES2,240,1
10830,2020570074,"GASPAR, MARBY DABILBIL",RES1,240,1
10831,2020570084,"BRAZIL, LEO CANABE",RES1,240,1
10832,2020570103,"GAYOLA, RYAN C.",RES1,240,1
10833,2020570013,"LABARIÑO, MARILYN",RES1,240,1
10834,2020570030,"AGUILAR, LEO GAMBA",RES1,240,1
10835,2020570031,"DELVO, RIZA LUMBAT",RES1,240,1
10836,2020570039,"PANIM, GABRIEL OGNILLA",RES3,240,1
10837,2020570048,"VILLARANTE, ALEXANDER PERMALAN",RES1,240,1
10838,2020570076,"YEE, SALOME M",RES3,240,1
10839,2020570104,"NUÑEZA, MARISSA J",RES1,240,1
10840,2020570007,"DE LA PEÑA, ERLINDA BACARISAS",RES3,240,1
10841,2020570095,"VALDEZ, EDSON MONTINO",RES1,240,1
10842,2020570093,"GARRATA, FRANCISCO LAGADO",RES1,240,1
10843,2020570100,"OLEDAN, ELENA",RES2,240,1
10844,2020570020,"GARRATA, DISCORO LAGADO",RES1,240,1
10845,2020570022,"OLEDAN, RUBEN DAYOJA",RES1,240,1
10846,2020570029,"COSTELO, JANET GERALDO",RES2,240,1
10847,2020570035,"GALLARDE, ANGELINA NACUA",RES1,240,1
10848,2020570040,"BRIER, GILDELISA ORIOL",RES1,240,1
10849,2020570051,"ORDOÑA, GIL MARK",RES1,240,1
10850,2020570064,"DAVOCOL, ALVIN BACTOL",RES1,240,1
10851,2020570055,"BORRICO, ROSEMARIE CODERA",RES1,240,1
10852,2020570071,"OLFATO, MARITA S.",RES1,240,1
10853,2020570088,"GONGOB, SHERYL ETANG",RES2,240,1
10854,2020570004,"ABAINZA, CESARIO DONZAL",RES1,240,1
10855,2020570006,"CARZON, FELICITAS ACERDEN",RES2,240,1
10856,2020570025,"FORSUELO, MARVIN GARCIA",RES2,240,1
10857,2020570033,"TAFALLA, JOHNSON RAMOS",RES1,240,1
10858,3030051847,"HOLASCA, MELODIA BOCTOT",RES1,240,1
10859,3030051845,"BELLO, ISAIAS ARPON",RES1,240,1
10860,3030051852,"BACHILLER, RICHARD CRIBELLO",RES1,240,1
10861,3030051849,"LUCENIO, FRUTO JUMAO-AS",RES2,240,1
10862,3030051851,"CRUZ, JENNALYN A.",RES1,240,1
10863,3030051844,"VILLAVICENCIO, RENATO ANDALES",RES1,240,1
10864,3030051843,"MECINA, MARIBEL CAONES",RES1,240,1
10865,3030051846,"ALBERCA, ROWENA GERALDO",RES2,240,1
10866,3030051850,"EMNAS, EFREN CLORES",RES1,240,1
10867,3030051848,"DECULAWAN, ARTEMIO MARSOL",RES3,240,1
10868,3030340214,"PADILLO, RODOLFO  JR. P.",COM2,240,1
10869,5050012241,"URIBE, NENITA",RES1,240,1
10870,5050012242,"SARI, MARITES C.",RES1,240,1
10871,2020012362,"VILLAFLOR, CASTULO IV JR SEBASTIAN",RES3,240,1
10872,2020051974,"BACTOL, AMELYN SALVACION",COM1,240,1
10873,2020062099,"OBRADAS, REYNALDO CORTEZ",RES3,240,1
10874,2020121738,"ORTULA, JONALYN SUMAYAO",RES1,240,1
10875,2020151227,"MEREDOR, ANTHONY QUILESTE",RES1,240,1
10876,2020340727,"GARIANDO, LOLITA",RES1,240,1
10877,2020480393,"GAVIOLA, JOSE RALPH RIEL",RES3,240,1
10878,2020550566,"ANTOC, ADONA SANGRANO",RES2,240,1
10879,2020550567,"HISOLA, MICHAEL T.",RES3,240,1
10880,2020550565,"VALDEZ, ZENAIDA",RES3,240,1
10881,2020550568,"ANTONIO, MARIAN",RES1,240,1
10882,2020550556,"MUTYA, JIMMY BUENA",RES1,240,1
10883,2020570062,"MALABANAN, NEIL ANGELO TOMAS",RES1,240,1
10884,2020570073,"CADIENTE, MARITA PARABOLES",RES3,240,1
10885,2020570027,"OBANIL, ELIZABETH ROQUE",RES1,240,1
10886,2020570079,"QUINTELA, KIM PIL",RES4,240,1
10887,2020570082,"CLARO, PABLO A.",RES1,240,1
10888,2020570089,"LUMACAD, ALEJANDRO TANCINCO",RES1,240,1
10889,2020570087,"ROMO, TERESITA DELANTAR",RES1,240,1
10890,2020570091,"DAANG, MANUEL A.",RES1,240,1
10891,2020570034,"RAMA, GEMMALYN",RES1,240,1
10892,2020570119,"FORSUELO, ALEJANDRO",RES1,240,1
10893,2020570120,"BERNABE, RENITA D",RES3,240,1
10894,2020570083,"BAJA, LECEL CAGATA",RES1,240,1
10895,2020570046,"CODERA, ANA MARIE ENGRESO",RES1,240,1
10896,2020570067,"PIAD, CRESCENCIA PILANDE",RES1,240,1
10897,2020570111,"VELASQUEZ, DELIA",RES1,240,1
10898,2020570112,"MUTYA, JEMELY N.",RES1,240,1
10899,2020570118,"AVENDAÑO, FLORDELIZA",RES3,240,1
10900,2020570017,"LOYOLA, MARITES DACOMA",RES2,240,1
10901,2020570122,"GARRATA, ELPEDIO",RES1,240,1
10902,2020570032,"REYES, MARCELITA ROÑO",RES1,240,1
10903,2020570059,"LOYOLA, LUCENA DACOMA",RES3,240,1
10904,2020570121,"VELUNTA, ZOSIMO N.",RES1,240,1
10905,2020570052,"COLIBAR, ANTONIIETTA M.",RES3,240,1
10906,2020570043,"MENDOZA, ROBERTO BURRE",RES1,240,1
10907,2020570110,"RELEVO, JOSEFINA CABELLO",RES2,240,1
10908,2020570045,"ARRADAZA, ROBINA BERDIN",RES2,240,1
10909,2020570113,"QUIDLAT, ARCHIE NEDIRA",RES1,240,1
10910,2020580002,"DELMO, ROSENDA M.",RES1,240,1
10911,2020580008,"PIGAR, DARLYN B.",RES1,240,1
10912,2020580023,"PIAD, MANUEL BRAZIL JR.",RES1,240,1
10913,2020580024,"NIERVES, MA. ELENA VALIENTE",RES2,240,1
10914,2020580001,"GONZALES, JOSUA NIEGAS",RES1,240,1
10915,2020580015,"DOLLETE, DOLORES TILAN",RES1,240,1
10916,2020580017,"MISON, ALECIA T.",RES1,240,1
10917,2020580013,"ALICANTE, ANGELO TILAN",RES1,240,1
10918,2020580014,"TERANTE, AMOR SUELO",RES1,240,1
10919,2020580007,"NIDEA, JEFFREY GONZALES",RES1,240,1
10920,2020580020,"ROSAL, JIMMY",RES1,240,1
10921,2020580026,"RAGSAG, GENEFER CABALLES",RES1,240,1
10922,2020580005,"NIDEA, RICKY PACADA",RES1,240,1
10923,2020580003,"REGALADO, JENNY MERWAR",RES2,240,1
10924,2020580004,"NIDEA, JOSELYN PACANIA",RES1,240,1
10925,2020580021,"NIEGAS, AL MAKABENTA",RES1,240,1
10926,2020580028,"SAN PEDRO, LOLITA",RES2,240,1
10927,2020580022,"RATA, CRISTINA S.",RES1,240,1
10928,2020580010,"NIDEA, CARMELITA G.",RES1,240,1
10929,2020580016,"MISON, REMEDIOS S.",RES2,240,1
10930,2020580019,"OBANIL, ANNE NIEGAS",RES1,240,1
10931,2020580011,"TRONZON, FELICIANO NATIAL SR.",RES2,240,1
10932,2020580012,"ALICANTE, TEOFILA N.",RES1,240,1
10933,2020580018,"OBANIL, ASUNCION N.",RES1,240,1
10934,2020580025,"MELGAR, ERVING GRESOLA",RES2,240,1
10935,2020580006,"NIDEA, ROWEN PACANIA",RES1,240,1
10936,2020580009,"JUSTO, MARICEL ANATACIO",RES1,240,1
10937,2020580027,"ENCARNACION, MINERVA N.",RES1,240,1
10938,2020012363,"LABARDA, MARIZ ELAINE MIRALLES",RES1,240,1
10939,2020012364,"ROTAIRO, DAYNA",RES2,240,1
10940,2020012283,"MONTALBAN, ALICIA",RES1,240,1
10941,2020021687,"REMEDIO, HAYDEE CHRISTINA RICACHO DOOR2",COM1,240,1
10942,2020021168,"LUMAKAD, MILA",RES1,240,1
10943,2020021688,"REMEDIO, HAYDEE CHRISTINA RICACHO DOOR1",COM1,240,1
10944,2020021689,"DRILON, OMY YACAP",RES2,240,1
10945,2020030110,"CABALLES, REYNALDO",RES1,240,1
10946,2020041672,"ZABALAN, JULIANA DAGALEA",RES1,240,1
10947,2020051976,"MACAPUS, BARTOLOME ORIOL",RES4,240,1
10948,2020060930,"ASOY, CRISANTO",RES1,240,1
10949,2020062100,"IRLANDEZ, EMMANUEL FULGUERAS",RES4,240,1
10950,2020062101,"ACEBU, ARNULFO R.",COM1,240,1
10951,2020071509,"ESLERA, DEMETRIO NARTEA",RES1,240,1
10952,2020081407,"CONDALOR, IRENE MAE ROSIMA",RES1,240,1
10953,2020081406,"TAMACA, JAKE LIGUTAN",RES2,240,1
10954,2020091612,"ARGUELLES, DIEGO ACEBO",RES2,240,1
10955,2020091613,"NIDERA, BASILIO JR. CABIAS",RES1,240,1
10956,2020100295,"PACETES, JESUS B.",RES2,240,1
10957,2020100470,"MAKABENTA, ZACARIAS",RES1,240,1
10958,2020111156,"PASCUAL, MARIA RAJIL",RES2,240,1
10959,2020111157,"BILLONES, ANDREW  COJEDA",RES2,240,1
10960,2020120555,"BACATAN, LORETA",RES1,240,1
10961,2020121725,"BASEA, HAMLET MOLO",RES1,240,1
10962,2020121740,"COSTELO, FERNANDO JR. DOROJA",RES1,240,1
10963,2020121722,"BARQUEZ, CRISPULO BACALTOS",RES1,240,1
10964,2020121600,"MAYLON, MARIA T.",RES1,240,1
10965,2020121724,"PADILLOS, JUVY O",RES1,240,1
10966,2020121712,"NALDA, ROBERTO DIGMAN",RES1,240,1
10967,2020121739,"BELLO, EDERLINA MISAGAL",RES1,240,1
10968,2020121737,"CARIGARA, EVSU CAPMUS",COM1,240,1
10969,2020141962,"ABAYAN, THELMA ANOS",RES1,240,1
10970,2020141961,"SUMACOT, CYNTHIA OLEDAN",RES2,240,1
10971,2020141385,"BRUN, CONCEPCION P.",RES1,240,1
10972,2020151228,"TABLAZON, LIEZEL LLAGAS",RES2,240,1
10973,2020150111,"RANCE, REYNALDO",RES4,240,1
10974,2020151229,"POTOLIN, DEVORA PIAD",RES1,240,1
10975,2020161594,"PANER, REYNART LABORTE",RES1,240,1
10976,2020161577,"HIDALGO, GUILBERT TOLOSA",RES2,240,1
10977,2020161593,"CARATAO, AILENE PEPITO",RES1,240,1
10978,2020161582,"CORIA, MARIVIC POLINAR",RES1,240,1
10979,2020161591,"IBAL, MELBA AGUDO",RES1,240,1
10980,2020161586,"DRANTINAO, ABUNDIA TUBIL",RES1,240,1
10981,2020161589,"VEGA, ELVIRA CASTRO",RES1,240,1
10982,2020161590,"GLEMANI, JUDY ANN DARANTINAO",RES1,240,1
10983,2020161592,"HEPOLANI, ROSALIA PARENA",RES1,240,1
10984,2020161578,"PANIM, EMELINDA CARATAO",RES1,240,1
10985,2020161585,"SAMORANOS, HAIDIE",RES1,240,1
10986,2020161587,"DARANTINAO, MARIANO QUILESTA",RES2,240,1
10987,2020161581,"LLOVIA, MARIVIC RENDORA",RES2,240,1
10988,2020161579,"MACALALAG, DAISY INDITA",RES1,240,1
10989,2020161584,"SOFIA, MELINDA LLOVIA",RES1,240,1
10990,2020161580,"CONDALOR, ALEXANDER ORTEGAS",RES1,240,1
10991,2020161588,"DARANTINAO, CRESENCIA REGIS",RES1,240,1
10992,2020161583,"LLOVIA, LYDIA JAVINES",RES1,240,1
10993,2020171592,"TOLIBAS, RENEE DONABELLE MARQUEZ",RES1,240,1
10994,2020171590,"DEMOTICA, MARILYN AGUILOS",RES1,240,1
10995,2020171591,"AGUILOS, FEDENCIO CODERA",RES1,240,1
10996,2020171593,"DE GUZMAN, EDUARDO RENDORA",RES1,240,1
10997,2020171594,"JAVINES, HERMINIGILDO OBANIL",RES1,240,1
10998,2020180716,"PONES, MELANIE JAPAG",RES1,240,1
10999,2020180717,"ESTRELLA, AILEEN LIGUTAN",RES1,240,1
11000,2020190575,"DACURIN, ALBERTO F.",RES1,240,1
11001,2020191119,"OPLEGIDA, AMALIA L.",RES1,240,1
11002,2020190170,"SANGUAL, MARIANITA",RES1,240,1
11003,2020191109,"LAGERA, EMMA BRAZIL",RES1,240,1
11004,2020191113,"INDITA, JONALYN",RES1,240,1
11005,2020191114,"EDUSMA, ROSALYN CAÑADILLA",RES1,240,1
11006,2020191120,"INGRATO, MELVIN MOLABOLA",RES1,240,1
11007,2020191110,"MEREDOR, MELODY OBANIL",RES1,240,1
11008,2020191112,"BREGANIA, REBECCA GOMEZ",RES1,240,1
11009,2020191115,"ROSAL, MARIA LIZA BREGANIA",RES1,240,1
11010,2020191118,"ESTA, ROMMEL GASPARIN",RES1,240,1
11011,2020191111,"FAMI, BERNADETTE PANIM",RES1,240,1
11012,2020191117,"BACTOL, MARIA CADIENTE",RES1,240,1
11013,2020191116,"CADIENTE, RUFINO INALISAN",RES1,240,1
11014,2020201175,"PANIM, NATHAN CABIAAN",RES1,240,1
11015,2020201173,"IRLANDEZ, WILFREDO LUMPAY",RES1,240,1
11016,2020200782,"ARTOZA, JAIME",RES1,240,1
11017,2020201174,"SESE, JORETO JR ALMOGUERA",RES1,240,1
11018,2020241678,"MACALALAG, JAYSON CABALLES",RES1,240,1
11019,2020241679,"MACALALAG, BRIAN FLORENDO",RES2,240,1
11020,2020240400,"LIANZA, REBECCA",RES1,240,1
11021,2020241680,"PRUEL, MARVIE WAEL",RES1,240,1
11022,2020250370,"BALTAR, ROCELYN DANTE",RES1,240,1
11023,2020270474,"DOLLETE, OLIVER ADIZAS",RES1,240,1
11024,2020350163,"DINGCOL, RICARDO",RES1,240,1
11025,2020400572,"DARANTINAO, HENRY PARABOLES",RES1,240,1
11026,2020480394,"ERIA, MIGUELA AGUT",RES1,240,1
11027,2020480240,"NAZARETA, TRECENIA",RES1,240,1
11028,2020550586,"NIVERA, MARYROSE CANDA",RES2,240,1
11029,2020550593,"BOLIVAR, LORENA DIGMAN",RES3,240,1
11030,2020550839,"CODERA, RISTY LAGADO",RES1,240,1
11031,2020550840,"TENEDERO, LINA Q.",RES1,240,1
11032,2020550062,"GABON, MICHAEL ALVAREZ",RES1,240,1
11033,2020550609,"CAPALAR, ROMMEL RAÑIN",RES1,240,1
11034,2020550616,"ARGUELLES, ROMEO LABINI",RES1,240,1
11035,2020550624,"DY, REYNALDO PERUDA",RES1,240,1
11036,2020550630,"REBUCAN, SEVERA DE GUZMAN",RES2,240,1
11037,2020550644,"RAMOS, JESSICA PONCE",RES1,240,1
11038,2020550665,"MACALINAO, GELWEN DAVOCOL",RES2,240,1
11039,2020550667,"MAKABENTA, NANCY LLAMES",RES1,240,1
11040,2020550673,"OLEDAN, CHARLIE CALUGMATON",RES1,240,1
11041,2020550682,"TABORADA, GINA GARRATA",RES1,240,1
11042,2020550696,"ROTAIRO, MARIAN RAÑIN",RES1,240,1
11043,2020550707,"MANALO, VIRGILIO V.",RES3,240,1
11044,2020550793,"BACARISAS, FAREN PLANADA",RES1,240,1
11045,2020550796,"CUMPA, CEPRIANO VILLARIN",RES1,240,1
11046,2020550827,"ORCIDA, JUMAR ARIZA",RES1,240,1
11047,2020550594,"PRIAS, JEANNE ZETA",RES1,240,1
11048,2020550849,"BENUSA, REYNANTE POSTRERO",RES1,240,1
11049,2020550350,"OLEDAN, ELJOHN BARCOMA",RES2,240,1
11050,2020550640,"BALENDO, ROMUALDO CAÑEGA",RES1,240,1
11051,2020550654,"BELTRAN, BEATRIZ APAN",RES1,240,1
11052,2020550662,"ARBOL, ANGELITO PAGIWAYAN",RES2,240,1
11053,2020550683,"ROTAIRO, CHRISTOPHER PACAÑA",RES1,240,1
11054,2020550691,"ORDOÑA, DOLORES CLARIN",RES1,240,1
11055,2020550709,"JOSECO, FAUSTINO JR QUEBEC",RES1,240,1
11056,2020550713,"FALGUERRA, GREGORIO QUEBEC",RES2,240,1
11057,2020550716,"SICADSICAD, MARGIE",RES1,240,1
11058,2020550790,"VILLALINO, ALEXANDER PIAD",RES2,240,1
11059,2020550792,"OPEÑA, LEDINA VIRTUDAZO",RES3,240,1
11060,2020550801,"BALAIS, FEDERICO  JR. DALOYARA",RES1,240,1
11061,2020550818,"GARILLO, JESSA ALCOY",RES1,240,1
11062,2020550829,"CAYUNDA, CRISHYL SALVACION",RES1,240,1
11063,2020550834,"ABAINZA, AMIE CATENZA",RES2,240,1
11064,2020550570,"ESTUITA, MARIA VIZ PEÑARANDA",RES1,240,1
11065,2020550572,"PONES, MARJORIE LABAREÑO",RES1,240,1
11066,2020550576,"GOJAR, ELMO GEROLAGA",RES1,240,1
11067,2020550580,"DAGANASOL, BERNIE ORCIDA",RES2,240,1
11068,2020550582,"ACEBO, KAREN ASIS",RES1,240,1
11069,2020550601,"RAÑIN, MYLANE ONG",RES2,240,1
11070,2020550847,"BENAIRES, CHANEL A.",RES2,240,1
11071,2020550618,"NITURA, TEODORICO TAGPIS",RES1,240,1
11072,2020550634,"CAÑAMAQUE, JENNY BACARISAS",RES1,240,1
11073,2020550672,"LLAMES, MA. RIVY CARLOS",RES1,240,1
11074,2020550675,"MAKABENTA, ROSENDO DARANTINAO",RES3,240,1
11075,2020550685,"CONTE, GIOVANNI RANCE",RES1,240,1
11076,2020550687,"LAMPERA, VIRGINIA MACABENTA",RES1,240,1
11077,2020550700,"RAQUEL, WENCESLAO LAGADO",RES1,240,1
11078,2020550702,"ADARNE, JERICO",RES1,240,1
11079,2020550715,"DALIVA, ROSIE MESIAS",RES1,240,1
11080,2020550724,"JACABAN, JOY NALDA",RES3,240,1
11081,2020550751,"RAMIREZ, ROMULO JOMUC",RES1,240,1
11082,2020550754,"CAMPOMAYOR, BERNADETTE A./ JOEL",RES1,240,1
11083,2020550758,"CLARIN, JOEL PERNITEZ",RES1,240,1
11084,2020550769,"BACATAN, ELENITA OROGAN",RES2,240,1
11085,2020550823,"ABORITA, JESSICA OCAMPO",RES1,240,1
11086,2020550830,"BARDELOSA, ARIEL BABIERA",RES1,240,1
11087,2020550669,"GOLEZ, WILFREDO JR URMENETA",RES1,240,1
11088,2020550677,"ABAINZA, VANESSA VILLALINO",RES2,240,1
11089,2020550837,"OLEDAN, JANICE JAVINES",RES1,240,1
11090,2020550843,"ALCALA, GINA GARILLO",RES2,240,1
11091,2020550569,"BAYANI, ARNOLD BACAY",RES1,240,1
11092,2020550698,"ALVAREZ, MARILOU SIOS- E",RES1,240,1
11093,2020550703,"FLORENDO, MA. CONCEPCIO ARIZO",RES1,240,1
11094,2020550706,"GUALVEZ, WILFREDO AYALA",RES1,240,1
11095,2020550721,"NEGADO, ANDREW DELOTABO",RES2,240,1
11096,2020550728,"LIROM, NARISSA ORIOQUE",RES1,240,1
11097,2020550741,"BARDIAGO, ANAMIE COLUMBRILLO",RES1,240,1
11098,2020550744,"ORTULA, KIM CHAVEZ",RES2,240,1
11099,2020550748,"OLEDAN, PERLA JUNTILA",RES2,240,1
11100,2020550767,"VENTURA, LOVELY LOPEZ",RES1,240,1
11101,2020550779,"LIANZA, ROXANE LIGUTAN",RES1,240,1
11102,2020550789,"ABORITA, JAYSON LLANETA",RES1,240,1
11103,2020550795,"ORIOQUE, JUNJI GALISONDA",RES1,240,1
11104,2020550808,"SABELA, RODOLFO C.",RES1,240,1
11105,2020550812,"AVILA, ELIZABETH ACERDEN",RES1,240,1
11106,2020550814,"VENTURA, LUIGE LOPEZ",RES1,240,1
11107,2020550826,"DE LA PEÑA, LEONARDA DAVOCOL",RES1,240,1
11108,2020550602,"DAVOCOL, ROSE ANN ABLIHAN",RES1,240,1
11109,2020550842,"CAUBALEJO, AGOSTO TAÑALA",RES1,240,1
11110,2020550619,"RAMIREZ, RAUL PILAPIL",RES1,240,1
11111,2020550638,"RELOS, LORNA SILVANO",RES1,240,1
11112,2020550717,"BUGA, MANUELITO",RES1,240,1
11113,2020550735,"ORTULA, NILDA OYZON",RES1,240,1
11114,2020550774,"SAMANTE, ANNALYN REPOLLO",RES2,240,1
11115,2020550781,"OLEDAN, HELARIO CLAREN",RES1,240,1
11116,2020550784,"GAVERO, RAUL AGUILAR",RES1,240,1
11117,2020550788,"RAÑIN, EL CIELO OPEÑA",RES2,240,1
11118,2020550822,"CAÑAMAQUE, JEFFREY PACLE",RES1,240,1
11119,2020550824,"PASCUAL, VINCE HERMIE GUNABE",RES1,240,1
11120,2020550030,"YUTRAGO, REYNALDO BARDELOSA",RES1,240,1
11121,2020550844,"CABELIN, FELMA DAVOCOL",RES2,240,1
11122,2020550611,"PLANADA, MARIDEL M./ NOEL",RES2,240,1
11123,2020550620,"ANAGAP, ELIZALDE PIAD",RES1,240,1
11124,2020550650,"OYZON, CHANDA D.",RES1,240,1
11125,2020550663,"DARNAYLA, LIZA HALLERA",RES2,240,1
11126,2020550699,"ARGUELLES, ALWIN INSIGNE",RES1,240,1
11127,2020550710,"CAÑONERO, ELSA ORTULA",RES1,240,1
11128,2020550712,"BACARISAS, DARYL A.",RES2,240,1
11129,2020550771,"SECORATA, DELIA NATIONAL",RES2,240,1
11130,2020550778,"JORGE, ROWELL L./ ELSA",RES1,240,1
11131,2020550797,"ANGAYANGAY, SHERLEY RAÑIN",RES3,240,1
11132,2020550832,"PARROCHO, LEO ESTEMBER",RES1,240,1
11133,2020550599,"PICO, APPLE MAE POTOLIN",RES1,240,1
11134,2020550605,"DASMARIÑAS, LISA PADULLA",RES1,240,1
11135,2020550607,"SABLAWON, ROSELYN ASISTOL",RES1,240,1
11136,2020550615,"OBEJERA, CLENT COLUMBRILLO",RES3,240,1
11137,2020550617,"PERUDA, TEOFILO BALDOMAR",RES1,240,1
11138,2020550628,"FLORENDO, MARGIE ARIZO",RES1,240,1
11139,2020550646,"RODRIGUEZ, MARIVEL CAUBALEJO",RES2,240,1
11140,2020550658,"CADIENTE, AMELITA DONAIRE",RES1,240,1
11141,2020550684,"ARGUELLES, SESINIO JR PETALLANA",RES3,240,1
11142,2020550692,"MARQUEZ, JOAN PEÑARANDA",RES2,240,1
11143,2020550695,"FAJARDO, DANNA SHANE RAÑIN",RES1,240,1
11144,2020550736,"AMADO, JESSIE MAR BALAIS",RES1,240,1
11145,2020550743,"MACALALAG, MARIVIC SEMINIANO",RES1,240,1
11146,2020550755,"ACERDEN, VIRGIE C./ ANTONIO",RES2,240,1
11147,2020550805,"BINGHOY, CORAZON LORETO",RES1,240,1
11148,2020550806,"ESPOS, JACKIELYN AMANTE",RES1,240,1
11149,2020550575,"CAPALAR, MA. ABIGAIL FALGUERA",RES1,240,1
11150,2020550578,"TADEFA, ROSEL BACUTAN",RES1,240,1
11151,2020550587,"AMI, ZOSIMA GOLEZ",RES3,240,1
11152,2020550590,"PARISCAL, GINA FLORENDO",RES1,240,1
11153,2020550592,"ACIDRE, BONIFACIO C.",RES1,240,1
11154,2020550596,"SAVERET, AGUSTIN JR. BAYUDAN",RES2,240,1
11155,2020550838,"LUCELO, SEVERINO FALGUERA",RES1,240,1
11156,2020550240,"CAÑAMAQUE, LUZ NAAGAS",RES1,240,1
11157,2020550577,"NEGAD, VICTORIA PLANADA",RES1,240,1
11158,2020550603,"SIOS- E, MARICEL BATALLA",RES2,240,1
11159,2020550697,"ORIOL, APRIL INALISAN",RES1,240,1
11160,2020550719,"PEREA, MYLA PRECIA",RES1,240,1
11161,2020550725,"CAPALAR, MARY GRACE MORANO",RES3,240,1
11162,2020550733,"BORRICO, ELVIRA JURILLA",RES2,240,1
11163,2020550745,"TABORADA, ELYN LENZO",RES2,240,1
11164,2020550761,"NIVERA, TERESITA DEMASILAN",RES3,240,1
11165,2020550764,"PIAD, ANA MARIE ARIZO",RES2,240,1
11166,2020550768,"ASOY, LOLITA SAMORANOS",RES2,240,1
11167,2020550799,"BERIN, EMILIANA IDLISAN",RES1,240,1
11168,2020550811,"CUMPA, RAYMOND LUIS VILLAREN",RES1,240,1
11169,2020550636,"DELA PEÑA, LYNA LLOREN",RES2,240,1
11170,2020550648,"ORIOL, JOVELYN VILLAMOR",RES1,240,1
11171,2020550674,"TRANI, PRINCESS",RES1,240,1
11172,2020550841,"ABORCA, MICHAEL NIEGAS",RES2,240,1
11173,2020550714,"PAMINIANO, FRUCTUOSA SALVACION",RES1,240,1
11174,2020550718,"LEGO, JOSELITO FORMENTO",RES1,240,1
11175,2020550749,"AZORES, AMELITA SALVACION",RES1,240,1
11176,2020550757,"CAYAMO, ROLANDO LIMOSNERO",RES3,240,1
11177,2020550785,"OBALAN, SOFRONIO JR. AMARILLE",RES1,240,1
11178,2020550794,"LURICA, MARILENA ORIOL",RES1,240,1
11179,2020550809,"LENZO, RALPH",RES1,240,1
11180,2020550821,"GARIANDO, RANDY O./ JOANA",RES2,240,1
11181,2020550629,"SABILLO, MARIA HAZEL JACOL",RES2,240,1
11182,2020550635,"SORIANO, RAYNILDA ORIOL",RES1,240,1
11183,2020550659,"CAUBALEJO, RACHEL PAMANIAN",RES2,240,1
11184,2020550688,"ARGUELLES, ARNEL AGUILAY",RES4,240,1
11185,2020550711,"LEROM, DARRYL LLANETA",RES3,240,1
11186,2020550600,"PERNIS, KRISTEL",RES2,240,1
11187,2020550581,"REDOÑA, JOSE JR. LIMPIADO",RES1,240,1
11188,2020550604,"AGUILOS, BUTCH DECENA",RES1,240,1
11189,2020550637,"CORDEL, JADE CAMPOSANO",RES2,240,1
11190,2020550649,"AGUILOS, TRINA PILAPIL",RES2,240,1
11191,2020550651,"INDITA, CRESENCIO DAUPLO",RES2,240,1
11192,2020550678,"SORIANO, MARIO JR. DIONZON",RES1,240,1
11193,2020550727,"BALAIS, BEVERLY",RES1,240,1
11194,2020550739,"CANGAS, ELENA ROCHA",RES1,240,1
11195,2020550747,"CANDAZA, MARIA CHELO ORDOÑA",RES1,240,1
11196,2020550750,"HERNANDEZ, CHERLY TANO",RES2,240,1
11197,2020550752,"ARRIBE, EFREN MACALINAO",RES1,240,1
11198,2020550775,"LUCELO, LORNA FALGUERA",RES1,240,1
11199,2020550791,"ROYO, EMERITA DONZAL",RES2,240,1
11200,2020550798,"TAFALLA, CLARITA L.",RES1,240,1
11201,2020550800,"SILVA, EDNA A./ ROMMEL",RES1,240,1
11202,2020550815,"GRAMA, JOSEPHINE JARDIN",RES1,240,1
11203,2020550816,"QUIDLAT, ANGELINA PARENA",RES1,240,1
11204,2020550585,"BOLIVAR, JONALEE DIGMAN",RES2,240,1
11205,2020550588,"GAJARDO, JOHANA TESS",RES1,240,1
11206,2020550732,"CADIENTE, DANILO URMENETA",RES1,240,1
11207,2020550746,"SIAPO, MARK JUN MANGOHOM",RES4,240,1
11208,2020550612,"CANABE, JESSA QUERRER",RES1,240,1
11209,2020550626,"DAGALEA, GIL LLENA",RES2,240,1
11210,2020550631,"SOLATORIO, ROQUE BUGAL",RES2,240,1
11211,2020550656,"PERUDA, RACHEL RAÑIN",RES1,240,1
11212,2020550664,"ARPON, ROSTOM CAESAR CRUTO",RES1,240,1
11213,2020550670,"BICAR, EDITA FLORES",RES1,240,1
11214,2020550680,"PADILLOS, GINALYN ORIOQUE",RES1,240,1
11215,2020550693,"MAKABENTA, CATHYLYN OYZON",RES1,240,1
11216,2020550701,"CONTE, BERNARDITO CAÑAS",RES1,240,1
11217,2020550704,"APOSTOL, EDVEN G./ LIZA",RES1,240,1
11218,2020550708,"ORIOQUE, JOSEPHINE",RES2,240,1
11219,2020550723,"RONDINA, RAYMOND GABON",RES2,240,1
11220,2020550726,"DIGMAN, ANTONIO JR SOLIDOR",RES1,240,1
11221,2020550730,"BALAIS, ANALYN MAKABENTA",RES2,240,1
11222,2020550848,"CLARIN, ANARISA SILVA",RES2,240,1
11223,2020550613,"MACALALAG, CESAR IMUS",RES2,240,1
11224,2020550621,"SIBAY, JENNIFER ANGELO",RES1,240,1
11225,2020550639,"ATIBULA, MA. FE RABACIO",RES1,240,1
11226,2020550641,"MIA, EVELYN MAKABENTA",RES1,240,1
11227,2020550660,"JACABAN, JELYN NALDA",RES1,240,1
11228,2020550720,"PORRAL, ROSARIO CAÑONERO",RES1,240,1
11229,2020550722,"UMPACAN, ERIC GUYA",RES1,240,1
11230,2020550737,"LLAVORE, SUSAN CORDETA",RES1,240,1
11231,2020550740,"RACAL, EDWIN JR. ARCE",RES1,240,1
11232,2020550742,"ORIOQUE, CECILIA NALDA",RES3,240,1
11233,2020550753,"LLAMES, ROSEMARIE SALVACION",RES1,240,1
11234,2020550756,"QUEBEC, RONALDO L./MARIBEL",RES1,240,1
11235,2020550803,"PANIM, RYAN NICANOR",RES1,240,1
11236,2020550807,"DAVID, ALLAN ENCINAS",RES3,240,1
11237,2020550828,"BORRICO, LILIBETH CASARICO",RES1,240,1
11238,2020550831,"LIANZA, SHEINA ROSE A.",RES2,240,1
11239,2020550571,"OBANA, PRINCESS TABILI",RES1,240,1
11240,2020550075,"MANICANI, MARIDEL C.",RES1,240,1
11241,2020550627,"RETORBAR, EDITA MAKABENTA",RES1,240,1
11242,2020550632,"PENESA, CROMWELL RAÑIN",RES1,240,1
11243,2020550645,"CAUBALEJO, MONINA CAHIMAT",RES2,240,1
11244,2020550647,"ABAINZA, VILMA MALDECIR",RES1,240,1
11245,2020550668,"MACALALAG, RICARDO IMUS",RES1,240,1
11246,2020550676,"DRILON, RICO VILLONES",RES1,240,1
11247,2020550686,"SALVACION, SHERWIN DONAL",RES1,240,1
11248,2020550694,"BALENDO, BERNADETTE CANASTA",RES2,240,1
11249,2020550729,"DACALLOS, EVELYN PETILOS",RES1,240,1
11250,2020550765,"BACATAN, FRANCISCO JR. DELA CRUZ",RES1,240,1
11251,2020550773,"NIVERA, ARLENE DELA PEÑA",RES1,240,1
11252,2020550776,"OQUIAS, DIONESIO LUMBAT",RES2,240,1
11253,2020550783,"CAPALAR, EMERITA SALVACION",RES1,240,1
11254,2020550804,"CANDARE, EDITHA SALVACION",RES1,240,1
11255,2020550813,"VARONA, JOVENIO BARRANTES",RES1,240,1
11256,2020550817,"JARDIN, ARLYN BAYANI",RES1,240,1
11257,2020550573,"BASBAS, LEIZEL VARGAS",RES1,240,1
11258,2020550597,"PICARDAL, ROMEO GRABADOR",RES4,240,1
11259,2020550249,"GORDOVE, JOENAR SIAPO",RES1,240,1
11260,2020550666,"CARVA, MARIEL",RES1,240,1
11261,2020550671,"CANGAS, JEFFREY BERNAL",RES1,240,1
11262,2020550759,"FLORES, PABLO CAUBALEJO",RES1,240,1
11263,2020550770,"BINGHOY, VIRGIE LORETO",RES1,240,1
11264,2020550772,"IRLANDEZ, ROMEO CERA",RES1,240,1
11265,2020550786,"DELA TORRE, EVELYN FORSUELO",RES1,240,1
11266,2020550802,"FALGUERA, EDGAR BACATAN",RES3,240,1
11267,2020550810,"VILLANUEVA, ELVIRA OPEÑA",RES1,240,1
11268,2020550574,"NAAGAS, REYNALISA GRESOLA",RES4,240,1
11269,2020550583,"MENDOZA, MORRIS A.",RES1,240,1
11270,2020550584,"NIVERA, DANILO GERALDO",RES1,240,1
11271,2020550595,"JAVINES, MERYL CHAN",RES1,240,1
11272,2020550598,"AZCARRAGA, GORGONIA LLENA",RES1,240,1
11273,2020550614,"CAPABLANCA, MOLENA YBAÑEZ",RES1,240,1
11274,2020550622,"OYZON, FELIPE ALINDAO",RES1,240,1
11275,2020550625,"RAMIREZ, JENNIFER BACTOL",RES1,240,1
11276,2020550633,"NIVERA, MARITA BUSTILLO",RES1,240,1
11277,2020550642,"DESQUITADO, JESICA NIMER",RES1,240,1
11278,2020550655,"BARDELOSA, MA. CRISTINA BABIERA",RES1,240,1
11279,2020550657,"AGNOTE, JOAN",RES1,240,1
11280,2020550653,"BADINAS, VIVIANA MATAYOM",RES1,240,1
11281,2020550661,"CABALLES, KHAYSIE MAE UMBAL",RES1,240,1
11282,2020550689,"TABADA, JENELYN JOY CABALLES",RES1,240,1
11283,2020550731,"FLORES, MATEA DAVOCOL",RES1,240,1
11284,2020550734,"REBATO, ROWENA PECENIO",RES1,240,1
11285,2020550760,"MACABABAT, JOEL D./ MERCEDITA",RES1,240,1
11286,2020550762,"INALISAN, ALEJANDRA BACTOL",RES3,240,1
11287,2020550787,"MONTALBAN, ALDER BALBOA",RES1,240,1
11288,2020550579,"GONZAGA, AILEEN LIGUTAN",RES1,240,1
11289,2020550589,"BACARISAS, TITO NAAGAS",RES1,240,1
11290,2020550591,"CAPRANCA, AMY PEROSA",RES1,240,1
11291,2020550606,"MAKABENTA, MARY JANE SOLAR",RES2,240,1
11292,2020550845,"ARPON, ROBERTO DADOLLA",RES2,240,1
11293,2020550846,"LLANETA, REYNALDO/ GENEROSA",RES1,240,1
11294,2020550825,"ARPON, ALLAN D./ VERONICA",RES1,240,1
11295,2020550833,"DAGANASOL, MARY RUTH GONZALES",RES1,240,1
11296,2020550608,"ARINTOC, TERESITA AGON",RES1,240,1
11297,2020550610,"QUIRAO, MINERVA C./ JONATHAN",RES3,240,1
11298,2020550623,"TAGPIS, JUDITH DALOMIAS",RES1,240,1
11299,2020550643,"LAGERA, AMADOR BRUN",RES2,240,1
11300,2020550652,"ANTOC, EVELYN ESPARCIA",RES1,240,1
11301,2020550679,"BARDELOSA, MARILOU CARMEN",RES1,240,1
11302,2020550681,"MABINI, AIZA DACURO",RES1,240,1
11303,2020550690,"MIA, ULPIANO JR MAKABENTA",RES1,240,1
11304,2020550705,"VILLASIN, ARNEL T./ THELMA",RES1,240,1
11305,2020550836,"BUENDIA, MILAGROS IBATAN",RES1,240,1
11306,2020550738,"GADON, BIANCA MARIE AGUILOS",RES1,240,1
11307,2020550763,"MEJARES, WENDY LAWAAN",RES3,240,1
11308,2020550766,"COTONER, ANTONIO JR. BELETA",RES2,240,1
11309,2020550777,"NEGADO, MELISA SENILLA",RES1,240,1
11310,2020550780,"TADEFA, BERNADITO VICENTE",RES1,240,1
11311,2020550782,"JAVINES, ROSE ANN SERAD",RES2,240,1
11312,2020550819,"BRIER, BERNA A.",RES1,240,1
11313,2020550835,"TADEFA, CRYSTAL ORTULA",RES1,240,1
11314,2020560130,"ESPANTO, MA. ELENA SEBLANTE",RES1,240,1
11315,2020560133,"MANLOY,BRGY. HALL/ST. LIGHTS (LOWER)",PB,240,1
11316,2020560132,"SAMORANOS, TARCELITA PANIM (2)",RES2,240,1
11317,2020560129,"BAGUIO, AZUCENA PANIM",RES1,240,1
11318,2020570106,"COLERAN, FERNANDO DE PAZ",RES1,240,1
11319,2020570133,"INSIGNE, MARILOU PEÑARANDA",RES1,240,1
11320,2020570155,"ROTAIRO, VALERIE RAMIREZ",RES1,240,1
11321,2020570001,"YOUNG, HENRY R.",RES1,240,1
11322,2020570085,"ARAÑO, DARYL IBAÑEZ",RES1,240,1
11323,2020570123,"BARDELOSA, NORBERTA",RES1,240,1
11324,2020570124,"GARIANDO, IAN CAESAR",RES1,240,1
11325,2020570130,"ROSALES, ROMEO GRABADOR",RES1,240,1
11326,2020570143,"QUIDLAT, LIDA MONTALLANA",RES1,240,1
11327,2020570154,"MORELES, ANGELO RONDINA",RES1,240,1
11328,2020570016,"GARRATA, ROLANDO RONDINA",RES1,240,1
11329,2020570069,"PAMANIAN, REYNALDO JAVINES",RES1,240,1
11330,2020570134,"SALVACION, EMMA JURILLA",RES3,240,1
11331,2020570145,"BESING, FERNANDO URMENETA",RES1,240,1
11332,2020570161,"GABON, CESAR ARBOSO",RES1,240,1
11333,2020570162,"LABORES, ROSALINA CERERA",RES1,240,1
11334,2020570168,"GOLEZ, MACARIO DAGANASOL",RES1,240,1
11335,2020570047,"CODERA, ARTURO JR. ENGRESO",RES1,240,1
11336,2020570053,"RATAIRO, MARIA LUISA VELARDE",RES2,240,1
11337,2020570070,"MODAR, ALLAN LAVILLA",RES1,240,1
11338,2020570081,"SANGRANO, EMMA M",RES3,240,1
11339,2020570096,"GOLES, MACARIO JR. ROYO",RES1,240,1
11340,2020570135,"ORTULA, ALBERT MAKABENTA",RES1,240,1
11341,2020570166,"BRIER, DOLORES LABARDA",RES4,240,1
11342,2020570169,"PASCUAL, ALFREDO ARPON",RES1,240,1
11343,2020570171,"CHU, RUSTY SALIPOT",RES1,240,1
11344,2020570150,"VILLALINO, MELJAN CLEMENTE",RES1,240,1
11345,2020570077,"OLEDAN, CHERYL GRATOL",RES1,240,1
11346,2020570107,"DARANTINAO, ANTHONY PACALA",RES2,240,1
11347,2020570140,"CRUZA, ALEX/ MYRLA",RES1,240,1
11348,2020570153,"DELA PEÑA, RODELYN",RES1,240,1
11349,2020570056,"OLEDAN, DIVINA LIGUTAN",RES2,240,1
11350,2020570117,"PROFETANA, NORALYN BENIS",RES1,240,1
11351,2020570165,"CABALLES, PAUL DISTRAJO",RES2,240,1
11352,2020570173,"VILLALINO, RONABEL SALIPOT",RES1,240,1
11353,2020570174,"CANTIVEROS, MARILYN AMANTILLO",RES1,240,1
11354,2020570090,"AYASO, RENE QUEBEC",RES1,240,1
11355,2020570175,"PASCO, NICOMEDES BRIER",RES1,240,1
11356,2020570086,"DE LA PEÑA, GENELYN OLEDAN",RES2,240,1
11357,2020570128,"OQUIAS, MARK RENAN LUMBAT",RES1,240,1
11358,2020570129,"CORPIN, MARGIE LYN LEOVERAS",RES1,240,1
11359,2020570137,"SANGRANO, DOMINGO FLORENDO",RES1,240,1
11360,2020570141,"PIAD, SUSANA LANDRITO",RES1,240,1
11361,2020570148,"BILLONES, RALPH VINCENT COJEDA",RES2,240,1
11362,2020570156,"SALAZAR, VICTORIA CARMEN",RES1,240,1
11363,2020570159,"MIRANDA, RICHARD ORIOQUE",RES1,240,1
11364,2020570097,"MAKABENTA, ENRICA DAANG",RES1,240,1
11365,2020570131,"DE LA CRUZ, MARITES NARIDO",RES1,240,1
11366,2020570138,"LABARDA, ZENAIDA ASPA",RES1,240,1
11367,2020570142,"MACOL, LITO CABUÑOZ",RES1,240,1
11368,2020570146,"CANTIVEROS, ROSEL BACATANO",RES1,240,1
11369,2020570149,"SEVILLA, EMMA VILLAS",RES1,240,1
11370,2020570160,"NICDAO, ALLAN CANDARE",RES1,240,1
11371,2020570054,"JUSTOL, ODESSA",RES1,240,1
11372,2020570164,"RAAGAS, MARGARITA B.",RES1,240,1
11373,2020570170,"BOLITO, RHONA MAE AMISTOSO",RES1,240,1
11374,2020570015,"LAURON, CRISTITA DE ASIS",RES1,240,1
11375,2020570038,"ALOB, JENNIFER MACABENTA",RES2,240,1
11376,2020570105,"ORIOL, REYMUNDO JR. A./ MARICRIS",RES1,240,1
11377,2020570132,"SORIANO, RENATO MORAÑA",RES1,240,1
11378,2020570136,"LIROM, ENRIQUITO ORIOL",RES1,240,1
11379,2020570139,"CABONEGRO, PAULO JR FLORITO",RES2,240,1
11380,2020570066,"MACALINAO, EDGARDO CANONOY",RES1,240,1
11381,2020570115,"MERCADO, LYKA RELOSA",RES1,240,1
11382,2020570127,"ECHEVARRIA, ROMEO SANTOS",RES1,240,1
11383,2020570147,"NARIDO, GERALDINE GOLES",RES3,240,1
11384,2020570151,"ACAR, MELITONA VILLALINO",RES1,240,1
11385,2020570152,"OPLEDA, LANI NAAGAS",RES1,240,1
11386,2020570158,"ABALLAR, MARY ANN DECHOSA",RES1,240,1
11387,2020570050,"SIAPO, MANUEL JR NALDO",RES2,240,1
11388,2020570114,"NARIDO, CARMELA ALINSOB",RES1,240,1
11389,2020570157,"GOLEZ, ANALIZA BRAZIL",RES1,240,1
11390,2020570037,"SIAPO, MARICEL COLIBAO",RES1,240,1
11391,2020570078,"RUÑA, MARIBEL PILANDE",RES1,240,1
11392,2020570178,"CAPABLANCA, JUVY MENDOZA",RES1,240,1
11393,2020570179,"DE PAZ, ERICKA FLORES",RES1,240,1
11394,2020570176,"ROTAIRO, DOMINADOR RAMIREZ",RES1,240,1
11395,2020720645,EASTERN VISAYAS STATE UNIVERSITY,INDL3,240,1
11396,3030120483,"CABELLO, LETECIA ACLAG",RES1,240,1
11397,3030120440,"DIOLA, MARINA L.",RES1,240,1
11398,3030120482,"ARPON, LUCIA JANE LABARDA",RES1,240,1
11399,3030340217,"CALIPES, EMMANUEL B.",RES1,240,1
11400,3030340215,"TONOLETE, IMELDA PABRO",RES2,240,1
11401,3030340216,"AVILA, LIEZELYN BAS",RES1,240,1
11402,3030340218,"ALBONIDA, RESHIL PACIS",RES1,240,1
11403,5050012251,"LAUSIN, AURELIA CASTIN",RES1,240,1
11404,5050012250,"DONDOY, ROSARIO BALDONADO",RES1,240,1
11405,5050012244,"CUESTA, MA. FE C.",RES1,240,1
11406,5050012247,"DELGADO, MARIA LIZA ABONALES",RES2,240,1
11407,5050012245,"SULLA, JENNY ENGCONG",RES1,240,1
11408,5050031457,"BARDELOSA, FE SALIPOT",RES1,240,1
11409,5050031460,"COTONER, ANGELICA BALAIS",RES1,240,1
11410,5050031454,"CANOY, DIANA INDINA",RES1,240,1
11411,5050031455,"BALDONADO, JENNIFER COTONER",RES1,240,1
11412,5050031459,"BASAS, LINDA SIDLAP",RES1,240,1
11413,5050031458,"TIMBAL, TEOFILA MACATO",RES1,240,1
11414,5050041752,"AGCAOILI, RONADEL ILAYA",RES1,240,1
11415,5050040167,"BRGY.STAGE C/O SALVACION,MARIANITA",PB,240,1
11416,5050041751,"ZABALLERO, JOENEL OBALAN",RES1,240,1
11417,5050040991,"SOFRANES, ALMA",RES1,240,1
11418,5050060100,"QUINTANA, SAMUEL JR.",RES2,240,1
11419,5050060291,"BELTRAN, CARMELITA ESTOQUE",RES1,240,1
11420,5050070105,"LAGADAY, JUANITO D.",RES1,240,1
11421,5050080174,"CABIYA-AN, GREGORIO",RES1,240,1
11422,5050080173,"BACTOL, EDGAR",RES1,240,1
11423,5050080172,"CABIYA-AN, DIONESIO",RES1,240,1
11424,2020012368,"BACONG, JUAN LABARDA",RES3,240,1
11425,2020012348,"INABANGAN, FERNANDO ALMOCERA",COM1,240,1
11426,2020012366,"CAÑAMALES, CORAZON AGUT",RES1,240,1
11427,2020012367,"CABORNIDA, GLENDA TALACAY",RES2,240,1
11428,2020012365,"RECILLA, AMIE FALLORE",RES1,240,1
11429,2020010855,"NADALA, FE",RES1,240,1
11430,2020010225,"CADA, TEODOSIO",RES1,240,1
11431,2020020885,"DARANTINAO, ANTONIO",RES1,240,1
11432,2020021692,"CANUDA, ANGELINA GARCIA",RES4,240,1
11433,2020021691,"NUÑEZ, ROLANDO JR CLORES",RES1,240,1
11434,2020032022,"LAUDE, MELCHOR GONZALES",RES1,240,1
11435,2020032021,"DELOTAVO, MARIO",RES3,240,1
11436,2020030360,SEVENTH DAY ADVENTIST,RES1,240,1
11437,2020041674,"CARIGARA, DELIN JAO COMMERCIAL",COM3,240,1
11438,2020041676,"CARIGARA, HMM SHOE BOX MARKETING",COM1,240,1
11439,2020041677,"CRISOSTOMO, HONEYWELL NEGADO",COM3,240,1
11440,2020050487,"WONG, GEORGE",COM1,240,1
11441,2020050940,"RAAGAS, ALEJANDRO",RES2,240,1
11442,2020050355,"SALAHUDIN, SUSAN L. UNIT#1",COM3,240,1
11443,2020051979,"CARIGARA, EVISCA TRANSCO",COM1,240,1
11444,2020051978,"IRLANDEZ, NERISSA BALDOS",COM1,240,1
11445,2020051977,"ENALISAN, EVELYN COMBINIDO",RES1,240,1
11446,2020062102,"FAUSTINO, GYLE TONOLETE",COM1,240,1
11447,2020071519,"SANTOS, MARIA DAISY MONTESCALROS",COM1,240,1
11448,2020071511,"SANTOS, MARIA DAISY MONTESCLAROS",COM1,240,1
11449,2020071512,"SANTOS, MARIA DAISY MONTESCLAROS",COM1,240,1
11450,2020071518,"SANTOS, MARIA DAISY MONTESCALROS",COM1,240,1
11451,2020071517,"SANTOS, MARIA DAISY MONTESCLAROS",COM1,240,1
11452,2020071516,"SANTOS, MARIA DAISY MONTESCLAROS",COM1,240,1
11453,2020071510,"SANTOS, MARIA DAISY MONTESCLAROS",COM1,240,1
11454,2020071513,"SANTOS, MARIA DAISY MONTESCLAROS",COM1,240,1
11455,2020071515,"SANTOS, MARIA DAISY MONTESCLAROS",COM1,240,1
11456,2020071514,"SANTOS, MARIA DAISY MONTESCLAROS",COM1,240,1
11457,2020081408,"LAGERA, MARCO ADRIAN RUBIS",RES1,240,1
11458,2020091618,"TUAZON, REY GERALDO",RES1,240,1
11459,2020091345,"NAVORA, ANNALIZA M.",RES1,240,1
11460,2020091614,"JULI, LUIS SORIANO",RES3,240,1
11461,2020091152,"CORPIN, JUANITO",RES1,240,1
11462,2020091615,"POTOLIN, MARK EVAN B.",RES2,240,1
11463,2020091616,"RUÑA, ROEL DELIMA",RES1,240,1
11464,2020101092,"MALATE, ABEGAIL DE LA RAMA",RES2,240,1
11465,2020110500,"CANABE, GEORGE",RES4,240,1
11466,2020111158,"ESPOS, MILYN PASADAS",RES1,240,1
11467,2020121742,"GARCIA, DIOSDADO ASOY",RES1,240,1
11468,2020121749,"PASCUAL, REYNALDO AYUSTE",RES1,240,1
11469,2020121753,"DIPA, BOGGS RYAN TANCINCO",RES1,240,1
11470,2020121743,"TADEFA, FRAY ANN JOYCE MARTINEZ",RES1,240,1
11471,2020121754,"SICADSICAD, ERIKA CONTE",RES1,240,1
11472,2020120041,"ALOLO, IRENE",RES4,240,1
11473,2020121624,"DY, DARYL CHU",RES1,240,1
11474,2020121744,"BACATAN, ALVIN OLEDAN",RES1,240,1
11475,2020120101,"MODESTO, MILDRED CONTAPAY",RES4,240,1
11476,2020121751,"DACOYCOY, MENCHIE BUSTILLO",RES1,240,1
11477,2020121741,"ACERDEN, DINDO BABIANO",RES1,240,1
11478,2020121748,"RENDORA, CATHERINE GOLEZ",RES2,240,1
11479,2020121750,"QUITALIG, ROMY COLIBAO",RES1,240,1
11480,2020121756,"LLOSE, JAYBIE ORDOÑA",COM1,240,1
11481,2020121746,"BACATAN, NOEL DAYLO",RES1,240,1
11482,2020121745,"BACATAN, MARIALYN LUCELO",RES1,240,1
11483,2020121747,"SABILLO, GLENN L.",RES1,240,1
11484,2020140425,"OPENA, ALFREDO",RES3,240,1
11485,2020141963,"DAGANASOL, ANNETTE DIGMAN",RES1,240,1
11486,2020140046,"CASTILLO, JOVITO",RES1,240,1
11487,2020141964,"PEÑAFLOR, MENCHIE ARGUELLES",RES2,240,1
11488,2020140295,"DACOYCOY, FRANCISCO",RES1,240,1
11489,2020140340,"FALGUERA,  CONCHITA",RES2,240,1
11490,2020141572,"NARIDO, PRECILA",RES1,240,1
11491,2020140280,"TAFALLA, MARIETTA",RES1,240,1
11492,2020151231,"DAUPLO, CYRIL TONDO",RES1,240,1
11493,2020151234,"LOVEDIORO, MA. LORNA URMENITA",RES1,240,1
11494,2020150841,"SEMBRANO, RAFAEL",RES2,240,1
11495,2020151230,"PLATILLA, ROGELIO FLORENDO",RES1,240,1
11496,2020151232,"CABALLES, JEAN PRECIA",RES1,240,1
11497,2020151235,"YULO, LUZ DAGALEA",RES4,240,1
11498,2020151233,"RAAGAS, RACHEL RANCE",RES1,240,1
11499,2020161596,"ARBOLEDA, TERESITA RENDORA",RES1,240,1
11500,2020161599,"PERUDA, MELYN AZORES",RES2,240,1
11501,2020161595,"LIANZA, ROMEL URMENETA",RES1,240,1
11502,2020161604,"DIMASILAN, IMELDA ZUELA",RES1,240,1
11503,2020161597,"NITURA, PATRICIA PLATILLA",RES1,240,1
11504,2020161602,"PANER, ARWIN AGUNOS",RES1,240,1
11505,2020161601,"PANER, LARRY LABORTE",RES1,240,1
11506,2020161598,"QUINAGUTAN, JENNY RANCE",RES1,240,1
11507,2020161600,"ROCHA, FELOMINA SALVACION",RES1,240,1
11508,2020170416,"SABILLO, ELIZABETH",RES1,240,1
11509,2020171595,"VERGARA, JEROME WAEL",RES1,240,1
11510,2020171600,"ENGRESO, JOHN PAULO",RES2,240,1
11511,2020171598,"LAWAAN, ALBERTO",RES1,240,1
11512,2020171596,"LEGO, RYAN BARBOSA",RES1,240,1
11513,2020170257,"NEDROSA, LEONORA",RES2,240,1
11514,2020171597,"BARDELOSA, OSCAR PETALLANA",RES2,240,1
11515,2020171599,"MANDOCDOC, ELAIN QUIDLAT",RES1,240,1
11516,2020170473,"SININING, DIOSDADO GARIN",RES2,240,1
11517,2020180719,"OBANIL, RAQUEL MACALALAG",RES1,240,1
11518,2020180718,"LIGUTAN, ANA PUGATA",RES1,240,1
11519,2020191121,"IRLANDEZ, MA. MENCHIE INOSANTE",RES1,240,1
11520,2020190870,"IBATAN, FELIZA",RES1,240,1
11521,2020200555,"ROYO, AGNES ABBIE A./RENER",RES2,240,1
11522,2020201177,"CODERA, JOANA",RES1,240,1
11523,2020201184,"MACALINAO, THELMA INDITA",RES2,240,1
11524,2020201182,"GALANZA, DANILO BOÑOLA",RES1,240,1
11525,2020201183,"PERNIS, BONIFACIO ILAD",RES2,240,1
11526,2020201179,"ADRALES, ALEX BASALLAJE",RES1,240,1
11527,2020201176,"JURILLA, LIZA PASQUIN",RES1,240,1
11528,2020201000,"FALGUERA, CARLO P.",RES1,240,1
11529,2020200220,"CANDARE, LAURO",RES1,240,1
11530,2020201178,"LEGO, CHRISTIAN AGBAY",RES2,240,1
11531,2020201181,"LLANETA, MARY GRACE SANTERO",RES1,240,1
11532,2020210170,"TICA, FELIX",RES2,240,1
11533,2020210357,"GASPAY, VICTOR EMMANUEL II AYUSTE",RES1,240,1
11534,2020210364,"TICA, ALEMAR SULLA",RES1,240,1
11535,2020241681,"OPIANA, SEBASTIANA TILAN",RES1,240,1
11536,2020240840,"PAMANIAN, FRANCISCO - ESF",RES1,240,1
11537,2020250371,"TADEFA, RITA OLEDAN",RES1,240,1
11538,2020250372,"LAURO, AGNES NALDA",RES1,240,1
11539,2020270476,"MISON, NARDO TADEFA",RES1,240,1
11540,2020270475,"BACTOL, VERGENCITA SAG-OD",RES1,240,1
11541,2020270477,"GRAMA, MARY JOY DOLLETE",RES1,240,1
11542,2020270478,"CORBE, ROCHELLE INDINA",RES1,240,1
11543,2020290135,"QUIMNO, ROSITA I.",RES1,240,1
11544,2020300259,"NONO, VICTORIANO",RES1,240,1
11545,2020310574,"LAGERA, RAMMEL BRAZIL",RES1,240,1
11546,2020310575,"CANDASUA, WENCESLAO DAANG",RES1,240,1
11547,2020340730,"SALVACION, ROMEO BRIER",RES1,240,1
11548,2020340728,"FLORENDO, ESTELITA TEAÑO",RES1,240,1
11549,2020340733,"QUIDLAT, LORENA SANDAGAN",RES1,240,1
11550,2020340732,"LUCIANO, ROWENA MAURILLO",RES2,240,1
11551,2020340731,"INAGAN, YOLANDO BOHOL",RES1,240,1
11552,2020390260,"DOLLETE, ERLINDA T.",RES1,240,1
11553,2020400573,"CANDASUA, VILMA PARABOLES",RES1,240,1
11554,2020410699,"BRILATA, SHIRLEY OGNILLA",RES2,240,1
11555,2020410697,"QUINAGUTAN, EDMOND URMENETA",RES1,240,1
11556,2020410700,"BRIER, ROLAND VALOTE",RES1,240,1
11557,2020410698,"INAGAN, NIEVAL BURGUILLOS",RES2,240,1
11558,2020430160,"DOMINGO, ARMIDA DETILOS",RES1,240,1
11559,2020450436,"RAÑIN, JUNEL BRUN",RES1,240,1
11560,2020450435,"IMUS, RANDY YACAP",RES1,240,1
11561,2020450434,"JURILLA, NORMA IMUS",RES2,240,1
11562,2020460653,"PRECIA, FELIX JR LUCENA",RES2,240,1
11563,2020470232,"YACAP, ARCHIE SERICON",RES1,240,1
11564,2020470231,"FAMI, TERESA DAGUMAN",RES1,240,1
11565,2020480397,"BACTOL, BASILIA UMPACAN",RES1,240,1
11566,2020480396,"INDITA, MARICRIS FLORENDO",RES3,240,1
11567,2020480398,"OSMEÑA, NIDA RAÑIN",RES1,240,1
11568,2020480395,"ERIA, ELENO INDITA",RES1,240,1
11569,2020510018,"CANEGA, NENITA",RES3,240,1
11570,2020510020,"NARIDO, TARCELITA N.",RES2,240,1
11571,2020510022,"DAANG, NORMA C.",RES1,240,1
11572,2020510019,"NARIDO, PORFERIO",RES1,240,1
11573,2020510021,"BUTUYAN, JENNYLYN NARIDO",RES1,240,1
11574,2020510023,"SAGKAHAN, BRGY. HALL",PB,240,1
11575,2020550967,"DACARA, ERLINDA BRIMON",RES1,240,1
11576,2020550973,"CASALE, ROWENA IGCASAN",RES1,240,1
11577,2020550983,"LIROM, MATILDE BUSTILLO",RES3,240,1
11578,2020550996,"SALVACION, ALEJANDRO TADEFA",RES1,240,1
11579,2020551024,"VELASCO, MARILOU C",RES1,240,1
11580,2020551026,"BRIER, ROLANDO OLEDAN",RES1,240,1
11581,2020551051,"HOMEREZ, VILMA BAGARES",RES1,240,1
11582,2020551061,"SABIDO, JOSEPHINE E.",RES1,240,1
11583,2020551094,"BASIERTO, ANITA TUALLA",RES1,240,1
11584,2020550862,"CALING, ILDEFONSO CATADA",RES3,240,1
11585,2020550864,"BARDELOSA, ROSEMARIE MENGULLO",RES2,240,1
11586,2020550893,"LLOVIA, MARIBETH MIRANDA",RES1,240,1
11587,2020550916,"MAKABENTA, ARNOLFO PAMANIAN",RES1,240,1
11588,2020550960,"NAAGAS, LOUIE MARIQUIT",RES1,240,1
11589,2020550977,"LIPORADA, PERLITA SALEM",RES1,240,1
11590,2020550987,"SUPERABLE, SONNY BOY",RES2,240,1
11591,2020551025,"FLORES, MYRA RAGSAG",RES1,240,1
11592,2020551031,"BENSI, DAVE POLICEANO",RES1,240,1
11593,2020551042,"UMPACAN, ELSIE L.",RES3,240,1
11594,2020550858,"BACATAN, VIOLETA S./ ROMEO",RES1,240,1
11595,2020550882,"DACARA, DEXTER A.",RES1,240,1
11596,2020550896,"REQUINTO, ROGELIO CASERO",RES1,240,1
11597,2020550904,"PONSOY, JEFFREY CABAÑAS",RES1,240,1
11598,2020551049,"MALPOC, MARICOR JUNTILLA",RES1,240,1
11599,2020551050,"CALLOSA, ALDIN TIOZON",RES1,240,1
11600,2020551073,"VILLACOTE, VILMA CAONES",RES1,240,1
11601,2020550869,"CLARIN, ARNEL SILVA",RES1,240,1
11602,2020550872,"PALCONIT, MARIA CHRISTINA LARIOSA",RES1,240,1
11603,2020550874,"DU, CELITA/ MERLITO",RES1,240,1
11604,2020550884,"TADEFA, JUAN DADULLA",RES1,240,1
11605,2020550895,"NAVORA, NORA NAVILGAS",RES2,240,1
11606,2020550912,"GUMOLON, CRISANTO PARMIS",RES1,240,1
11607,2020550921,"PERUDA, GERRY PAUL BALDOMAR",RES1,240,1
11608,2020551019,"DAPITON, DENNIS JR L",RES1,240,1
11609,2020551030,"SALVACION, CESAR LLOSE",RES2,240,1
11610,2020551044,"CAÑEGA, LORYNN CAPALAR",RES1,240,1
11611,2020551046,"SEVILLA, RAMIL SAVERET",RES1,240,1
11612,2020551057,"DE LOS SANTOS, NELIA AMELANO",RES1,240,1
11613,2020551067,"BATOTO, FELICISIMA CABELIN",RES1,240,1
11614,2020551089,"NICOL, FE QUINAGUTAN",RES1,240,1
11615,2020550951,"SARCILLA, ALMERA FLORES",RES1,240,1
11616,2020550955,"ALECHA, RAMIR AMISTOSO",RES2,240,1
11617,2020550958,"TADEFA, SHERRYL ETONG",RES2,240,1
11618,2020550970,"PASCUAL, ARCHIE ARPON",RES1,240,1
11619,2020550980,"LIROM, NENITA JAVINES",RES1,240,1
11620,2020551002,"BACTOL, NILO OBANIL",RES1,240,1
11621,2020551006,"LAURON, ALEJANDRO NARBONITA",RES2,240,1
11622,2020551012,"ACERDEN, NOVIE TOTANES",RES1,240,1
11623,2020551016,"PERUDA, ARMANDO REBUCAN",RES1,240,1
11624,2020551037,"SABIDO, ENRICO ORIOL",RES1,240,1
11625,2020551045,"JOSECO, MELINDA SALCEDA",RES1,240,1
11626,2020551068,"JAVINES, DANTE WALOHAN",RES1,240,1
11627,2020550860,"LAYAGUE, AGAPITO DALOMIAS",RES2,240,1
11628,2020550889,"BACTOL, MA. TERESA P./ FLORENTINO",RES1,240,1
11629,2020550906,"SALVACION, SHERLIE BALDONADO",RES2,240,1
11630,2020550925,"ARGUELLES, NELSON MACOL",RES3,240,1
11631,2020550928,"RICARDER, ROGER FAMI",RES1,240,1
11632,2020550929,"VILLONES, REYNALDO BRUN",RES1,240,1
11633,2020550941,"CANABE, MAXIMA TAÑEGA",RES1,240,1
11634,2020550945,"INDITA, SANDY",RES1,240,1
11635,2020550948,"CABASE, EMISAR NOVILLA",RES1,240,1
11636,2020550959,"CHATO, JORGE CHRISTOPHER R",RES1,240,1
11637,2020550964,"BALENDO, VANESSA HIGUM",RES1,240,1
11638,2020550992,"NAVORA, RENATO JR.NAVILGAS",RES1,240,1
11639,2020551004,"BACAY, RAUL M.",RES2,240,1
11640,2020551014,"ACERDEN, GERARDO FALGUERA",RES1,240,1
11641,2020550963,"NAAGAS, DAVY BENIS",RES3,240,1
11642,2020550975,"REBUCAN, MYRNA ZATA",RES2,240,1
11643,2020550978,"ACEBO, EDILBERTO",RES1,240,1
11644,2020550979,"CALANDRIA, ETHEL DANDAN",RES3,240,1
11645,2020550989,"NALDA, REMEDIOS AGUILLON",RES1,240,1
11646,2020551022,"QUEBEC, GIL DOLLETE",RES1,240,1
11647,2020551078,"CALANDRIA, NOEL DANDAN",RES1,240,1
11648,2020550851,"JAO, EDISON SEVILLA",RES1,240,1
11649,2020550890,"SABELA, JAPPETH MORADOS",RES1,240,1
11650,2020550897,"PEREZ, JUAN CARLO AGUILON",RES3,240,1
11651,2020550900,"COLUMBRETES, ARIAN BACTOL",RES1,240,1
11652,2020550969,"CANTIVEROS, MARIO AGUIRRE",RES1,240,1
11653,2020550971,"BACTOL, JULITO ADONA",RES1,240,1
11654,2020550981,"DACARA, FELICITAS",RES2,240,1
11655,2020550985,"BANZUELO, ROY C.",RES1,240,1
11656,2020550988,"GUTIERREZ, JOAN ROTAIRO",RES1,240,1
11657,2020550994,"ARGUELLES, RANDY BREGANIA",RES1,240,1
11658,2020551029,"GRAMA, FLORDELIS JOSE",RES1,240,1
11659,2020551077,"JOPKIN, NATHANIEL JR. DAVILLA",RES2,240,1
11660,2020550878,"TERRADO, SALVACION",RES2,240,1
11661,2020550888,"OPEÑA, ELMER C./AGNES",RES1,240,1
11662,2020550899,"ALMANZA, MARDELYN SAAVEDRA",RES1,240,1
11663,2020550907,"PICARDAL, CRISSA RENDORA",RES1,240,1
11664,2020550914,"DELANTAR, MADELYN BRUN",RES2,240,1
11665,2020550932,"NARIDO, AMIE BAUTISTA",RES1,240,1
11666,2020550952,"ZOSA, DEBIE TEÑOSO",RES2,240,1
11667,2020550990,"DALIMOCON, ROLLY NEDUELAN",RES1,240,1
11668,2020551003,"DAGANASOL, JOY DACALLOS",RES3,240,1
11669,2020551013,"BACAY, ROMAN BADIABLE",RES3,240,1
11670,2020551034,"LLANETA, ARMANDO CABALLES",RES1,240,1
11671,2020551036,"SABIDO, ALFRIDO TONION",RES1,240,1
11672,2020550871,"ALVAREZ, JONARD JOSON",RES1,240,1
11673,2020550881,"NICANOR, EMELIE LLANETA",RES1,240,1
11674,2020550892,"LIROM, JENNELYN BACALTOS",RES2,240,1
11675,2020550894,"LIROM, APPLE MAE BUSTILLO",RES1,240,1
11676,2020550909,"ARGUELLES, LEONARDO JR. MACALALAG",RES2,240,1
11677,2020550910,"DACARA, CAROLINA ABELLA",RES1,240,1
11678,2020550936,"JUNTILLA, ALFREDO RETANAL",RES1,240,1
11679,2020551054,"BRAZIL, FLORITA URMENETA",RES1,240,1
11680,2020551056,"ORIOL, JOSE DIAZ",RES1,240,1
11681,2020551065,"CASTILLO, ROGER OROGAN",RES2,240,1
11682,2020551071,"TORREFIEL, ROWENA NARIDO",RES1,240,1
11683,2020551083,"BOYO, CHRISTIAN DOLLETE",RES2,240,1
11684,2020550868,"LENZO, FELOTEA CABALLES",RES1,240,1
11685,2020550903,"IRLANDEZ, ROSEBHEY B.",RES1,240,1
11686,2020550922,"REBUCAN, MATEO ZATA",RES1,240,1
11687,2020550961,"FABILLAR, JESSICA LEONA",RES1,240,1
11688,2020550965,"MACALINAO, RIMA FLORES",RES3,240,1
11689,2020550968,"ORIAN, NALLIE RAGSAG",RES1,240,1
11690,2020551035,"NIVERA, JULIE NARBONITA",RES1,240,1
11691,2020551055,"MEDROSO, EDUARDO OCENADA",RES1,240,1
11692,2020551070,"PERUDA, RIZZILYN BUSTILLO",RES1,240,1
11693,2020550944,"FALGUERA, MARIBETH VISTO",RES1,240,1
11694,2020550972,"NIVERA, LUCIANO JR DECENA",RES2,240,1
11695,2020550995,"AGUILOS, CARLITO RAYA",RES2,240,1
11696,2020550998,"BACAY, FLORENCIO DRILON",RES1,240,1
11697,2020550999,"ORIOL, ANGELITO ARINTOK",RES1,240,1
11698,2020551007,"LLANETA, MAITE SABONG",RES1,240,1
11699,2020551048,"BACAY, ERWIN ORIOL",RES1,240,1
11700,2020551075,"NOMIO, MA. VICTORIA NARIDO",RES1,240,1
11701,2020551087,"ACERDEN, GIMA TADEFA",RES1,240,1
11702,2020551093,"BACARISAS, EMA B.",RES1,240,1
11703,2020550853,"CAPABLANCA, ELIZABETH ARGUELLES",RES3,240,1
11704,2020550857,"BORRICO, MARY JEAN",RES3,240,1
11705,2020550919,"RANCE, NESTOR FALGUERA",RES1,240,1
11706,2020550954,"AGAN, LUISA",RES1,240,1
11707,2020550982,"BACAY, ANGELICA MARQUEZ",RES1,240,1
11708,2020550991,"ABILAR, ANALYN CANABE",RES1,240,1
11709,2020551000,"CANDAZA, RODEL ARUTA",RES1,240,1
11710,2020551010,"SORIMA, RECHAEL ANN PASCUAL",RES2,240,1
11711,2020551011,"ARGUELLES, AURORA AGUILAY",RES1,240,1
11712,2020551047,"CANTIVEROS, KIM GOYA",RES3,240,1
11713,2020551074,"ECHEVARRIA, ARIEL ABORITA",RES3,240,1
11714,2020551076,"SOLAR, JENNIFER BALLEJOS",RES1,240,1
11715,2020551080,"CADIENTE, BARTOLOME DONAIRE",RES3,240,1
11716,2020551081,"GOLES, SOCORRO",RES1,240,1
11717,2020550850,"ALVAREZ, ARZELON KALAW",RES1,240,1
11718,2020550875,"DACLITAN, FELICIDAD NIVERA",RES1,240,1
11719,2020550898,"BUGAL, MAMERTO JR. AGUILON",RES2,240,1
11720,2020550911,"MACARANDAN, MARVIN",RES4,240,1
11721,2020550915,"CASALE, RONICO FLORES",RES2,240,1
11722,2020550918,"ARGUELLES, FLOR DRILON",RES2,240,1
11723,2020550924,"LIROM, ERNESTO ORIOL",RES1,240,1
11724,2020550930,"MACALALAG, ROWENA R.",RES1,240,1
11725,2020550956,"DARANTINAO, DIONISIO BASAS",RES1,240,1
11726,2020550993,"COMORA, HARLEM FALLER",RES1,240,1
11727,2020551008,"RIGA, RIZALITO INOSANTE",RES1,240,1
11728,2020551017,"FELIZARTA, EDWIN O.",RES1,240,1
11729,2020551018,"ACERDEN, RODOLFO FALGUERA",RES1,240,1
11730,2020551062,"FALGUERA, RYAN PERMEJO",RES1,240,1
11731,2020551069,"PRUEL, CRYSTAL ORTULA",RES1,240,1
11732,2020551088,"NARIDO, EMILY ALLEGO",RES1,240,1
11733,2020550861,"MARAMBA, ROMEO SR. G.",RES2,240,1
11734,2020550913,"OBALAN, MA. EMMA TADEFA",RES1,240,1
11735,2020550926,"ACERDEN, RONALD MACALINAO",RES1,240,1
11736,2020550934,"ILAYA, RICHELLE",RES1,240,1
11737,2020550855,"NEDRUDA, ROLY TABAYAN",RES3,240,1
11738,2020550856,"ROTAIRO, DINO ROYO",RES1,240,1
11739,2020550901,"RABACIO, MARY ANN MAKABENTA",RES1,240,1
11740,2020550905,"ARPON, ALVIN MEREDOR",RES2,240,1
11741,2020550908,"LLANETA, JOY ARPON",RES3,240,1
11742,2020550917,"CASERO, JERICHO CASALE",RES1,240,1
11743,2020551066,"PADULLA, JULIE ANN FLORENDO",RES1,240,1
11744,2020550478,"PAMANIAN, BENJAMIN G.",RES1,240,1
11745,2020550946,"ARGUELLES, GLORIA BREGANIA",RES2,240,1
11746,2020550997,"DAVOCOL, ALLAN ABLIHAN",RES1,240,1
11747,2020551032,"DARNAYLA, PHILIP HALLERA",RES1,240,1
11748,2020551039,"OBANIL, MENLY DELA CRUZ",RES1,240,1
11749,2020551043,"BARROSA, DAVID TERANA",RES1,240,1
11750,2020551052,"BADILLO, GERALENE PEDROSA",RES1,240,1
11751,2020551064,"ARGUELLES, JENELYN BREGANIA",RES4,240,1
11752,2020550947,"AGUILAR, LIMAR PAMI",RES1,240,1
11753,2020550950,"SINGSON, JENNIFER M.",RES1,240,1
11754,2020550976,"DELMO, RODOLFO MARIQUIT",RES1,240,1
11755,2020550986,"CAÑEGA, LEDA ARGUELLES",RES2,240,1
11756,2020551079,"SORIMA, RODEL PASCUAL",RES1,240,1
11757,2020550865,"URMENETA, IMELDA DELANTAR",RES1,240,1
11758,2020550866,"INSIGNE, MAY ANN BRIONES",RES1,240,1
11759,2020550873,"SORIANO, ALMA FLORES",RES1,240,1
11760,2020550883,"CLARIN, ARIEL SILVA",RES1,240,1
11761,2020550891,"PRADA, EMMA MOLO",RES3,240,1
11762,2020550920,"ORIAN, RACHEL ANN NOVA",RES1,240,1
11763,2020550933,"ARGUELLES, EVELYN M.",RES3,240,1
11764,2020550962,"AMI, GUYRED GOLEZ",RES1,240,1
11765,2020551001,"DOLLETE, MARLON PADAYAO",RES1,240,1
11766,2020551028,"HERNANDEZ, CONCEPCION TANO",RES1,240,1
11767,2020551040,"ARPON, MARBY CLARIN",RES1,240,1
11768,2020551041,"ALECHA, RHEA AMISTOSO",RES1,240,1
11769,2020551072,"PERUDA, REYNANTE BUSTILLO",RES1,240,1
11770,2020551098,"BARDELOSA, IMELDA SAWA-AN",RES1,240,1
11771,2020550859,"BAYANI, EDUARDO/ LANI",RES1,240,1
11772,2020550876,"SALUDAR, ANTONIO B./ MA. GRACIA",RES1,240,1
11773,2020550885,"INSIGNE, EDRALYN FABI",RES1,240,1
11774,2020550886,"INALISAN, AMELITA PRECIA",RES1,240,1
11775,2020550937,"CERA, JOCELYN P.",RES1,240,1
11776,2020550940,"DELA PEÑA, GLORIA CAÑETE",RES1,240,1
11777,2020550966,"MAKABENTA, LITO LACANARYA",RES1,240,1
11778,2020551020,"ENCINAS, MICHAEL FRUELDA",RES1,240,1
11779,2020551033,"RESQUICIO, MARIA IRENE OPETINA",RES1,240,1
11780,2020551053,"CALAMAYA, ANITA HIGUM",RES1,240,1
11781,2020551090,"DUAVIS, SHEILA BRUN",RES1,240,1
11782,2020550852,"ARGUELLES, MARY ANN INSIGNE",RES1,240,1
11783,2020550854,"CADIENTE, RONNIE URMENETA",RES3,240,1
11784,2020550870,"NOVILLA, CLARENCE JR MENDERA",RES1,240,1
11785,2020550877,"ABAINZA, JOSE DONZAL",RES2,240,1
11786,2020550887,"ROSALES, FELICIDAD MENGUIN",RES1,240,1
11787,2020550902,"DE LOS SANTOS, GENEROSA NIMO",RES1,240,1
11788,2020550927,"AMBOS, AMABEL OBEJERA",RES1,240,1
11789,2020550939,"AGUS, NOLY MISLOS",RES4,240,1
11790,2020550943,"NICANOR, EVA",RES2,240,1
11791,2020550949,"VERZOSA, MARK LESTER",RES1,240,1
11792,2020550953,"INOSANTE, REALYN",RES1,240,1
11793,2020550957,"PLANILLO, LIMUEL JAPAG",RES1,240,1
11794,2020550974,"CAUBALEJO, ALVIN NAVORA",RES1,240,1
11795,2020550984,"BOLONDRO, JECTOFER ETONG",RES1,240,1
11796,2020551005,"DACARA, ERNIE BRIMON",RES1,240,1
11797,2020551015,"ARGUELLES, ROMEO FALGUERA",RES3,240,1
11798,2020551021,"CARBA, CHRISTOPHER ORIOQUE",RES1,240,1
11799,2020551038,"MORAÑA, RACHEL ASOY",RES2,240,1
11800,2020551063,"DACARA, RONEL NALDA",RES1,240,1
11801,2020551085,"RAMIREZ, PEDRO JOMOC",RES1,240,1
11802,2020551091,"LLANETA, HAZEL JANE TORRES",RES1,240,1
11803,2020550863,"SUPREMO, RAUL/ ROSALINDA",RES2,240,1
11804,2020550867,"FLORES, REYNALDO BREGANIA",RES2,240,1
11805,2020550879,"NARVASA, VINCENT BALDOMAR",RES1,240,1
11806,2020550880,"CUMBIS, HANNA MAE FUENTES",RES1,240,1
11807,2020550923,"MAKABENTA, LITA G.",RES2,240,1
11808,2020550931,"HIDALGO, MARIFE ANDALES",RES1,240,1
11809,2020550935,"ARGUELLES, ROSALEA B.",RES2,240,1
11810,2020550938,"ACOL, LYDIA VILLAMOR",RES1,240,1
11811,2020560136,"DUGANG, TERESITA MACALALAG",RES1,240,1
11812,2020560139,"BELONTA, VIRGINIA PALMES",RES1,240,1
11813,2020560091,"PANIM, MARIO D.",RES1,240,1
11814,2020560092,"PANIM, MELODIA A.",RES2,240,1
11815,2020560137,"NERBATO, GEMMA MARIBOJOC",RES1,240,1
11816,2020560069,"DECHOSA, DIOSCORA",RES1,240,1
11817,2020560138,"PANIM, CHIERELL CAÑADA",RES1,240,1
11818,2020560134,"GELIZON, RINA NICANOR",RES1,240,1
11819,2020560135,"DACALLOS, NORMA QUINTAS",RES1,240,1
11820,2020560062,"MISON, AURORA L.",RES3,240,1
11821,2020560070,"CAUBALEJO, LITO VELUNTA",RES1,240,1
11822,2020570126,"PONTILAN, ARSHELL INALISAN",RES1,240,1
11823,2020570163,"DAVOCOL, RIZA QUINAGUTAN",RES1,240,1
11824,2020570180,"YOBIA, RAMIL LABAD",RES1,240,1
11825,2020570183,"RAGANIT, LYDIA DEDIL",RES1,240,1
11826,2020570195,"HIGUM, MARENO I.",RES1,240,1
11827,2020570193,"TENDENILLA, MARIBET CANABE",RES1,240,1
11828,2020570194,"NARIDO, MARK NICHOLS SARABIA",RES1,240,1
11829,2020570182,"BACATANO, SALVACION B.",RES1,240,1
11830,2020570186,"DACARA, GINALYN BACUNAWA",RES1,240,1
11831,2020570189,"NARIDO, REYNALDO OROGAN",RES1,240,1
11832,2020570190,"GARIANDO, LOLITA",RES3,240,1
11833,2020570075,"FLORES, RODELIA L.",RES1,240,1
11834,2020570109,"ELBORE, RAQUEL V.",RES1,240,1
11835,2020570167,"LABORES, JANET CERERA",RES1,240,1
11836,2020570094,"BADUYA, ULDARICO JR BRAZIL",RES1,240,1
11837,2020570187,"RENTAR, RANDY CADIENTE",RES1,240,1
11838,2020570080,"MAPILI, ARIANNE INABANGAN",RES2,240,1
11839,2020570177,"SALAZAR, MILNER DELIMA",RES1,240,1
11840,2020570181,"BACALLA, LOIDA BALDOMAR",RES1,240,1
11841,2020570188,"MAKABENTA, ERIC AMORIN",RES1,240,1
11842,2020570192,"PILANDE, FELIX MENDOZA",RES1,240,1
11843,2020570191,"NIVAL, RETCHIE ORIOL",RES1,240,1
11844,2020570184,"MAKABENTA, DANILO UMPACAN",RES3,240,1
11845,2020720646,LGU CARIGARA (ADDITIONAL LOAD),INDL3,240,1
11846,3030160195,"ANGCHICO, AYSA NARIDO",RES1,240,1
11847,3030340219,"CLEMENTE, RIC ANTHONY MALINAO",COM1,240,1
11848,5050011155,"ARRIBE, JOMAR A",RES1,240,1
11849,5050031396,"DANES, EMELINA R.",RES1,240,1
11850,5050030825,"LAMSIN, MYRNA",RES1,240,1
11851,5050031461,"GLOBO, ROMEO BURANDAY",RES2,240,1
11852,5050031435,"BUGAL, WILBERT C",RES1,240,1
11853,5050031468,"FALGUERA, MA. PAZ GONZAGA",RES1,240,1
11854,5050031464,"CATENZA, MARLON NARRIDO",RES1,240,1
11855,5050031465,"VILLENA, ARCADIO LOMA",RES1,240,1
11856,5050041759,"DAGASDAS, REBECCA OBISCORO",COM1,240,1
11857,5050040145,"BRACA, MARY ANN M./FAUSTINO JR.",RES1,240,1
11858,5050041753,"TADEFA, NORMA OBALAN",RES1,240,1
11859,5050041757,"CUMPA, GREGORIO",RES1,240,1
11860,5050041100,"PAMUNOG, LYDIA",RES1,240,1
11861,5050041721,"ROSAL, AIDELIE GECALI",RES1,240,1
11862,5050041754,"AGUILAR, DARRYL ROBEL",RES2,240,1
11863,5050041758,"BONIFACIO, TEODORA",RES3,240,1
11864,5050060292,"CABIA-AN, JORGE FLORES",RES1,240,1
11865,5050060294,"LIROM, JERBY CASTRO",RES1,240,1
11866,5050060293,"CANDARE, ARNOLFO Q.",RES1,240,1
11867,5050070166,"PEÑAS, MELISA DINOLA",RES1,240,1
11868,3030120484,"GATELA, MARIBEL MORANTE",RES1,240,1
11869,2020551131,"SALINO, JOVEN LIPIO",RES1,240,1
11870,2020551132,"SAVERET, ESTELITA MARQUEZ",RES2,240,1
11871,2020551133,"LUCELO, FREDERIC C.",RES1,240,1
11872,2020551134,"ONG, QUEENSIDAR HALIL",RES1,240,1
11873,2020551135,"BACATAN, GORGONIA OLEDAN",RES1,240,1
11874,2020551136,"BARDELOSA, BELEN SORIANO",RES1,240,1
11875,2020551137,"LLOREN, CHARITA OBANIL",RES1,240,1
11876,2020551138,"RICACHO, RIZALDY BACTOL",RES1,240,1
11877,2020551142,"CABASTA, LITO MIRALLES",RES1,240,1
11878,2020551143,"DONZAL, MARILOU IBAÑEZ",RES2,240,1
11879,2020551186,"FLORENDO, NICALYN ESTRELLA",RES1,240,1
11880,2020551154,"TAGPIS, ROWENA ROCHA",RES1,240,1
11881,2020551155,"DELA PEÑA, PAULO D.",RES2,240,1
11882,2020551156,"BACONG, JASMIN BASALLAJE",RES3,240,1
11883,2020551157,"VILLANUEVA, VICENTE BORROMEO JR.",RES1,240,1
11884,2020551158,"ORIOQUE, GUNDOLINA LUCELO",RES1,240,1
11885,2020551159,"TOMAS, MAYRALIN MARQUEZ",RES3,240,1
11886,2020551160,"PADULLA, OTILIO LLANETA",RES1,240,1
11887,2020551161,"CASIS, TERESITA RAAGAS",RES1,240,1
11888,2020551162,"GARIANDO, ARNEL ROYO",RES1,240,1
11889,2020480399,"BACOLBAS, JOEL",RES1,240,1
11890,2020161606,"MIRALLES, ANALYN  IRLANDEZ",RES1,240,1
11891,2020032025,SAWANG ST. LIGHT C/O CHAIRMAN,PB,240,1
11892,2020551181,"DIGMAN, MARVIN B.",RES1,240,1
11893,2020551182,"TABADA, FE COLIBAO",RES1,240,1
11894,2020551183,"CAÑESO, RODOLFO FASTIDIO JR.",RES1,240,1
11895,2020551184,"SABAY, DIXON DE SAN PEDRO",RES1,240,1
11896,2020551185,"ARGUELLES, LITO GODES",RES1,240,1
11897,2020551166,"PAGUE, JOSEPHINE BASIBAS",RES1,240,1
11898,2020551167,"CUESTA, ROSANNA CABALTERA",RES1,240,1
11899,2020551168,"ALEGADO, NENITA P.",RES3,240,1
11900,2020551175,"PEREGIL, RAYAN OPEÑA",RES1,240,1
11901,2020551163,"NICDAO, EVANGELINE G.",RES1,240,1
11902,2020551164,"FLOTILLA, MICHELLE ANCAJAS",RES2,240,1
11903,2020551165,"CAÑAMAQUE, JENNIFER DELVO",RES1,240,1
11904,2020180720,"RAAGAS, IMELDA DOLLETE",RES1,240,1
11905,5050031470,"CUESTA, AIZA PULGA",RES1,240,1
11906,5050041761,"BORGUETA, EUTEMIO J.",RES1,240,1
11907,2020161607,"CARIDO, ROXANNE DELA PEÑA",RES3,240,1
11908,2020151236,"PALIMA, MA. ESTELA COMETA",RES2,240,1
11909,6060051821,"VERZOSA, CASTOR KEVIN ASTORGA",RES1,240,1
11910,4040011196,"EMAEL, MARIA DIANA VIÑAS",RES1,240,1
11911,2020201186,"GARCIA, LYDIA A.",RES1,240,1
11912,2020071522,"CARIGARA, LGU WAREHOUSE BUILDING",PB,240,1
11913,2020071523,"CARIGARA, LGU TRAINING CENTER",PB,240,1
11914,5050031472,"JIMENEZ, MA. LEOLE SALVACION",RES1,240,1
11915,2020570200,"DAVOCOL, ROBERT LEE ORIOL",RES1,240,1
11916,2020551216,"LUCELO, CHARES MONZON",RES1,240,1
11917,2020551215,"LLOVIA, FRUCTOSO M.",RES1,240,1
11918,2020551214,"PIAMONTE, REBECCA",RES1,240,1
11919,2020551213,"RAAGAS, CECELIA OLEDAN",RES1,240,1
11920,2020081410,"FALLORE, LEO P.",RES1,240,1
11921,2020390344,"SALVACION, JOAN IGNACIO",RES1,240,1
11922,2020180721,"SECORATA, AILYN DARANTINAO",RES1,240,1
11923,2020012370,"GRANADOS, TYRONE GIL PLANILLO",RES1,240,1
11924,2020141966,"ENCARNACION, JOHN ERIC C.",RES1,240,1
11925,2020121758,"QUINTELA, VERONICA PILANDE",RES1,240,1
11926,2020390345,"ENTOL, SUSANA SAMORANOS",RES1,240,1
11927,2020570204,"MAKABENTA, ESTEBAN VILLENA",RES1,240,1
11928,2020241684,"PANIM, ARLENE SECORATA",RES1,240,1
11929,2020161608,"URMENETA, MARIBETH CANTIVEROS",RES1,240,1
11930,6060150872,"TUAZON, GLENDA SANTISO",RES1,240,1
11931,6060150913,"RELEVO, CHERRY ESTONIO",RES1,240,1
11932,8080610048,"LIMPOCO, MARIA LEGO",RES3,240,1
11933,6060560021,"REVILLA, RANDY DAGALEA",RES1,240,1
11934,3030080185,"CULAR, CIRIACA A.",RES2,240,1
11935,3030080195,"GRULLA, VICENTE M./SYLVIA",RES4,240,1
11936,3030080285,"PEÑARANDA, JOELINA A.",RES1,240,1
11937,3030080305,"ROSOS, JULIET A.",RES1,240,1
11938,3030080315,"SAPILAN, CECILIA D.",RES1,240,1
11939,3030080325,"BELLO, VIRGINIA A./TELESFORO C.",RES3,240,1
11940,3030080346,"BUKID ELEM. SCH./COLIBAO, A.",PB,240,1
11941,3030080388,"PONFERRADA, GLEN",RES1,240,1
11942,3030080389,"ROSOS, CATHERINE",RES1,240,1
11943,3030080390,"CULAR, AMBROSIO",RES1,240,1
11944,3030080391,"ARUTA, ARTHUR E.",RES1,240,1
11945,3030080392,"AVILA, TITA",RES2,240,1
11946,3030080394,"LIANZA, ROSENDO",RES1,240,1
11947,3030080395,"ALCOBER, ESTELITA",RES2,240,1
11948,3030080396,"TORRE DE LA, PROCULO",RES2,240,1
11949,3030080397,"FRANCISCO, NORMA",RES2,240,1
11950,3030080398,"LAGO, MARILOU B.",RES2,240,1
11951,3030080399,"DE LA TORRE, RECTO A./MARILYN",RES1,240,1
11952,3030080400,"TORRE DE LA, MIGUEL",RES2,240,1
11953,3030080405,"BELLO, MACARIA",RES1,240,1
11954,3030080406,"DANTE, CRISTINA",RES1,240,1
11955,3030080420,"ACUIN, DEMETRIO",RES1,240,1
11956,3030080430,"AVILA, LILIA",RES1,240,1
11957,3030080435,"CRISTOBAL, CARMEN",RES2,240,1
11958,3030080439,"ALCOBER, MAGDALENA",RES1,240,1
11959,3030080440,"ALCOBER, ANGEL",RES2,240,1
11960,3030080441,"ALCOBER, MERLY T.",RES1,240,1
11961,3030080442,"OLIVA, ROGELIO L.",RES2,240,1
11962,3030080444,"BARREDO, REYNALDO",RES1,240,1
11963,3030080445,"SISTER, RICHELL A./ELMER",RES1,240,1
11964,3030080446,"LIANZA, ROGELIO P.",RES1,240,1
11965,3030080447,"ESCOBER, MARIDITH",RES1,240,1
11966,3030080448,"QUINTANA, JEFFRY",RES1,240,1
11967,3030080449,"CARDINES, CESARIO A.",RES1,240,1
11968,3030080450,"AZORES, ESTRELIETA M.",RES2,240,1
11969,3030080455,"CARDINES, CRESENCIO",RES2,240,1
11970,3030080456,"GUIPON, CECELIA",RES1,240,1
11971,3030080457,"BARREDO, LUCIA C./EDWIN",RES1,240,1
11972,3030080460,"TORRE DE LA, JUAN",RES1,240,1
11973,3030080461,"ESCOBER, ZENAIDA",RES1,240,1
11974,3030080462,"ALCOBER, ESTELA",RES1,240,1
11975,3030080463,"BARRIDO, EDGAR",RES4,240,1
11976,3030080464,"AVESTRUZ, VICTOR",RES2,240,1
11977,3030080466,"AVESTRUZ, CANDIDA",RES2,240,1
11978,3030080467,"ALCOBER, LORENZA C.",RES1,240,1
11979,3030080468,"LABARDA, ASISCLO",RES1,240,1
11980,3030080470,"CORNELIO, EDITHA A.",RES1,240,1
11981,3030080475,"LABARDA, ADOLFO",RES1,240,1
11982,3030080480,"LAMSIN, LEO",RES4,240,1
11983,3030080485,"ADRALES, EFREN",RES1,240,1
11984,3030080486,"ALCOBER, GLORIA P.",RES1,240,1
11985,3030080487,"ESTEMBER, LITO L.",RES1,240,1
11986,3030080488,"ACUIN, DANILO",RES2,240,1
11987,3030080489,"LABARDA, RICARDO",RES1,240,1
11988,3030080490,"ACUIN, ISABEL",RES2,240,1
11989,3030080491,"LAUSIN, MARITES B.",RES2,240,1
11990,3030080495,"BELZA, JAIME",RES2,240,1
11991,3030080496,"AVILA, EDGARDO A.",RES3,240,1
11992,3030080497,"BELZA, REMEDIOS",RES1,240,1
11993,3030080498,"ACUIN, TERESA R.",RES1,240,1
11994,3030080499,"BALAHAY, FELIPE JR.",RES2,240,1
11995,3030080500,"ESTEMBER, VICTORINO",RES2,240,1
11996,3030080502,"PANAO, NESTOR C.",RES1,240,1
11997,3030080503,"ACUIN, FERNANDO B.",RES1,240,1
11998,3030080505,"AZORES, ILUMINADO",RES1,240,1
11999,3030080506,"BALAHAY, FELIPE SR.",RES2,240,1
12000,3030080507,"AVESTRUZ, SENFORIANO",RES1,240,1
12001,3030080508,"SALAZAR, CLARITA",RES3,240,1
12002,3030080510,"CULAR, RODULFO",RES1,240,1
12003,3030080515,"ASIS, JOSE E.",RES2,240,1
12004,3030080520,"ESCOBER, JULIAN",RES2,240,1
12005,3030080525,"ELMIDO, ALICIA",RES3,240,1
12006,3030080530,"CULATA, ASTERIO",RES3,240,1
12007,3030080535,"SALVACION, MAGDALENA",RES1,240,1
12008,3030080537,"AFABLE, MYRNA",RES1,240,1
12009,3030080538,"LABARDA, JONATHAN",RES1,240,1
12010,3030080539,"BALAHAY, FIDEL",RES1,240,1
12011,3030080540,"ARPON, VENANCIA",RES2,240,1
12012,3030080545,"ZATA, ALDA P.",RES2,240,1
12013,3030080550,"CABOHOC, LUCRESIA",RES1,240,1
12014,3030080551,"ALCOBER, BELLA",RES1,240,1
12015,3030080552,"CABAZARES, POTENCIANA B.",RES2,240,1
12016,3030080555,"ALCOBER, ROLANDO",RES3,240,1
12017,3030080556,"BRGY, HALL/DELA TORRE, MIGUEL",PB,240,1
12018,3030080557,"ALCOBER, DANILO R.",RES2,240,1
12019,3030080558,"CACAL, EVELYN",RES2,240,1
12020,3030080559,CORNELIO. FELOMINA,RES1,240,1
12021,3030080560,"CULATA, ELESEO",RES1,240,1
12022,3030080561,BRGY. CHAPEL C/O BRGY. CAPTAIN,PB,240,1
12023,3030080562,"ESCOBER, CRESENCIO",RES2,240,1
12024,3030080563,"ZATA, JOSE",RES1,240,1
12025,3030080564,"LAGO, CARMELITA",RES1,240,1
12026,3030080565,"RON, DAVID",RES1,240,1
12027,3030080566,"LAGO, RITA",RES2,240,1
12028,3030080567,"CELMAR, BASILIA A.",RES1,240,1
12029,3030080569,"ZATA, NILDA",RES2,240,1
12030,3030080570,"ALCOBER, JOSE",RES3,240,1
12031,3030080571,"AZORES, CORNELIO",RES1,240,1
12032,3030080572,"CARDINES, CRISANTA",RES1,240,1
12033,3030080573,"BUSTILLO, ADELA",RES3,240,1
12034,3030080574,"CARDINES, MATEAS",RES1,240,1
12035,3030080575,"ACEBO, ALICIA",RES2,240,1
12036,3030080576,"ACUIN, MARLON",RES1,240,1
12037,3030080577,"CABOJOC, VERONICA B.",RES1,240,1
12038,3030080579,"ALCOBER, LORNA B.",RES2,240,1
12039,3030080580,"BUSANTE, VIRGILIO",RES1,240,1
12040,3030080581,"ESCOBER, CRESENCIA",RES1,240,1
12041,3030080582,"ESCOBER, RAMIL C.",RES1,240,1
12042,3030080585,"CANEZAL, WENEFREDO",RES1,240,1
12043,3030080590,"BOLIVAR, LYDIA A.",RES1,240,1
12044,3030080600,"CABUNDOL, MARIANO",RES2,240,1
12045,3030080605,"BRUN, RONICO",RES1,240,1
12046,3030080608,"PONFERRADA, RONNIE",RES4,240,1
12047,3030080615,"SUGIYAMA, BELINDA P.",RES2,240,1
12048,3030080620,"BUSTILLO, PHILIP A.",RES1,240,1
12049,3030080625,"BENUSA, DENNIS",RES1,240,1
12050,3030080630,"BENUSA, BIENVINIDA",RES2,240,1
12051,3030080640,"BELLO, JESUS",RES2,240,1
12052,3030080645,"ADRALES, ROY",RES1,240,1
12053,3030080650,"BENUSA, NENITA B.",RES1,240,1
12054,3030080651,"BELLO, TITA",RES1,240,1
12055,3030080653,"BUSANTE, GINA",RES1,240,1
12056,3030080656,"BUSANTE, CAROLINA",RES1,240,1
12057,3030080658,"COLIBAO, ROMEO A.",RES2,240,1
12058,3030080660,"EVAL, ARSENIO",RES1,240,1
12059,3030080670,"ESTARDO, MARIA",RES1,240,1
12060,3030080675,"AVILA, MARIVIC F.",RES1,240,1
12061,3030080680,"BUSANTE, MARIA",RES2,240,1
12062,3030080685,"CORPUZ, RANDY",RES1,240,1
12063,3030080690,"BUSANTE, CRISTITA",RES1,240,1
12064,3030080695,"ESCOBER, RANDY C.",RES1,240,1
12065,3030080700,"BUSANTE, OTELIA",RES3,240,1
12066,3030080705,"ALCOBER, MARIA H.",RES1,240,1
12067,3030080710,"MAGOS, NENITA",RES1,240,1
12068,3030080715,"SISTER, MILAGROS",RES1,240,1
12069,3030080716,"AVILA, JULIO",RES2,240,1
12070,3030080720,"BUSTILLO, ANGEL",RES2,240,1
12071,3030080725,"BELLO, MARILYN",RES2,240,1
12072,3030080728,"FALLERA, RODOLFO",RES1,240,1
12073,3030080729,"BUSTILLO, LORNA",RES1,240,1
12074,3030080730,"CABUNDOL, CONSTANCIA",RES1,240,1
12075,3030080735,"ALCOMENDRAS, ANALYN P.",RES1,240,1
12076,3030080740,"CABUNDOL, AMADO",RES1,240,1
12077,3030080745,"AVILA, ESTELA A./EDGARDO G.",RES1,240,1
12078,3030080750,"CABUNDOL, IGMEDIO",RES1,240,1
12079,3030080751,"MARQUEZ, JOSEFA H.",RES2,240,1
12080,3030080752,"AVILA, FRANCISCA B.",RES1,240,1
12081,3030080755,"BELLO, CARMELITA",RES3,240,1
12082,3030080758,"BUSANTE, MARIANO JR.",RES1,240,1
12083,3030080759,"REBOSO, SALVACION",RES1,240,1
12084,3030080760,"ADIZAS, EMELIA",RES2,240,1
12085,3030080761,SAN ISIDRO ELEMENTARY SCHOOL,PB,240,1
12086,3030080765,"ASIS, JESUS",RES1,240,1
12087,3030080768,"GEMINA, PATRICIA",RES1,240,1
12088,3030080770,"CABUNDOL, SUSANA",RES1,240,1
12089,3030080775,"BUSANTE, CLARISSA",RES2,240,1
12090,3030080780,"BUSANTE, MARIANO",RES3,240,1
12091,3030080785,"BUSANTE, COLITA",RES2,240,1
12092,3030080790,"BUSANTE, CARMELITA",RES1,240,1
12093,3030080793,"DELIMA, ISIDRA",RES3,240,1
12094,3030080795,"AVILA, VICENTE",RES1,240,1
12095,3030080798,BRGY. HALL C/O BRGY. CHAIRMAN,PB,240,1
12096,3030080799,"CABOJOC, MARY JEAN A./GARY",RES2,240,1
12097,3030080800,"CABOHOC, HILDA",RES2,240,1
12098,3030080805,"ALCONES, CESAR",RES4,240,1
12099,3030080810,"ALCONES, VICENTE",RES2,240,1
12100,3030080815,"BUSTILLO, MARY ANN M.",RES2,240,1
12101,3030080820,"LAURE, CAMILO",RES1,240,1
12102,3030080825,"CANONCE, LOLITA O.",RES2,240,1
12103,3030080830,"ZATA, ANGELES",RES1,240,1
12104,3030080835,"BOÑULA, MARIA L.",RES1,240,1
12105,3030080850,"BELLO, REMEDIOS",RES3,240,1
12106,3030080854,"BUITIZON, ALAN P.",RES1,240,1
12107,3030080855,"BUGAL, AIDA",RES1,240,1
12108,3030080860,"BUSTILLO, LILIA",RES4,240,1
12109,3030080861,"LAURE, BRAULIO P.",RES3,240,1
12110,3030080863,"ASIS, ENRIQUE",RES1,240,1
12111,3030080864,"ASIS, EUFEMIA I.",RES1,240,1
12112,3030080865,"ESTARDO, PIO",RES3,240,1
12113,3030080868,"ABARCA, ERNESTO",RES2,240,1
12114,3030080870,"DACARA, JULIANA",RES1,240,1
12115,3030080890,"ZATA, GREGORIO",RES1,240,1
12116,3030080895,"LEGUIN, YOLLY V.",RES2,240,1
12117,3030080900,"BUGAL, VICTOR",RES1,240,1
12118,3030080901,"HORBINO, MARCUS",RES1,240,1
12119,3030080903,"SAPILAN, OFELIA R.",RES2,240,1
12120,3030080905,"PANIS, JUVY",RES2,240,1
12121,3030080908,"ASIS, ARTEMIO",RES1,240,1
12122,3030080910,"ASIS, JOSEFA",RES2,240,1
12123,3030080912,"CARI?OSA, ELENA P.",RES2,240,1
12124,3030080915,"CEDILLO, CARIDAD",RES1,240,1
12125,3030080920,"ASIS, LOLITA",RES1,240,1
12126,3030080925,"CORNELIO, FRANCISCO E.",RES2,240,1
12127,3030080930,"CANOLA, VICENTE",RES3,240,1
12128,3030080935,"ACEBO, ARNULFO",RES2,240,1
12129,3030080943,"AVILA, VICTORIA",RES1,240,1
12130,3030080945,"SEDILLO, EFREN",RES1,240,1
12131,3030080946,"BOLIVAR, JOSEFINA",RES1,240,1
12132,3030080955,"SISTER, SOFRONIA",RES1,240,1
12133,3030080960,"ARIZOLA, CASILDA B.",RES1,240,1
12134,3030080965,"ALCOBER, RANDY G.",RES1,240,1
12135,3030080970,"ASTORGA, ENRIQUE",RES1,240,1
12136,3030080975,"PARROCHO, JOVELYN R.",RES2,240,1
12137,3030080980,"BUSTILLO, FE",RES1,240,1
12138,3030080985,"CARDINES, RONA L.",RES3,240,1
12139,3030081010,"QUINTO, VARENIA C.",RES3,240,1
12140,3030081015,"CABAZARES, LEO B.",RES1,240,1
12141,3030081020,"CABAZARES, HELEN S.",RES1,240,1
12142,3030081030,"ZATA, TITO AUSTRIA",RES2,240,1
12143,3030081035,"CABUNDOL, ROWENA A.",RES1,240,1
12144,3030081040,"AVILA, ANGELITA S.",RES1,240,1
12145,3030081045,"GULMATICO, ALMA B.",RES1,240,1
12146,3030081050,"BRUN, ARGIE P.",RES2,240,1
12147,3030081060,"CULAR, ANALYN A.",RES1,240,1
12148,3030081065,"EBATAN, KENNETH B.",RES2,240,1
12149,3030081080,"BUSTILLO, REMEGIO E.",RES1,240,1
12150,3030081085,"QUINTANA, JEFFREY A.",RES3,240,1
12151,3030081100,"BENUSA, LUCILA A.",RES2,240,1
12152,3030081105,"AVILA, MARY ANN DUMAGIT",RES1,240,1
12153,3030081110,"CARDINES, LITO E.",RES1,240,1
12154,3030081115,"ESTEMBER, ORLANDO L.",RES1,240,1
12155,3030081120,"PANAO, EMILY C.",RES1,240,1
12156,3030081125,"GIALOLO, HENRY M.",RES1,240,1
12157,3030081130,"ARABIANA, MELODINA M.",RES1,240,1
12158,3030081135,"BINAY, HILDA A.",RES1,240,1
12159,3030081145,"DELIMA, CORAZON L.",RES3,240,1
12160,3030081150,"BENUSA, MARIA BENGI B.",RES3,240,1
12161,3030081165,"PIRANTE, JASMINE A.",RES1,240,1
12162,3030081180,"CORRO, JUDITH",RES1,240,1
12163,3030081185,"BUSANTE, IMELDA A.",RES2,240,1
12164,3030081190,"DELA TORRE, MA. HAZEL A.",RES1,240,1
12165,3030081210,"OCANEL, SHARON D.",RES1,240,1
12166,3030081215,"CULAR, JAIME A., JR.",RES1,240,1
12167,3030081220,"PONFERRADA, MA. DAIANA E.",RES1,240,1
12168,3030081225,"COLIBAO, DANTE C.",RES1,240,1
12169,3030081230,"BUSTILLO, PRUDENCIO A.",RES1,240,1
12170,3030081235,"BRUM, REY E.",RES1,240,1
12171,3030081236,"ASIS, DELY F.",RES1,240,1
12172,3030081237,"ARMADA, HERMINIA C.",RES1,240,1
12173,3030081239,"CUYAS, AGUSTINA Y.",RES1,240,1
12174,3030081240,"BUSANTE, JERRY C.",RES1,240,1
12175,3030081241,"MENDOZA, NELSON A.",RES1,240,1
12176,3030081243,"AVILA, LITA QUEBEC",RES1,240,1
12177,3030081244,"ARPON, ALVIN A.",RES2,240,1
12178,3030081245,"DELIMA, RAMON B.",RES1,240,1
12179,3030081247,"BUGAL, BEATRIZ SUMAMPONG",RES1,240,1
12180,3030081249,"ADRALES, MARITES ALBARIDO",RES1,240,1
12181,3030081250,"CULATA, MARIO ACEBO",RES1,240,1
12182,3030081253,"ALCOBER, LOURDES VILLANUEVA",RES1,240,1
12183,3030081255,"BAGTAS, CELYDONIO AVESTRUZ",RES1,240,1
12184,3030081260,"CABUNOL, GILBERT A",RES1,240,1
12185,3030081261,"QUINTANA, LHEA ACUIN",RES2,240,1
12186,3030081264,"ALCOBER, RONELL B",RES1,240,1
12187,3030081265,"ALCOBER, RICHARD B",RES1,240,1
12188,3030081266,"PONFERRADA, REALINA EULIN",RES2,240,1
12189,3030081267,"CABAZARES, ROQUE FIN",RES1,240,1
12190,3030081268,"ARPON, SANTIAGO  GAM",RES1,240,1
12191,3030081270,"ALCOBER, REBECCA AVILA",RES1,240,1
12192,3030081271,"ALCOBER, AILEEN BUGAL",RES2,240,1
12193,3030081272,"BUSANTE, AGAPITO CASINAL",RES1,240,1
12194,3030081273,"ESTARDO, PATROCENIA BUSANTE",RES2,240,1
12195,3030081274,"ESTACION, JEAN DIAZ",RES1,240,1
12196,3030081277,"QUINTANA, JONATHAN AFABLE",RES1,240,1
12197,3030081278,"OLIVA, GILBERT BALBOA/ MA. IVY",RES1,240,1
12198,3030081280,"CORNELIO, VICENTE AVESTRUZ",RES3,240,1
12199,3030081281,"BUGANAN, IDA ASIS",RES2,240,1
12200,3030081282,"ADRALES, REGIE ASIS",RES1,240,1
12201,3030081283,"ESCOBER, ARMAN A",RES1,240,1
12202,3030081286,"CABAZARES, ADELFA GELLA",RES1,240,1
12203,3030081288,"ESTEMBER, MELVIN LANANTE",RES1,240,1
12204,3030081290,"ALCOBER, LORNA T",RES2,240,1
12205,3030081292,"QUINTANA, JEFFEREY AFABLE",RES2,240,1
12206,3030081293,"DELIMA, PEDRO IBAÑEZ",RES1,240,1
12207,3030081296,"ZATA, NORMA BALAIS",RES1,240,1
12208,3030081299,"DELIMA, ROSEMARIE BORERES",RES2,240,1
12209,3030081300,"CABAZARES, JOY ARPON",RES2,240,1
12210,3030081301,"BELLO, APOLONIO CIRERA",RES1,240,1
12211,3030081302,"SALVACION, MICHAEL CULATA",RES3,240,1
12212,3030081303,"DE LA TORRE, MARCO QUINTANA",RES2,240,1
12213,3030081304,"BERJA, JONALITO BLASI",RES1,240,1
12214,3030081305,"ACEBO, CHRISTOPHER AVESTRUZ",RES1,240,1
12215,3030081306,"LAMSIN, LOLITA M.",RES1,240,1
12216,3030081307,"AVESTRUZ, RUEL PONFERRADA",RES1,240,1
12217,3030081308,"ENOVISO, YOLANDA CUESTA",RES2,240,1
12218,3030081309,"AVORQUE, ALLAN Q.",RES1,240,1
12219,3030081310,"ASIS, ROSALIE DADACAY",RES1,240,1
12220,3030081311,"AVORQUE, JIMMY QUINTANA",RES1,240,1
12221,3030081312,"PONFERRADA, QUINTIN AYUSTE",RES1,240,1
12222,3030081313,"CABUNDOL, JOSEPH HINGPIS",RES1,240,1
12223,3030081314,"LIBRADO, MARITES CAYANONG",RES1,240,1
12224,3030081315,"BUKID, DAY CARE CENTER",PB,240,1
12225,3030090010,"MIRANDA, RODEL",RES3,240,1
12226,3030090020,"NEGADO, JOSE",RES2,240,1
12227,3030090030,"RAGANIT, ILUMINADO",RES1,240,1
12228,3030090035,"PEROZ, EMELIA",RES1,240,1
12229,3030090036,"GALLEPOSO, LIEZEL",RES1,240,1
12230,3030090037,"MOSTASA, CYNTHIA",RES2,240,1
12231,3030090040,"ASALDO, EUFROCINA",RES1,240,1
12232,3030090043,"CAGAS, ARTEMIO",RES3,240,1
12233,3030090045,"ADRALES, GERVACIA",RES3,240,1
12234,3030090046,"BRIONES, ESMERALDA D.",RES1,240,1
12235,3030090047,"CABUELLO, JOSEFA",RES3,240,1
12236,3030090050,"BRGY. CHAPEL C/O PETALLANA, JOSE",PB,240,1
12237,3030090052,"AZURO, CORAZON",RES2,240,1
12238,3030090053,"INSIGNE, ROQUE",RES1,240,1
12239,3030090055,"AGUIHAP, JOSEFA",RES2,240,1
12240,3030090060,"INSIGNE, EUFEMIA",RES1,240,1
12241,3030090070,"ZATA, ANASTACIO",RES1,240,1
12242,3030090075,"INSIGNE, CARLOS",RES1,240,1
12243,3030090076,"RAMOS, JESUS C.",RES1,240,1
12244,3030090077,"CABAZARES, BERNARDINO B.",RES2,240,1
12245,3030090079,"CAGARA, ELENA",RES1,240,1
12246,3030090080,"CULAR, AGAPITA",RES1,240,1
12247,3030090081,"PELENIO, GLORIA C.",RES2,240,1
12248,3030090082,"BRIONES, DELIA",RES1,240,1
12249,3030090083,"MALATE, MICHAEL",RES1,240,1
12250,3030090084,"INSIGNE, SALVACION B.",RES3,240,1
12251,3030090085,"ASALDO, LUZ",RES1,240,1
12252,3030090086,"CULAR, DEMETRIA",RES1,240,1
12253,3030090087,"INSIGNE, MARIFEN",RES1,240,1
12254,3030090090,"INSIGNE, ROQUE",RES2,240,1
12255,3030090100,"CULAR, PABLO",RES3,240,1
12256,3030090105,"INSIGNE, GRACE N.",RES1,240,1
12257,3030090110,"BRIONES, LORETO",RES3,240,1
12258,3030090115,"BRIONES, MERLITA",RES1,240,1
12259,3030090120,"INSIGNE, LYDIO",RES1,240,1
12260,3030090125,"AGUILON, AMELINA A.",RES1,240,1
12261,3030090130,"INSIGNE, PETRA",RES1,240,1
12262,3030090135,"GIALOLO, EDWIN M.",RES1,240,1
12263,3030090140,"PETALLANA, SEVERINA",RES1,240,1
12264,3030090145,"INSIGNE, JUANITA",RES4,240,1
12265,3030090150,"AGUILON, ARTURO",RES2,240,1
12266,3030090151,"PALER, MESAEL",RES1,240,1
12267,3030090152,"PASCUAL, ESTELITA",RES2,240,1
12268,3030090155,"PONFERRADA, SILVESTRE",RES2,240,1
12269,3030090156,"ABEJAR, ALWIN",RES2,240,1
12270,3030090158,"BALUBAO, FLORENCIA",RES1,240,1
12271,3030090159,BRGY. HALL/BRGY. CAPTAIN,PB,240,1
12272,3030090160,"ARPON, ROMULO",RES1,240,1
12273,3030090165,"KNOX, MARIA A.",RES1,240,1
12274,3030090175,"MONTECASTRO, PRESILA A.",RES1,240,1
12275,3030090180,"ARPON, SEVERINO",RES1,240,1
12276,3030090185,"IDO, LEA A./NESTOR",RES2,240,1
12277,3030090190,"BUSTILLO, FEDERICO",RES1,240,1
12278,3030090195,"ASTORGA, MILAGROS A./OLIMPIO",RES1,240,1
12279,3030090200,"INSIGNE, PETRA, C.",RES1,240,1
12280,3030090205,"DE GUZMAN, SALVADOR",RES2,240,1
12281,3030090206,"INSIGNE, DOLORES",RES2,240,1
12282,3030090207,"OLEDAN, ROMUALDO",RES1,240,1
12283,3030090210,"SALINASAN, CLARITA",RES1,240,1
12284,3030090211,"ROSAL, SUSAN B.",RES1,240,1
12285,3030090215,"APAN, PACIFICO",RES1,240,1
12286,3030090216,"INSEGNE, RENATO",RES2,240,1
12287,3030090225,"PEÑARANDA, ROWENA B.",RES1,240,1
12288,3030090235,"AVILA, RAUL N./RHODA",RES2,240,1
12289,3030090240,"INSIGNE, ESTEFANA",RES3,240,1
12290,3030090245,"CABASARES, TERESITA",RES1,240,1
12291,3030090250,"INSIGNE, WENCESLAO",RES1,240,1
12292,3030090255,"APAN, GERARDO",RES1,240,1
12293,3030090256,"NEGADO, JOSE JR.",RES1,240,1
12294,3030090258,CANOMANTAG ELEM. SCHOOL,PB,240,1
12295,3030090260,"INSIGNE, WILFREDO",RES2,240,1
12296,3030090261,"PIRANTE, PORFERIA",RES3,240,1
12297,3030090262,"ARPON, LEON",RES1,240,1
12298,3030090263,"ARPON, IRENE",RES3,240,1
12299,3030090264,"ARPON, ZENAIDA",RES1,240,1
12300,3030090265,"CABASARES, LEOPOLDO",RES1,240,1
12301,3030090266,"CABAZARES, ANTONIO",RES1,240,1
12302,3030090267,"BACATAN, ESTEBAN",RES3,240,1
12303,3030090268,"NEGADO, RICARDO",RES4,240,1
12304,3030090269,"CABASAREZ, EDWIN",RES2,240,1
12305,3030090271,"INSIGNE, PATERNO",RES2,240,1
12306,3030090272,"ARPON, ERMINDA O.",RES1,240,1
12307,3030090273,"BELZA, RAYMUNDO",RES1,240,1
12308,3030090276,"BUSTILLO, EMMA P.",RES1,240,1
12309,3030090277,"VILLASIN, JULIANA",RES1,240,1
12310,3030090278,"CABELTIS, ROLLY",RES1,240,1
12311,3030090279,"ALBALADEJO, JUAN D.",RES4,240,1
12312,3030090280,"MORANA, JUANITA",RES1,240,1
12313,3030090283,"ZACARIAS, MARICEL",RES3,240,1
12314,3030090285,"AVILA, ROMAN",RES2,240,1
12315,3030090286,"PASTELERO, MA. EMELITA A.",RES1,240,1
12316,3030090290,"DACOYCOY, LUISA",RES2,240,1
12317,3030090295,"BUSTILLO, MARGY S.",RES1,240,1
12318,3030090300,"AVILA, PEDRO",RES4,240,1
12319,3030090305,"ACEBO, EMELITA P./RICARDO",RES1,240,1
12320,3030090310,"ACEBEDO, BLAS",RES1,240,1
12321,3030090315,"ACEBEDO, LUCIA",RES1,240,1
12322,3030090316,CHAPEL,PB,240,1
12323,3030090320,"ACEBEDO, BUENAVENTURA",RES1,240,1
12324,3030090321,"NALDA, MARIA",RES1,240,1
12325,3030090322,"GERALDO, ESTER",RES2,240,1
12326,3030090323,"PENARANDA, ERLINDA",RES1,240,1
12327,3030090328,"ARPON, JESUS B.",RES2,240,1
12328,3030090330,"PE?ARANDA, ROQUE",COM1,240,1
12329,3030090335,"CABELTIS, ROSALINDA A.",RES1,240,1
12330,3030090340,"BELLO, FELIPE",RES1,240,1
12331,3030090345,"AVILA, MA. ERLINDA A.",RES1,240,1
12332,3030090350,"AGUSTO, BLANCA",COM1,240,1
12333,3030090355,"CABELTES, PABLO",RES2,240,1
12334,3030090356,"LEGASPI, ALDEN",RES1,240,1
12335,3030090358,"BALLESTEROS, RUEL",RES1,240,1
12336,3030090360,"GUIA DE, JESUS",RES2,240,1
12337,3030090365,"MORALES, RUTH",RES1,240,1
12338,3030090371,"AGOSTO, EUGENIANO",RES1,240,1
12339,3030090375,"BALUBUGAN, LUCIO",RES2,240,1
12340,3030090376,"MIANE, PATROCENIA",RES1,240,1
12341,3030090380,"CELMAR, GERONIMO",RES1,240,1
12342,3030090385,"SORIA, GEMMA A.",RES1,240,1
12343,3030090390,"PE?ARANDA, PRESCO",RES3,240,1
12344,3030090395,"MOVIDO, ROSARIO P.",RES3,240,1
12345,3030090400,"BELLO, MARIA P.",RES1,240,1
12346,3030090405,"PE?ARANDA, ALICIA C.",RES4,240,1
12347,3030090410,"CABELTES, EMELIANO",RES3,240,1
12348,3030090415,"PONFERRADA, SILVESTRE C.",COM3,240,1
12349,3030090423,"BRILATA, SALVADOR SR.",RES1,240,1
12350,3030090425,"PE?ARANDA, LEONORA",RES2,240,1
12351,3030090429,"PARILLA, LINA",RES1,240,1
12352,3030090430,"PE?ARANDA, RODOLFO",RES4,240,1
12353,3030090431,"APOSTOL, ASUNCION",RES2,240,1
12354,3030090433,BRGY. HALL/BRGY. CHAIRMAN,PB,240,1
12355,3030090434,"PE?ARANDA, JOSE A.",RES1,240,1
12356,3030090435,"BUSTILLO, ROMULO",RES3,240,1
12357,3030090436,"BUSTILLO, FE E.",RES1,240,1
12358,3030090437,"CABELTIS, JOSEPHINE",RES1,240,1
12359,3030090445,"CA?EGA, LISA A.",RES1,240,1
12360,3030090450,"ASTORGA, CONSTANCIO",RES1,240,1
12361,3030090451,"ASTORGA, ALONA E.",RES1,240,1
12362,3030090455,"BUSTILLO, ROSA A.",RES1,240,1
12363,3030090460,"BUSTILLO, FELOMINA",RES1,240,1
12364,3030090462,"AGUILON, NATIVIDAD C.",RES1,240,1
12365,3030090463,"DACARA, REYNALDO ARPON",RES2,240,1
12366,3030090464,"AGUILON, JOSEPHINE",RES1,240,1
12367,3030090465,"ASTORGA, OLIMPIO",RES3,240,1
12368,3030090467,"ASIS, ELSA",RES1,240,1
12369,3030090470,"PE?ARANDA, REMEDIOS",RES4,240,1
12370,3030090475,"ARPON, ANNABELLE BUSANTE",RES1,240,1
12371,3030090480,"COLLERA, NESTOR",RES4,240,1
12372,3030090485,"MIODE, MATEO S.",RES1,240,1
12373,3030090492,"SABLAYAN, ROLANDO",RES1,240,1
12374,3030090493,"SABLAYAN, ROSALINDA",RES2,240,1
12375,3030090494,"RAMIREZ, AURORA",RES1,240,1
12376,3030090495,"ARUTA, ROWENA",COM1,240,1
12377,3030090500,"BUSTILLO, LOURDES",RES1,240,1
12378,3030090505,"STA. MARIA, NIMFA A.",RES1,240,1
12379,3030090510,"BUSTILLO, ANGEL",RES1,240,1
12380,3030090512,MINUSWANG PRIMARY SCH./HEAD OF OFFI,PB,240,1
12381,3030090515,"BUSANTE, LEO",RES1,240,1
12382,3030090520,"HUYIRRA, FELIMON",RES1,240,1
12383,3030090521,"RAMIREZ, CHONA",RES3,240,1
12384,3030090522,"RAMIREZ, LYDIA S./RODOLFO",RES1,240,1
12385,3030090524,"HUYERRA, BIENVINIDO",RES1,240,1
12386,3030090525,"RAMIREZ, EFREN",RES1,240,1
12387,3030090526,"BUSTILLO, CIELA",RES1,240,1
12388,3030090527,"BOLIVAR, ARMIDA N.",RES1,240,1
12389,3030090528,"GREGORIO, JESUS",RES1,240,1
12390,3030090529,"BELTRAN, MARYJANE",RES1,240,1
12391,3030090530,"ASTORGA, MARCELINA",RES2,240,1
12392,3030090531,"AVESTRUZ, ROMEO",COM1,240,1
12393,3030090532,"ASTORGA, VICTORIANO",RES1,240,1
12394,3030090534,"RAMIRES, WILMA",RES2,240,1
12395,3030090535,"BRAZIL, FE",RES1,240,1
12396,3030090537,"GREGORIO, JOEL",RES1,240,1
12397,3030090538,"AGUJA, JOSE",RES1,240,1
12398,3030090540,"CADORNA, TRINIDAD",RES1,240,1
12399,3030090541,"CANDAZA, ROMEO A.",RES1,240,1
12400,3030090545,"AGUJA, EMERENCIA  M.",RES3,240,1
12401,3030090550,"BALANO, APRONIANO",RES1,240,1
12402,3030090553,"LEGASPI, ADORACION",RES3,240,1
12403,3030090554,"AVILA, VIOLETA",RES1,240,1
12404,3030090555,"BRAZIL, ERIBERTO",RES3,240,1
12405,3030090556,"AGUJA, MATEO R.",RES2,240,1
12406,3030090558,"FALLERA, JOSEFINA",RES3,240,1
12407,3030090559,"LEGASPI, ADORACION P.",RES1,240,1
12408,3030090565,"LEGASPI, LEO/ADORACION",RES2,240,1
12409,3030090570,"MADRONERO, CONSOLACION",RES1,240,1
12410,3030090571,"FALLERA, ROLANDO C.",RES1,240,1
12411,3030090572,"AVILA, RIO",RES1,240,1
12412,3030090575,"PORE, JUDITH",RES1,240,1
12413,3030090580,"RUIZ, GODOFREDO",RES2,240,1
12414,3030090581,"NAIK, RAFAELA R.",RES1,240,1
12415,3030090585,"INNOVE COMMUNICATION CO., INC",COM3,240,1
12416,3030090595,"ARPON, MANUEL C.",COM1,240,1
12417,3030090605,"AZORES, NORMA N.",RES2,240,1
12418,3030090610,"BALIDA, PORFERIO",RES1,240,1
12419,3030090615,"MONTECASTRO, ANA MARIE ",RES2,240,1
12420,3030090620,"MONTECASTRO, ENRIQUITA",RES2,240,1
12421,3030090625,"BRAZIL, PEDRO",RES1,240,1
12422,3030090630,"BRAZIL, JULIA",RES3,240,1
12423,3030090631,"ASIS, RAQUEL G.",RES1,240,1
12424,3030090632,"BENUSA, MARIA",RES2,240,1
12425,3030090633,"PANIS, JENNEFER",RES2,240,1
12426,3030090635,"PACHECO, REYNALDO R.",RES2,240,1
12427,3030090640,"BRAZIL, VICENTE",RES1,240,1
12428,3030090641,"ESTOR, JOSEPHINE",RES3,240,1
12429,3030090642,"ASIS, VICENTA BRAZIL",RES2,240,1
12430,3030090643,"APOSTOL, ANGELINA",RES3,240,1
12431,3030090644,"BOYO, GIL",RES2,240,1
12432,3030090645,"CONDINO, CATHERINE",COM2,240,1
12433,3030090646,"BUSTILLO, EDGAR S.",RES2,240,1
12434,3030090648,"NASINOPA, NORA",RES2,240,1
12435,3030090649,"ARUTA, MA. NELLY",RES2,240,1
12436,3030090650,"ZATA, MILAGROS",RES3,240,1
12437,3030090651,"TALUA, RODRIGO",RES1,240,1
12438,3030090652,"ASIS, MA. YOLANDA",RES1,240,1
12439,3030090653,"ASIS, SUSAN",RES1,240,1
12440,3030090654,"GALINDES, MAGDALINA",RES2,240,1
12441,3030090656,"ASIS, ROBERTO",RES1,240,1
12442,3030090658,"ACEBO, NUNILA JANE C.",RES1,240,1
12443,3030090659,"ARPON, ALEJO B.",RES3,240,1
12444,3030090660,"ACEBO, JOSELITO",RES1,240,1
12445,3030090661,"MONTECASTRO, EDWIN",RES1,240,1
12446,3030090662,"BOQUILA, JERAMIE O.",RES1,240,1
12447,3030090665,"MONTECASTRO, LEONORA",RES3,240,1
12448,3030090670,"BACONG, CIELITO P./JERRYL",RES4,240,1
12449,3030090671,SANTARIN ELEM. SCH./ BARUGO,PB,240,1
12450,3030090672,"BAGARES, CARLITO A.",RES1,240,1
12451,3030090673,"MONTECASTRO, SONIA",RES2,240,1
12452,3030090674,"AVILA, MACARIO",RES1,240,1
12453,3030090675,"PEÑARANDA, ELENA BUSANTE",RES2,240,1
12454,3030090680,"PEÑAFLOR, ROSARIO M.",RES1,240,1
12455,3030090683,SANTARIN BRGY. HALL W/ST. LIGHTS,PB,240,1
12456,3030090685,"PE?ARANDA, SOLEDAD",RES2,240,1
12457,3030090690,"PE?ARANDA, LEONIDO",RES4,240,1
12458,3030090693,"AVILA, FELISA",RES1,240,1
12459,3030090694,"ZATA, RODOLFO B.",RES1,240,1
12460,3030090695,"MONTECASTRO, ALMA",RES3,240,1
12461,3030090700,"MONTECASTRO, VICTORIA",RES4,240,1
12462,3030090705,"AVESTRUZ, DOLORES G.",RES4,240,1
12463,3030090715,"DIASANTA, ELVIRA B.",RES1,240,1
12464,3030090720,"AVILA, EDITHA A.",COM2,240,1
12465,3030090724,"MIFLORES, MARIAN",RES1,240,1
12466,3030090725,"MONTECASTRO, ROMEO",RES1,240,1
12467,3030090726,"ASIS, PEDRO S.",RES1,240,1
12468,3030090730,"CORBILLA, AMADOR",RES2,240,1
12469,3030090735,"BOQUILA, TEOFILO/ANACORITA",RES4,240,1
12470,3030090740,"ESTOR, MAGDALINA",RES1,240,1
12471,3030090745,"ALEGARBES, EDDIELYN I.",RES4,240,1
12472,3030090750,"BUSTILLO, LYDIA",RES2,240,1
12473,3030090755,"BRAZIL, LUDIVINA",RES2,240,1
12474,3030090760,"CANONCE, NICOLAS",RES1,240,1
12475,3030090763,"FIGUEROA, MARY ANN",RES1,240,1
12476,3030090764,"AGUILON, MANSUETO",RES3,240,1
12477,3030090765,"PANIS, PEDRO",RES1,240,1
12478,3030090766,"PANIS, CEFIRINA",RES1,240,1
12479,3030090767,"ASIS, ERLINDA",RES1,240,1
12480,3030090768,"ASTORGA, MARINA A.",RES3,240,1
12481,3030090770,"CORNELIO, ADELAIDA",RES1,240,1
12482,3030090771,"CUBILLA, ZENAIDA",RES1,240,1
12483,3030090772,"ABRIAN, ANELYN",RES4,240,1
12484,3030090775,"BUNALES, ERIBERTO",RES1,240,1
12485,3030090780,"ARPON, LORENZA",RES1,240,1
12486,3030090785,"BENUSA, CANDELARIA",RES2,240,1
12487,3030090790,"AGUILON, JUSTO",RES1,240,1
12488,3030090793,"AGUILON, JOVITO",RES1,240,1
12489,3030090795,"ACEBO, PAZ B.",RES3,240,1
12490,3030090800,"AGUILON, DANILO",RES3,240,1
12491,3030090804,"ASTORGA, GARY B.",RES1,240,1
12492,3030090805,"ACEBO, PAZ S.",RES3,240,1
12493,3030090806,"ACEBO, ROMUALDO A., JR",RES2,240,1
12494,3030090810,"BALIDA,  ERLINDA",RES1,240,1
12495,3030090815,"RAMIREZ, CHARES A.",RES1,240,1
12496,3030090820,"ZATA, MARIANO SR/REMEDIOS",RES4,240,1
12497,3030090825,"ZATA, MA. ALONA",RES1,240,1
12498,3030090830,"BALIDA, EUGENIO E.",RES1,240,1
12499,3030090835,"BUSTILLO, NICOLAS",RES3,240,1
12500,3030090840,"BALIDA, EDGARDO",RES1,240,1
12501,3030090841,"ARPON, BAUTISTA C.",RES1,240,1
12502,3030090845,"ACEBO, HOSPECIO A.",RES1,240,1
12503,3030090850,"BALIDA, LEONILA/VICTORINO",RES2,240,1
12504,3030090855,"DACARA, ROSANA C.",RES1,240,1
12505,3030090860,"AGUILON, JESUS",RES1,240,1
12506,3030090865,"BALIDA, ROGELIO",RES1,240,1
12507,3030090866,"BALIDA, LUZ B.",RES1,240,1
12508,3030090870,"MAGADAN, FLORA",RES2,240,1
12509,3030090873,"REGULAR, REMEDIOS RUIZ",RES3,240,1
12510,3030090874,"VILLASIN, JULIANA",RES4,240,1
12511,3030090875,"ARUTA, EUSEBIO, JR.",COM2,240,1
12512,3030090880,"AZORES, IDA",RES2,240,1
12513,3030090885,"APAN, JESSIE B.",RES2,240,1
12514,3030090890,"ALIDO, LUCENA",RES3,240,1
12515,3030090895,"VENTURA, LEA Z.",RES1,240,1
12516,3030090900,"BOLIVAR, JOSE",RES4,240,1
12517,3030090905,"ARPON, WENEFRIDA/ PIGGERY",COM1,240,1
12518,3030090910,"ARUTA, LETECIA",RES3,240,1
12519,3030090915,"AVESTRUZ, LEOPOLDO",COM1,240,1
12520,3030090920,"AYASO, RUFINO, JR. (RM)",COM1,240,1
12521,3030090925,"FULO, ANDREA M.",RES2,240,1
12522,3030090930,"BUSTILLO, CASIMERO",RES4,240,1
12523,3030090935,"ARPON, ELIEZER/WENEFREDA",RES2,240,1
12524,3030090940,"BUSANTE, EUSEBIA",RES1,240,1
12525,3030090945,"AGUILON, ANALYN A.",RES1,240,1
12526,3030090950,"AVESTRUZ, JOSE",RES1,240,1
12527,3030090955,"BADUYA, ULDARICO M. JR.",RES1,240,1
12528,3030090960,"ALCOBER, BUENAVENTURA",RES2,240,1
12529,3030090965,"ARPON, LUZ T.",RES1,240,1
12530,3030090970,"CANDAZA, DANIEL",RES1,240,1
12531,3030090975,"APOSTOL, RAQUEL A.",RES1,240,1
12532,3030090983,"PE?ARANDA, IDA",RES2,240,1
12533,3030090986,"ACEBO, DOMINGO",RES1,240,1
12534,3030090990,"SALAZAR, AVELINO",RES1,240,1
12535,3030090995,"BONJOC, REBECCA A.",RES1,240,1
12536,3030091000,"BUSANTE, ROMULO",RES1,240,1
12537,3030091005,"CANDAZA, ROLDAN B.",RES2,240,1
12538,3030091015,"MAHILOM, IRISH A.",RES1,240,1
12539,3030091020,"STA. MARIA, MAGDALINA",RES1,240,1
12540,3030091025,"PE?ARANDA, GASPAR",RES1,240,1
12541,3030091030,"AVILA, FRUCTOSO",RES1,240,1
12542,3030091035,"AYASO, ARNEL",RES1,240,1
12543,3030091045,"AVESTRUZ, JANIN MARIE B.",RES1,240,1
12544,3030091050,"ASTORGA, JOSEFINA",RES2,240,1
12545,3030091055,"BOLIVAR, ROSEL A.",RES1,240,1
12546,3030091060,"BORROMEO, GLEN",RES2,240,1
12547,3030091065,"AVILA, MICHAEL JOHN A.",RES4,240,1
12548,3030091070,"RAMIREZ, ANTHONY D.",RES1,240,1
12549,3030091075,"NALDA, SABRINA B.",RES1,240,1
12550,3030091080,"PORTON, THELMA A.",RES1,240,1
12551,3030091085,"BUSTILLO, ALLAN P.",RES1,240,1
12552,3030091090,"MORILES, CLARITA M.",RES1,240,1
12553,3030091095,LEYTE CABLE TV NETWORK INC./ HENRY GOSYCO,COM1,240,1
12554,3030091105,"BAGUIHAO, GUALBERTO A. JR.",RES1,240,1
12555,3030091110,"QUINDAO, REY MICHAEL A.",RES1,240,1
12556,3030091115,"BATERNA, MARK RUBY A.",RES2,240,1
12557,3030091120,"MONTECASTRO, NANETTE C.",RES2,240,1
12558,3030091125,"AVESTRUZ, EVELYN B.",RES2,240,1
12559,3030091130,"SUNGGALIT, ROWENA A.",RES1,240,1
12560,3030091135,"SUPOSO, LIZIEL R.",RES1,240,1
12561,3030091140,"AGOSTO, IDA C.",RES2,240,1
12562,3030091150,"LUCERO, FELIX C.",RES1,240,1
12563,3030091155,"ENANO, ARNEL M.",RES2,240,1
12564,3030091160,"INSIGNE, CARLYN L.",RES1,240,1
12565,3030091165,"CADORNA, TRINIDAD JR.",RES2,240,1
12566,3030091170,"HELLACO, ROGER F.",RES1,240,1
12567,3030091175,"BELEN, WILSON D.",RES2,240,1
12568,3030091180,"AVILA, EDUARDO",RES1,240,1
12569,3030091185,"DE QUIROZ, RACQUEL DELA CRUS",RES3,240,1
12570,3030091190,"BALAIS, KRISTINE JOY B.",RES1,240,1
12571,3030091195,"JAMANDRON, SAMANTA P.",RES3,240,1
12572,3030091200,"APAN, PACIFICO B., JR.",RES4,240,1
12573,3030091205,"NASINOPA, RONNIE A.",RES1,240,1
12574,3030091210,"MAHILOM, DOMING ELMETANIO",RES1,240,1
12575,3030091215,"FALLERA, ALEJANDRO H.",RES2,240,1
12576,3030091220,"AGUJA, CRESENCIA V.",RES1,240,1
12577,3030091225,"AVILA, DANILO M.",RES1,240,1
12578,3030091230,"BRAZIL, CRISTINE R.",RES1,240,1
12579,3030091235,"ASIS, FRANCISCA BELLO",RES1,240,1
12580,3030091240,"ARPON, PABLO CORO",RES1,240,1
12581,3030091245,"BELLO, ALICIA A.",RES1,240,1
12582,3030091250,"BELLO, SOLEDAD M.",RES1,240,1
12583,3030091255,"PARILLA, DANILO C.",RES1,240,1
12584,3030091256,"OPLEJEDA, RUBELYN R.",RES2,240,1
12585,3030091259,"SALES, KRISTINE JOY G.",RES1,240,1
12586,3030091262,"PERES, FE A.",RES1,240,1
12587,3030091264,"BATINGGA, CONSOLACION M.",RES1,240,1
12588,3030091266,"ASIS, EFREN P.",RES1,240,1
12589,3030091267,"ISIGNE, RENATO P.",RES1,240,1
12590,3030091268,"BUÑALES, FERNANDO L.",RES1,240,1
12591,3030091269,"BUSTILLO, JOCELYN P.",RES1,240,1
12592,3030091270,"BADIABLE, KANE A./GRAVEL & SAND",COM3,240,1
12593,3030091271,"ARUTA, EFREN AGUILON",RES1,240,1
12594,3030091272,"ALBERCA, ANGELICA",RES1,240,1
12595,3030091273,"ASTILLA, MA. ABEGAIL AYASO",RES2,240,1
12596,3030091274,"ACEBEDO, OLGA BOLIVAR",RES1,240,1
12597,3030091275,"ASIS, EUFRACIA DEDIL",RES2,240,1
12598,3030091276,"AGOSTO, NANCY CUREG",RES1,240,1
12599,3030091277,"LAGERA, ROBERTO MARTIZON",RES4,240,1
12600,3030091278,"PEÑARANDA, NELIA APAN",RES1,240,1
12601,3030091279,"CALISAY, SIMPLICIO CALZITA",RES1,240,1
12602,3030091280,"ARUTA, JAYSON SUPERABLE",RES3,240,1
12603,3030091281,"DACOYCOY, MA. LUISA A.",RES1,240,1
12604,3030091282,"PADA-ON, HIEDE P.",RES3,240,1
12605,3030091283,"BUENCAMINO, GARRY BENUSA",RES1,240,1
12606,3030091284,BRGY. MINUSWANG DAY CARE CENTER,PB,240,1
12607,3030091285,"ROSAL, JOLY-AN BELZA",RES2,240,1
12608,3030091286,"INSIGNE, ALBERTO CULAR",RES2,240,1
12609,3030091287,"DEHAYCO, CARMEN A",RES3,240,1
12610,3030091288,"BRAZIL, ALBERTO RAMIREZ",RES1,240,1
12611,3030091289,"ABIN, MANUELITO FALLERA",RES2,240,1
12612,3030091290,"ASALDO, AURELIA MOLO",RES2,240,1
12613,3030091291,"ACUIN, ALEJANDRO ABEJAR",RES4,240,1
12614,3030091292,"OLEDAN, MA. BELEN O.",RES2,240,1
12615,3030091293,"BADIABLE, KANE ACUIN",RES4,240,1
12616,3030091294,"MAGBATA, THELMA PEÑARANDA",RES2,240,1
12617,3030091295,"GARIANDO, LOLITA ORIOQUE",RES1,240,1
12618,3030091296,"ACEBO, CONSOLACION A",RES1,240,1
12619,3030091297,"BELLO, ERNESTO A",RES3,240,1
12620,3030091298,"ALDAYA, MONIZA BADYAO",RES1,240,1
12621,3030091299,"AVILA, RUFINO ESLIRA",RES1,240,1
12622,3030091300,"MORA, MARK ARPON",RES1,240,1
12623,3030091301,"BENUSA, CARMEN CUENZA",RES1,240,1
12624,3030091302,"BRAZIL, ROGER RUIZ",RES1,240,1
12625,3030091303,"PEÑARANDA, MELINDA CUESTA",RES1,240,1
12626,3030091304,"SABLAYAN, LORETO AVILA",RES1,240,1
12627,3030091305,"BALUBAO, JOSEPHINE B",RES1,240,1
12628,3030091306,"CABAZARES, JOEL BORERES",RES2,240,1
12629,3030091307,"AVILA, TERESITA SISTER",RES1,240,1
12630,3030091308,"BELLO, MENCHU MALATE",RES3,240,1
12631,3030091309,"BALUBAO, HELEN DE SABELLE",RES1,240,1
12632,3030091310,"INSIGNE, JOSEFINA DILLERA",RES1,240,1
12633,3030091311,"RUBIN, ANNIE PEÑARANDA",RES1,240,1
12634,3030091312,"AVILA, ROBERTO ADIZAS",RES1,240,1
12635,3030091313,"PEÑARANDA, MILAGROS ASTORGA",RES1,240,1
12636,3030091314,"BELLO, MARIA PEÑARANDA",RES1,240,1
12637,3030091315,"BRIONES, ROQUE NALDA",RES1,240,1
12638,3030091316,"CABAZARES, LUZVIMINDA LUGASAN",RES1,240,1
12639,3030091317,"ARPON, APRIL ANNE B.",RES4,240,1
12640,3030091318,"AVILA, JAIME SISTER",RES1,240,1
12641,3030091319,"AVILA, NATIVIDAD CABIAS",RES1,240,1
12642,3030091320,"PEÑARANDA, AILEN APAN",RES2,240,1
12643,3030091321,"PASCUAL, AIDA ASTORGA",RES2,240,1
12644,3030091322,"GALLEPOSO, LIEZEL TOMAS",RES3,240,1
12645,3030091323,"MACAWILE, LANI LARIOQUE",RES1,240,1
12646,3030091324,"HERMOSO, MATTET P.",RES1,240,1
12647,3030091325,"PEÑARANDA, MARINA ALONZO",RES1,240,1
12648,3030091326,"JOSECO, MARIAN BRIONES",RES3,240,1
12649,3030091327,"QUIMADA, JAIME JATULAN",COM2,240,1
12650,3030091328,"ARPON, PHILIP",RES1,240,1
12651,3030091329,"PEÑARANDA, GENEROSE CABRIGAS",RES1,240,1
12652,3030091330,"BERTIS, JOSEPH MONTECASTRO",RES1,240,1
12653,3030091331,"AGUILON, MARVIN CARPON",RES1,240,1
12654,3030091332,"CAÑAMAQUE, GLEEN NAAGAS",RES1,240,1
12655,3030091333,"BREZO, FE BAYNAS",RES1,240,1
12656,3030091334,"BUSTILLO, ALEX ESTARDO",RES1,240,1
12657,3030091335,"SAMORANOS, MIA COMBINIDO",RES2,240,1
12658,3030091336,"CABAZARES, ARNOLD NALDA",RES1,240,1
12659,3030091337,"COLIBAO, ELSIE A.",RES1,240,1
12660,3030100010,"PE?ARANDA, ANTONIO",RES2,240,1
12661,3030100020,"ASIS, LEOPOLDO",RES1,240,1
12662,3030100025,"ASIS, ARNEL Y.",RES1,240,1
12663,3030100030,"ALONZO, MARINA",RES1,240,1
12664,3030100040,"LABARE?O, VENERANDO",RES1,240,1
12665,3030100050,"ARPON, VICENTE",RES1,240,1
12666,3030100060,"PE?ARANDA, NONITO",RES2,240,1
12667,3030100070,"ABARCA, MAURICIO",RES1,240,1
12668,3030100080,"SONON, RICARDO",RES4,240,1
12669,3030100090,"PE?ARANDA, ALICIA",RES1,240,1
12670,3030100100,"APOSTOL, HELEN",RES1,240,1
12671,3030100105,"ARPON, MICHAEL A.",RES2,240,1
12672,3030100110,"AVILA, ROSEMARIE",RES2,240,1
12673,3030100115,"BOLIVAR, CRISTITA Z.",RES1,240,1
12674,3030100120,"AGUJA, CASIANO",RES1,240,1
12675,3030100125,"ABARCA, ROSITA Q.",RES1,240,1
12676,3030100130,"ASIS, PILAR",RES2,240,1
12677,3030100135,"LABARENO, LOLITA P.",RES1,240,1
12678,3030100140,"DE GUIA, VICTORIANA",RES3,240,1
12679,3030100145,"ABARCA, LUIS A. JR.",RES3,240,1
12680,3030100150,"ARPON, DOMINGO",RES2,240,1
12681,3030100160,"AGOSTO, JORGE SR.",RES2,240,1
12682,3030100170,"LIM, EMMA",RES1,240,1
12683,3030100175,"AMOLO, ROGELIO S./YOLANDA",RES1,240,1
12684,3030100180,"BUSTILLO, NARCISA",RES1,240,1
12685,3030100200,"RAGANIT, MELCHOR",RES2,240,1
12686,3030100205,"ARPON, JOEL A.",RES1,240,1
12687,3030100210,"ALONZO, ATILANO",RES2,240,1
12688,3030100220,"ABARCA, MARIA",RES1,240,1
12689,3030100230,"CABANACAN, MARIA",RES3,240,1
12690,3030100240,"PE?ARANDA, JOSE",RES1,240,1
12691,3030100250,"ABARCA, RHODORA",RES2,240,1
12692,3030100260,"PE?ARANDA, MARCELINO",RES1,240,1
12693,3030100270,"AGOSTO, ANTONINA B.",RES3,240,1
12694,3030100290,"SANDRINO, IRENEO",RES2,240,1
12695,3030100300,"PE?ARANDA, LALIN",RES1,240,1
12696,3030100310,"ABARCA, FAUSTINA",RES3,240,1
12697,3030100320,"ABARCA, DARIO",RES1,240,1
12698,3030100330,"AGUSTO, BLANCA",RES1,240,1
12699,3030100340,"PENARANDA, FELIPA",RES1,240,1
12700,3030100341,"ABARCA, MESIEL IRINCO",RES2,240,1
12701,3030100343,"QUINTANA, LANI CELMAR",RES3,240,1
12702,3030200100,"ARPON, ARBETH",RES1,240,1
12703,3030200105,"BUSANTE, RODULFO",RES1,240,1
12704,3030200110,"CAPALAR, EDUARDO",RES3,240,1
12705,3030200115,"CULAR, NICO",RES1,240,1
12706,3030200120,"CULAR, PETRONILO",RES1,240,1
12707,3030200125,"ESTRADA, PAULINA",RES1,240,1
12708,3030200130,"GERONGANI, ANACORITA",RES1,240,1
12709,3030200135,"AVESTRUZ, GUADALUPE",RES2,240,1
12710,3030200140,"AVESTRUZ, ARLINA",RES1,240,1
12711,3030200145,"AGNER, JERICHO",RES1,240,1
12712,3030200150,"CULAR, OCTAVIO",RES2,240,1
12713,3030200155,"CARDINES, RUBIN",RES3,240,1
12714,3030200160,"DARGANTES, ALVIN",RES1,240,1
12715,3030200165,"MERELOS, TERESA D.",RES1,240,1
12716,3030200170,"DACARA, ERNESTO",RES2,240,1
12717,3030200175,"DACARA, MARIA",RES2,240,1
12718,3030200180,"DACARA, JOESEPHINE",RES3,240,1
12719,3030200185,"ASTIGA, VICTORIA",RES1,240,1
12720,3030200190,"BELZA, LORETA",RES2,240,1
12721,3030200195,"BELZA, TERENCIO",RES1,240,1
12722,3030200200,"BORERES, MARLYN",RES2,240,1
12723,3030200205,"AGOSTO, RHONEL",RES3,240,1
12724,3030200210,"CA?AN, FELINA",RES1,240,1
12725,3030200215,"DACARA, MANUELA",RES2,240,1
12726,3030200220,"ESCOBER, TERESITA",RES2,240,1
12727,3030200225,"SABLADA, ESTELITA",RES3,240,1
12728,3030200230,"VELLAVECENCIO, MARICEL",RES1,240,1
12729,3030200235,"APOSTOL, LUCILA",RES2,240,1
12730,3030200240,"ASTIGA, ADOLFO",RES1,240,1
12731,3030200245,"AZORES, CORAZON",RES2,240,1
12732,3030200250,"CANASTA, MARIA",RES1,240,1
12733,3030200255,"CA?EGA, AVELINA",RES2,240,1
12734,3030200260,"FIN, ARNEL",RES1,240,1
12735,3030200265,"LIPORADA, EFREN",RES1,240,1
12736,3030200270,"MOSTAZA, EDUARDO",RES3,240,1
12737,3030200275,"SALVACION, CELSO",RES1,240,1
12738,3030200280,"SALVACION, JASMEN",RES1,240,1
12739,3030200285,"SALVACION, DIONESIO",RES1,240,1
12740,3030200295,"SOLATORIO, RITCHE",RES3,240,1
12741,3030200300,"LUCETO, NECOMEDES",RES1,240,1
12742,3030200305,"ZATA, REYLAN",RES2,240,1
12743,3030200310,"CAPAYCAPAY, LETECIA",RES2,240,1
12744,3030200315,"BELLO, ANTONIO",RES1,240,1
12745,3030200320,GUINDAOHAN ELEMENTARY SCHOOL,RES1,240,1
12746,3030200325,"ZATA, GERALINE",RES1,240,1
12747,3030200330,"CAPAYCAPAY, JUANA",RES1,240,1
12748,3030200335,"COLIBAO, MA. LILIA",RES2,240,1
12749,3030200340,"COLIBAO, AGRIPINO",RES1,240,1
12750,3030200345,"FIN, AMALIA",RES1,240,1
12751,3030200350,FIN ROGER,RES1,240,1
12752,3030200355,BRGY. HALL,RES4,240,1
12753,3030200365,"BORERES, NATIVIDAD",RES1,240,1
12754,3030200370,"CULAR, GERALD",RES1,240,1
12755,3030200375,"CULAR, JESUS",RES3,240,1
12756,3030200380,"CULAR, JOEL",RES3,240,1
12757,3030200385,"ESTRADA, ALLAN",RES1,240,1
12758,3030200390,"BELLO, FLORA",RES1,240,1
12759,3030200395,"AZORES, LEONORA",RES1,240,1
12760,3030200400,"BORERES, LEO",RES1,240,1
12761,3030200405,"COLIBAO, FE",RES1,240,1
12762,3030200410,"MALABAT, LUCIA",RES2,240,1
12763,3030200415,"LAURE, ALICIA",RES3,240,1
12764,3030200420,"LAURE, ERLINDA",RES1,240,1
12765,3030200425,"CAPALAR, EDUARDA",RES1,240,1
12766,3030200430,"CAPALR, RAQUEL",RES1,240,1
12767,3030200435,"TADEFA, CHONA",RES2,240,1
12768,3030200440,"TADEFA, FELIX SR.",RES1,240,1
12769,3030200445,"TADEFA, JUDITH",RES1,240,1
12770,3030200450,"ZATA, MARY ANN",RES1,240,1
12771,3030200455,"AGOSTO, JEANNU ANN",RES1,240,1
12772,3030200460,"SALVACION, EDITA C.",RES1,240,1
12773,3030200465,"ZATA, VERGINIA C.",RES1,240,1
12774,3030200470,"BORERES, ROBERTO",RES1,240,1
12775,3030200475,"COLIBAO, MELISA",RES1,240,1
12776,3030200480,"LAURE, LEONARDA D.",RES1,240,1
12777,3030200485,"COTONER, EVELYN B.",RES1,240,1
12778,3030200495,"CAPALAR, ANGELES",RES1,240,1
12779,3030200500,"ESTRADA, REYNALDO",RES1,240,1
12780,3030200505,"ZATA, ANACORITA B.",RES1,240,1
12781,3030200510,"BORERES, BIENVINIDO",RES2,240,1
12782,3030200515,"QUILANTANG, IAN T.",RES3,240,1
12783,3030200520,"CASTROVERDE, CAMILLO",RES1,240,1
12784,3030200525,"ESCOBER, SAMUEL A.",RES1,240,1
12785,3030200530,"TADEFA, ROSALIA",RES2,240,1
12786,3030200540,"TADEFA, RAMEL",RES1,240,1
12787,3030200545,"TADEFA, ROGER",RES2,240,1
12788,3030200550,"BAGARES, LOLITA",RES2,240,1
12789,3030200552,"ZATA, MARGARITA C.",RES1,240,1
12790,3030200555,"IDLISAN, ROSELIE",RES2,240,1
12791,3030200556,"ASTIGA, MAYLYN BUSTILLO",RES1,240,1
12792,3030200557,"AZORES, AINA BORERES",RES2,240,1
12793,3030200558,"FIN, TERESA D.",RES1,240,1
12794,3030200559,"YAPE, JESSICA ARIAS",RES1,240,1
12795,3030200560,"IDLISAN, EULINDA CANDASUA",RES2,240,1
12796,3030200561,"CAÑEDA, RONNIE SEBRENILLO",RES1,240,1
12797,3030200562,"AZORES, NENITA BUGAL",RES1,240,1
12798,3030200563,"CAUBALEJO, JESSABEL DELIMA",RES1,240,1
12799,3030200564,"UYSON, RODEL NIEL DELIMA",RES1,240,1
12800,3030200565,"ZATA, ANALLE B.",RES1,240,1
12801,3030200566,"DINGCOL, MARY JANE FLORENDO",RES1,240,1
12802,3030200567,"AGNER, VAL AVESTRUZ",RES1,240,1
12803,3030200568,"CAPALAR, MARGIE URMENITA",RES1,240,1
12804,3030200569,"ZAMORA, ALANA E",RES1,240,1
12805,3030200570,"EGUIA, ROSARIO",RES1,240,1
12806,3030200571,BRGY HEALTH STATION,PB,240,1
12807,3030250188,"GARSAIN, AILEEN",RES4,240,1
12808,3030260100,"ABARCA, IRENE A.",RES1,240,1
12809,3030260105,"ABARCA, BENJAMIN",RES1,240,1
12810,3030260110,"ABARCA, LUISITO A.",RES1,240,1
12811,3030260115,"AVILA, MYRNA B.",RES1,240,1
12812,3030260120,"AVILA, VIRGINIA S.",RES1,240,1
12813,3030260125,"CAPILI, FEDELINA S.",RES1,240,1
12814,3030260130,"PEÑARANDA, ROWENA A.",RES1,240,1
12815,3030260135,"ASIS, JOVITA A.",RES1,240,1
12816,3030260145,"RAGANIT, JOEL A.",RES1,240,1
12817,3030260150,"ALONZO, BRIGIDO A.",RES1,240,1
12818,3030260155,"ARPON, MARJORIE M.",RES1,240,1
12819,3030260160,"BLANKER, TERESA B.",RES1,240,1
12820,3030260165,"ARPON, LAURIANO A.",RES1,240,1
12821,3030260170,"ARPON, RODELEN O.",RES1,240,1
12822,3030260175,"ARPON, MICO A.",RES1,240,1
12823,3030260185,"CORBILLA, LORENZO C.",RES1,240,1
12824,3030260190,"CORBILLA, MARCIANO C.",RES1,240,1
12825,3030260195,"NALDA, EUGENIO A.",RES1,240,1
12826,3030260201,"BROWN, ROMANA",RES2,240,1
12827,3030260202,"ABARCA, LUIS",RES3,240,1
12828,3030260203,"ARPON, SANTIAGO ASIS JR",RES1,240,1
12829,3030260204,"ASIS, AMELITA CUESTA",RES1,240,1
12830,3030260205,"CABOJOC, MARY JANE ABARCA",RES2,240,1
12831,3030260206,"ABARCA, PORFERIO OLEDAN",RES1,240,1
12832,3030320001,"ADRALES, JOSELITO BALAIS",RES1,240,1
12833,3030320002,"PANIS, RANDY BINGCO",RES1,240,1
12834,3030320003,"PANIS, RIZA BINGCO",RES1,240,1
12835,3030320004,"AGUILON, MERCEDES AZORES",RES1,240,1
12836,3030320005,"ELLASO, PASTOR",RES2,240,1
12837,3030320006,"ARCON, MARIO MENDIOLA",RES1,240,1
12838,3030320007,"RECILLA, PABLO LIPORADA",RES1,240,1
12839,3030320008,"EMPIL, DANILO BEROHILA",RES1,240,1
12840,3030320009,"BRAZIL, JAIME A.",RES1,240,1
12841,3030320010,"IMPEL, MARIVIC LOPEZ",RES1,240,1
12842,3030320011,"BERDAN, JOAN GUTIERREZ",RES1,240,1
12843,3030320012,"ASIS, JOSE JR. C.",RES3,240,1
12844,3030320013,"ASIS, MADELINE SEDILLO",RES1,240,1
12845,3030320014,"ASIS, JONARD CINCO",RES1,240,1
12846,3030320015,"HOMERES, MINERVA ASIS",RES1,240,1
12847,3030320016,"AGUILON, MARK BRAZIL",RES2,240,1
12848,3030330156,"MAGALLANES, GERLINDO A.",RES1,240,1
12849,3030730245,BARUGO COCKPIT ARENA C/O ELIEZER N. ARPON,INDL1,240,1
12850,30-3094-0161,"SO. BULOD, BUKID",RES1,240,1
12851,30-3094-0162,"SO. BULOD, BUKID",RES1,240,1
12852,30-3094-0163,"SO. BULOD, BUKID",RES1,240,1
12853,30-3094-0164,"SO. BULOD, BUKID",RES1,240,1
12854,30-3094-0165,"SO. BULOD, BUKID",RES1,240,1
12855,30-3094-0166,"SO. BULOD, BUKID",RES1,240,1
12856,30-3094-0167,"SO. BULOD, BUKID",RES1,240,1
12857,30-3094-0168,"SO. BULOD, BUKID",RES1,240,1
12858,30-3094-0169,"SO. BULOD, BUKID",RES1,240,1
12859,30-3094-0170,"SO. BULOD, BUKID",RES1,240,1
12860,30-3094-0171,"SO. BULOD, BUKID",RES1,240,1
12861,30-3094-0172,"SO. BULOD, BUKID",RES1,240,1
12862,30-3094-0173,"SO. BULOD, BUKID",RES1,240,1
12863,30-3094-0174,"SO. BULOD, BUKID",RES1,240,1
12864,30-3094-0175,"SO. BULOD, BUKID",RES1,240,1
12865,30-3094-0177,"SO. BULOD, BUKID",RES1,240,1
12866,30-3094-0178,"SO. BULOD, BUKID",RES1,240,1
12867,30-3094-0179,"SO. BULOD, BUKID",RES1,240,1
12868,30-3094-0180,"SO. BULOD, BUKID",RES1,240,1
12869,30-3094-0181,"SO. BULOD, BUKID",RES1,240,1
12870,30-3094-0182,"SO. BULOD, BUKID",RES1,240,1
12871,30-3094-0183,"SO. BULOD, BUKID",RES1,240,1
12872,30-3096-0172,"SO. MARIKOT, BUKID",RES1,240,1
12873,30-3096-0174,"SO. MARIKOT, BUKID",RES1,240,1
12874,30-3096-0175,"SO. MARIKOT, BUKID",RES1,240,1
12875,30-3096-0176,"SO. MARIKOT, BUKID",RES1,240,1
12876,30-3096-0177,"SO. MARIKOT, BUKID",RES1,240,1
12877,30-3096-0178,"SO. MARIKOT, BUKID",RES1,240,1
12878,30-3096-0179,"SO. MARIKOT, BUKID",RES1,240,1
12879,30-3096-0180,"SO. MARIKOT, BUKID",RES1,240,1
12880,30-3096-0181,"SO. MARIKOT, BUKID",RES1,240,1
12881,30-3096-0182,"SO. MARIKOT, BUKID",RES1,240,1
12882,30-3096-0183,"SO. MARIKOT, BUKID",RES1,240,1
12883,30-3096-0184,"SO. MARIKOT, BUKID",RES1,240,1
12884,30-3096-0185,"SO. MARIKOT, BUKID",RES1,240,1
12885,3030081317,"ELMIDO, RUSTAN LYNCH C.",RES2,240,1
12886,3030091338,"SALINASAN, LUCENA BALILI",RES1,240,1
12887,3030091340,"MAGLINTE, ALUINO AVESTRUZ",RES1,240,1
12888,3030091339,"ALOMBRO, MARIBEL PAROJINOG",COM2,240,1
12889,3030091341,"ASIS, JUDITH ARPON",RES3,240,1
12890,3030090655,"DAA, BEATRIZ M.",RES1,240,1
12891,3030200360,"COLIBAO, MA. JENEFER",RES1,240,1
12892,3030200577,"ASTIGA, WHELMA LAWAAN",RES1,240,1
12893,3030730309,"DACOYCOY, EDGAR VERGARA",INDL1,240,1
12894,3030091343,"MANRIQUEZ, GINA NODALO",RES1,240,1
12895,3030091350,"ASIS, GILBERT BUÑALES",RES1,240,1
12896,3030091349,"OBISCORO, CAROLINE PASCUAL",RES1,240,1
12897,3030091353,"ASTILLA, ESTELA CAMPOSANO",RES3,240,1
12898,3030091351,"INSIGNE, MAY ANN BRIONES",RES3,240,1
12899,3030091342,"ARPON, GINA ILUPITAN",RES1,240,1
12900,3030091344,"ARPON, ROLANDO ZATA",RES1,240,1
12901,3030091347,"BUSTILLO, EULALIA FAJARDO",RES4,240,1
12902,3030091345,"GERALDO, CHRISTOPHER ENITES",RES1,240,1
12903,3030091348,"AVESTRUZ, JONEL BRIONES",RES1,240,1
12904,3030091346,"CASILAGAN, CAROLINE ACEBO",RES1,240,1
12905,3030091352,"DE SABELLE, GINA",RES1,240,1
12906,3030200578,"PANGALAO, JAMAIMA ASTELIO",RES1,240,1
12907,3030200581,"ZATA, LILIA PERNIS",RES1,240,1
12908,3030200579,"BORERES, ELENA NUÑEZ",RES1,240,1
12909,3030200582,"MORALES, ROXAN TIMONEL",RES1,240,1
12910,3030200580,"FIN, AMALIA SALVACION",RES1,240,1
12911,3030200290,"SALVACION, MARGARITA",RES1,240,1
12912,3030260207,"CORTAN, MA. AIZA BACALLA",RES2,240,1
12913,3030081336,"CUBARRUBIA, ALMA ALCOBER",RES1,240,1
12914,3030100344,"AGOSTO, JAYVEE KIM BUSANTE",RES1,240,1
12915,2020720654,CARIGARA BPI DIRECT BANKO,INDL3,240,1
12916,2020720655,"CARD MRI RIZAL BANK, INC./BRANDEZ, RONIE",COM3,240,1
12917,2020720648,"PAMANIAN, SALVADOR JR. JAVINES",INDL1,240,1
