{
  "type": "FeatureCollection",
  "features": [
    {
      "type": "Feature",
      "id": "pole_81",
      "geometry": {
        "type": "Point",
        "coordinates": [
          124.6821812,
          11.29788001
        ]
      },
      "properties": {
        "pole_number": "81",
        "feeder": "F6",
        "circuit": "3 Phase",
        "primary_bus": "81",
        "transformer_bus": null,
        "secondary_bus": null,
        "feature_type": "pole"
      }
    },
    {
      "type": "Feature",
      "id": "pole_80",
      "geometry": {
        "type": "Point",
        "coordinates": [
          124.6819454,
          11.29797571
        ]
      },
      "properties": {
        "pole_number": "80",
        "feeder": "F6",
        "circuit": "3 Phase",
        "primary_bus": "80",
        "transformer_bus": null,
        "secondary_bus": "80-2",
        "feature_type": "pole"
      }
    },
    {
      "type": "Feature",
      "id": "pole_79",
      "geometry": {
        "type": "Point",
        "coordinates": [
          124.6811695,
          11.29840378
        ]
      },
      "properties": {
        "pole_number": "79",
        "feeder": "F6",
        "circuit": "3 Phase",
        "primary_bus": "79",
        "transformer_bus": null,
        "secondary_bus": "79-3",
        "feature_type": "pole"
      }
    },
    {
      "type": "Feature",
      "id": "pole_79-a",
      "geometry": {
        "type": "Point",
        "coordinates": [
          124.68056,
          11.29833
        ]
      },
      "properties": {
        "pole_number": "79-a",
        "feeder": "F6",
        "circuit": "Unknown",
        "primary_bus": null,
        "transformer_bus": null,
        "secondary_bus": "79-3a",
        "feature_type": "pole"
      }
    },
    {
      "type": "Feature",
      "id": "pole_78",
      "geometry": {
        "type": "Point",
        "coordinates": [
          124.6805036,
          11.29874774
        ]
      },
      "properties": {
        "pole_number": "78",
        "feeder": "F6",
        "circuit": "3 Phase",
        "primary_bus": "78",
        "transformer_bus": null,
        "secondary_bus": null,
        "feature_type": "pole"
      }
    },
    {
      "type": "Feature",
      "id": "pole_77",
      "geometry": {
        "type": "Point",
        "coordinates": [
          124.6801015,
          11.29896082
        ]
      },
      "properties": {
        "pole_number": "77",
        "feeder": "F6",
        "circuit": "3 Phase",
        "primary_bus": "77",
        "transformer_bus": null,
        "secondary_bus": "1",
        "feature_type": "pole"
      }
    },
    {
      "type": "Feature",
      "id": "pole_76",
      "geometry": {
        "type": "Point",
        "coordinates": [
          124.6794234,
          11.29901377
        ]
      },
      "properties": {
        "pole_number": "76",
        "feeder": "F6",
        "circuit": "3 Phase",
        "primary_bus": "76",
        "transformer_bus": null,
        "secondary_bus": "2",
        "feature_type": "pole"
      }
    },
    {
      "type": "Feature",
      "id": "pole_74",
      "geometry": {
        "type": "Point",
        "coordinates": [
          124.6785288,
          11.29906097
        ]
      },
      "properties": {
        "pole_number": "74",
        "feeder": "F6",
        "circuit": "3 Phase",
        "primary_bus": "74",
        "transformer_bus": "74",
        "secondary_bus": "4",
        "feature_type": "pole"
      }
    },
    {
      "type": "Feature",
      "id": "pole_74-a",
      "geometry": {
        "type": "Point",
        "coordinates": [
          124.6787228,
          11.29880436
        ]
      },
      "properties": {
        "pole_number": "74-a",
        "feeder": "F6",
        "circuit": "3 Phase",
        "primary_bus": "74-a",
        "transformer_bus": null,
        "secondary_bus": "4-a",
        "feature_type": "pole"
      }
    },
    {
      "type": "Feature",
      "id": "pole_73",
      "geometry": {
        "type": "Point",
        "coordinates": [
          124.6778973,
          11.29907882
        ]
      },
      "properties": {
        "pole_number": "73",
        "feeder": "F6",
        "circuit": "3 Phase",
        "primary_bus": "73",
        "transformer_bus": "73",
        "secondary_bus": "5",
        "feature_type": "pole"
      }
    },
    {
      "type": "Feature",
      "id": "pole_72",
      "geometry": {
        "type": "Point",
        "coordinates": [
          124.677731,
          11.29911201
        ]
      },
      "properties": {
        "pole_number": "72",
        "feeder": "F6",
        "circuit": "3 Phase",
        "primary_bus": "72",
        "transformer_bus": null,
        "secondary_bus": "6",
        "feature_type": "pole"
      }
    },
    {
      "type": "Feature",
      "id": "pole_72-A",
      "geometry": {
        "type": "Point",
        "coordinates": [
          124.6776181,
          11.29973427
        ]
      },
      "properties": {
        "pole_number": "72-A",
        "feeder": "F6",
        "circuit": "3 Phase",
        "primary_bus": null,
        "transformer_bus": null,
        "secondary_bus": "6-A",
        "feature_type": "pole"
      }
    },
    {
      "type": "Feature",
      "id": "pole_72-B",
      "geometry": {
        "type": "Point",
        "coordinates": [
          124.6776181,
          11.30026287
        ]
      },
      "properties": {
        "pole_number": "72-B",
        "feeder": "F6",
        "circuit": "3 Phase",
        "primary_bus": null,
        "transformer_bus": null,
        "secondary_bus": "6-B",
        "feature_type": "pole"
      }
    },
    {
      "type": "Feature",
      "id": "pole_72-C",
      "geometry": {
        "type": "Point",
        "coordinates": [
          124.67778,
          11.3008
        ]
      },
      "properties": {
        "pole_number": "72-C",
        "feeder": "F6",
        "circuit": "3 Phase",
        "primary_bus": null,
        "transformer_bus": null,
        "secondary_bus": "6-C",
        "feature_type": "pole"
      }
    },
    {
      "type": "Feature",
      "id": "pole_72-a",
      "geometry": {
        "type": "Point",
        "coordinates": [
          124.6776,
          11.29895
        ]
      },
      "properties": {
        "pole_number": "72-a",
        "feeder": "F6",
        "circuit": "3 Phase",
        "primary_bus": null,
        "transformer_bus": null,
        "secondary_bus": "6-a",
        "feature_type": "pole"
      }
    },
    {
      "type": "Feature",
      "id": "pole_72-b",
      "geometry": {
        "type": "Point",
        "coordinates": [
          124.67768,
          11.29828
        ]
      },
      "properties": {
        "pole_number": "72-b",
        "feeder": "F6",
        "circuit": "3 Phase",
        "primary_bus": null,
        "transformer_bus": null,
        "secondary_bus": "6-b",
        "feature_type": "pole"
      }
    },
    {
      "type": "Feature",
      "id": "pole_71",
      "geometry": {
        "type": "Point",
        "coordinates": [
          124.67722,
          11.29923
        ]
      },
      "properties": {
        "pole_number": "71",
        "feeder": "F6",
        "circuit": "3 Phase",
        "primary_bus": "71",
        "transformer_bus": null,
        "secondary_bus": "7",
        "feature_type": "pole"
      }
    },
    {
      "type": "Feature",
      "id": "pole_70",
      "geometry": {
        "type": "Point",
        "coordinates": [
          124.6762625,
          11.29919891
        ]
      },
      "properties": {
        "pole_number": "70",
        "feeder": "F6",
        "circuit": "3 Phase",
        "primary_bus": "70",
        "transformer_bus": null,
        "secondary_bus": "8",
        "feature_type": "pole"
      }
    },
    {
      "type": "Feature",
      "id": "pole_70-a",
      "geometry": {
        "type": "Point",
        "coordinates": [
          124.6762203,
          11.29902962
        ]
      },
      "properties": {
        "pole_number": "70-a",
        "feeder": "F6",
        "circuit": "3 Phase",
        "primary_bus": null,
        "transformer_bus": null,
        "secondary_bus": "8-a",
        "feature_type": "pole"
      }
    },
    {
      "type": "Feature",
      "id": "pole_69",
      "geometry": {
        "type": "Point",
        "coordinates": [
          124.675223,
          11.29927221
        ]
      },
      "properties": {
        "pole_number": "69",
        "feeder": "F6",
        "circuit": "3 Phase",
        "primary_bus": "69",
        "transformer_bus": null,
        "secondary_bus": null,
        "feature_type": "pole"
      }
    },
    {
      "type": "Feature",
      "id": "pole_68",
      "geometry": {
        "type": "Point",
        "coordinates": [
          124.6742276,
          11.29906345
        ]
      },
      "properties": {
        "pole_number": "68",
        "feeder": "F6",
        "circuit": "3 Phase",
        "primary_bus": "68",
        "transformer_bus": null,
        "secondary_bus": null,
        "feature_type": "pole"
      }
    },
    {
      "type": "Feature",
      "id": "pole_67",
      "geometry": {
        "type": "Point",
        "coordinates": [
          124.6732692,
          11.29881081
        ]
      },
      "properties": {
        "pole_number": "67",
        "feeder": "F6",
        "circuit": "3 Phase",
        "primary_bus": "67",
        "transformer_bus": null,
        "secondary_bus": "1",
        "feature_type": "pole"
      }
    },
    {
      "type": "Feature",
      "id": "pole_66",
      "geometry": {
        "type": "Point",
        "coordinates": [
          124.6726045,
          11.29864316
        ]
      },
      "properties": {
        "pole_number": "66",
        "feeder": "F6",
        "circuit": "3 Phase",
        "primary_bus": "66",
        "transformer_bus": null,
        "secondary_bus": "2",
        "feature_type": "pole"
      }
    },
    {
      "type": "Feature",
      "id": "pole_65",
      "geometry": {
        "type": "Point",
        "coordinates": [
          124.671998,
          11.29842138
        ]
      },
      "properties": {
        "pole_number": "65",
        "feeder": "F6",
        "circuit": "3 Phase",
        "primary_bus": "65",
        "transformer_bus": null,
        "secondary_bus": "3",
        "feature_type": "pole"
      }
    },
    {
      "type": "Feature",
      "id": "pole_64",
      "geometry": {
        "type": "Point",
        "coordinates": [
          124.6714681,
          11.29829396
        ]
      },
      "properties": {
        "pole_number": "64",
        "feeder": "F6",
        "circuit": "3 Phase",
        "primary_bus": "64",
        "transformer_bus": "63",
        "secondary_bus": "4",
        "feature_type": "pole"
      }
    },
    {
      "type": "Feature",
      "id": "pole_64-A",
      "geometry": {
        "type": "Point",
        "coordinates": [
          124.6711,
          11.29875
        ]
      },
      "properties": {
        "pole_number": "64-A",
        "feeder": "F6",
        "circuit": "3 Phase",
        "primary_bus": null,
        "transformer_bus": null,
        "secondary_bus": "4-A",
        "feature_type": "pole"
      }
    },
    {
      "type": "Feature",
      "id": "pole_64-B",
      "geometry": {
        "type": "Point",
        "coordinates": [
          124.6713,
          11.29927
        ]
      },
      "properties": {
        "pole_number": "64-B",
        "feeder": "F6",
        "circuit": "3 Phase",
        "primary_bus": null,
        "transformer_bus": null,
        "secondary_bus": "4-B",
        "feature_type": "pole"
      }
    },
    {
      "type": "Feature",
      "id": "pole_64-C",
      "geometry": {
        "type": "Point",
        "coordinates": [
          124.6712,
          11.29993
        ]
      },
      "properties": {
        "pole_number": "64-C",
        "feeder": "F6",
        "circuit": "3 Phase",
        "primary_bus": null,
        "transformer_bus": null,
        "secondary_bus": "4-C",
        "feature_type": "pole"
      }
    },
    {
      "type": "Feature",
      "id": "pole_64-D",
      "geometry": {
        "type": "Point",
        "coordinates": [
          124.6712,
          11.30038
        ]
      },
      "properties": {
        "pole_number": "64-D",
        "feeder": "F6",
        "circuit": "3 Phase",
        "primary_bus": null,
        "transformer_bus": null,
        "secondary_bus": "4-D",
        "feature_type": "pole"
      }
    },
    {
      "type": "Feature",
      "id": "pole_64-E",
      "geometry": {
        "type": "Point",
        "coordinates": [
          124.6712,
          11.30095
        ]
      },
      "properties": {
        "pole_number": "64-E",
        "feeder": "F6",
        "circuit": "3 Phase",
        "primary_bus": null,
        "transformer_bus": null,
        "secondary_bus": "4-E",
        "feature_type": "pole"
      }
    },
    {
      "type": "Feature",
      "id": "pole_64-a",
      "geometry": {
        "type": "Point",
        "coordinates": [
          124.6717298,
          11.2979287
        ]
      },
      "properties": {
        "pole_number": "64-a",
        "feeder": "F6",
        "circuit": "Single Phase",
        "primary_bus": "64-a",
        "transformer_bus": null,
        "secondary_bus": null,
        "feature_type": "pole"
      }
    },
    {
      "type": "Feature",
      "id": "pole_64-b",
      "geometry": {
        "type": "Point",
        "coordinates": [
          124.672004,
          11.29751863
        ]
      },
      "properties": {
        "pole_number": "64-b",
        "feeder": "F6",
        "circuit": "Single Phase",
        "primary_bus": "64-b",
        "transformer_bus": "63-b",
        "secondary_bus": null,
        "feature_type": "pole"
      }
    },
    {
      "type": "Feature",
      "id": "pole_64-c",
      "geometry": {
        "type": "Point",
        "coordinates": [
          124.6719867,
          11.29704267
        ]
      },
      "properties": {
        "pole_number": "64-c",
        "feeder": "F6",
        "circuit": "Single Phase",
        "primary_bus": "64-c",
        "transformer_bus": null,
        "secondary_bus": "1",
        "feature_type": "pole"
      }
    },
    {
      "type": "Feature",
      "id": "pole_64-d",
      "geometry": {
        "type": "Point",
        "coordinates": [
          124.6723295,
          11.29661581
        ]
      },
      "properties": {
        "pole_number": "64-d",
        "feeder": "F6",
        "circuit": "Single Phase",
        "primary_bus": "64-d",
        "transformer_bus": null,
        "secondary_bus": "2",
        "feature_type": "pole"
      }
    },
    {
      "type": "Feature",
      "id": "pole_64-e",
      "geometry": {
        "type": "Point",
        "coordinates": [
          124.6724936,
          11.29617925
        ]
      },
      "properties": {
        "pole_number": "64-e",
        "feeder": "F6",
        "circuit": "Single Phase",
        "primary_bus": "64-e",
        "transformer_bus": null,
        "secondary_bus": "3",
        "feature_type": "pole"
      }
    },
    {
      "type": "Feature",
      "id": "pole_64-f",
      "geometry": {
        "type": "Point",
        "coordinates": [
          124.672746,
          11.29575732
        ]
      },
      "properties": {
        "pole_number": "64-f",
        "feeder": "F6",
        "circuit": "Single Phase",
        "primary_bus": "64-f",
        "transformer_bus": null,
        "secondary_bus": "4",
        "feature_type": "pole"
      }
    },
    {
      "type": "Feature",
      "id": "pole_64-g",
      "geometry": {
        "type": "Point",
        "coordinates": [
          124.6727784,
          11.2951617
        ]
      },
      "properties": {
        "pole_number": "64-g",
        "feeder": "F6",
        "circuit": "Single Phase",
        "primary_bus": "64-g",
        "transformer_bus": null,
        "secondary_bus": "5",
        "feature_type": "pole"
      }
    },
    {
      "type": "Feature",
      "id": "pole_64-",
      "geometry": {
        "type": "Point",
        "coordinates": [
          124.6732134,
          11.2948174
        ]
      },
      "properties": {
        "pole_number": "64-",
        "feeder": "F6",
        "circuit": "Single Phase",
        "primary_bus": "64-h",
        "transformer_bus": null,
        "secondary_bus": "6",
        "feature_type": "pole"
      }
    },
    {
      "type": "Feature",
      "id": "pole_64-i",
      "geometry": {
        "type": "Point",
        "coordinates": [
          124.6736626,
          11.29444423
        ]
      },
      "properties": {
        "pole_number": "64-i",
        "feeder": "F6",
        "circuit": "Single Phase",
        "primary_bus": "64-i",
        "transformer_bus": null,
        "secondary_bus": "7",
        "feature_type": "pole"
      }
    },
    {
      "type": "Feature",
      "id": "pole_64-j",
      "geometry": {
        "type": "Point",
        "coordinates": [
          124.6743706,
          11.29415751
        ]
      },
      "properties": {
        "pole_number": "64-j",
        "feeder": "F6",
        "circuit": "Single Phase",
        "primary_bus": "64-j",
        "transformer_bus": "64-j",
        "secondary_bus": "8",
        "feature_type": "pole"
      }
    },
    {
      "type": "Feature",
      "id": "pole_64-k",
      "geometry": {
        "type": "Point",
        "coordinates": [
          124.6751462,
          11.29405921
        ]
      },
      "properties": {
        "pole_number": "64-k",
        "feeder": "F6",
        "circuit": "Single Phase",
        "primary_bus": "64-k",
        "transformer_bus": null,
        "secondary_bus": "9",
        "feature_type": "pole"
      }
    },
    {
      "type": "Feature",
      "id": "pole_64-l",
      "geometry": {
        "type": "Point",
        "coordinates": [
          124.6756454,
          11.29390446
        ]
      },
      "properties": {
        "pole_number": "64-l",
        "feeder": "F6",
        "circuit": "Single Phase",
        "primary_bus": "64-l",
        "transformer_bus": null,
        "secondary_bus": "10",
        "feature_type": "pole"
      }
    },
    {
      "type": "Feature",
      "id": "pole_64-m",
      "geometry": {
        "type": "Point",
        "coordinates": [
          124.6759573,
          11.29345958
        ]
      },
      "properties": {
        "pole_number": "64-m",
        "feeder": "F6",
        "circuit": "Single Phase",
        "primary_bus": "64-m",
        "transformer_bus": null,
        "secondary_bus": "11",
        "feature_type": "pole"
      }
    },
    {
      "type": "Feature",
      "id": "pole_64-n",
      "geometry": {
        "type": "Point",
        "coordinates": [
          124.6759693,
          11.29302235
        ]
      },
      "properties": {
        "pole_number": "64-n",
        "feeder": "F6",
        "circuit": "Single Phase",
        "primary_bus": "64-n",
        "transformer_bus": null,
        "secondary_bus": "12",
        "feature_type": "pole"
      }
    },
    {
      "type": "Feature",
      "id": "pole_64-n-a",
      "geometry": {
        "type": "Point",
        "coordinates": [
          124.6753658,
          11.29311838
        ]
      },
      "properties": {
        "pole_number": "64-n-a",
        "feeder": "F6",
        "circuit": "Single Phase",
        "primary_bus": "64-n-a",
        "transformer_bus": null,
        "secondary_bus": null,
        "feature_type": "pole"
      }
    },
    {
      "type": "Feature",
      "id": "pole_64-n-b",
      "geometry": {
        "type": "Point",
        "coordinates": [
          124.67489,
          11.29304
        ]
      },
      "properties": {
        "pole_number": "64-n-b",
        "feeder": "F6",
        "circuit": "Single Phase",
        "primary_bus": "64-n-b",
        "transformer_bus": null,
        "secondary_bus": null,
        "feature_type": "pole"
      }
    },
    {
      "type": "Feature",
      "id": "pole_64-n-b-a",
      "geometry": {
        "type": "Point",
        "coordinates": [
          124.6760407,
          11.29249764
        ]
      },
      "properties": {
        "pole_number": "64-n-b-a",
        "feeder": "F6",
        "circuit": "Single Phase",
        "primary_bus": "64-n-b-a",
        "transformer_bus": null,
        "secondary_bus": "13",
        "feature_type": "pole"
      }
    },
    {
      "type": "Feature",
      "id": "pole_64-n-b-b",
      "geometry": {
        "type": "Point",
        "coordinates": [
          124.6760961,
          11.29221618
        ]
      },
      "properties": {
        "pole_number": "64-n-b-b",
        "feeder": "F6",
        "circuit": "Single Phase",
        "primary_bus": "64-n-b-b",
        "transformer_bus": null,
        "secondary_bus": "14",
        "feature_type": "pole"
      }
    },
    {
      "type": "Feature",
      "id": "pole_64-n-b-c",
      "geometry": {
        "type": "Point",
        "coordinates": [
          124.676625,
          11.29232646
        ]
      },
      "properties": {
        "pole_number": "64-n-b-c",
        "feeder": "F6",
        "circuit": "Single Phase",
        "primary_bus": "64-n-b-c",
        "transformer_bus": null,
        "secondary_bus": "15",
        "feature_type": "pole"
      }
    },
    {
      "type": "Feature",
      "id": "pole_64-n-b-e",
      "geometry": {
        "type": "Point",
        "coordinates": [
          124.6771338,
          11.29248867
        ]
      },
      "properties": {
        "pole_number": "64-n-b-e",
        "feeder": "F6",
        "circuit": "Single Phase",
        "primary_bus": "64-n-b-e",
        "transformer_bus": null,
        "secondary_bus": "16",
        "feature_type": "pole"
      }
    },
    {
      "type": "Feature",
      "id": "pole_64-n-b-f",
      "geometry": {
        "type": "Point",
        "coordinates": [
          124.677637,
          11.29250129
        ]
      },
      "properties": {
        "pole_number": "64-n-b-f",
        "feeder": "F6",
        "circuit": "Single Phase",
        "primary_bus": "64-n-b-f",
        "transformer_bus": null,
        "secondary_bus": "17",
        "feature_type": "pole"
      }
    },
    {
      "type": "Feature",
      "id": "pole_64-n-b-g",
      "geometry": {
        "type": "Point",
        "coordinates": [
          124.6775657,
          11.29187817
        ]
      },
      "properties": {
        "pole_number": "64-n-b-g",
        "feeder": "F6",
        "circuit": "Single Phase",
        "primary_bus": "64-n-b-g",
        "transformer_bus": null,
        "secondary_bus": "18",
        "feature_type": "pole"
      }
    },
    {
      "type": "Feature",
      "id": "pole_64-n-b-h",
      "geometry": {
        "type": "Point",
        "coordinates": [
          124.6780031,
          11.29168379
        ]
      },
      "properties": {
        "pole_number": "64-n-b-h",
        "feeder": "F6",
        "circuit": "Single Phase",
        "primary_bus": "64-n-b-h",
        "transformer_bus": null,
        "secondary_bus": "19",
        "feature_type": "pole"
      }
    },
    {
      "type": "Feature",
      "id": "pole_64-n-b-i",
      "geometry": {
        "type": "Point",
        "coordinates": [
          124.6784656,
          11.29149406
        ]
      },
      "properties": {
        "pole_number": "64-n-b-i",
        "feeder": "F6",
        "circuit": "Single Phase",
        "primary_bus": "64-n-b-i",
        "transformer_bus": null,
        "secondary_bus": "20",
        "feature_type": "pole"
      }
    },
    {
      "type": "Feature",
      "id": "pole_64-n-b-j",
      "geometry": {
        "type": "Point",
        "coordinates": [
          124.6783,
          11.2909
        ]
      },
      "properties": {
        "pole_number": "64-n-b-j",
        "feeder": "F6",
        "circuit": "Single Phase",
        "primary_bus": "64-n-b-j",
        "transformer_bus": null,
        "secondary_bus": "21",
        "feature_type": "pole"
      }
    },
    {
      "type": "Feature",
      "id": "pole_64-n-b-k",
      "geometry": {
        "type": "Point",
        "coordinates": [
          124.67804,
          11.29031
        ]
      },
      "properties": {
        "pole_number": "64-n-b-k",
        "feeder": "F6",
        "circuit": "Single Phase",
        "primary_bus": "64-n-b-k",
        "transformer_bus": null,
        "secondary_bus": "22",
        "feature_type": "pole"
      }
    },
    {
      "type": "Feature",
      "id": "pole_64-n-b-l",
      "geometry": {
        "type": "Point",
        "coordinates": [
          124.67794,
          11.2899
        ]
      },
      "properties": {
        "pole_number": "64-n-b-l",
        "feeder": "F6",
        "circuit": "Single Phase",
        "primary_bus": "64-n-b-l",
        "transformer_bus": null,
        "secondary_bus": "23",
        "feature_type": "pole"
      }
    },
    {
      "type": "Feature",
      "id": "pole_63",
      "geometry": {
        "type": "Point",
        "coordinates": [
          124.6709567,
          11.29804571
        ]
      },
      "properties": {
        "pole_number": "63",
        "feeder": "F6",
        "circuit": "3 Phase",
        "primary_bus": "63",
        "transformer_bus": "63",
        "secondary_bus": "5",
        "feature_type": "pole"
      }
    },
    {
      "type": "Feature",
      "id": "pole_62",
      "geometry": {
        "type": "Point",
        "coordinates": [
          124.6704663,
          11.29792295
        ]
      },
      "properties": {
        "pole_number": "62",
        "feeder": "F6",
        "circuit": "3 Phase",
        "primary_bus": "62",
        "transformer_bus": null,
        "secondary_bus": "6",
        "feature_type": "pole"
      }
    },
    {
      "type": "Feature",
      "id": "pole_62-a",
      "geometry": {
        "type": "Point",
        "coordinates": [
          124.6705173,
          11.29776776
        ]
      },
      "properties": {
        "pole_number": "62-a",
        "feeder": "F6",
        "circuit": "Single Phase",
        "primary_bus": null,
        "transformer_bus": null,
        "secondary_bus": "6-a",
        "feature_type": "pole"
      }
    },
    {
      "type": "Feature",
      "id": "pole_61",
      "geometry": {
        "type": "Point",
        "coordinates": [
          124.6699312,
          11.29771684
        ]
      },
      "properties": {
        "pole_number": "61",
        "feeder": "F6",
        "circuit": "3 Phase",
        "primary_bus": "61",
        "transformer_bus": null,
        "secondary_bus": "7",
        "feature_type": "pole"
      }
    },
    {
      "type": "Feature",
      "id": "pole_60",
      "geometry": {
        "type": "Point",
        "coordinates": [
          124.6692282,
          11.29747024
        ]
      },
      "properties": {
        "pole_number": "60",
        "feeder": "F6",
        "circuit": "3 Phase",
        "primary_bus": "60",
        "transformer_bus": null,
        "secondary_bus": "8",
        "feature_type": "pole"
      }
    },
    {
      "type": "Feature",
      "id": "pole_59",
      "geometry": {
        "type": "Point",
        "coordinates": [
          124.6684804,
          11.29722082
        ]
      },
      "properties": {
        "pole_number": "59",
        "feeder": "F6",
        "circuit": "3 Phase",
        "primary_bus": "59",
        "transformer_bus": null,
        "secondary_bus": "9",
        "feature_type": "pole"
      }
    },
    {
      "type": "Feature",
      "id": "pole_58",
      "geometry": {
        "type": "Point",
        "coordinates": [
          124.6675317,
          11.29689802
        ]
      },
      "properties": {
        "pole_number": "58",
        "feeder": "F6",
        "circuit": "3 Phase",
        "primary_bus": "58",
        "transformer_bus": null,
        "secondary_bus": "1",
        "feature_type": "pole"
      }
    },
    {
      "type": "Feature",
      "id": "pole_57",
      "geometry": {
        "type": "Point",
        "coordinates": [
          124.6665067,
          11.29653548
        ]
      },
      "properties": {
        "pole_number": "57",
        "feeder": "F6",
        "circuit": "3 Phase",
        "primary_bus": "57",
        "transformer_bus": "57",
        "secondary_bus": "2",
        "feature_type": "pole"
      }
    },
    {
      "type": "Feature",
      "id": "pole_56",
      "geometry": {
        "type": "Point",
        "coordinates": [
          124.6655924,
          11.2961881
        ]
      },
      "properties": {
        "pole_number": "56",
        "feeder": "F6",
        "circuit": "3 Phase",
        "primary_bus": "56",
        "transformer_bus": null,
        "secondary_bus": "3",
        "feature_type": "pole"
      }
    },
    {
      "type": "Feature",
      "id": "pole_55",
      "geometry": {
        "type": "Point",
        "coordinates": [
          124.6648224,
          11.29592998
        ]
      },
      "properties": {
        "pole_number": "55",
        "feeder": "F6",
        "circuit": "3 Phase",
        "primary_bus": "55",
        "transformer_bus": "54",
        "secondary_bus": "4",
        "feature_type": "pole"
      }
    },
    {
      "type": "Feature",
      "id": "pole_55-a",
      "geometry": {
        "type": "Point",
        "coordinates": [
          124.6648303,
          11.29578622
        ]
      },
      "properties": {
        "pole_number": "55-a",
        "feeder": "F6",
        "circuit": "Single Phase",
        "primary_bus": null,
        "transformer_bus": null,
        "secondary_bus": "4-a",
        "feature_type": "pole"
      }
    },
    {
      "type": "Feature",
      "id": "pole_55-A",
      "geometry": {
        "type": "Point",
        "coordinates": [
          124.6644003,
          11.29581601
        ]
      },
      "properties": {
        "pole_number": "55-A",
        "feeder": "F6",
        "circuit": "Single Phase",
        "primary_bus": null,
        "transformer_bus": null,
        "secondary_bus": "4-A",
        "feature_type": "pole"
      }
    },
    {
      "type": "Feature",
      "id": "pole_55-A-B",
      "geometry": {
        "type": "Point",
        "coordinates": [
          124.6641,
          11.29635
        ]
      },
      "properties": {
        "pole_number": "55-A-B",
        "feeder": "F6",
        "circuit": "3 Phase",
        "primary_bus": null,
        "transformer_bus": null,
        "secondary_bus": "4-A-B",
        "feature_type": "pole"
      }
    },
    {
      "type": "Feature",
      "id": "pole_55-A-B-A",
      "geometry": {
        "type": "Point",
        "coordinates": [
          124.6642,
          11.29652
        ]
      },
      "properties": {
        "pole_number": "55-A-B-A",
        "feeder": "F6",
        "circuit": "3 Phase",
        "primary_bus": null,
        "transformer_bus": null,
        "secondary_bus": "4-A-B-A",
        "feature_type": "pole"
      }
    },
    {
      "type": "Feature",
      "id": "pole_55-A-B-B",
      "geometry": {
        "type": "Point",
        "coordinates": [
          124.6644,
          11.29663
        ]
      },
      "properties": {
        "pole_number": "55-A-B-B",
        "feeder": "F6",
        "circuit": "3 Phase",
        "primary_bus": null,
        "transformer_bus": null,
        "secondary_bus": "4-A-B-B",
        "feature_type": "pole"
      }
    },
    {
      "type": "Feature",
      "id": "pole_55-A-C",
      "geometry": {
        "type": "Point",
        "coordinates": [
          124.6639,
          11.29663
        ]
      },
      "properties": {
        "pole_number": "55-A-C",
        "feeder": "F6",
        "circuit": "3 Phase",
        "primary_bus": null,
        "transformer_bus": null,
        "secondary_bus": "4-A-C",
        "feature_type": "pole"
      }
    },
    {
      "type": "Feature",
      "id": "pole_55-A-D",
      "geometry": {
        "type": "Point",
        "coordinates": [
          124.6634,
          11.29668
        ]
      },
      "properties": {
        "pole_number": "55-A-D",
        "feeder": "F6",
        "circuit": "3 Phase",
        "primary_bus": null,
        "transformer_bus": null,
        "secondary_bus": "4-A-D",
        "feature_type": "pole"
      }
    },
    {
      "type": "Feature",
      "id": "pole_55-A-F",
      "geometry": {
        "type": "Point",
        "coordinates": [
          124.6628,
          11.29643
        ]
      },
      "properties": {
        "pole_number": "55-A-F",
        "feeder": "F6",
        "circuit": "3 Phase",
        "primary_bus": null,
        "transformer_bus": null,
        "secondary_bus": "4-A-E",
        "feature_type": "pole"
      }
    },
    {
      "type": "Feature",
      "id": "pole_55-A-G",
      "geometry": {
        "type": "Point",
        "coordinates": [
          124.6622,
          11.29628
        ]
      },
      "properties": {
        "pole_number": "55-A-G",
        "feeder": "F6",
        "circuit": "3 Phase",
        "primary_bus": null,
        "transformer_bus": null,
        "secondary_bus": "4-A-F",
        "feature_type": "pole"
      }
    },
    {
      "type": "Feature",
      "id": "pole_54",
      "geometry": {
        "type": "Point",
        "coordinates": [
          124.6640931,
          11.2957129
        ]
      },
      "properties": {
        "pole_number": "54",
        "feeder": "F6",
        "circuit": "3 Phase",
        "primary_bus": "54",
        "transformer_bus": null,
        "secondary_bus": "5",
        "feature_type": "pole"
      }
    },
    {
      "type": "Feature",
      "id": "pole_53",
      "geometry": {
        "type": "Point",
        "coordinates": [
          124.6636418,
          11.29557491
        ]
      },
      "properties": {
        "pole_number": "53",
        "feeder": "F6",
        "circuit": "3 Phase",
        "primary_bus": "53",
        "transformer_bus": null,
        "secondary_bus": "6",
        "feature_type": "pole"
      }
    },
    {
      "type": "Feature",
      "id": "pole_51",
      "geometry": {
        "type": "Point",
        "coordinates": [
          124.6637088,
          11.29562107
        ]
      },
      "properties": {
        "pole_number": "51",
        "feeder": "F6",
        "circuit": "3 Phase",
        "primary_bus": "52",
        "transformer_bus": null,
        "secondary_bus": "7",
        "feature_type": "pole"
      }
    },
    {
      "type": "Feature",
      "id": "pole_50",
      "geometry": {
        "type": "Point",
        "coordinates": [
          124.66333,
          11.29568
        ]
      },
      "properties": {
        "pole_number": "50",
        "feeder": "F6",
        "circuit": "3 Phase",
        "primary_bus": "50",
        "transformer_bus": null,
        "secondary_bus": null,
        "feature_type": "pole"
      }
    },
    {
      "type": "Feature",
      "id": "pole_50-a",
      "geometry": {
        "type": "Point",
        "coordinates": [
          124.66337,
          11.29542
        ]
      },
      "properties": {
        "pole_number": "50-a",
        "feeder": "F6",
        "circuit": "3 Phase",
        "primary_bus": "50-a",
        "transformer_bus": null,
        "secondary_bus": null,
        "feature_type": "pole"
      }
    },
    {
      "type": "Feature",
      "id": "pole_49",
      "geometry": {
        "type": "Point",
        "coordinates": [
          124.66337,
          11.29542
        ]
      },
      "properties": {
        "pole_number": "49",
        "feeder": "F6",
        "circuit": "3 Phase",
        "primary_bus": "49",
        "transformer_bus": null,
        "secondary_bus": null,
        "feature_type": "pole"
      }
    },
    {
      "type": "Feature",
      "id": "pole_48",
      "geometry": {
        "type": "Point",
        "coordinates": [
          124.66264,
          11.29517
        ]
      },
      "properties": {
        "pole_number": "48",
        "feeder": "F6",
        "circuit": "3 Phase",
        "primary_bus": "48",
        "transformer_bus": null,
        "secondary_bus": null,
        "feature_type": "pole"
      }
    },
    {
      "type": "Feature",
      "id": "pole_48-a",
      "geometry": {
        "type": "Point",
        "coordinates": [
          124.66115,
          11.29514
        ]
      },
      "properties": {
        "pole_number": "48-a",
        "feeder": "F6",
        "circuit": "3 Phase",
        "primary_bus": "48-a",
        "transformer_bus": "48",
        "secondary_bus": "48-a",
        "feature_type": "pole"
      }
    },
    {
      "type": "Feature",
      "id": "pole_47",
      "geometry": {
        "type": "Point",
        "coordinates": [
          124.66121,
          11.29446
        ]
      },
      "properties": {
        "pole_number": "47",
        "feeder": "F6",
        "circuit": "3 Phase",
        "primary_bus": "47",
        "transformer_bus": null,
        "secondary_bus": null,
        "feature_type": "pole"
      }
    },
    {
      "type": "Feature",
      "id": "pole_47-a",
      "geometry": {
        "type": "Point",
        "coordinates": [
          124.6606,
          11.29463
        ]
      },
      "properties": {
        "pole_number": "47-a",
        "feeder": "F6",
        "circuit": "Single Phase",
        "primary_bus": "47-a",
        "transformer_bus": null,
        "secondary_bus": "47-a",
        "feature_type": "pole"
      }
    },
    {
      "type": "Feature",
      "id": "pole_46-a-b",
      "geometry": {
        "type": "Point",
        "coordinates": [
          124.6612,
          11.29331
        ]
      },
      "properties": {
        "pole_number": "46-a-b",
        "feeder": "F6",
        "circuit": "Single Phase",
        "primary_bus": "46-a-b",
        "transformer_bus": null,
        "secondary_bus": null,
        "feature_type": "pole"
      }
    },
    {
      "type": "Feature",
      "id": "pole_46-a-b-A",
      "geometry": {
        "type": "Point",
        "coordinates": [
          124.66141,
          11.2935
        ]
      },
      "properties": {
        "pole_number": "46-a-b-A",
        "feeder": "F6",
        "circuit": "Single Phase",
        "primary_bus": "46-a-b-A",
        "transformer_bus": null,
        "secondary_bus": null,
        "feature_type": "pole"
      }
    },
    {
      "type": "Feature",
      "id": "pole_46-a-b-B",
      "geometry": {
        "type": "Point",
        "coordinates": [
          124.66128,
          11.29336
        ]
      },
      "properties": {
        "pole_number": "46-a-b-B",
        "feeder": "F6",
        "circuit": "Single Phase",
        "primary_bus": "46-a-b-B",
        "transformer_bus": null,
        "secondary_bus": "46-a-b-A",
        "feature_type": "pole"
      }
    },
    {
      "type": "Feature",
      "id": "pole_46-a-b-B-a",
      "geometry": {
        "type": "Point",
        "coordinates": [
          124.661,
          11.29312
        ]
      },
      "properties": {
        "pole_number": "46-a-b-B-a",
        "feeder": "F6",
        "circuit": "Single Phase",
        "primary_bus": "46-a-b-B-a",
        "transformer_bus": null,
        "secondary_bus": null,
        "feature_type": "pole"
      }
    },
    {
      "type": "Feature",
      "id": "pole_46-a-b-B-a-A",
      "geometry": {
        "type": "Point",
        "coordinates": [
          124.661,
          11.29312
        ]
      },
      "properties": {
        "pole_number": "46-a-b-B-a-A",
        "feeder": "F6",
        "circuit": "Single Phase",
        "primary_bus": "46-a-b-B-a-A",
        "transformer_bus": null,
        "secondary_bus": null,
        "feature_type": "pole"
      }
    },
    {
      "type": "Feature",
      "id": "pole_46-a-c",
      "geometry": {
        "type": "Point",
        "coordinates": [
          124.66258,
          11.29301
        ]
      },
      "properties": {
        "pole_number": "46-a-c",
        "feeder": "F6",
        "circuit": "Single Phase",
        "primary_bus": "46-a-c",
        "transformer_bus": null,
        "secondary_bus": null,
        "feature_type": "pole"
      }
    },
    {
      "type": "Feature",
      "id": "pole_47-a-d",
      "geometry": {
        "type": "Point",
        "coordinates": [
          124.66183,
          11.29246
        ]
      },
      "properties": {
        "pole_number": "47-a-d",
        "feeder": "F6",
        "circuit": "Single Phase",
        "primary_bus": "47-a-d",
        "transformer_bus": null,
        "secondary_bus": null,
        "feature_type": "pole"
      }
    },
    {
      "type": "Feature",
      "id": "pole_47-a-e",
      "geometry": {
        "type": "Point",
        "coordinates": [
          124.66206,
          11.29232
        ]
      },
      "properties": {
        "pole_number": "47-a-e",
        "feeder": "F6",
        "circuit": "Single Phase",
        "primary_bus": "47-a-e",
        "transformer_bus": null,
        "secondary_bus": null,
        "feature_type": "pole"
      }
    },
    {
      "type": "Feature",
      "id": "pole_47-a-e-A",
      "geometry": {
        "type": "Point",
        "coordinates": [
          124.66171,
          11.29149
        ]
      },
      "properties": {
        "pole_number": "47-a-e-A",
        "feeder": "F6",
        "circuit": "Single Phase",
        "primary_bus": "47-a-e-A",
        "transformer_bus": null,
        "secondary_bus": null,
        "feature_type": "pole"
      }
    },
    {
      "type": "Feature",
      "id": "pole_47-a-e-B",
      "geometry": {
        "type": "Point",
        "coordinates": [
          124.66132,
          11.29166
        ]
      },
      "properties": {
        "pole_number": "47-a-e-B",
        "feeder": "F6",
        "circuit": "Single Phase",
        "primary_bus": "47-a-e-B",
        "transformer_bus": null,
        "secondary_bus": "47-a-e-A",
        "feature_type": "pole"
      }
    },
    {
      "type": "Feature",
      "id": "pole_47-a-e-C",
      "geometry": {
        "type": "Point",
        "coordinates": [
          124.66132,
          11.29166
        ]
      },
      "properties": {
        "pole_number": "47-a-e-C",
        "feeder": "F6",
        "circuit": "Single Phase",
        "primary_bus": "47-a-e-C",
        "transformer_bus": null,
        "secondary_bus": null,
        "feature_type": "pole"
      }
    },
    {
      "type": "Feature",
      "id": "pole_47-a-e-D",
      "geometry": {
        "type": "Point",
        "coordinates": [
          124.66191,
          11.29058
        ]
      },
      "properties": {
        "pole_number": "47-a-e-D",
        "feeder": "F6",
        "circuit": "Single Phase",
        "primary_bus": "47-a-e-D",
        "transformer_bus": null,
        "secondary_bus": null,
        "feature_type": "pole"
      }
    },
    {
      "type": "Feature",
      "id": "pole_47-a-e-E",
      "geometry": {
        "type": "Point",
        "coordinates": [
          124.66191,
          11.29058
        ]
      },
      "properties": {
        "pole_number": "47-a-e-E",
        "feeder": "F6",
        "circuit": "Single Phase",
        "primary_bus": "47-a-e-E",
        "transformer_bus": null,
        "secondary_bus": "47-a-e-D",
        "feature_type": "pole"
      }
    },
    {
      "type": "Feature",
      "id": "pole_47-a-e-F",
      "geometry": {
        "type": "Point",
        "coordinates": [
          124.66121,
          11.28882
        ]
      },
      "properties": {
        "pole_number": "47-a-e-F",
        "feeder": "F6",
        "circuit": "Single Phase",
        "primary_bus": "47-a-e-F",
        "transformer_bus": null,
        "secondary_bus": null,
        "feature_type": "pole"
      }
    },
    {
      "type": "Feature",
      "id": "pole_47-a-e-G",
      "geometry": {
        "type": "Point",
        "coordinates": [
          124.66093,
          11.28874
        ]
      },
      "properties": {
        "pole_number": "47-a-e-G",
        "feeder": "F6",
        "circuit": "Single Phase",
        "primary_bus": "47-a-e-G",
        "transformer_bus": null,
        "secondary_bus": "47-a-e-G",
        "feature_type": "pole"
      }
    },
    {
      "type": "Feature",
      "id": "pole_47-a-e-H",
      "geometry": {
        "type": "Point",
        "coordinates": [
          124.66095,
          11.28865
        ]
      },
      "properties": {
        "pole_number": "47-a-e-H",
        "feeder": "F6",
        "circuit": "Single Phase",
        "primary_bus": "47-a-e-H",
        "transformer_bus": null,
        "secondary_bus": "47-a-e-G",
        "feature_type": "pole"
      }
    },
    {
      "type": "Feature",
      "id": "pole_47-a-e-I",
      "geometry": {
        "type": "Point",
        "coordinates": [
          124.66094,
          11.28845
        ]
      },
      "properties": {
        "pole_number": "47-a-e-I",
        "feeder": "F6",
        "circuit": "Single Phase",
        "primary_bus": "47-a-e-I",
        "transformer_bus": null,
        "secondary_bus": "47-a-e-H",
        "feature_type": "pole"
      }
    },
    {
      "type": "Feature",
      "id": "pole_47-a-e-J",
      "geometry": {
        "type": "Point",
        "coordinates": [
          124.66049,
          11.2869
        ]
      },
      "properties": {
        "pole_number": "47-a-e-J",
        "feeder": "F6",
        "circuit": "Single Phase",
        "primary_bus": "47-a-e-J",
        "transformer_bus": null,
        "secondary_bus": "47-a-e-I",
        "feature_type": "pole"
      }
    },
    {
      "type": "Feature",
      "id": "pole_47-a-e-K",
      "geometry": {
        "type": "Point",
        "coordinates": [
          124.66028,
          11.28626
        ]
      },
      "properties": {
        "pole_number": "47-a-e-K",
        "feeder": "F6",
        "circuit": "Single Phase",
        "primary_bus": "47-a-e-K",
        "transformer_bus": null,
        "secondary_bus": "47-a-e-J",
        "feature_type": "pole"
      }
    },
    {
      "type": "Feature",
      "id": "pole_47-a-e-L",
      "geometry": {
        "type": "Point",
        "coordinates": [
          124.66092,
          11.28537
        ]
      },
      "properties": {
        "pole_number": "47-a-e-L",
        "feeder": "F6",
        "circuit": "Single Phase",
        "primary_bus": "47-a-e-L",
        "transformer_bus": "47-a-e-K",
        "secondary_bus": "47-a-e-K",
        "feature_type": "pole"
      }
    },
    {
      "type": "Feature",
      "id": "pole_47-a-e-L-A",
      "geometry": {
        "type": "Point",
        "coordinates": [
          124.6608,
          11.28514
        ]
      },
      "properties": {
        "pole_number": "47-a-e-L-A",
        "feeder": "F6",
        "circuit": "Single Phase",
        "primary_bus": "47-a-e-L-A",
        "transformer_bus": null,
        "secondary_bus": "47-a-e-L",
        "feature_type": "pole"
      }
    },
    {
      "type": "Feature",
      "id": "pole_47-a-e-M",
      "geometry": {
        "type": "Point",
        "coordinates": [
          124.66123,
          11.28499
        ]
      },
      "properties": {
        "pole_number": "47-a-e-M",
        "feeder": "F6",
        "circuit": "Single Phase",
        "primary_bus": "47-a-e-M",
        "transformer_bus": null,
        "secondary_bus": "47-a-e-L-A",
        "feature_type": "pole"
      }
    },
    {
      "type": "Feature",
      "id": "pole_47-a-e-N",
      "geometry": {
        "type": "Point",
        "coordinates": [
          124.66105,
          11.28487
        ]
      },
      "properties": {
        "pole_number": "47-a-e-N",
        "feeder": "F6",
        "circuit": "Single Phase",
        "primary_bus": "47-a-e-N",
        "transformer_bus": null,
        "secondary_bus": "47-a-e-M",
        "feature_type": "pole"
      }
    },
    {
      "type": "Feature",
      "id": "pole_47-a-e-O",
      "geometry": {
        "type": "Point",
        "coordinates": [
          124.66079,
          11.28459
        ]
      },
      "properties": {
        "pole_number": "47-a-e-O",
        "feeder": "F6",
        "circuit": "Single Phase",
        "primary_bus": "47-a-e-O",
        "transformer_bus": null,
        "secondary_bus": "47-a-e-N",
        "feature_type": "pole"
      }
    },
    {
      "type": "Feature",
      "id": "pole_47-a-e-P",
      "geometry": {
        "type": "Point",
        "coordinates": [
          124.66079,
          11.28459
        ]
      },
      "properties": {
        "pole_number": "47-a-e-P",
        "feeder": "F6",
        "circuit": "Single Phase",
        "primary_bus": "47-a-e-P",
        "transformer_bus": null,
        "secondary_bus": "47-a-e-O",
        "feature_type": "pole"
      }
    },
    {
      "type": "Feature",
      "id": "pole_47-a-e-Q",
      "geometry": {
        "type": "Point",
        "coordinates": [
          124.66079,
          11.28459
        ]
      },
      "properties": {
        "pole_number": "47-a-e-Q",
        "feeder": "F6",
        "circuit": "Single Phase",
        "primary_bus": "47-a-e-Q",
        "transformer_bus": null,
        "secondary_bus": "47-a-e-P",
        "feature_type": "pole"
      }
    },
    {
      "type": "Feature",
      "id": "pole_47-a-e-R",
      "geometry": {
        "type": "Point",
        "coordinates": [
          124.66149,
          11.28254
        ]
      },
      "properties": {
        "pole_number": "47-a-e-R",
        "feeder": "F6",
        "circuit": "Single Phase",
        "primary_bus": "47-a-e-R",
        "transformer_bus": null,
        "secondary_bus": "47-a-e-Q",
        "feature_type": "pole"
      }
    },
    {
      "type": "Feature",
      "id": "pole_47-a-e-S",
      "geometry": {
        "type": "Point",
        "coordinates": [
          124.66106,
          11.28275
        ]
      },
      "properties": {
        "pole_number": "47-a-e-S",
        "feeder": "F6",
        "circuit": "Single Phase",
        "primary_bus": "47-a-e-S",
        "transformer_bus": null,
        "secondary_bus": "47-a-e-R",
        "feature_type": "pole"
      }
    },
    {
      "type": "Feature",
      "id": "pole_47-a-e-S-A",
      "geometry": {
        "type": "Point",
        "coordinates": [
          124.66188,
          11.28204
        ]
      },
      "properties": {
        "pole_number": "47-a-e-S-A",
        "feeder": "F6",
        "circuit": "Single Phase",
        "primary_bus": "47-a-e-S-A",
        "transformer_bus": null,
        "secondary_bus": "47-a-e-S",
        "feature_type": "pole"
      }
    },
    {
      "type": "Feature",
      "id": "pole_47-a-e-S-B",
      "geometry": {
        "type": "Point",
        "coordinates": [
          124.66085,
          11.2811
        ]
      },
      "properties": {
        "pole_number": "47-a-e-S-B",
        "feeder": "F6",
        "circuit": "Single Phase",
        "primary_bus": "47-a-e-S-B",
        "transformer_bus": null,
        "secondary_bus": "47-a-e-S-A",
        "feature_type": "pole"
      }
    },
    {
      "type": "Feature",
      "id": "pole_47-a-e-S-C",
      "geometry": {
        "type": "Point",
        "coordinates": [
          124.66068,
          11.28144
        ]
      },
      "properties": {
        "pole_number": "47-a-e-S-C",
        "feeder": "F6",
        "circuit": "Single Phase",
        "primary_bus": "47-a-e-S-C",
        "transformer_bus": "47-a-e-S-B",
        "secondary_bus": "47-a-e-S-B",
        "feature_type": "pole"
      }
    },
    {
      "type": "Feature",
      "id": "pole_47-a-e-S-D",
      "geometry": {
        "type": "Point",
        "coordinates": [
          124.66068,
          11.28144
        ]
      },
      "properties": {
        "pole_number": "47-a-e-S-D",
        "feeder": "F6",
        "circuit": "Single Phase",
        "primary_bus": "47-a-e-S-D",
        "transformer_bus": "47-a-e-S-B",
        "secondary_bus": "47-a-e-S-C",
        "feature_type": "pole"
      }
    },
    {
      "type": "Feature",
      "id": "pole_47-a-e-S-E",
      "geometry": {
        "type": "Point",
        "coordinates": [
          124.65964,
          11.28008
        ]
      },
      "properties": {
        "pole_number": "47-a-e-S-E",
        "feeder": "F6",
        "circuit": "Single Phase",
        "primary_bus": "47-a-e-S-E",
        "transformer_bus": "47-a-e-S-B",
        "secondary_bus": "47-a-e-S-D",
        "feature_type": "pole"
      }
    },
    {
      "type": "Feature",
      "id": "pole_47-a-f-a",
      "geometry": {
        "type": "Point",
        "coordinates": [
          124.6631,
          11.29185
        ]
      },
      "properties": {
        "pole_number": "47-a-f-a",
        "feeder": "F6",
        "circuit": "Single Phase",
        "primary_bus": "47-a-f-a",
        "transformer_bus": null,
        "secondary_bus": "47-a-g",
        "feature_type": "pole"
      }
    },
    {
      "type": "Feature",
      "id": "pole_47-a-f-b",
      "geometry": {
        "type": "Point",
        "coordinates": [
          124.66318,
          11.29171
        ]
      },
      "properties": {
        "pole_number": "47-a-f-b",
        "feeder": "F6",
        "circuit": "Single Phase",
        "primary_bus": "47-a-f-b",
        "transformer_bus": null,
        "secondary_bus": "47-a-f-a",
        "feature_type": "pole"
      }
    },
    {
      "type": "Feature",
      "id": "pole_47-a-f-b-A",
      "geometry": {
        "type": "Point",
        "coordinates": [
          124.66327,
          11.29165
        ]
      },
      "properties": {
        "pole_number": "47-a-f-b-A",
        "feeder": "F6",
        "circuit": "Single Phase",
        "primary_bus": "47-a-f-b-A",
        "transformer_bus": null,
        "secondary_bus": "47-a-f-b",
        "feature_type": "pole"
      }
    },
    {
      "type": "Feature",
      "id": "pole_47-a-g",
      "geometry": {
        "type": "Point",
        "coordinates": [
          124.66364,
          11.29171
        ]
      },
      "properties": {
        "pole_number": "47-a-g",
        "feeder": "F6",
        "circuit": "Single Phase",
        "primary_bus": "47-a-g",
        "transformer_bus": null,
        "secondary_bus": "47-a-f-b-A",
        "feature_type": "pole"
      }
    },
    {
      "type": "Feature",
      "id": "pole_47-a-hh",
      "geometry": {
        "type": "Point",
        "coordinates": [
          124.66383,
          11.29192
        ]
      },
      "properties": {
        "pole_number": "47-a-hh",
        "feeder": "F6",
        "circuit": "Single Phase",
        "primary_bus": "47-a-h",
        "transformer_bus": null,
        "secondary_bus": "47-a-g",
        "feature_type": "pole"
      }
    },
    {
      "type": "Feature",
      "id": "pole_77-A-c",
      "geometry": {
        "type": "Point",
        "coordinates": [
          124.68063,
          11.29976
        ]
      },
      "properties": {
        "pole_number": "77-A-c",
        "feeder": "F6",
        "circuit": "3 Phase",
        "primary_bus": "77-A-c",
        "transformer_bus": null,
        "secondary_bus": "77-A-c",
        "feature_type": "pole"
      }
    },
    {
      "type": "Feature",
      "id": "pole_77-A-c-a",
      "geometry": {
        "type": "Point",
        "coordinates": [
          124.68064,
          11.29969
        ]
      },
      "properties": {
        "pole_number": "77-A-c-a",
        "feeder": "F6",
        "circuit": "3 Phase",
        "primary_bus": "77-A-c-a",
        "transformer_bus": null,
        "secondary_bus": "77-A-c",
        "feature_type": "pole"
      }
    },
    {
      "type": "Feature",
      "id": "pole_77-A-c-b",
      "geometry": {
        "type": "Point",
        "coordinates": [
          124.68064,
          11.29969
        ]
      },
      "properties": {
        "pole_number": "77-A-c-b",
        "feeder": "F6",
        "circuit": "3 Phase",
        "primary_bus": "77-A-c-b",
        "transformer_bus": null,
        "secondary_bus": "77-A-c-a",
        "feature_type": "pole"
      }
    },
    {
      "type": "Feature",
      "id": "pole_46",
      "geometry": {
        "type": "Point",
        "coordinates": [
          124.66032,
          11.29429
        ]
      },
      "properties": {
        "pole_number": "46",
        "feeder": "F6",
        "circuit": "3 Phase",
        "primary_bus": "46",
        "transformer_bus": null,
        "secondary_bus": "46",
        "feature_type": "pole"
      }
    },
    {
      "type": "Feature",
      "id": "pole_45",
      "geometry": {
        "type": "Point",
        "coordinates": [
          124.66032,
          11.29429
        ]
      },
      "properties": {
        "pole_number": "45",
        "feeder": "F6",
        "circuit": "3 Phase",
        "primary_bus": "45",
        "transformer_bus": null,
        "secondary_bus": "46",
        "feature_type": "pole"
      }
    },
    {
      "type": "Feature",
      "id": "pole_133-1",
      "geometry": {
        "type": "Point",
        "coordinates": [
          124.69366,
          11.30082
        ]
      },
      "properties": {
        "pole_number": "133-1",
        "feeder": "F1",
        "circuit": "3 Phase",
        "primary_bus": "133-1",
        "transformer_bus": null,
        "secondary_bus": null,
        "feature_type": "pole"
      }
    },
    {
      "type": "Feature",
      "id": "pole_133-2",
      "geometry": {
        "type": "Point",
        "coordinates": [
          124.69446,
          11.3009
        ]
      },
      "properties": {
        "pole_number": "133-2",
        "feeder": "F1",
        "circuit": "3 Phase",
        "primary_bus": "133-2",
        "transformer_bus": null,
        "secondary_bus": "133-2",
        "feature_type": "pole"
      }
    },
    {
      "type": "Feature",
      "id": "pole_133-3",
      "geometry": {
        "type": "Point",
        "coordinates": [
          124.69446,
          11.3009
        ]
      },
      "properties": {
        "pole_number": "133-3",
        "feeder": "F1",
        "circuit": "3 Phase",
        "primary_bus": "133-3",
        "transformer_bus": null,
        "secondary_bus": "133-2",
        "feature_type": "pole"
      }
    },
    {
      "type": "Feature",
      "id": "pole_133-4",
      "geometry": {
        "type": "Point",
        "coordinates": [
          124.69473,
          11.30089
        ]
      },
      "properties": {
        "pole_number": "133-4",
        "feeder": "F1",
        "circuit": "3 Phase",
        "primary_bus": "133-4",
        "transformer_bus": null,
        "secondary_bus": "133-3",
        "feature_type": "pole"
      }
    },
    {
      "type": "Feature",
      "id": "pole_133-4-a",
      "geometry": {
        "type": "Point",
        "coordinates": [
          124.69489,
          11.30097
        ]
      },
      "properties": {
        "pole_number": "133-4-a",
        "feeder": "F1",
        "circuit": "Single Phase",
        "primary_bus": "133-4-a",
        "transformer_bus": "133-4",
        "secondary_bus": "133-4",
        "feature_type": "pole"
      }
    },
    {
      "type": "Feature",
      "id": "pole_133-4-b",
      "geometry": {
        "type": "Point",
        "coordinates": [
          124.69531,
          11.30189
        ]
      },
      "properties": {
        "pole_number": "133-4-b",
        "feeder": "F1",
        "circuit": "Single Phase",
        "primary_bus": "133-4-b",
        "transformer_bus": "133-4-a",
        "secondary_bus": "133-4-a",
        "feature_type": "pole"
      }
    },
    {
      "type": "Feature",
      "id": "pole_133-5",
      "geometry": {
        "type": "Point",
        "coordinates": [
          124.69606,
          11.30123
        ]
      },
      "properties": {
        "pole_number": "133-5",
        "feeder": "F1",
        "circuit": "3 Phase",
        "primary_bus": "133-5",
        "transformer_bus": "133-4-b",
        "secondary_bus": "133-4-b",
        "feature_type": "pole"
      }
    },
    {
      "type": "Feature",
      "id": "pole_133-7-A",
      "geometry": {
        "type": "Point",
        "coordinates": [
          124.69687,
          11.30128
        ]
      },
      "properties": {
        "pole_number": "133-7-A",
        "feeder": "F1",
        "circuit": "3 Phase",
        "primary_bus": "133-7-A",
        "transformer_bus": null,
        "secondary_bus": "133-7",
        "feature_type": "pole"
      }
    },
    {
      "type": "Feature",
      "id": "pole_133-8",
      "geometry": {
        "type": "Point",
        "coordinates": [
          124.69687,
          11.30128
        ]
      },
      "properties": {
        "pole_number": "133-8",
        "feeder": "F1",
        "circuit": "3 Phase",
        "primary_bus": "133-8",
        "transformer_bus": null,
        "secondary_bus": "133-8",
        "feature_type": "pole"
      }
    },
    {
      "type": "Feature",
      "id": "pole_133-9",
      "geometry": {
        "type": "Point",
        "coordinates": [
          124.69781,
          11.3011
        ]
      },
      "properties": {
        "pole_number": "133-9",
        "feeder": "F1",
        "circuit": "3 Phase",
        "primary_bus": "133-9",
        "transformer_bus": "133-8",
        "secondary_bus": "133-8",
        "feature_type": "pole"
      }
    },
    {
      "type": "Feature",
      "id": "pole_133-10",
      "geometry": {
        "type": "Point",
        "coordinates": [
          124.69819,
          11.30162
        ]
      },
      "properties": {
        "pole_number": "133-10",
        "feeder": "F1",
        "circuit": "3 Phase",
        "primary_bus": "133-10",
        "transformer_bus": null,
        "secondary_bus": "133-9",
        "feature_type": "pole"
      }
    },
    {
      "type": "Feature",
      "id": "pole_133-4-b-2",
      "geometry": {
        "type": "Point",
        "coordinates": [
          124.69527,
          11.30157
        ]
      },
      "properties": {
        "pole_number": "133-4-b-2",
        "feeder": "F1",
        "circuit": "3 Phase",
        "primary_bus": "133-4-b-2",
        "transformer_bus": "133-4-a",
        "secondary_bus": "133-4-a",
        "feature_type": "pole"
      }
    },
    {
      "type": "Feature",
      "id": "pole_133-4-b-1",
      "geometry": {
        "type": "Point",
        "coordinates": [
          124.69525,
          11.3015
        ]
      },
      "properties": {
        "pole_number": "133-4-b-1",
        "feeder": "F1",
        "circuit": "3 Phase",
        "primary_bus": "133-4-b-1",
        "transformer_bus": "133-4-b-2",
        "secondary_bus": "133-4-b-2",
        "feature_type": "pole"
      }
    },
    {
      "type": "Feature",
      "id": "pole_133-4-b-3",
      "geometry": {
        "type": "Point",
        "coordinates": [
          124.69524,
          11.30143
        ]
      },
      "properties": {
        "pole_number": "133-4-b-3",
        "feeder": "F1",
        "circuit": "3 Phase",
        "primary_bus": "133-4-b-3",
        "transformer_bus": "133-4-b-3",
        "secondary_bus": "133-4-b-1",
        "feature_type": "pole"
      }
    },
    {
      "type": "Feature",
      "id": "pole_133-4-b-3-a",
      "geometry": {
        "type": "Point",
        "coordinates": [
          124.6953,
          11.30173
        ]
      },
      "properties": {
        "pole_number": "133-4-b-3-a",
        "feeder": "F1",
        "circuit": "3 Phase",
        "primary_bus": "133-4-b-3-a",
        "transformer_bus": "133-4-b-3",
        "secondary_bus": "133-4-b-3",
        "feature_type": "pole"
      }
    },
    {
      "type": "Feature",
      "id": "pole_133-4-b-3-b",
      "geometry": {
        "type": "Point",
        "coordinates": [
          124.69526,
          11.30172
        ]
      },
      "properties": {
        "pole_number": "133-4-b-3-b",
        "feeder": "F1",
        "circuit": "3 Phase",
        "primary_bus": "133-4-b-3-b",
        "transformer_bus": null,
        "secondary_bus": "133-4-b-3-a",
        "feature_type": "pole"
      }
    },
    {
      "type": "Feature",
      "id": "pole_133-4-b-3-c",
      "geometry": {
        "type": "Point",
        "coordinates": [
          124.6951,
          11.30177
        ]
      },
      "properties": {
        "pole_number": "133-4-b-3-c",
        "feeder": "F1",
        "circuit": "3 Phase",
        "primary_bus": "133-4-b-3-c",
        "transformer_bus": null,
        "secondary_bus": "133-4-b-3-b",
        "feature_type": "pole"
      }
    },
    {
      "type": "Feature",
      "id": "pole_133-4-b-3-A",
      "geometry": {
        "type": "Point",
        "coordinates": [
          124.6951,
          11.30177
        ]
      },
      "properties": {
        "pole_number": "133-4-b-3-A",
        "feeder": "F1",
        "circuit": "3 Phase",
        "primary_bus": "133-4-b-3-A",
        "transformer_bus": null,
        "secondary_bus": "133-4-b-3-c",
        "feature_type": "pole"
      }
    },
    {
      "type": "Feature",
      "id": "pole_133-4-b-3-B",
      "geometry": {
        "type": "Point",
        "coordinates": [
          124.6951,
          11.30177
        ]
      },
      "properties": {
        "pole_number": "133-4-b-3-B",
        "feeder": "F1",
        "circuit": "3 Phase",
        "primary_bus": "133-4-b-3-B",
        "transformer_bus": null,
        "secondary_bus": "133-4-b-3-A",
        "feature_type": "pole"
      }
    },
    {
      "type": "Feature",
      "id": "pole_133-4-b-3-C",
      "geometry": {
        "type": "Point",
        "coordinates": [
          124.6951,
          11.30177
        ]
      },
      "properties": {
        "pole_number": "133-4-b-3-C",
        "feeder": "F1",
        "circuit": "3 Phase",
        "primary_bus": "133-4-b-3-C",
        "transformer_bus": null,
        "secondary_bus": "133-4-b-3-B",
        "feature_type": "pole"
      }
    },
    {
      "type": "Feature",
      "id": "pole_133-12-a",
      "geometry": {
        "type": "Point",
        "coordinates": [
          124.69977,
          11.30271
        ]
      },
      "properties": {
        "pole_number": "133-12-a",
        "feeder": "F1",
        "circuit": "Single Phase",
        "primary_bus": "133-12-a",
        "transformer_bus": null,
        "secondary_bus": "133-12-b",
        "feature_type": "pole"
      }
    },
    {
      "type": "Feature",
      "id": "pole_133-12-b",
      "geometry": {
        "type": "Point",
        "coordinates": [
          124.69958,
          11.30267
        ]
      },
      "properties": {
        "pole_number": "133-12-b",
        "feeder": "F1",
        "circuit": "Single Phase",
        "primary_bus": "133-12-b",
        "transformer_bus": null,
        "secondary_bus": "133-12-b",
        "feature_type": "pole"
      }
    },
    {
      "type": "Feature",
      "id": "pole_133-12-b-1",
      "geometry": {
        "type": "Point",
        "coordinates": [
          124.69958,
          11.30267
        ]
      },
      "properties": {
        "pole_number": "133-12-b-1",
        "feeder": "F1",
        "circuit": "Single Phase",
        "primary_bus": "133-12-b-1",
        "transformer_bus": "1133-12-b",
        "secondary_bus": "133-12-b",
        "feature_type": "pole"
      }
    },
    {
      "type": "Feature",
      "id": "pole_133-12-b-2",
      "geometry": {
        "type": "Point",
        "coordinates": [
          124.69958,
          11.30267
        ]
      },
      "properties": {
        "pole_number": "133-12-b-2",
        "feeder": "F1",
        "circuit": "Single Phase",
        "primary_bus": "133-12-b-2",
        "transformer_bus": null,
        "secondary_bus": "133-12-b-1",
        "feature_type": "pole"
      }
    },
    {
      "type": "Feature",
      "id": "pole_133-12-b-2-a",
      "geometry": {
        "type": "Point",
        "coordinates": [
          124.69958,
          11.30267
        ]
      },
      "properties": {
        "pole_number": "133-12-b-2-a",
        "feeder": "F1",
        "circuit": "Single Phase",
        "primary_bus": "133-12-b-2-a",
        "transformer_bus": null,
        "secondary_bus": "133-12-b-2",
        "feature_type": "pole"
      }
    },
    {
      "type": "Feature",
      "id": "pole_133-12-b-3",
      "geometry": {
        "type": "Point",
        "coordinates": [
          124.69958,
          11.30267
        ]
      },
      "properties": {
        "pole_number": "133-12-b-3",
        "feeder": "F1",
        "circuit": "Single Phase",
        "primary_bus": "133-12-b-3",
        "transformer_bus": null,
        "secondary_bus": "133-12-b-2-a",
        "feature_type": "pole"
      }
    },
    {
      "type": "Feature",
      "id": "pole_133-12-b-4",
      "geometry": {
        "type": "Point",
        "coordinates": [
          124.69848,
          11.30296
        ]
      },
      "properties": {
        "pole_number": "133-12-b-4",
        "feeder": "F1",
        "circuit": "Single Phase",
        "primary_bus": "133-12-b-4",
        "transformer_bus": null,
        "secondary_bus": "133-12-b-4",
        "feature_type": "pole"
      }
    },
    {
      "type": "Feature",
      "id": "pole_133-12-b-5-a",
      "geometry": {
        "type": "Point",
        "coordinates": [
          124.69754,
          11.30209
        ]
      },
      "properties": {
        "pole_number": "133-12-b-5-a",
        "feeder": "F1",
        "circuit": "Single Phase",
        "primary_bus": "133-12-b-5-a",
        "transformer_bus": null,
        "secondary_bus": "133-12-b-5-a",
        "feature_type": "pole"
      }
    },
    {
      "type": "Feature",
      "id": "pole_133-12-b-5-A",
      "geometry": {
        "type": "Point",
        "coordinates": [
          124.69754,
          11.30209
        ]
      },
      "properties": {
        "pole_number": "133-12-b-5-A",
        "feeder": "F1",
        "circuit": "Single Phase",
        "primary_bus": "133-12-b-5-A",
        "transformer_bus": null,
        "secondary_bus": "133-12-b-5-a",
        "feature_type": "pole"
      }
    },
    {
      "type": "Feature",
      "id": "pole_133-12-b-6",
      "geometry": {
        "type": "Point",
        "coordinates": [
          124.69734,
          11.30246
        ]
      },
      "properties": {
        "pole_number": "133-12-b-6",
        "feeder": "F1",
        "circuit": "Single Phase",
        "primary_bus": "133-12-b-6",
        "transformer_bus": null,
        "secondary_bus": "133-12-b-5-A",
        "feature_type": "pole"
      }
    },
    {
      "type": "Feature",
      "id": "pole_133-12-D",
      "geometry": {
        "type": "Point",
        "coordinates": [
          124.7,
          11.30343
        ]
      },
      "properties": {
        "pole_number": "133-12-D",
        "feeder": "F1",
        "circuit": "Single Phase",
        "primary_bus": "133-12-D",
        "transformer_bus": null,
        "secondary_bus": "133-12-C",
        "feature_type": "pole"
      }
    },
    {
      "type": "Feature",
      "id": "pole_133-12-D-1",
      "geometry": {
        "type": "Point",
        "coordinates": [
          124.70023,
          11.30369
        ]
      },
      "properties": {
        "pole_number": "133-12-D-1",
        "feeder": "F1",
        "circuit": "Single Phase",
        "primary_bus": "133-12-D-1",
        "transformer_bus": null,
        "secondary_bus": "133-12-D",
        "feature_type": "pole"
      }
    },
    {
      "type": "Feature",
      "id": "pole_133-12-E",
      "geometry": {
        "type": "Point",
        "coordinates": [
          124.70092,
          11.30415
        ]
      },
      "properties": {
        "pole_number": "133-12-E",
        "feeder": "F1",
        "circuit": "Single Phase",
        "primary_bus": "133-12-E",
        "transformer_bus": null,
        "secondary_bus": "133-12-D-1",
        "feature_type": "pole"
      }
    },
    {
      "type": "Feature",
      "id": "pole_133-12-F-1",
      "geometry": {
        "type": "Point",
        "coordinates": [
          124.70112,
          11.30402
        ]
      },
      "properties": {
        "pole_number": "133-12-F-1",
        "feeder": "F1",
        "circuit": "Single Phase",
        "primary_bus": "133-12-F1",
        "transformer_bus": null,
        "secondary_bus": null,
        "feature_type": "pole"
      }
    },
    {
      "type": "Feature",
      "id": "pole_133-12-F-2",
      "geometry": {
        "type": "Point",
        "coordinates": [
          124.70112,
          11.30402
        ]
      },
      "properties": {
        "pole_number": "133-12-F-2",
        "feeder": "F1",
        "circuit": "Single Phase",
        "primary_bus": "133-12-F-2",
        "transformer_bus": null,
        "secondary_bus": "133-12-F-1",
        "feature_type": "pole"
      }
    },
    {
      "type": "Feature",
      "id": "pole_133-12-F-3",
      "geometry": {
        "type": "Point",
        "coordinates": [
          124.70184,
          11.30327
        ]
      },
      "properties": {
        "pole_number": "133-12-F-3",
        "feeder": "F1",
        "circuit": "Single Phase",
        "primary_bus": "133-12-F-3",
        "transformer_bus": null,
        "secondary_bus": "133-12-F-2",
        "feature_type": "pole"
      }
    },
    {
      "type": "Feature",
      "id": "pole_133-12-G",
      "geometry": {
        "type": "Point",
        "coordinates": [
          124.70164,
          11.30296
        ]
      },
      "properties": {
        "pole_number": "133-12-G",
        "feeder": "F1",
        "circuit": "Single Phase",
        "primary_bus": "133-12-G",
        "transformer_bus": null,
        "secondary_bus": "133-12-F-3",
        "feature_type": "pole"
      }
    },
    {
      "type": "Feature",
      "id": "pole_133-12-H",
      "geometry": {
        "type": "Point",
        "coordinates": [
          124.70151,
          11.30437
        ]
      },
      "properties": {
        "pole_number": "133-12-H",
        "feeder": "F1",
        "circuit": "Single Phase",
        "primary_bus": "133-12-H",
        "transformer_bus": null,
        "secondary_bus": "133-12-G",
        "feature_type": "pole"
      }
    },
    {
      "type": "Feature",
      "id": "pole_133-12-I",
      "geometry": {
        "type": "Point",
        "coordinates": [
          124.70151,
          11.30437
        ]
      },
      "properties": {
        "pole_number": "133-12-I",
        "feeder": "F1",
        "circuit": "Single Phase",
        "primary_bus": "133-12-I",
        "transformer_bus": "133-12-H",
        "secondary_bus": "133-12-H",
        "feature_type": "pole"
      }
    },
    {
      "type": "Feature",
      "id": "pole_133-12-J",
      "geometry": {
        "type": "Point",
        "coordinates": [
          124.70151,
          11.30437
        ]
      },
      "properties": {
        "pole_number": "133-12-J",
        "feeder": "F1",
        "circuit": "Single Phase",
        "primary_bus": "133-12-J",
        "transformer_bus": "133-12-H",
        "secondary_bus": "133-12-I",
        "feature_type": "pole"
      }
    },
    {
      "type": "Feature",
      "id": "pole_133-12-H-2",
      "geometry": {
        "type": "Point",
        "coordinates": [
          124.70151,
          11.30437
        ]
      },
      "properties": {
        "pole_number": "133-12-H-2",
        "feeder": "F1",
        "circuit": "Single Phase",
        "primary_bus": "133-12-H-2",
        "transformer_bus": null,
        "secondary_bus": "133-12-",
        "feature_type": "pole"
      }
    },
    {
      "type": "Feature",
      "id": "pole_133-12-H-3",
      "geometry": {
        "type": "Point",
        "coordinates": [
          124.70266,
          11.30506
        ]
      },
      "properties": {
        "pole_number": "133-12-H-3",
        "feeder": "F1",
        "circuit": "Single Phase",
        "primary_bus": "133-12-H-3",
        "transformer_bus": null,
        "secondary_bus": "133-12-H-2",
        "feature_type": "pole"
      }
    },
    {
      "type": "Feature",
      "id": "pole_133-12-H-4",
      "geometry": {
        "type": "Point",
        "coordinates": [
          124.70294,
          11.30491
        ]
      },
      "properties": {
        "pole_number": "133-12-H-4",
        "feeder": "F1",
        "circuit": "Single Phase",
        "primary_bus": "133-12-H-4",
        "transformer_bus": null,
        "secondary_bus": "133-12-H-3",
        "feature_type": "pole"
      }
    },
    {
      "type": "Feature",
      "id": "pole_133-12-H-5",
      "geometry": {
        "type": "Point",
        "coordinates": [
          124.70322,
          11.30502
        ]
      },
      "properties": {
        "pole_number": "133-12-H-5",
        "feeder": "F1",
        "circuit": "Single Phase",
        "primary_bus": "133-12-H-5",
        "transformer_bus": null,
        "secondary_bus": "133-12-H-4",
        "feature_type": "pole"
      }
    },
    {
      "type": "Feature",
      "id": "pole_133-12-H-5-A",
      "geometry": {
        "type": "Point",
        "coordinates": [
          124.70421,
          11.30543
        ]
      },
      "properties": {
        "pole_number": "133-12-H-5-A",
        "feeder": "F1",
        "circuit": "Single Phase",
        "primary_bus": "133-12-H-5-A",
        "transformer_bus": null,
        "secondary_bus": "133-12-H-5",
        "feature_type": "pole"
      }
    },
    {
      "type": "Feature",
      "id": "pole_99-2",
      "geometry": {
        "type": "Point",
        "coordinates": [
          124.68744,
          11.2987
        ]
      },
      "properties": {
        "pole_number": "99-2",
        "feeder": "F1",
        "circuit": "V Phase",
        "primary_bus": "99-2",
        "transformer_bus": null,
        "secondary_bus": null,
        "feature_type": "pole"
      }
    },
    {
      "type": "Feature",
      "id": "pole_99-2-a",
      "geometry": {
        "type": "Point",
        "coordinates": [
          124.68737,
          11.29878
        ]
      },
      "properties": {
        "pole_number": "99-2-a",
        "feeder": "F1",
        "circuit": "V Phase",
        "primary_bus": "99-2-a",
        "transformer_bus": null,
        "secondary_bus": "99-2",
        "feature_type": "pole"
      }
    },
    {
      "type": "Feature",
      "id": "pole_99-3",
      "geometry": {
        "type": "Point",
        "coordinates": [
          124.68737,
          11.29899
        ]
      },
      "properties": {
        "pole_number": "99-3",
        "feeder": "F1",
        "circuit": "V Phase",
        "primary_bus": "99-3",
        "transformer_bus": null,
        "secondary_bus": "99-2-a",
        "feature_type": "pole"
      }
    },
    {
      "type": "Feature",
      "id": "pole_99-4",
      "geometry": {
        "type": "Point",
        "coordinates": [
          124.68738,
          11.29907
        ]
      },
      "properties": {
        "pole_number": "99-4",
        "feeder": "F6",
        "circuit": "V Phase",
        "primary_bus": "99-4",
        "transformer_bus": "99-3",
        "secondary_bus": "99-3",
        "feature_type": "pole"
      }
    },
    {
      "type": "Feature",
      "id": "pole_99-4-A",
      "geometry": {
        "type": "Point",
        "coordinates": [
          124.68738,
          11.29913
        ]
      },
      "properties": {
        "pole_number": "99-4-A",
        "feeder": "F6",
        "circuit": "V Phase",
        "primary_bus": "99-4-A",
        "transformer_bus": null,
        "secondary_bus": "99-4",
        "feature_type": "pole"
      }
    },
    {
      "type": "Feature",
      "id": "pole_99-4-a",
      "geometry": {
        "type": "Point",
        "coordinates": [
          124.68739,
          11.29916
        ]
      },
      "properties": {
        "pole_number": "99-4-a",
        "feeder": "F6",
        "circuit": "V Phase",
        "primary_bus": "99-4-a",
        "transformer_bus": null,
        "secondary_bus": "99-4-A",
        "feature_type": "pole"
      }
    },
    {
      "type": "Feature",
      "id": "pole_99-5",
      "geometry": {
        "type": "Point",
        "coordinates": [
          124.68688,
          11.29987
        ]
      },
      "properties": {
        "pole_number": "99-5",
        "feeder": "F6",
        "circuit": "V Phase",
        "primary_bus": "99-5",
        "transformer_bus": null,
        "secondary_bus": null,
        "feature_type": "pole"
      }
    },
    {
      "type": "Feature",
      "id": "pole_99-6",
      "geometry": {
        "type": "Point",
        "coordinates": [
          124.68774,
          11.29977
        ]
      },
      "properties": {
        "pole_number": "99-6",
        "feeder": "F6",
        "circuit": "V Phase",
        "primary_bus": "99-6",
        "transformer_bus": null,
        "secondary_bus": "99-5",
        "feature_type": "pole"
      }
    },
    {
      "type": "Feature",
      "id": "pole_99-6-A",
      "geometry": {
        "type": "Point",
        "coordinates": [
          124.68787,
          11.30024
        ]
      },
      "properties": {
        "pole_number": "99-6-A",
        "feeder": "F6",
        "circuit": "V Phase",
        "primary_bus": "99-6-A",
        "transformer_bus": null,
        "secondary_bus": null,
        "feature_type": "pole"
      }
    },
    {
      "type": "Feature",
      "id": "pole_99-6-B",
      "geometry": {
        "type": "Point",
        "coordinates": [
          124.68842,
          11.30027
        ]
      },
      "properties": {
        "pole_number": "99-6-B",
        "feeder": "F6",
        "circuit": "V Phase",
        "primary_bus": "99-6-B",
        "transformer_bus": null,
        "secondary_bus": "99-6-A",
        "feature_type": "pole"
      }
    },
    {
      "type": "Feature",
      "id": "pole_99-6-B-a",
      "geometry": {
        "type": "Point",
        "coordinates": [
          124.68856,
          11.29998
        ]
      },
      "properties": {
        "pole_number": "99-6-B-a",
        "feeder": "F6",
        "circuit": "V Phase",
        "primary_bus": "99-6-B-a",
        "transformer_bus": null,
        "secondary_bus": "99-6-B",
        "feature_type": "pole"
      }
    },
    {
      "type": "Feature",
      "id": "pole_99-6-a",
      "geometry": {
        "type": "Point",
        "coordinates": [
          124.68762,
          11.30049
        ]
      },
      "properties": {
        "pole_number": "99-6-a",
        "feeder": "F6",
        "circuit": "V Phase",
        "primary_bus": "99-6-a",
        "transformer_bus": null,
        "secondary_bus": null,
        "feature_type": "pole"
      }
    },
    {
      "type": "Feature",
      "id": "pole_99-7",
      "geometry": {
        "type": "Point",
        "coordinates": [
          124.68669,
          11.30098
        ]
      },
      "properties": {
        "pole_number": "99-7",
        "feeder": "F6",
        "circuit": "V Phase",
        "primary_bus": "99-7",
        "transformer_bus": null,
        "secondary_bus": "99-6-a",
        "feature_type": "pole"
      }
    },
    {
      "type": "Feature",
      "id": "pole_99-8",
      "geometry": {
        "type": "Point",
        "coordinates": [
          124.6878,
          11.30098
        ]
      },
      "properties": {
        "pole_number": "99-8",
        "feeder": "F6",
        "circuit": "V Phase",
        "primary_bus": "99-8",
        "transformer_bus": null,
        "secondary_bus": null,
        "feature_type": "pole"
      }
    },
    {
      "type": "Feature",
      "id": "pole_99-9A",
      "geometry": {
        "type": "Point",
        "coordinates": [
          124.68847,
          11.30102
        ]
      },
      "properties": {
        "pole_number": "99-9A",
        "feeder": "F6",
        "circuit": "3 Phase",
        "primary_bus": "99-9A",
        "transformer_bus": null,
        "secondary_bus": null,
        "feature_type": "pole"
      }
    },
    {
      "type": "Feature",
      "id": "pole_99-10B",
      "geometry": {
        "type": "Point",
        "coordinates": [
          124.68847,
          11.30111
        ]
      },
      "properties": {
        "pole_number": "99-10B",
        "feeder": "F6",
        "circuit": "Single Phase",
        "primary_bus": "99-10A",
        "transformer_bus": null,
        "secondary_bus": "99-A",
        "feature_type": "pole"
      }
    },
    {
      "type": "Feature",
      "id": "pole_99-10B-a",
      "geometry": {
        "type": "Point",
        "coordinates": [
          124.68847,
          11.30106
        ]
      },
      "properties": {
        "pole_number": "99-10B-a",
        "feeder": "F6",
        "circuit": "Single Phase",
        "primary_bus": "99-10A-a",
        "transformer_bus": "99-10B",
        "secondary_bus": "99-10B",
        "feature_type": "pole"
      }
    },
    {
      "type": "Feature",
      "id": "pole_99-8-a",
      "geometry": {
        "type": "Point",
        "coordinates": [
          124.6873,
          11.30109
        ]
      },
      "properties": {
        "pole_number": "99-8-a",
        "feeder": "F6",
        "circuit": "Single Phase",
        "primary_bus": "99-a",
        "transformer_bus": null,
        "secondary_bus": "99-8",
        "feature_type": "pole"
      }
    },
    {
      "type": "Feature",
      "id": "pole_99-8-b",
      "geometry": {
        "type": "Point",
        "coordinates": [
          124.68726,
          11.30066
        ]
      },
      "properties": {
        "pole_number": "99-8-b",
        "feeder": "F6",
        "circuit": "Single Phase",
        "primary_bus": "99-8-b",
        "transformer_bus": "99-8-a",
        "secondary_bus": "99-8",
        "feature_type": "pole"
      }
    },
    {
      "type": "Feature",
      "id": "pole_99-8-c",
      "geometry": {
        "type": "Point",
        "coordinates": [
          124.68661,
          11.30102
        ]
      },
      "properties": {
        "pole_number": "99-8-c",
        "feeder": "F6",
        "circuit": "Single Phase",
        "primary_bus": "99-8-c",
        "transformer_bus": "99-8-b",
        "secondary_bus": "99-8-b",
        "feature_type": "pole"
      }
    },
    {
      "type": "Feature",
      "id": "pole_99-11",
      "geometry": {
        "type": "Point",
        "coordinates": [
          124.68693,
          11.3016
        ]
      },
      "properties": {
        "pole_number": "99-11",
        "feeder": "F6",
        "circuit": "Single Phase",
        "primary_bus": "99-11",
        "transformer_bus": null,
        "secondary_bus": "99-8-c",
        "feature_type": "pole"
      }
    },
    {
      "type": "Feature",
      "id": "pole_99-12",
      "geometry": {
        "type": "Point",
        "coordinates": [
          124.68777,
          11.30134
        ]
      },
      "properties": {
        "pole_number": "99-12",
        "feeder": "F6",
        "circuit": "Single Phase",
        "primary_bus": "99-12",
        "transformer_bus": null,
        "secondary_bus": "99-11",
        "feature_type": "pole"
      }
    },
    {
      "type": "Feature",
      "id": "pole_99-13",
      "geometry": {
        "type": "Point",
        "coordinates": [
          124.68774,
          11.30154
        ]
      },
      "properties": {
        "pole_number": "99-13",
        "feeder": "F6",
        "circuit": "Single Phase",
        "primary_bus": "99-13",
        "transformer_bus": "99-12",
        "secondary_bus": "99-12",
        "feature_type": "pole"
      }
    },
    {
      "type": "Feature",
      "id": "pole_99-13a",
      "geometry": {
        "type": "Point",
        "coordinates": [
          124.68775,
          11.30204
        ]
      },
      "properties": {
        "pole_number": "99-13a",
        "feeder": "F6",
        "circuit": "Single Phase",
        "primary_bus": "99-13a",
        "transformer_bus": "99-12",
        "secondary_bus": "99-12",
        "feature_type": "pole"
      }
    },
    {
      "type": "Feature",
      "id": "pole_99-14a",
      "geometry": {
        "type": "Point",
        "coordinates": [
          124.68741,
          11.30202
        ]
      },
      "properties": {
        "pole_number": "99-14a",
        "feeder": "F6",
        "circuit": "Single Phase",
        "primary_bus": "99-14a",
        "transformer_bus": null,
        "secondary_bus": "99-13a",
        "feature_type": "pole"
      }
    },
    {
      "type": "Feature",
      "id": "pole_99-15a",
      "geometry": {
        "type": "Point",
        "coordinates": [
          124.68741,
          11.30202
        ]
      },
      "properties": {
        "pole_number": "99-15a",
        "feeder": "F6",
        "circuit": "Single Phase",
        "primary_bus": "99-15a",
        "transformer_bus": null,
        "secondary_bus": "99-14a",
        "feature_type": "pole"
      }
    },
    {
      "type": "Feature",
      "id": "pole_99-12-A",
      "geometry": {
        "type": "Point",
        "coordinates": [
          124.68815,
          11.30207
        ]
      },
      "properties": {
        "pole_number": "99-12-A",
        "feeder": "F6",
        "circuit": "Single Phase",
        "primary_bus": "99-12-A",
        "transformer_bus": null,
        "secondary_bus": null,
        "feature_type": "pole"
      }
    },
    {
      "type": "Feature",
      "id": "pole_99-17",
      "geometry": {
        "type": "Point",
        "coordinates": [
          124.68736,
          11.30224
        ]
      },
      "properties": {
        "pole_number": "99-17",
        "feeder": "F6",
        "circuit": "Single Phase",
        "primary_bus": "99-17",
        "transformer_bus": null,
        "secondary_bus": null,
        "feature_type": "pole"
      }
    },
    {
      "type": "Feature",
      "id": "pole_99-18",
      "geometry": {
        "type": "Point",
        "coordinates": [
          124.68806,
          11.30242
        ]
      },
      "properties": {
        "pole_number": "99-18",
        "feeder": "F6",
        "circuit": "Single Phase",
        "primary_bus": "99-18",
        "transformer_bus": "99-17",
        "secondary_bus": "99-17",
        "feature_type": "pole"
      }
    },
    {
      "type": "Feature",
      "id": "pole_99-18-A",
      "geometry": {
        "type": "Point",
        "coordinates": [
          124.68821,
          11.30227
        ]
      },
      "properties": {
        "pole_number": "99-18-A",
        "feeder": "F6",
        "circuit": "Single Phase",
        "primary_bus": "99-18-A",
        "transformer_bus": null,
        "secondary_bus": "99-18",
        "feature_type": "pole"
      }
    },
    {
      "type": "Feature",
      "id": "pole_99-18-a",
      "geometry": {
        "type": "Point",
        "coordinates": [
          124.68825,
          11.30223
        ]
      },
      "properties": {
        "pole_number": "99-18-a",
        "feeder": "F6",
        "circuit": "Single Phase",
        "primary_bus": "99-18-a3",
        "transformer_bus": null,
        "secondary_bus": null,
        "feature_type": "pole"
      }
    },
    {
      "type": "Feature",
      "id": "pole_100-1",
      "geometry": {
        "type": "Point",
        "coordinates": [
          124.68795,
          11.29868
        ]
      },
      "properties": {
        "pole_number": "100-1",
        "feeder": "F6",
        "circuit": "3 Phase",
        "primary_bus": "100-1",
        "transformer_bus": null,
        "secondary_bus": null,
        "feature_type": "pole"
      }
    },
    {
      "type": "Feature",
      "id": "pole_100-2",
      "geometry": {
        "type": "Point",
        "coordinates": [
          124.68797,
          11.29876
        ]
      },
      "properties": {
        "pole_number": "100-2",
        "feeder": "F6",
        "circuit": "3 Phase",
        "primary_bus": "100-2",
        "transformer_bus": null,
        "secondary_bus": "100-1",
        "feature_type": "pole"
      }
    },
    {
      "type": "Feature",
      "id": "pole_100-3",
      "geometry": {
        "type": "Point",
        "coordinates": [
          124.68809,
          11.29927
        ]
      },
      "properties": {
        "pole_number": "100-3",
        "feeder": "F6",
        "circuit": "3 Phase",
        "primary_bus": "100-3",
        "transformer_bus": null,
        "secondary_bus": "100-2",
        "feature_type": "pole"
      }
    },
    {
      "type": "Feature",
      "id": "pole_100",
      "geometry": {
        "type": "Point",
        "coordinates": [
          124.68782,
          11.29832
        ]
      },
      "properties": {
        "pole_number": "100",
        "feeder": "F6",
        "circuit": "3 Phase",
        "primary_bus": "100",
        "transformer_bus": null,
        "secondary_bus": "100",
        "feature_type": "pole"
      }
    },
    {
      "type": "Feature",
      "id": "pole_101",
      "geometry": {
        "type": "Point",
        "coordinates": [
          124.68771,
          11.29794
        ]
      },
      "properties": {
        "pole_number": "101",
        "feeder": "F6",
        "circuit": "3 Phase",
        "primary_bus": "101",
        "transformer_bus": "100",
        "secondary_bus": "100",
        "feature_type": "pole"
      }
    },
    {
      "type": "Feature",
      "id": "pole_102",
      "geometry": {
        "type": "Point",
        "coordinates": [
          124.68799,
          11.2983
        ]
      },
      "properties": {
        "pole_number": "102",
        "feeder": "F6",
        "circuit": "3 Phase",
        "primary_bus": "102",
        "transformer_bus": null,
        "secondary_bus": null,
        "feature_type": "pole"
      }
    },
    {
      "type": "Feature",
      "id": "pole_147",
      "geometry": {
        "type": "Point",
        "coordinates": [
          124.68946,
          11.29819
        ]
      },
      "properties": {
        "pole_number": "147",
        "feeder": "F1",
        "circuit": "3 Phase",
        "primary_bus": "147",
        "transformer_bus": null,
        "secondary_bus": null,
        "feature_type": "pole"
      }
    },
    {
      "type": "Feature",
      "id": "pole_147-1",
      "geometry": {
        "type": "Point",
        "coordinates": [
          124.69063,
          11.29835
        ]
      },
      "properties": {
        "pole_number": "147-1",
        "feeder": "F1",
        "circuit": "Single Phase",
        "primary_bus": "147-1",
        "transformer_bus": null,
        "secondary_bus": "147",
        "feature_type": "pole"
      }
    },
    {
      "type": "Feature",
      "id": "pole_147-1-A",
      "geometry": {
        "type": "Point",
        "coordinates": [
          124.69006,
          11.29815
        ]
      },
      "properties": {
        "pole_number": "147-1-A",
        "feeder": "F1",
        "circuit": "Single Phase",
        "primary_bus": "147-1-A",
        "transformer_bus": null,
        "secondary_bus": "147-1",
        "feature_type": "pole"
      }
    },
    {
      "type": "Feature",
      "id": "pole_147-1-A-a",
      "geometry": {
        "type": "Point",
        "coordinates": [
          124.68997,
          11.29777
        ]
      },
      "properties": {
        "pole_number": "147-1-A-a",
        "feeder": "F1",
        "circuit": "Single Phase",
        "primary_bus": "147-1-A-a",
        "transformer_bus": null,
        "secondary_bus": "147-1-A",
        "feature_type": "pole"
      }
    },
    {
      "type": "Feature",
      "id": "pole_147-1-B",
      "geometry": {
        "type": "Point",
        "coordinates": [
          124.69048,
          11.29764
        ]
      },
      "properties": {
        "pole_number": "147-1-B",
        "feeder": "F1",
        "circuit": "Single Phase",
        "primary_bus": "147-1-B",
        "transformer_bus": null,
        "secondary_bus": "147-1-A-a",
        "feature_type": "pole"
      }
    },
    {
      "type": "Feature",
      "id": "pole_147-2",
      "geometry": {
        "type": "Point",
        "coordinates": [
          124.6904,
          11.2979
        ]
      },
      "properties": {
        "pole_number": "147-2",
        "feeder": "F1",
        "circuit": "Single Phase",
        "primary_bus": "147-2",
        "transformer_bus": null,
        "secondary_bus": "147-1-B",
        "feature_type": "pole"
      }
    },
    {
      "type": "Feature",
      "id": "pole_147-3",
      "geometry": {
        "type": "Point",
        "coordinates": [
          124.69029,
          11.29807
        ]
      },
      "properties": {
        "pole_number": "147-3",
        "feeder": "F1",
        "circuit": "Single Phase",
        "primary_bus": "147-3",
        "transformer_bus": null,
        "secondary_bus": "147-2",
        "feature_type": "pole"
      }
    },
    {
      "type": "Feature",
      "id": "pole_147-3-A",
      "geometry": {
        "type": "Point",
        "coordinates": [
          124.69078,
          11.2983
        ]
      },
      "properties": {
        "pole_number": "147-3-A",
        "feeder": "F1",
        "circuit": "Single Phase",
        "primary_bus": "147-3-A",
        "transformer_bus": null,
        "secondary_bus": "147-3",
        "feature_type": "pole"
      }
    },
    {
      "type": "Feature",
      "id": "pole_147-4",
      "geometry": {
        "type": "Point",
        "coordinates": [
          124.69121,
          11.29848
        ]
      },
      "properties": {
        "pole_number": "147-4",
        "feeder": "F1",
        "circuit": "Single Phase",
        "primary_bus": "147-4",
        "transformer_bus": null,
        "secondary_bus": "147-3-A",
        "feature_type": "pole"
      }
    },
    {
      "type": "Feature",
      "id": "pole_147-4-A",
      "geometry": {
        "type": "Point",
        "coordinates": [
          124.69151,
          11.29795
        ]
      },
      "properties": {
        "pole_number": "147-4-A",
        "feeder": "F1",
        "circuit": "Single Phase",
        "primary_bus": "147-4-A",
        "transformer_bus": null,
        "secondary_bus": null,
        "feature_type": "pole"
      }
    },
    {
      "type": "Feature",
      "id": "pole_147-4-B",
      "geometry": {
        "type": "Point",
        "coordinates": [
          124.69147,
          11.29801
        ]
      },
      "properties": {
        "pole_number": "147-4-B",
        "feeder": "F1",
        "circuit": "Single Phase",
        "primary_bus": "147-4-B",
        "transformer_bus": null,
        "secondary_bus": "147-4-A",
        "feature_type": "pole"
      }
    },
    {
      "type": "Feature",
      "id": "pole_147-4-a",
      "geometry": {
        "type": "Point",
        "coordinates": [
          124.69134,
          11.29794
        ]
      },
      "properties": {
        "pole_number": "147-4-a",
        "feeder": "F1",
        "circuit": "Single Phase",
        "primary_bus": "147-4-a",
        "transformer_bus": null,
        "secondary_bus": "147-4-B",
        "feature_type": "pole"
      }
    },
    {
      "type": "Feature",
      "id": "pole_147-4-1",
      "geometry": {
        "type": "Point",
        "coordinates": [
          124.69235,
          11.29866
        ]
      },
      "properties": {
        "pole_number": "147-4-1",
        "feeder": "F1",
        "circuit": "Single Phase",
        "primary_bus": "147-4-1",
        "transformer_bus": null,
        "secondary_bus": "147-4-a",
        "feature_type": "pole"
      }
    },
    {
      "type": "Feature",
      "id": "pole_147-4-2",
      "geometry": {
        "type": "Point",
        "coordinates": [
          124.69224,
          11.29845
        ]
      },
      "properties": {
        "pole_number": "147-4-2",
        "feeder": "F1",
        "circuit": "Single Phase",
        "primary_bus": "147-4-2",
        "transformer_bus": null,
        "secondary_bus": "147-4-1",
        "feature_type": "pole"
      }
    },
    {
      "type": "Feature",
      "id": "pole_147-4-3",
      "geometry": {
        "type": "Point",
        "coordinates": [
          124.69234,
          11.29847
        ]
      },
      "properties": {
        "pole_number": "147-4-3",
        "feeder": "F1",
        "circuit": "Single Phase",
        "primary_bus": "147-4-3",
        "transformer_bus": null,
        "secondary_bus": "147-4-2",
        "feature_type": "pole"
      }
    },
    {
      "type": "Feature",
      "id": "pole_146-a",
      "geometry": {
        "type": "Point",
        "coordinates": [
          124.68939,
          11.29876
        ]
      },
      "properties": {
        "pole_number": "146-a",
        "feeder": "F1",
        "circuit": "3 Phase",
        "primary_bus": "146-a",
        "transformer_bus": null,
        "secondary_bus": null,
        "feature_type": "pole"
      }
    },
    {
      "type": "Feature",
      "id": "pole_146-b",
      "geometry": {
        "type": "Point",
        "coordinates": [
          124.68934,
          11.29879
        ]
      },
      "properties": {
        "pole_number": "146-b",
        "feeder": "F1",
        "circuit": "3 Phase",
        "primary_bus": "146-b",
        "transformer_bus": null,
        "secondary_bus": "146-a",
        "feature_type": "pole"
      }
    },
    {
      "type": "Feature",
      "id": "pole_146-c",
      "geometry": {
        "type": "Point",
        "coordinates": [
          124.6893,
          11.29874
        ]
      },
      "properties": {
        "pole_number": "146-c",
        "feeder": "F1",
        "circuit": "3 Phase",
        "primary_bus": "146-c",
        "transformer_bus": null,
        "secondary_bus": "146-a",
        "feature_type": "pole"
      }
    },
    {
      "type": "Feature",
      "id": "pole_146-A",
      "geometry": {
        "type": "Point",
        "coordinates": [
          124.6893,
          11.29874
        ]
      },
      "properties": {
        "pole_number": "146-A",
        "feeder": "F1",
        "circuit": "3 Phase",
        "primary_bus": "146-A",
        "transformer_bus": null,
        "secondary_bus": "146-c",
        "feature_type": "pole"
      }
    },
    {
      "type": "Feature",
      "id": "pole_146-B",
      "geometry": {
        "type": "Point",
        "coordinates": [
          124.6897,
          11.29882
        ]
      },
      "properties": {
        "pole_number": "146-B",
        "feeder": "F1",
        "circuit": "3 Phase",
        "primary_bus": "146-B",
        "transformer_bus": null,
        "secondary_bus": "146-A",
        "feature_type": "pole"
      }
    },
    {
      "type": "Feature",
      "id": "pole_146-C",
      "geometry": {
        "type": "Point",
        "coordinates": [
          124.69036,
          11.29881
        ]
      },
      "properties": {
        "pole_number": "146-C",
        "feeder": "F1",
        "circuit": "3 Phase",
        "primary_bus": "146-C",
        "transformer_bus": null,
        "secondary_bus": "146-B",
        "feature_type": "pole"
      }
    },
    {
      "type": "Feature",
      "id": "pole_146",
      "geometry": {
        "type": "Point",
        "coordinates": [
          124.68948,
          11.29859
        ]
      },
      "properties": {
        "pole_number": "146",
        "feeder": "F1",
        "circuit": "3 Phase",
        "primary_bus": "146",
        "transformer_bus": null,
        "secondary_bus": null,
        "feature_type": "pole"
      }
    },
    {
      "type": "Feature",
      "id": "pole_133-6",
      "geometry": {
        "type": "Point",
        "coordinates": [
          124.69377,
          11.30003
        ]
      },
      "properties": {
        "pole_number": "133-6",
        "feeder": "F1",
        "circuit": "3 Phase",
        "primary_bus": "133-6",
        "transformer_bus": null,
        "secondary_bus": "133-5",
        "feature_type": "pole"
      }
    },
    {
      "type": "Feature",
      "id": "pole_133-6-a",
      "geometry": {
        "type": "Point",
        "coordinates": [
          124.69259,
          11.30107
        ]
      },
      "properties": {
        "pole_number": "133-6-a",
        "feeder": "F1",
        "circuit": "3 Phase",
        "primary_bus": "133-6-a",
        "transformer_bus": null,
        "secondary_bus": "133-6",
        "feature_type": "pole"
      }
    },
    {
      "type": "Feature",
      "id": "pole_133-6-b",
      "geometry": {
        "type": "Point",
        "coordinates": [
          124.69337,
          11.30118
        ]
      },
      "properties": {
        "pole_number": "133-6-b",
        "feeder": "F1",
        "circuit": "3 Phase",
        "primary_bus": "133-6-b",
        "transformer_bus": null,
        "secondary_bus": "133-6-a",
        "feature_type": "pole"
      }
    },
    {
      "type": "Feature",
      "id": "pole_131-4-A",
      "geometry": {
        "type": "Point",
        "coordinates": [
          124.69376,
          11.29954
        ]
      },
      "properties": {
        "pole_number": "131-4-A",
        "feeder": "F1",
        "circuit": "3 Phase",
        "primary_bus": "131-4-A",
        "transformer_bus": null,
        "secondary_bus": null,
        "feature_type": "pole"
      }
    },
    {
      "type": "Feature",
      "id": "pole_131-4-B",
      "geometry": {
        "type": "Point",
        "coordinates": [
          124.69437,
          11.29929
        ]
      },
      "properties": {
        "pole_number": "131-4-B",
        "feeder": "F1",
        "circuit": "3 Phase",
        "primary_bus": "131-4-B",
        "transformer_bus": null,
        "secondary_bus": "131-4-A",
        "feature_type": "pole"
      }
    },
    {
      "type": "Feature",
      "id": "pole_131-4-B-A",
      "geometry": {
        "type": "Point",
        "coordinates": [
          124.69442,
          11.29888
        ]
      },
      "properties": {
        "pole_number": "131-4-B-A",
        "feeder": "F1",
        "circuit": "3 Phase",
        "primary_bus": "131-4-B-A",
        "transformer_bus": null,
        "secondary_bus": "131-4-B",
        "feature_type": "pole"
      }
    },
    {
      "type": "Feature",
      "id": "pole_131-4-B-B",
      "geometry": {
        "type": "Point",
        "coordinates": [
          124.69474,
          11.29888
        ]
      },
      "properties": {
        "pole_number": "131-4-B-B",
        "feeder": "F1",
        "circuit": "3 Phase",
        "primary_bus": "131-4-B-B",
        "transformer_bus": null,
        "secondary_bus": "131-4-B-A",
        "feature_type": "pole"
      }
    },
    {
      "type": "Feature",
      "id": "pole_131-4-B-C",
      "geometry": {
        "type": "Point",
        "coordinates": [
          124.69442,
          11.29777
        ]
      },
      "properties": {
        "pole_number": "131-4-B-C",
        "feeder": "F1",
        "circuit": "3 Phase",
        "primary_bus": "131-4-B-C",
        "transformer_bus": null,
        "secondary_bus": "131-4-B-B",
        "feature_type": "pole"
      }
    },
    {
      "type": "Feature",
      "id": "pole_131-4-B-D",
      "geometry": {
        "type": "Point",
        "coordinates": [
          124.69459,
          11.2979
        ]
      },
      "properties": {
        "pole_number": "131-4-B-D",
        "feeder": "F1",
        "circuit": "3 Phase",
        "primary_bus": "131-4-B-D",
        "transformer_bus": null,
        "secondary_bus": "131-4-B-C",
        "feature_type": "pole"
      }
    },
    {
      "type": "Feature",
      "id": "pole_75",
      "geometry": {
        "type": "Point",
        "coordinates": [
          124.57829,
          11.30765
        ]
      },
      "properties": {
        "pole_number": "75",
        "feeder": "F7",
        "circuit": "3 Phase",
        "primary_bus": "75",
        "transformer_bus": null,
        "secondary_bus": "74",
        "feature_type": "pole"
      }
    },
    {
      "type": "Feature",
      "id": "pole_82",
      "geometry": {
        "type": "Point",
        "coordinates": [
          124.57378,
          11.30645
        ]
      },
      "properties": {
        "pole_number": "82",
        "feeder": "F7",
        "circuit": "3 Phase",
        "primary_bus": "82",
        "transformer_bus": null,
        "secondary_bus": "81",
        "feature_type": "pole"
      }
    },
    {
      "type": "Feature",
      "id": "pole_83",
      "geometry": {
        "type": "Point",
        "coordinates": [
          124.57331,
          11.30607
        ]
      },
      "properties": {
        "pole_number": "83",
        "feeder": "F7",
        "circuit": "3 Phase",
        "primary_bus": "83",
        "transformer_bus": null,
        "secondary_bus": "82",
        "feature_type": "pole"
      }
    },
    {
      "type": "Feature",
      "id": "pole_84",
      "geometry": {
        "type": "Point",
        "coordinates": [
          124.57333,
          11.30528
        ]
      },
      "properties": {
        "pole_number": "84",
        "feeder": "F7",
        "circuit": "3 Phase",
        "primary_bus": "84",
        "transformer_bus": null,
        "secondary_bus": "83",
        "feature_type": "pole"
      }
    },
    {
      "type": "Feature",
      "id": "pole_85",
      "geometry": {
        "type": "Point",
        "coordinates": [
          124.57306,
          11.30468
        ]
      },
      "properties": {
        "pole_number": "85",
        "feeder": "F7",
        "circuit": "3 Phase",
        "primary_bus": "85",
        "transformer_bus": null,
        "secondary_bus": "84",
        "feature_type": "pole"
      }
    },
    {
      "type": "Feature",
      "id": "pole_86",
      "geometry": {
        "type": "Point",
        "coordinates": [
          124.57288,
          11.30511
        ]
      },
      "properties": {
        "pole_number": "86",
        "feeder": "F7",
        "circuit": "3 Phase",
        "primary_bus": "86",
        "transformer_bus": null,
        "secondary_bus": "85",
        "feature_type": "pole"
      }
    },
    {
      "type": "Feature",
      "id": "pole_87",
      "geometry": {
        "type": "Point",
        "coordinates": [
          124.572,
          11.30573
        ]
      },
      "properties": {
        "pole_number": "87",
        "feeder": "F7",
        "circuit": "3 Phase",
        "primary_bus": "87",
        "transformer_bus": "86",
        "secondary_bus": "86",
        "feature_type": "pole"
      }
    },
    {
      "type": "Feature",
      "id": "pole_88",
      "geometry": {
        "type": "Point",
        "coordinates": [
          124.57146,
          11.30482
        ]
      },
      "properties": {
        "pole_number": "88",
        "feeder": "F7",
        "circuit": "3 Phase",
        "primary_bus": "88",
        "transformer_bus": null,
        "secondary_bus": "87",
        "feature_type": "pole"
      }
    },
    {
      "type": "Feature",
      "id": "pole_89",
      "geometry": {
        "type": "Point",
        "coordinates": [
          124.57104,
          11.30365
        ]
      },
      "properties": {
        "pole_number": "89",
        "feeder": "F7",
        "circuit": "3 Phase",
        "primary_bus": "89",
        "transformer_bus": null,
        "secondary_bus": "88",
        "feature_type": "pole"
      }
    },
    {
      "type": "Feature",
      "id": "pole_90",
      "geometry": {
        "type": "Point",
        "coordinates": [
          124.57104,
          11.30365
        ]
      },
      "properties": {
        "pole_number": "90",
        "feeder": "F7",
        "circuit": "3 Phase",
        "primary_bus": "90",
        "transformer_bus": null,
        "secondary_bus": "89",
        "feature_type": "pole"
      }
    },
    {
      "type": "Feature",
      "id": "pole_91",
      "geometry": {
        "type": "Point",
        "coordinates": [
          124.57045,
          11.30375
        ]
      },
      "properties": {
        "pole_number": "91",
        "feeder": "F7",
        "circuit": "3 Phase",
        "primary_bus": "91",
        "transformer_bus": null,
        "secondary_bus": "90",
        "feature_type": "pole"
      }
    },
    {
      "type": "Feature",
      "id": "pole_92",
      "geometry": {
        "type": "Point",
        "coordinates": [
          124.57087,
          11.30225
        ]
      },
      "properties": {
        "pole_number": "92",
        "feeder": "F7",
        "circuit": "3 Phase",
        "primary_bus": "92",
        "transformer_bus": null,
        "secondary_bus": "91",
        "feature_type": "pole"
      }
    },
    {
      "type": "Feature",
      "id": "pole_93",
      "geometry": {
        "type": "Point",
        "coordinates": [
          124.56937,
          11.30301
        ]
      },
      "properties": {
        "pole_number": "93",
        "feeder": "F7",
        "circuit": "3 Phase",
        "primary_bus": "93",
        "transformer_bus": null,
        "secondary_bus": "92",
        "feature_type": "pole"
      }
    },
    {
      "type": "Feature",
      "id": "pole_94",
      "geometry": {
        "type": "Point",
        "coordinates": [
          124.56937,
          11.30301
        ]
      },
      "properties": {
        "pole_number": "94",
        "feeder": "F7",
        "circuit": "3 Phase",
        "primary_bus": "94",
        "transformer_bus": null,
        "secondary_bus": "93",
        "feature_type": "pole"
      }
    },
    {
      "type": "Feature",
      "id": "pole_95",
      "geometry": {
        "type": "Point",
        "coordinates": [
          124.56891,
          11.30206
        ]
      },
      "properties": {
        "pole_number": "95",
        "feeder": "F7",
        "circuit": "3 Phase",
        "primary_bus": "95",
        "transformer_bus": null,
        "secondary_bus": "94",
        "feature_type": "pole"
      }
    },
    {
      "type": "Feature",
      "id": "pole_96",
      "geometry": {
        "type": "Point",
        "coordinates": [
          124.5693,
          11.30289
        ]
      },
      "properties": {
        "pole_number": "96",
        "feeder": "F7",
        "circuit": "3 Phase",
        "primary_bus": "96",
        "transformer_bus": null,
        "secondary_bus": "95",
        "feature_type": "pole"
      }
    },
    {
      "type": "Feature",
      "id": "pole_97",
      "geometry": {
        "type": "Point",
        "coordinates": [
          124.5688,
          11.30338
        ]
      },
      "properties": {
        "pole_number": "97",
        "feeder": "F7",
        "circuit": "3 Phase",
        "primary_bus": "97",
        "transformer_bus": null,
        "secondary_bus": "96",
        "feature_type": "pole"
      }
    },
    {
      "type": "Feature",
      "id": "pole_98",
      "geometry": {
        "type": "Point",
        "coordinates": [
          124.56806,
          11.30358
        ]
      },
      "properties": {
        "pole_number": "98",
        "feeder": "F7",
        "circuit": "3 Phase",
        "primary_bus": "98",
        "transformer_bus": null,
        "secondary_bus": "97",
        "feature_type": "pole"
      }
    },
    {
      "type": "Feature",
      "id": "pole_99",
      "geometry": {
        "type": "Point",
        "coordinates": [
          124.56806,
          11.30358
        ]
      },
      "properties": {
        "pole_number": "99",
        "feeder": "F7",
        "circuit": "3 Phase",
        "primary_bus": "99",
        "transformer_bus": null,
        "secondary_bus": "98",
        "feature_type": "pole"
      }
    },
    {
      "type": "Feature",
      "id": "pole_99-A",
      "geometry": {
        "type": "Point",
        "coordinates": [
          124.56592,
          11.30383
        ]
      },
      "properties": {
        "pole_number": "99-A",
        "feeder": "F7",
        "circuit": "Single Phase",
        "primary_bus": "99-A",
        "transformer_bus": null,
        "secondary_bus": "99",
        "feature_type": "pole"
      }
    },
    {
      "type": "Feature",
      "id": "pole_99-B",
      "geometry": {
        "type": "Point",
        "coordinates": [
          124.56543,
          11.30411
        ]
      },
      "properties": {
        "pole_number": "99-B",
        "feeder": "F7",
        "circuit": "Single Phase",
        "primary_bus": "99-B",
        "transformer_bus": null,
        "secondary_bus": "99-A",
        "feature_type": "pole"
      }
    },
    {
      "type": "Feature",
      "id": "pole_99-C",
      "geometry": {
        "type": "Point",
        "coordinates": [
          124.56541,
          11.30428
        ]
      },
      "properties": {
        "pole_number": "99-C",
        "feeder": "F7",
        "circuit": "Single Phase",
        "primary_bus": "99-C",
        "transformer_bus": null,
        "secondary_bus": "99-B",
        "feature_type": "pole"
      }
    },
    {
      "type": "Feature",
      "id": "pole_99-D",
      "geometry": {
        "type": "Point",
        "coordinates": [
          124.5655,
          11.30478
        ]
      },
      "properties": {
        "pole_number": "99-D",
        "feeder": "F7",
        "circuit": "Single Phase",
        "primary_bus": "99-D",
        "transformer_bus": null,
        "secondary_bus": "99-C",
        "feature_type": "pole"
      }
    },
    {
      "type": "Feature",
      "id": "pole_99-E",
      "geometry": {
        "type": "Point",
        "coordinates": [
          124.56484,
          11.3052
        ]
      },
      "properties": {
        "pole_number": "99-E",
        "feeder": "F7",
        "circuit": "Single Phase",
        "primary_bus": "99-E",
        "transformer_bus": null,
        "secondary_bus": "99-D",
        "feature_type": "pole"
      }
    },
    {
      "type": "Feature",
      "id": "pole_99-F",
      "geometry": {
        "type": "Point",
        "coordinates": [
          124.56506,
          11.30627
        ]
      },
      "properties": {
        "pole_number": "99-F",
        "feeder": "F7",
        "circuit": "Single Phase",
        "primary_bus": "99-F",
        "transformer_bus": null,
        "secondary_bus": "99-E",
        "feature_type": "pole"
      }
    },
    {
      "type": "Feature",
      "id": "pole_99-G",
      "geometry": {
        "type": "Point",
        "coordinates": [
          124.56506,
          11.30627
        ]
      },
      "properties": {
        "pole_number": "99-G",
        "feeder": "F7",
        "circuit": "Single Phase",
        "primary_bus": "99-G",
        "transformer_bus": null,
        "secondary_bus": "99-F",
        "feature_type": "pole"
      }
    },
    {
      "type": "Feature",
      "id": "pole_99-H",
      "geometry": {
        "type": "Point",
        "coordinates": [
          124.56438,
          11.30665
        ]
      },
      "properties": {
        "pole_number": "99-H",
        "feeder": "F7",
        "circuit": "Single Phase",
        "primary_bus": "99-H",
        "transformer_bus": null,
        "secondary_bus": "99-G",
        "feature_type": "pole"
      }
    },
    {
      "type": "Feature",
      "id": "pole_99-I",
      "geometry": {
        "type": "Point",
        "coordinates": [
          124.56435,
          11.30668
        ]
      },
      "properties": {
        "pole_number": "99-I",
        "feeder": "F7",
        "circuit": "Single Phase",
        "primary_bus": "99-I",
        "transformer_bus": null,
        "secondary_bus": "99-H",
        "feature_type": "pole"
      }
    },
    {
      "type": "Feature",
      "id": "pole_104",
      "geometry": {
        "type": "Point",
        "coordinates": [
          124.56761,
          11.30132
        ]
      },
      "properties": {
        "pole_number": "104",
        "feeder": "F7",
        "circuit": "3 Phase",
        "primary_bus": "104",
        "transformer_bus": null,
        "secondary_bus": "104",
        "feature_type": "pole"
      }
    },
    {
      "type": "Feature",
      "id": "pole_105",
      "geometry": {
        "type": "Point",
        "coordinates": [
          124.56764,
          11.30055
        ]
      },
      "properties": {
        "pole_number": "105",
        "feeder": "F7",
        "circuit": "3 Phase",
        "primary_bus": "105",
        "transformer_bus": null,
        "secondary_bus": "105",
        "feature_type": "pole"
      }
    },
    {
      "type": "Feature",
      "id": "pole_106",
      "geometry": {
        "type": "Point",
        "coordinates": [
          124.56749,
          11.30051
        ]
      },
      "properties": {
        "pole_number": "106",
        "feeder": "F7",
        "circuit": "3 Phase",
        "primary_bus": "106",
        "transformer_bus": null,
        "secondary_bus": "105",
        "feature_type": "pole"
      }
    },
    {
      "type": "Feature",
      "id": "pole_107",
      "geometry": {
        "type": "Point",
        "coordinates": [
          124.56749,
          11.30051
        ]
      },
      "properties": {
        "pole_number": "107",
        "feeder": "F7",
        "circuit": "3 Phase",
        "primary_bus": "107",
        "transformer_bus": null,
        "secondary_bus": "106",
        "feature_type": "pole"
      }
    },
    {
      "type": "Feature",
      "id": "pole_108",
      "geometry": {
        "type": "Point",
        "coordinates": [
          124.5663,
          11.30026
        ]
      },
      "properties": {
        "pole_number": "108",
        "feeder": "F7",
        "circuit": "3 Phase",
        "primary_bus": "108",
        "transformer_bus": null,
        "secondary_bus": "107",
        "feature_type": "pole"
      }
    },
    {
      "type": "Feature",
      "id": "pole_109",
      "geometry": {
        "type": "Point",
        "coordinates": [
          124.5663,
          11.30026
        ]
      },
      "properties": {
        "pole_number": "109",
        "feeder": "F7",
        "circuit": "3 Phase",
        "primary_bus": "109",
        "transformer_bus": null,
        "secondary_bus": "108",
        "feature_type": "pole"
      }
    },
    {
      "type": "Feature",
      "id": "pole_110",
      "geometry": {
        "type": "Point",
        "coordinates": [
          124.5663,
          11.30026
        ]
      },
      "properties": {
        "pole_number": "110",
        "feeder": "F7",
        "circuit": "3 Phase",
        "primary_bus": "110",
        "transformer_bus": null,
        "secondary_bus": "109",
        "feature_type": "pole"
      }
    },
    {
      "type": "Feature",
      "id": "pole_111",
      "geometry": {
        "type": "Point",
        "coordinates": [
          124.56564,
          11.29846
        ]
      },
      "properties": {
        "pole_number": "111",
        "feeder": "F7",
        "circuit": "3 Phase",
        "primary_bus": "111",
        "transformer_bus": null,
        "secondary_bus": "110",
        "feature_type": "pole"
      }
    },
    {
      "type": "Feature",
      "id": "pole_112",
      "geometry": {
        "type": "Point",
        "coordinates": [
          124.56571,
          11.2981
        ]
      },
      "properties": {
        "pole_number": "112",
        "feeder": "F7",
        "circuit": "3 Phase",
        "primary_bus": "112",
        "transformer_bus": null,
        "secondary_bus": "112",
        "feature_type": "pole"
      }
    },
    {
      "type": "Feature",
      "id": "pole_113",
      "geometry": {
        "type": "Point",
        "coordinates": [
          124.56642,
          11.29782
        ]
      },
      "properties": {
        "pole_number": "113",
        "feeder": "F7",
        "circuit": "3 Phase",
        "primary_bus": "113",
        "transformer_bus": null,
        "secondary_bus": "113",
        "feature_type": "pole"
      }
    },
    {
      "type": "Feature",
      "id": "pole_117",
      "geometry": {
        "type": "Point",
        "coordinates": [
          124.56822,
          11.29593
        ]
      },
      "properties": {
        "pole_number": "117",
        "feeder": "F7",
        "circuit": "3 Phase",
        "primary_bus": "117",
        "transformer_bus": null,
        "secondary_bus": "117",
        "feature_type": "pole"
      }
    },
    {
      "type": "Feature",
      "id": "pole_118",
      "geometry": {
        "type": "Point",
        "coordinates": [
          124.56822,
          11.29593
        ]
      },
      "properties": {
        "pole_number": "118",
        "feeder": "F7",
        "circuit": "3 Phase",
        "primary_bus": "118",
        "transformer_bus": null,
        "secondary_bus": "117",
        "feature_type": "pole"
      }
    },
    {
      "type": "Feature",
      "id": "pole_119",
      "geometry": {
        "type": "Point",
        "coordinates": [
          124.56822,
          11.29593
        ]
      },
      "properties": {
        "pole_number": "119",
        "feeder": "F7",
        "circuit": "3 Phase",
        "primary_bus": "119",
        "transformer_bus": null,
        "secondary_bus": "119",
        "feature_type": "pole"
      }
    },
    {
      "type": "Feature",
      "id": "pole_120",
      "geometry": {
        "type": "Point",
        "coordinates": [
          124.56918,
          11.29537
        ]
      },
      "properties": {
        "pole_number": "120",
        "feeder": "F7",
        "circuit": "3 Phase",
        "primary_bus": "120",
        "transformer_bus": null,
        "secondary_bus": "120",
        "feature_type": "pole"
      }
    },
    {
      "type": "Feature",
      "id": "pole_121",
      "geometry": {
        "type": "Point",
        "coordinates": [
          124.56917,
          11.29446
        ]
      },
      "properties": {
        "pole_number": "121",
        "feeder": "F7",
        "circuit": "3 Phase",
        "primary_bus": "121",
        "transformer_bus": null,
        "secondary_bus": "121",
        "feature_type": "pole"
      }
    },
    {
      "type": "Feature",
      "id": "pole_122",
      "geometry": {
        "type": "Point",
        "coordinates": [
          124.56787,
          11.29396
        ]
      },
      "properties": {
        "pole_number": "122",
        "feeder": "F7",
        "circuit": "3 Phase",
        "primary_bus": "122",
        "transformer_bus": null,
        "secondary_bus": "121",
        "feature_type": "pole"
      }
    },
    {
      "type": "Feature",
      "id": "pole_123",
      "geometry": {
        "type": "Point",
        "coordinates": [
          124.56755,
          11.29278
        ]
      },
      "properties": {
        "pole_number": "123",
        "feeder": "F7",
        "circuit": "3 Phase",
        "primary_bus": "123",
        "transformer_bus": null,
        "secondary_bus": "122",
        "feature_type": "pole"
      }
    },
    {
      "type": "Feature",
      "id": "pole_123-1",
      "geometry": {
        "type": "Point",
        "coordinates": [
          124.56735,
          11.29269
        ]
      },
      "properties": {
        "pole_number": "123-1",
        "feeder": "F7",
        "circuit": "Single Phase",
        "primary_bus": "123-1",
        "transformer_bus": null,
        "secondary_bus": "123",
        "feature_type": "pole"
      }
    },
    {
      "type": "Feature",
      "id": "pole_123-2",
      "geometry": {
        "type": "Point",
        "coordinates": [
          124.56735,
          11.29269
        ]
      },
      "properties": {
        "pole_number": "123-2",
        "feeder": "F7",
        "circuit": "Single Phase",
        "primary_bus": "123-2",
        "transformer_bus": null,
        "secondary_bus": "123-1",
        "feature_type": "pole"
      }
    },
    {
      "type": "Feature",
      "id": "pole_123-3",
      "geometry": {
        "type": "Point",
        "coordinates": [
          124.56713,
          11.29263
        ]
      },
      "properties": {
        "pole_number": "123-3",
        "feeder": "F7",
        "circuit": "Single Phase",
        "primary_bus": "123-3",
        "transformer_bus": null,
        "secondary_bus": "123-2",
        "feature_type": "pole"
      }
    },
    {
      "type": "Feature",
      "id": "pole_124",
      "geometry": {
        "type": "Point",
        "coordinates": [
          124.56649,
          11.29258
        ]
      },
      "properties": {
        "pole_number": "124",
        "feeder": "F7",
        "circuit": "3 Phase",
        "primary_bus": "124",
        "transformer_bus": "123-3",
        "secondary_bus": "123-3",
        "feature_type": "pole"
      }
    },
    {
      "type": "Feature",
      "id": "pole_125",
      "geometry": {
        "type": "Point",
        "coordinates": [
          124.56794,
          11.29224
        ]
      },
      "properties": {
        "pole_number": "125",
        "feeder": "F7",
        "circuit": "3 Phase",
        "primary_bus": "125",
        "transformer_bus": null,
        "secondary_bus": "124",
        "feature_type": "pole"
      }
    },
    {
      "type": "Feature",
      "id": "pole_126",
      "geometry": {
        "type": "Point",
        "coordinates": [
          124.57006,
          11.29209
        ]
      },
      "properties": {
        "pole_number": "126",
        "feeder": "F7",
        "circuit": "3 Phase",
        "primary_bus": "126",
        "transformer_bus": null,
        "secondary_bus": "125",
        "feature_type": "pole"
      }
    },
    {
      "type": "Feature",
      "id": "pole_127",
      "geometry": {
        "type": "Point",
        "coordinates": [
          124.56891,
          11.29115
        ]
      },
      "properties": {
        "pole_number": "127",
        "feeder": "F7",
        "circuit": "3 Phase",
        "primary_bus": "127",
        "transformer_bus": "126",
        "secondary_bus": "126",
        "feature_type": "pole"
      }
    },
    {
      "type": "Feature",
      "id": "pole_128",
      "geometry": {
        "type": "Point",
        "coordinates": [
          124.56862,
          11.29076
        ]
      },
      "properties": {
        "pole_number": "128",
        "feeder": "F7",
        "circuit": "3 Phase",
        "primary_bus": "128",
        "transformer_bus": null,
        "secondary_bus": "127",
        "feature_type": "pole"
      }
    },
    {
      "type": "Feature",
      "id": "pole_128-1",
      "geometry": {
        "type": "Point",
        "coordinates": [
          124.56854,
          11.29032
        ]
      },
      "properties": {
        "pole_number": "128-1",
        "feeder": "F7",
        "circuit": "Single Phase",
        "primary_bus": "128-1",
        "transformer_bus": null,
        "secondary_bus": "128",
        "feature_type": "pole"
      }
    },
    {
      "type": "Feature",
      "id": "pole_129",
      "geometry": {
        "type": "Point",
        "coordinates": [
          124.56833,
          11.29048
        ]
      },
      "properties": {
        "pole_number": "129",
        "feeder": "F7",
        "circuit": "3 Phase",
        "primary_bus": "129",
        "transformer_bus": "128-1",
        "secondary_bus": "128-1",
        "feature_type": "pole"
      }
    },
    {
      "type": "Feature",
      "id": "pole_130",
      "geometry": {
        "type": "Point",
        "coordinates": [
          124.5685,
          11.29
        ]
      },
      "properties": {
        "pole_number": "130",
        "feeder": "F7",
        "circuit": "3 Phase",
        "primary_bus": "130",
        "transformer_bus": null,
        "secondary_bus": "129",
        "feature_type": "pole"
      }
    },
    {
      "type": "Feature",
      "id": "pole_131",
      "geometry": {
        "type": "Point",
        "coordinates": [
          124.5685,
          11.28949
        ]
      },
      "properties": {
        "pole_number": "131",
        "feeder": "F7",
        "circuit": "3 Phase",
        "primary_bus": "131",
        "transformer_bus": null,
        "secondary_bus": "130",
        "feature_type": "pole"
      }
    },
    {
      "type": "Feature",
      "id": "pole_131-a",
      "geometry": {
        "type": "Point",
        "coordinates": [
          124.56842,
          11.28874
        ]
      },
      "properties": {
        "pole_number": "131-a",
        "feeder": "F7",
        "circuit": "Single Phase",
        "primary_bus": "131-a",
        "transformer_bus": null,
        "secondary_bus": "131",
        "feature_type": "pole"
      }
    },
    {
      "type": "Feature",
      "id": "pole_131-b",
      "geometry": {
        "type": "Point",
        "coordinates": [
          124.56856,
          11.28869
        ]
      },
      "properties": {
        "pole_number": "131-b",
        "feeder": "F7",
        "circuit": "Single Phase",
        "primary_bus": "131-b",
        "transformer_bus": null,
        "secondary_bus": "131-a",
        "feature_type": "pole"
      }
    },
    {
      "type": "Feature",
      "id": "pole_131-c",
      "geometry": {
        "type": "Point",
        "coordinates": [
          124.5694,
          11.28783
        ]
      },
      "properties": {
        "pole_number": "131-c",
        "feeder": "F7",
        "circuit": "Single Phase",
        "primary_bus": "131-c",
        "transformer_bus": null,
        "secondary_bus": "131-b",
        "feature_type": "pole"
      }
    },
    {
      "type": "Feature",
      "id": "pole_131-d",
      "geometry": {
        "type": "Point",
        "coordinates": [
          124.56923,
          11.28764
        ]
      },
      "properties": {
        "pole_number": "131-d",
        "feeder": "F7",
        "circuit": "Single Phase",
        "primary_bus": "131-d",
        "transformer_bus": null,
        "secondary_bus": "131-c",
        "feature_type": "pole"
      }
    },
    {
      "type": "Feature",
      "id": "pole_131-e",
      "geometry": {
        "type": "Point",
        "coordinates": [
          124.56916,
          11.28754
        ]
      },
      "properties": {
        "pole_number": "131-e",
        "feeder": "F7",
        "circuit": "Single Phase",
        "primary_bus": "131-e",
        "transformer_bus": null,
        "secondary_bus": "131-d",
        "feature_type": "pole"
      }
    },
    {
      "type": "Feature",
      "id": "pole_131-f",
      "geometry": {
        "type": "Point",
        "coordinates": [
          124.56917,
          11.28638
        ]
      },
      "properties": {
        "pole_number": "131-f",
        "feeder": "F7",
        "circuit": "Single Phase",
        "primary_bus": "131-f",
        "transformer_bus": null,
        "secondary_bus": "131-e",
        "feature_type": "pole"
      }
    },
    {
      "type": "Feature",
      "id": "pole_131-g",
      "geometry": {
        "type": "Point",
        "coordinates": [
          124.56952,
          11.28608
        ]
      },
      "properties": {
        "pole_number": "131-g",
        "feeder": "F7",
        "circuit": "Single Phase",
        "primary_bus": "131-g",
        "transformer_bus": null,
        "secondary_bus": "131-f",
        "feature_type": "pole"
      }
    },
    {
      "type": "Feature",
      "id": "pole_131-g-1",
      "geometry": {
        "type": "Point",
        "coordinates": [
          124.57055,
          11.28566
        ]
      },
      "properties": {
        "pole_number": "131-g-1",
        "feeder": "F7",
        "circuit": "Single Phase",
        "primary_bus": "131-g-1",
        "transformer_bus": null,
        "secondary_bus": "131-g",
        "feature_type": "pole"
      }
    },
    {
      "type": "Feature",
      "id": "pole_131-g-2",
      "geometry": {
        "type": "Point",
        "coordinates": [
          124.5708,
          11.28536
        ]
      },
      "properties": {
        "pole_number": "131-g-2",
        "feeder": "F7",
        "circuit": "Single Phase",
        "primary_bus": "131-g-2",
        "transformer_bus": null,
        "secondary_bus": "131-g-1",
        "feature_type": "pole"
      }
    },
    {
      "type": "Feature",
      "id": "pole_131-g-3",
      "geometry": {
        "type": "Point",
        "coordinates": [
          124.57143,
          11.28493
        ]
      },
      "properties": {
        "pole_number": "131-g-3",
        "feeder": "F7",
        "circuit": "Single Phase",
        "primary_bus": "131-g-3",
        "transformer_bus": null,
        "secondary_bus": "131-g-3",
        "feature_type": "pole"
      }
    },
    {
      "type": "Feature",
      "id": "pole_131-g-4",
      "geometry": {
        "type": "Point",
        "coordinates": [
          124.5715,
          11.28512
        ]
      },
      "properties": {
        "pole_number": "131-g-4",
        "feeder": "F7",
        "circuit": "Single Phase",
        "primary_bus": "131-g-4",
        "transformer_bus": null,
        "secondary_bus": "131-g-3",
        "feature_type": "pole"
      }
    },
    {
      "type": "Feature",
      "id": "pole_131-g-5",
      "geometry": {
        "type": "Point",
        "coordinates": [
          124.57203,
          11.28511
        ]
      },
      "properties": {
        "pole_number": "131-g-5",
        "feeder": "F7",
        "circuit": "Single Phase",
        "primary_bus": "131-g-5",
        "transformer_bus": null,
        "secondary_bus": "131-g-4",
        "feature_type": "pole"
      }
    },
    {
      "type": "Feature",
      "id": "pole_131-g-6",
      "geometry": {
        "type": "Point",
        "coordinates": [
          124.5724,
          11.28458
        ]
      },
      "properties": {
        "pole_number": "131-g-6",
        "feeder": "F7",
        "circuit": "Single Phase",
        "primary_bus": "131-g-6",
        "transformer_bus": null,
        "secondary_bus": "131-g-5",
        "feature_type": "pole"
      }
    },
    {
      "type": "Feature",
      "id": "pole_131-g-7",
      "geometry": {
        "type": "Point",
        "coordinates": [
          124.57242,
          11.28458
        ]
      },
      "properties": {
        "pole_number": "131-g-7",
        "feeder": "F7",
        "circuit": "Single Phase",
        "primary_bus": "131-g-7",
        "transformer_bus": null,
        "secondary_bus": "131-g-6",
        "feature_type": "pole"
      }
    },
    {
      "type": "Feature",
      "id": "pole_131-g-8",
      "geometry": {
        "type": "Point",
        "coordinates": [
          124.5729,
          11.28375
        ]
      },
      "properties": {
        "pole_number": "131-g-8",
        "feeder": "F7",
        "circuit": "Single Phase",
        "primary_bus": "131-g-8",
        "transformer_bus": null,
        "secondary_bus": "131-g-7",
        "feature_type": "pole"
      }
    },
    {
      "type": "Feature",
      "id": "pole_135-1",
      "geometry": {
        "type": "Point",
        "coordinates": [
          124.566,
          11.28905
        ]
      },
      "properties": {
        "pole_number": "135-1",
        "feeder": "F7",
        "circuit": "3 Phase",
        "primary_bus": "135-1",
        "transformer_bus": null,
        "secondary_bus": null,
        "feature_type": "pole"
      }
    },
    {
      "type": "Feature",
      "id": "pole_135-2",
      "geometry": {
        "type": "Point",
        "coordinates": [
          124.56604,
          11.28907
        ]
      },
      "properties": {
        "pole_number": "135-2",
        "feeder": "F7",
        "circuit": "3 Phase",
        "primary_bus": "135-2",
        "transformer_bus": null,
        "secondary_bus": "135-2",
        "feature_type": "pole"
      }
    },
    {
      "type": "Feature",
      "id": "pole_135-3",
      "geometry": {
        "type": "Point",
        "coordinates": [
          124.56533,
          11.28921
        ]
      },
      "properties": {
        "pole_number": "135-3",
        "feeder": "F7",
        "circuit": "3 Phase",
        "primary_bus": "135-3",
        "transformer_bus": null,
        "secondary_bus": "135-",
        "feature_type": "pole"
      }
    },
    {
      "type": "Feature",
      "id": "pole_135-4",
      "geometry": {
        "type": "Point",
        "coordinates": [
          124.56506,
          11.29026
        ]
      },
      "properties": {
        "pole_number": "135-4",
        "feeder": "F7",
        "circuit": "3 Phase",
        "primary_bus": "135-4",
        "transformer_bus": "mmk yes iiobv good gonna bb BB na",
        "secondary_bus": "135-4",
        "feature_type": "pole"
      }
    },
    {
      "type": "Feature",
      "id": "pole_135-5",
      "geometry": {
        "type": "Point",
        "coordinates": [
          124.56456,
          11.29105
        ]
      },
      "properties": {
        "pole_number": "135-5",
        "feeder": "F7",
        "circuit": "3 Phase",
        "primary_bus": "135-5",
        "transformer_bus": null,
        "secondary_bus": "135-4",
        "feature_type": "pole"
      }
    },
    {
      "type": "Feature",
      "id": "pole_135-6",
      "geometry": {
        "type": "Point",
        "coordinates": [
          124.56449,
          11.29107
        ]
      },
      "properties": {
        "pole_number": "135-6",
        "feeder": "F7",
        "circuit": "3 Phase",
        "primary_bus": "135-6",
        "transformer_bus": null,
        "secondary_bus": "135-6",
        "feature_type": "pole"
      }
    },
    {
      "type": "Feature",
      "id": "pole_135-7",
      "geometry": {
        "type": "Point",
        "coordinates": [
          124.56299,
          11.29125
        ]
      },
      "properties": {
        "pole_number": "135-7",
        "feeder": "F7",
        "circuit": "3 Phase",
        "primary_bus": "135-7",
        "transformer_bus": null,
        "secondary_bus": "135-7",
        "feature_type": "pole"
      }
    },
    {
      "type": "Feature",
      "id": "pole_135-8",
      "geometry": {
        "type": "Point",
        "coordinates": [
          124.5625,
          11.292
        ]
      },
      "properties": {
        "pole_number": "135-8",
        "feeder": "F7",
        "circuit": "3 Phase",
        "primary_bus": "135-8",
        "transformer_bus": null,
        "secondary_bus": "135-8",
        "feature_type": "pole"
      }
    },
    {
      "type": "Feature",
      "id": "pole_1359",
      "geometry": {
        "type": "Point",
        "coordinates": [
          124.56233,
          11.29306
        ]
      },
      "properties": {
        "pole_number": "1359",
        "feeder": "F7",
        "circuit": "3 Phase",
        "primary_bus": "135-9",
        "transformer_bus": null,
        "secondary_bus": "135-8",
        "feature_type": "pole"
      }
    },
    {
      "type": "Feature",
      "id": "pole_135-9",
      "geometry": {
        "type": "Point",
        "coordinates": [
          124.56233,
          11.29306
        ]
      },
      "properties": {
        "pole_number": "135-9",
        "feeder": "F7",
        "circuit": "3 Phase",
        "primary_bus": "135-9",
        "transformer_bus": null,
        "secondary_bus": "135-9",
        "feature_type": "pole"
      }
    },
    {
      "type": "Feature",
      "id": "pole_135-10",
      "geometry": {
        "type": "Point",
        "coordinates": [
          124.56227,
          11.29307
        ]
      },
      "properties": {
        "pole_number": "135-10",
        "feeder": "F7",
        "circuit": "3 Phase",
        "primary_bus": "135-10",
        "transformer_bus": null,
        "secondary_bus": "135-9",
        "feature_type": "pole"
      }
    },
    {
      "type": "Feature",
      "id": "pole_135-10-a",
      "geometry": {
        "type": "Point",
        "coordinates": [
          124.56186,
          11.29338
        ]
      },
      "properties": {
        "pole_number": "135-10-a",
        "feeder": "F7",
        "circuit": "Single Phase",
        "primary_bus": "135-10--a",
        "transformer_bus": "135-10",
        "secondary_bus": "135-10",
        "feature_type": "pole"
      }
    },
    {
      "type": "Feature",
      "id": "pole_135-10-b",
      "geometry": {
        "type": "Point",
        "coordinates": [
          124.56186,
          11.29338
        ]
      },
      "properties": {
        "pole_number": "135-10-b",
        "feeder": "F7",
        "circuit": "Single Phase",
        "primary_bus": "135-10--b",
        "transformer_bus": null,
        "secondary_bus": "135-10-a",
        "feature_type": "pole"
      }
    },
    {
      "type": "Feature",
      "id": "pole_135-10-b-1",
      "geometry": {
        "type": "Point",
        "coordinates": [
          124.56111,
          11.29295
        ]
      },
      "properties": {
        "pole_number": "135-10-b-1",
        "feeder": "F7",
        "circuit": "Single Phase",
        "primary_bus": "135-10--b-1",
        "transformer_bus": "135_10-b",
        "secondary_bus": "135-10-b",
        "feature_type": "pole"
      }
    },
    {
      "type": "Feature",
      "id": "pole_135-10-b-2",
      "geometry": {
        "type": "Point",
        "coordinates": [
          124.56117,
          11.29294
        ]
      },
      "properties": {
        "pole_number": "135-10-b-2",
        "feeder": "F7",
        "circuit": "Single Phase",
        "primary_bus": "135-10--b-2",
        "transformer_bus": null,
        "secondary_bus": "135-10-b-1",
        "feature_type": "pole"
      }
    },
    {
      "type": "Feature",
      "id": "pole_135-10-b-3",
      "geometry": {
        "type": "Point",
        "coordinates": [
          124.56021,
          11.29278
        ]
      },
      "properties": {
        "pole_number": "135-10-b-3",
        "feeder": "F7",
        "circuit": "Single Phase",
        "primary_bus": "135-10--b-3",
        "transformer_bus": null,
        "secondary_bus": "135-10-b-2",
        "feature_type": "pole"
      }
    },
    {
      "type": "Feature",
      "id": "pole_135-10-b-4",
      "geometry": {
        "type": "Point",
        "coordinates": [
          124.56021,
          11.29276
        ]
      },
      "properties": {
        "pole_number": "135-10-b-4",
        "feeder": "F7",
        "circuit": "Single Phase",
        "primary_bus": "135-10--b-4",
        "transformer_bus": null,
        "secondary_bus": "135-10-b-4",
        "feature_type": "pole"
      }
    },
    {
      "type": "Feature",
      "id": "pole_135-10-b-5",
      "geometry": {
        "type": "Point",
        "coordinates": [
          124.56021,
          11.29236
        ]
      },
      "properties": {
        "pole_number": "135-10-b-5",
        "feeder": "F7",
        "circuit": "Single Phase",
        "primary_bus": "135-10--b-5",
        "transformer_bus": null,
        "secondary_bus": "135-10-b-5",
        "feature_type": "pole"
      }
    },
    {
      "type": "Feature",
      "id": "pole_135-11",
      "geometry": {
        "type": "Point",
        "coordinates": [
          124.56171,
          11.29377
        ]
      },
      "properties": {
        "pole_number": "135-11",
        "feeder": "F7",
        "circuit": "3 Phase",
        "primary_bus": "135-11",
        "transformer_bus": null,
        "secondary_bus": null,
        "feature_type": "pole"
      }
    },
    {
      "type": "Feature",
      "id": "pole_135-12",
      "geometry": {
        "type": "Point",
        "coordinates": [
          124.56219,
          11.29454
        ]
      },
      "properties": {
        "pole_number": "135-12",
        "feeder": "F7",
        "circuit": "3 Phase",
        "primary_bus": "135-12",
        "transformer_bus": null,
        "secondary_bus": null,
        "feature_type": "pole"
      }
    },
    {
      "type": "Feature",
      "id": "pole_135-13",
      "geometry": {
        "type": "Point",
        "coordinates": [
          124.56212,
          11.29449
        ]
      },
      "properties": {
        "pole_number": "135-13",
        "feeder": "F7",
        "circuit": "3 Phase",
        "primary_bus": "135-13",
        "transformer_bus": null,
        "secondary_bus": "135-12",
        "feature_type": "pole"
      }
    },
    {
      "type": "Feature",
      "id": "pole_135-14",
      "geometry": {
        "type": "Point",
        "coordinates": [
          124.56135,
          11.29642
        ]
      },
      "properties": {
        "pole_number": "135-14",
        "feeder": "F7",
        "circuit": "3 Phase",
        "primary_bus": "135-14",
        "transformer_bus": null,
        "secondary_bus": null,
        "feature_type": "pole"
      }
    },
    {
      "type": "Feature",
      "id": "pole_135-15",
      "geometry": {
        "type": "Point",
        "coordinates": [
          124.56129,
          11.29671
        ]
      },
      "properties": {
        "pole_number": "135-15",
        "feeder": "F7",
        "circuit": "3 Phase",
        "primary_bus": "135-15",
        "transformer_bus": null,
        "secondary_bus": "135-14",
        "feature_type": "pole"
      }
    },
    {
      "type": "Feature",
      "id": "pole_135-16",
      "geometry": {
        "type": "Point",
        "coordinates": [
          124.56076,
          11.29714
        ]
      },
      "properties": {
        "pole_number": "135-16",
        "feeder": "F7",
        "circuit": "3 Phase",
        "primary_bus": "135-16",
        "transformer_bus": null,
        "secondary_bus": "135-15",
        "feature_type": "pole"
      }
    },
    {
      "type": "Feature",
      "id": "pole_135-17",
      "geometry": {
        "type": "Point",
        "coordinates": [
          124.56022,
          11.29778
        ]
      },
      "properties": {
        "pole_number": "135-17",
        "feeder": "F7",
        "circuit": "3 Phase",
        "primary_bus": "135-17",
        "transformer_bus": "135-16",
        "secondary_bus": "135-16",
        "feature_type": "pole"
      }
    },
    {
      "type": "Feature",
      "id": "pole_135-18",
      "geometry": {
        "type": "Point",
        "coordinates": [
          124.55974,
          11.29846
        ]
      },
      "properties": {
        "pole_number": "135-18",
        "feeder": "F7",
        "circuit": "3 Phase",
        "primary_bus": "135-18",
        "transformer_bus": null,
        "secondary_bus": "135-17",
        "feature_type": "pole"
      }
    },
    {
      "type": "Feature",
      "id": "pole_135-19",
      "geometry": {
        "type": "Point",
        "coordinates": [
          124.55915,
          11.29917
        ]
      },
      "properties": {
        "pole_number": "135-19",
        "feeder": "F7",
        "circuit": "3 Phase",
        "primary_bus": "135-19",
        "transformer_bus": null,
        "secondary_bus": "135-18",
        "feature_type": "pole"
      }
    },
    {
      "type": "Feature",
      "id": "pole_135-20",
      "geometry": {
        "type": "Point",
        "coordinates": [
          124.55877,
          11.29964
        ]
      },
      "properties": {
        "pole_number": "135-20",
        "feeder": "F7",
        "circuit": "3 Phase",
        "primary_bus": "135-20",
        "transformer_bus": null,
        "secondary_bus": "135-19",
        "feature_type": "pole"
      }
    },
    {
      "type": "Feature",
      "id": "pole_135-20-a",
      "geometry": {
        "type": "Point",
        "coordinates": [
          124.55832,
          11.3
        ]
      },
      "properties": {
        "pole_number": "135-20-a",
        "feeder": "F7",
        "circuit": "3 Phase",
        "primary_bus": "135-20--a",
        "transformer_bus": null,
        "secondary_bus": "135-20",
        "feature_type": "pole"
      }
    },
    {
      "type": "Feature",
      "id": "pole_135-20-b",
      "geometry": {
        "type": "Point",
        "coordinates": [
          124.5583,
          11.30001
        ]
      },
      "properties": {
        "pole_number": "135-20-b",
        "feeder": "F7",
        "circuit": "3 Phase",
        "primary_bus": "135-20--b",
        "transformer_bus": null,
        "secondary_bus": "135-20-a",
        "feature_type": "pole"
      }
    },
    {
      "type": "Feature",
      "id": "pole_135-20-c",
      "geometry": {
        "type": "Point",
        "coordinates": [
          124.5578,
          11.29966
        ]
      },
      "properties": {
        "pole_number": "135-20-c",
        "feeder": "F7",
        "circuit": "3 Phase",
        "primary_bus": "135-20--c",
        "transformer_bus": null,
        "secondary_bus": "135-20-b",
        "feature_type": "pole"
      }
    },
    {
      "type": "Feature",
      "id": "pole_135-20-d",
      "geometry": {
        "type": "Point",
        "coordinates": [
          124.55751,
          11.29941
        ]
      },
      "properties": {
        "pole_number": "135-20-d",
        "feeder": "F7",
        "circuit": "3 Phase",
        "primary_bus": "135-20--d",
        "transformer_bus": null,
        "secondary_bus": "135-20-c",
        "feature_type": "pole"
      }
    },
    {
      "type": "Feature",
      "id": "pole_135-21",
      "geometry": {
        "type": "Point",
        "coordinates": [
          124.55824,
          11.30017
        ]
      },
      "properties": {
        "pole_number": "135-21",
        "feeder": "F7",
        "circuit": "3 Phase",
        "primary_bus": "135-21",
        "transformer_bus": null,
        "secondary_bus": null,
        "feature_type": "pole"
      }
    },
    {
      "type": "Feature",
      "id": "pole_135-22",
      "geometry": {
        "type": "Point",
        "coordinates": [
          124.55823,
          11.30017
        ]
      },
      "properties": {
        "pole_number": "135-22",
        "feeder": "F7",
        "circuit": "3 Phase",
        "primary_bus": "135-22",
        "transformer_bus": null,
        "secondary_bus": null,
        "feature_type": "pole"
      }
    },
    {
      "type": "Feature",
      "id": "pole_137",
      "geometry": {
        "type": "Point",
        "coordinates": [
          124.56571,
          11.28866
        ]
      },
      "properties": {
        "pole_number": "137",
        "feeder": "F7",
        "circuit": "3 Phase",
        "primary_bus": "137",
        "transformer_bus": null,
        "secondary_bus": "137",
        "feature_type": "pole"
      }
    },
    {
      "type": "Feature",
      "id": "pole_138",
      "geometry": {
        "type": "Point",
        "coordinates": [
          124.56579,
          11.28817
        ]
      },
      "properties": {
        "pole_number": "138",
        "feeder": "F7",
        "circuit": "3 Phase",
        "primary_bus": "138",
        "transformer_bus": null,
        "secondary_bus": "137",
        "feature_type": "pole"
      }
    },
    {
      "type": "Feature",
      "id": "pole_139",
      "geometry": {
        "type": "Point",
        "coordinates": [
          124.56562,
          11.28658
        ]
      },
      "properties": {
        "pole_number": "139",
        "feeder": "F7",
        "circuit": "3 Phase",
        "primary_bus": "139",
        "transformer_bus": null,
        "secondary_bus": null,
        "feature_type": "pole"
      }
    },
    {
      "type": "Feature",
      "id": "pole_141",
      "geometry": {
        "type": "Point",
        "coordinates": [
          124.56478,
          11.28642
        ]
      },
      "properties": {
        "pole_number": "141",
        "feeder": "F7",
        "circuit": "3 Phase",
        "primary_bus": "141",
        "transformer_bus": null,
        "secondary_bus": "141",
        "feature_type": "pole"
      }
    },
    {
      "type": "Feature",
      "id": "pole_141-1",
      "geometry": {
        "type": "Point",
        "coordinates": [
          124.56479,
          11.28637
        ]
      },
      "properties": {
        "pole_number": "141-1",
        "feeder": "F7",
        "circuit": "3 Phase",
        "primary_bus": "141-1",
        "transformer_bus": null,
        "secondary_bus": "141",
        "feature_type": "pole"
      }
    },
    {
      "type": "Feature",
      "id": "pole_142",
      "geometry": {
        "type": "Point",
        "coordinates": [
          124.56467,
          11.28606
        ]
      },
      "properties": {
        "pole_number": "142",
        "feeder": "F7",
        "circuit": "3 Phase",
        "primary_bus": "142",
        "transformer_bus": null,
        "secondary_bus": "141-1",
        "feature_type": "pole"
      }
    },
    {
      "type": "Feature",
      "id": "pole_143",
      "geometry": {
        "type": "Point",
        "coordinates": [
          124.56449,
          11.28566
        ]
      },
      "properties": {
        "pole_number": "143",
        "feeder": "F7",
        "circuit": "3 Phase",
        "primary_bus": "143",
        "transformer_bus": null,
        "secondary_bus": "142",
        "feature_type": "pole"
      }
    },
    {
      "type": "Feature",
      "id": "pole_144",
      "geometry": {
        "type": "Point",
        "coordinates": [
          124.5644,
          11.28469
        ]
      },
      "properties": {
        "pole_number": "144",
        "feeder": "F7",
        "circuit": "3 Phase",
        "primary_bus": "144",
        "transformer_bus": null,
        "secondary_bus": "143",
        "feature_type": "pole"
      }
    },
    {
      "type": "Feature",
      "id": "pole_145",
      "geometry": {
        "type": "Point",
        "coordinates": [
          124.56443,
          11.28395
        ]
      },
      "properties": {
        "pole_number": "145",
        "feeder": "F7",
        "circuit": "3 Phase",
        "primary_bus": "145",
        "transformer_bus": null,
        "secondary_bus": "144",
        "feature_type": "pole"
      }
    },
    {
      "type": "Feature",
      "id": "pole_148",
      "geometry": {
        "type": "Point",
        "coordinates": [
          124.56403,
          11.28326
        ]
      },
      "properties": {
        "pole_number": "148",
        "feeder": "F7",
        "circuit": "3 Phase",
        "primary_bus": "148",
        "transformer_bus": null,
        "secondary_bus": "147",
        "feature_type": "pole"
      }
    },
    {
      "type": "Feature",
      "id": "pole_149",
      "geometry": {
        "type": "Point",
        "coordinates": [
          124.56403,
          11.28326
        ]
      },
      "properties": {
        "pole_number": "149",
        "feeder": "F7",
        "circuit": "3 Phase",
        "primary_bus": "149",
        "transformer_bus": null,
        "secondary_bus": "148",
        "feature_type": "pole"
      }
    },
    {
      "type": "Feature",
      "id": "line_74_74",
      "geometry": {
        "type": "LineString",
        "coordinates": [
          [
            124.6785288,
            11.29906097
          ],
          [
            124.6785288,
            11.29906097
          ]
        ]
      },
      "properties": {
        "from_bus": "74",
        "to_bus": "74",
        "from_pole": "74",
        "to_pole": "74",
        "connection_type": "Primary_to_Transformer",
        "feeder": "F6",
        "circuit": "3 Phase",
        "geometry_type": "same_pole",
        "feature_type": "connection"
      }
    },
    {
      "type": "Feature",
      "id": "line_73_73",
      "geometry": {
        "type": "LineString",
        "coordinates": [
          [
            124.6778973,
            11.29907882
          ],
          [
            124.6778973,
            11.29907882
          ]
        ]
      },
      "properties": {
        "from_bus": "73",
        "to_bus": "73",
        "from_pole": "73",
        "to_pole": "73",
        "connection_type": "Primary_to_Transformer",
        "feeder": "F6",
        "circuit": "3 Phase",
        "geometry_type": "same_pole",
        "feature_type": "connection"
      }
    },
    {
      "type": "Feature",
      "id": "line_64_63",
      "geometry": {
        "type": "LineString",
        "coordinates": [
          [
            124.6714681,
            11.29829396
          ],
          [
            124.6714681,
            11.29829396
          ]
        ]
      },
      "properties": {
        "from_bus": "64",
        "to_bus": "63",
        "from_pole": "64",
        "to_pole": "64",
        "connection_type": "Primary_to_Transformer",
        "feeder": "F6",
        "circuit": "3 Phase",
        "geometry_type": "same_pole",
        "feature_type": "connection"
      }
    },
    {
      "type": "Feature",
      "id": "line_64-b_63-b",
      "geometry": {
        "type": "LineString",
        "coordinates": [
          [
            124.672004,
            11.29751863
          ],
          [
            124.672004,
            11.29751863
          ]
        ]
      },
      "properties": {
        "from_bus": "64-b",
        "to_bus": "63-b",
        "from_pole": "64-b",
        "to_pole": "64-b",
        "connection_type": "Primary_to_Transformer",
        "feeder": "F6",
        "circuit": "Single Phase",
        "geometry_type": "same_pole",
        "feature_type": "connection"
      }
    },
    {
      "type": "Feature",
      "id": "line_64-j_64-j",
      "geometry": {
        "type": "LineString",
        "coordinates": [
          [
            124.6743706,
            11.29415751
          ],
          [
            124.6743706,
            11.29415751
          ]
        ]
      },
      "properties": {
        "from_bus": "64-j",
        "to_bus": "64-j",
        "from_pole": "64-j",
        "to_pole": "64-j",
        "connection_type": "Primary_to_Transformer",
        "feeder": "F6",
        "circuit": "Single Phase",
        "geometry_type": "same_pole",
        "feature_type": "connection"
      }
    },
    {
      "type": "Feature",
      "id": "line_63_63",
      "geometry": {
        "type": "LineString",
        "coordinates": [
          [
            124.6709567,
            11.29804571
          ],
          [
            124.6709567,
            11.29804571
          ]
        ]
      },
      "properties": {
        "from_bus": "63",
        "to_bus": "63",
        "from_pole": "63",
        "to_pole": "63",
        "connection_type": "Primary_to_Transformer",
        "feeder": "F6",
        "circuit": "3 Phase",
        "geometry_type": "same_pole",
        "feature_type": "connection"
      }
    },
    {
      "type": "Feature",
      "id": "line_57_57",
      "geometry": {
        "type": "LineString",
        "coordinates": [
          [
            124.6665067,
            11.29653548
          ],
          [
            124.6665067,
            11.29653548
          ]
        ]
      },
      "properties": {
        "from_bus": "57",
        "to_bus": "57",
        "from_pole": "57",
        "to_pole": "57",
        "connection_type": "Primary_to_Transformer",
        "feeder": "F6",
        "circuit": "3 Phase",
        "geometry_type": "same_pole",
        "feature_type": "connection"
      }
    },
    {
      "type": "Feature",
      "id": "line_55_54",
      "geometry": {
        "type": "LineString",
        "coordinates": [
          [
            124.6648224,
            11.29592998
          ],
          [
            124.6648224,
            11.29592998
          ]
        ]
      },
      "properties": {
        "from_bus": "55",
        "to_bus": "54",
        "from_pole": "55",
        "to_pole": "55",
        "connection_type": "Primary_to_Transformer",
        "feeder": "F6",
        "circuit": "3 Phase",
        "geometry_type": "same_pole",
        "feature_type": "connection"
      }
    },
    {
      "type": "Feature",
      "id": "line_48-a_48",
      "geometry": {
        "type": "LineString",
        "coordinates": [
          [
            124.66115,
            11.29514
          ],
          [
            124.66115,
            11.29514
          ]
        ]
      },
      "properties": {
        "from_bus": "48-a",
        "to_bus": "48",
        "from_pole": "48-a",
        "to_pole": "48-a",
        "connection_type": "Primary_to_Transformer",
        "feeder": "F6",
        "circuit": "3 Phase",
        "geometry_type": "same_pole",
        "feature_type": "connection"
      }
    },
    {
      "type": "Feature",
      "id": "line_47-a-e-L_47-a-e-K",
      "geometry": {
        "type": "LineString",
        "coordinates": [
          [
            124.66092,
            11.28537
          ],
          [
            124.66092,
            11.28537
          ]
        ]
      },
      "properties": {
        "from_bus": "47-a-e-L",
        "to_bus": "47-a-e-K",
        "from_pole": "47-a-e-L",
        "to_pole": "47-a-e-L",
        "connection_type": "Primary_to_Transformer",
        "feeder": "F6",
        "circuit": "Single Phase",
        "geometry_type": "same_pole",
        "feature_type": "connection"
      }
    },
    {
      "type": "Feature",
      "id": "line_47-a-e-S-C_47-a-e-S-B",
      "geometry": {
        "type": "LineString",
        "coordinates": [
          [
            124.66068,
            11.28144
          ],
          [
            124.66068,
            11.28144
          ]
        ]
      },
      "properties": {
        "from_bus": "47-a-e-S-C",
        "to_bus": "47-a-e-S-B",
        "from_pole": "47-a-e-S-C",
        "to_pole": "47-a-e-S-C",
        "connection_type": "Primary_to_Transformer",
        "feeder": "F6",
        "circuit": "Single Phase",
        "geometry_type": "same_pole",
        "feature_type": "connection"
      }
    },
    {
      "type": "Feature",
      "id": "line_47-a-e-S-D_47-a-e-S-B",
      "geometry": {
        "type": "LineString",
        "coordinates": [
          [
            124.66068,
            11.28144
          ],
          [
            124.66068,
            11.28144
          ]
        ]
      },
      "properties": {
        "from_bus": "47-a-e-S-D",
        "to_bus": "47-a-e-S-B",
        "from_pole": "47-a-e-S-D",
        "to_pole": "47-a-e-S-D",
        "connection_type": "Primary_to_Transformer",
        "feeder": "F6",
        "circuit": "Single Phase",
        "geometry_type": "same_pole",
        "feature_type": "connection"
      }
    },
    {
      "type": "Feature",
      "id": "line_47-a-e-S-E_47-a-e-S-B",
      "geometry": {
        "type": "LineString",
        "coordinates": [
          [
            124.65964,
            11.28008
          ],
          [
            124.65964,
            11.28008
          ]
        ]
      },
      "properties": {
        "from_bus": "47-a-e-S-E",
        "to_bus": "47-a-e-S-B",
        "from_pole": "47-a-e-S-E",
        "to_pole": "47-a-e-S-E",
        "connection_type": "Primary_to_Transformer",
        "feeder": "F6",
        "circuit": "Single Phase",
        "geometry_type": "same_pole",
        "feature_type": "connection"
      }
    },
    {
      "type": "Feature",
      "id": "line_133-4-a_133-4",
      "geometry": {
        "type": "LineString",
        "coordinates": [
          [
            124.69489,
            11.30097
          ],
          [
            124.69489,
            11.30097
          ]
        ]
      },
      "properties": {
        "from_bus": "133-4-a",
        "to_bus": "133-4",
        "from_pole": "133-4-a",
        "to_pole": "133-4-a",
        "connection_type": "Primary_to_Transformer",
        "feeder": "F1",
        "circuit": "Single Phase",
        "geometry_type": "same_pole",
        "feature_type": "connection"
      }
    },
    {
      "type": "Feature",
      "id": "line_133-4-b_133-4-a",
      "geometry": {
        "type": "LineString",
        "coordinates": [
          [
            124.69531,
            11.30189
          ],
          [
            124.69531,
            11.30189
          ]
        ]
      },
      "properties": {
        "from_bus": "133-4-b",
        "to_bus": "133-4-a",
        "from_pole": "133-4-b",
        "to_pole": "133-4-b",
        "connection_type": "Primary_to_Transformer",
        "feeder": "F1",
        "circuit": "Single Phase",
        "geometry_type": "same_pole",
        "feature_type": "connection"
      }
    },
    {
      "type": "Feature",
      "id": "line_133-5_133-4-b",
      "geometry": {
        "type": "LineString",
        "coordinates": [
          [
            124.69606,
            11.30123
          ],
          [
            124.69606,
            11.30123
          ]
        ]
      },
      "properties": {
        "from_bus": "133-5",
        "to_bus": "133-4-b",
        "from_pole": "133-5",
        "to_pole": "133-5",
        "connection_type": "Primary_to_Transformer",
        "feeder": "F1",
        "circuit": "3 Phase",
        "geometry_type": "same_pole",
        "feature_type": "connection"
      }
    },
    {
      "type": "Feature",
      "id": "line_133-9_133-8",
      "geometry": {
        "type": "LineString",
        "coordinates": [
          [
            124.69781,
            11.3011
          ],
          [
            124.69781,
            11.3011
          ]
        ]
      },
      "properties": {
        "from_bus": "133-9",
        "to_bus": "133-8",
        "from_pole": "133-9",
        "to_pole": "133-9",
        "connection_type": "Primary_to_Transformer",
        "feeder": "F1",
        "circuit": "3 Phase",
        "geometry_type": "same_pole",
        "feature_type": "connection"
      }
    },
    {
      "type": "Feature",
      "id": "line_133-4-b-2_133-4-a",
      "geometry": {
        "type": "LineString",
        "coordinates": [
          [
            124.69527,
            11.30157
          ],
          [
            124.69527,
            11.30157
          ]
        ]
      },
      "properties": {
        "from_bus": "133-4-b-2",
        "to_bus": "133-4-a",
        "from_pole": "133-4-b-2",
        "to_pole": "133-4-b-2",
        "connection_type": "Primary_to_Transformer",
        "feeder": "F1",
        "circuit": "3 Phase",
        "geometry_type": "same_pole",
        "feature_type": "connection"
      }
    },
    {
      "type": "Feature",
      "id": "line_133-4-b-1_133-4-b-2",
      "geometry": {
        "type": "LineString",
        "coordinates": [
          [
            124.69525,
            11.3015
          ],
          [
            124.69525,
            11.3015
          ]
        ]
      },
      "properties": {
        "from_bus": "133-4-b-1",
        "to_bus": "133-4-b-2",
        "from_pole": "133-4-b-1",
        "to_pole": "133-4-b-1",
        "connection_type": "Primary_to_Transformer",
        "feeder": "F1",
        "circuit": "3 Phase",
        "geometry_type": "same_pole",
        "feature_type": "connection"
      }
    },
    {
      "type": "Feature",
      "id": "line_133-4-b-3_133-4-b-3",
      "geometry": {
        "type": "LineString",
        "coordinates": [
          [
            124.69524,
            11.30143
          ],
          [
            124.69524,
            11.30143
          ]
        ]
      },
      "properties": {
        "from_bus": "133-4-b-3",
        "to_bus": "133-4-b-3",
        "from_pole": "133-4-b-3",
        "to_pole": "133-4-b-3",
        "connection_type": "Primary_to_Transformer",
        "feeder": "F1",
        "circuit": "3 Phase",
        "geometry_type": "same_pole",
        "feature_type": "connection"
      }
    },
    {
      "type": "Feature",
      "id": "line_133-4-b-3-a_133-4-b-3",
      "geometry": {
        "type": "LineString",
        "coordinates": [
          [
            124.6953,
            11.30173
          ],
          [
            124.6953,
            11.30173
          ]
        ]
      },
      "properties": {
        "from_bus": "133-4-b-3-a",
        "to_bus": "133-4-b-3",
        "from_pole": "133-4-b-3-a",
        "to_pole": "133-4-b-3-a",
        "connection_type": "Primary_to_Transformer",
        "feeder": "F1",
        "circuit": "3 Phase",
        "geometry_type": "same_pole",
        "feature_type": "connection"
      }
    },
    {
      "type": "Feature",
      "id": "line_133-12-b-1_1133-12-b",
      "geometry": {
        "type": "LineString",
        "coordinates": [
          [
            124.69958,
            11.30267
          ],
          [
            124.69958,
            11.30267
          ]
        ]
      },
      "properties": {
        "from_bus": "133-12-b-1",
        "to_bus": "1133-12-b",
        "from_pole": "133-12-b-1",
        "to_pole": "133-12-b-1",
        "connection_type": "Primary_to_Transformer",
        "feeder": "F1",
        "circuit": "Single Phase",
        "geometry_type": "same_pole",
        "feature_type": "connection"
      }
    },
    {
      "type": "Feature",
      "id": "line_133-12-I_133-12-H",
      "geometry": {
        "type": "LineString",
        "coordinates": [
          [
            124.70151,
            11.30437
          ],
          [
            124.70151,
            11.30437
          ]
        ]
      },
      "properties": {
        "from_bus": "133-12-I",
        "to_bus": "133-12-H",
        "from_pole": "133-12-I",
        "to_pole": "133-12-I",
        "connection_type": "Primary_to_Transformer",
        "feeder": "F1",
        "circuit": "Single Phase",
        "geometry_type": "same_pole",
        "feature_type": "connection"
      }
    },
    {
      "type": "Feature",
      "id": "line_133-12-J_133-12-H",
      "geometry": {
        "type": "LineString",
        "coordinates": [
          [
            124.70151,
            11.30437
          ],
          [
            124.70151,
            11.30437
          ]
        ]
      },
      "properties": {
        "from_bus": "133-12-J",
        "to_bus": "133-12-H",
        "from_pole": "133-12-J",
        "to_pole": "133-12-J",
        "connection_type": "Primary_to_Transformer",
        "feeder": "F1",
        "circuit": "Single Phase",
        "geometry_type": "same_pole",
        "feature_type": "connection"
      }
    },
    {
      "type": "Feature",
      "id": "line_99-4_99-3",
      "geometry": {
        "type": "LineString",
        "coordinates": [
          [
            124.68738,
            11.29907
          ],
          [
            124.68738,
            11.29907
          ]
        ]
      },
      "properties": {
        "from_bus": "99-4",
        "to_bus": "99-3",
        "from_pole": "99-4",
        "to_pole": "99-4",
        "connection_type": "Primary_to_Transformer",
        "feeder": "F6",
        "circuit": "V Phase",
        "geometry_type": "same_pole",
        "feature_type": "connection"
      }
    },
    {
      "type": "Feature",
      "id": "line_99-10A-a_99-10B",
      "geometry": {
        "type": "LineString",
        "coordinates": [
          [
            124.68847,
            11.30106
          ],
          [
            124.68847,
            11.30106
          ]
        ]
      },
      "properties": {
        "from_bus": "99-10A-a",
        "to_bus": "99-10B",
        "from_pole": "99-10B-a",
        "to_pole": "99-10B-a",
        "connection_type": "Primary_to_Transformer",
        "feeder": "F6",
        "circuit": "Single Phase",
        "geometry_type": "same_pole",
        "feature_type": "connection"
      }
    },
    {
      "type": "Feature",
      "id": "line_99-8-b_99-8-a",
      "geometry": {
        "type": "LineString",
        "coordinates": [
          [
            124.68726,
            11.30066
          ],
          [
            124.68726,
            11.30066
          ]
        ]
      },
      "properties": {
        "from_bus": "99-8-b",
        "to_bus": "99-8-a",
        "from_pole": "99-8-b",
        "to_pole": "99-8-b",
        "connection_type": "Primary_to_Transformer",
        "feeder": "F6",
        "circuit": "Single Phase",
        "geometry_type": "same_pole",
        "feature_type": "connection"
      }
    },
    {
      "type": "Feature",
      "id": "line_99-8-c_99-8-b",
      "geometry": {
        "type": "LineString",
        "coordinates": [
          [
            124.68661,
            11.30102
          ],
          [
            124.68661,
            11.30102
          ]
        ]
      },
      "properties": {
        "from_bus": "99-8-c",
        "to_bus": "99-8-b",
        "from_pole": "99-8-c",
        "to_pole": "99-8-c",
        "connection_type": "Primary_to_Transformer",
        "feeder": "F6",
        "circuit": "Single Phase",
        "geometry_type": "same_pole",
        "feature_type": "connection"
      }
    },
    {
      "type": "Feature",
      "id": "line_99-13_99-12",
      "geometry": {
        "type": "LineString",
        "coordinates": [
          [
            124.68774,
            11.30154
          ],
          [
            124.68774,
            11.30154
          ]
        ]
      },
      "properties": {
        "from_bus": "99-13",
        "to_bus": "99-12",
        "from_pole": "99-13",
        "to_pole": "99-13",
        "connection_type": "Primary_to_Transformer",
        "feeder": "F6",
        "circuit": "Single Phase",
        "geometry_type": "same_pole",
        "feature_type": "connection"
      }
    },
    {
      "type": "Feature",
      "id": "line_99-13a_99-12",
      "geometry": {
        "type": "LineString",
        "coordinates": [
          [
            124.68775,
            11.30204
          ],
          [
            124.68775,
            11.30204
          ]
        ]
      },
      "properties": {
        "from_bus": "99-13a",
        "to_bus": "99-12",
        "from_pole": "99-13a",
        "to_pole": "99-13a",
        "connection_type": "Primary_to_Transformer",
        "feeder": "F6",
        "circuit": "Single Phase",
        "geometry_type": "same_pole",
        "feature_type": "connection"
      }
    },
    {
      "type": "Feature",
      "id": "line_99-18_99-17",
      "geometry": {
        "type": "LineString",
        "coordinates": [
          [
            124.68806,
            11.30242
          ],
          [
            124.68806,
            11.30242
          ]
        ]
      },
      "properties": {
        "from_bus": "99-18",
        "to_bus": "99-17",
        "from_pole": "99-18",
        "to_pole": "99-18",
        "connection_type": "Primary_to_Transformer",
        "feeder": "F6",
        "circuit": "Single Phase",
        "geometry_type": "same_pole",
        "feature_type": "connection"
      }
    },
    {
      "type": "Feature",
      "id": "line_101_100",
      "geometry": {
        "type": "LineString",
        "coordinates": [
          [
            124.68771,
            11.29794
          ],
          [
            124.68771,
            11.29794
          ]
        ]
      },
      "properties": {
        "from_bus": "101",
        "to_bus": "100",
        "from_pole": "101",
        "to_pole": "101",
        "connection_type": "Primary_to_Transformer",
        "feeder": "F6",
        "circuit": "3 Phase",
        "geometry_type": "same_pole",
        "feature_type": "connection"
      }
    },
    {
      "type": "Feature",
      "id": "line_87_86",
      "geometry": {
        "type": "LineString",
        "coordinates": [
          [
            124.572,
            11.30573
          ],
          [
            124.572,
            11.30573
          ]
        ]
      },
      "properties": {
        "from_bus": "87",
        "to_bus": "86",
        "from_pole": "87",
        "to_pole": "87",
        "connection_type": "Primary_to_Transformer",
        "feeder": "F7",
        "circuit": "3 Phase",
        "geometry_type": "same_pole",
        "feature_type": "connection"
      }
    },
    {
      "type": "Feature",
      "id": "line_124_123-3",
      "geometry": {
        "type": "LineString",
        "coordinates": [
          [
            124.56649,
            11.29258
          ],
          [
            124.56649,
            11.29258
          ]
        ]
      },
      "properties": {
        "from_bus": "124",
        "to_bus": "123-3",
        "from_pole": "124",
        "to_pole": "124",
        "connection_type": "Primary_to_Transformer",
        "feeder": "F7",
        "circuit": "3 Phase",
        "geometry_type": "same_pole",
        "feature_type": "connection"
      }
    },
    {
      "type": "Feature",
      "id": "line_127_126",
      "geometry": {
        "type": "LineString",
        "coordinates": [
          [
            124.56891,
            11.29115
          ],
          [
            124.56891,
            11.29115
          ]
        ]
      },
      "properties": {
        "from_bus": "127",
        "to_bus": "126",
        "from_pole": "127",
        "to_pole": "127",
        "connection_type": "Primary_to_Transformer",
        "feeder": "F7",
        "circuit": "3 Phase",
        "geometry_type": "same_pole",
        "feature_type": "connection"
      }
    },
    {
      "type": "Feature",
      "id": "line_129_128-1",
      "geometry": {
        "type": "LineString",
        "coordinates": [
          [
            124.56833,
            11.29048
          ],
          [
            124.56833,
            11.29048
          ]
        ]
      },
      "properties": {
        "from_bus": "129",
        "to_bus": "128-1",
        "from_pole": "129",
        "to_pole": "129",
        "connection_type": "Primary_to_Transformer",
        "feeder": "F7",
        "circuit": "3 Phase",
        "geometry_type": "same_pole",
        "feature_type": "connection"
      }
    },
    {
      "type": "Feature",
      "id": "line_135-4_mmk yes iiobv good gonna bb BB na",
      "geometry": {
        "type": "LineString",
        "coordinates": [
          [
            124.56506,
            11.29026
          ],
          [
            124.56506,
            11.29026
          ]
        ]
      },
      "properties": {
        "from_bus": "135-4",
        "to_bus": "mmk yes iiobv good gonna bb BB na",
        "from_pole": "135-4",
        "to_pole": "135-4",
        "connection_type": "Primary_to_Transformer",
        "feeder": "F7",
        "circuit": "3 Phase",
        "geometry_type": "same_pole",
        "feature_type": "connection"
      }
    },
    {
      "type": "Feature",
      "id": "line_135-10--a_135-10",
      "geometry": {
        "type": "LineString",
        "coordinates": [
          [
            124.56186,
            11.29338
          ],
          [
            124.56186,
            11.29338
          ]
        ]
      },
      "properties": {
        "from_bus": "135-10--a",
        "to_bus": "135-10",
        "from_pole": "135-10-a",
        "to_pole": "135-10-a",
        "connection_type": "Primary_to_Transformer",
        "feeder": "F7",
        "circuit": "Single Phase",
        "geometry_type": "same_pole",
        "feature_type": "connection"
      }
    },
    {
      "type": "Feature",
      "id": "line_135-10--b-1_135_10-b",
      "geometry": {
        "type": "LineString",
        "coordinates": [
          [
            124.56111,
            11.29295
          ],
          [
            124.56111,
            11.29295
          ]
        ]
      },
      "properties": {
        "from_bus": "135-10--b-1",
        "to_bus": "135_10-b",
        "from_pole": "135-10-b-1",
        "to_pole": "135-10-b-1",
        "connection_type": "Primary_to_Transformer",
        "feeder": "F7",
        "circuit": "Single Phase",
        "geometry_type": "same_pole",
        "feature_type": "connection"
      }
    },
    {
      "type": "Feature",
      "id": "line_135-17_135-16",
      "geometry": {
        "type": "LineString",
        "coordinates": [
          [
            124.56022,
            11.29778
          ],
          [
            124.56022,
            11.29778
          ]
        ]
      },
      "properties": {
        "from_bus": "135-17",
        "to_bus": "135-16",
        "from_pole": "135-17",
        "to_pole": "135-17",
        "connection_type": "Primary_to_Transformer",
        "feeder": "F7",
        "circuit": "3 Phase",
        "geometry_type": "same_pole",
        "feature_type": "connection"
      }
    },
    {
      "type": "Feature",
      "id": "line_74_4",
      "geometry": {
        "type": "LineString",
        "coordinates": [
          [
            124.6785288,
            11.29906097
          ],
          [
            124.6785288,
            11.29906097
          ]
        ]
      },
      "properties": {
        "from_bus": "74",
        "to_bus": "4",
        "from_pole": "74",
        "to_pole": "74",
        "connection_type": "Transformer_to_Secondary",
        "feeder": "F6",
        "circuit": "3 Phase",
        "geometry_type": "same_pole",
        "feature_type": "connection"
      }
    },
    {
      "type": "Feature",
      "id": "line_73_5",
      "geometry": {
        "type": "LineString",
        "coordinates": [
          [
            124.6778973,
            11.29907882
          ],
          [
            124.6778973,
            11.29907882
          ]
        ]
      },
      "properties": {
        "from_bus": "73",
        "to_bus": "5",
        "from_pole": "73",
        "to_pole": "73",
        "connection_type": "Transformer_to_Secondary",
        "feeder": "F6",
        "circuit": "3 Phase",
        "geometry_type": "same_pole",
        "feature_type": "connection"
      }
    },
    {
      "type": "Feature",
      "id": "line_63_4",
      "geometry": {
        "type": "LineString",
        "coordinates": [
          [
            124.6714681,
            11.29829396
          ],
          [
            124.6714681,
            11.29829396
          ]
        ]
      },
      "properties": {
        "from_bus": "63",
        "to_bus": "4",
        "from_pole": "64",
        "to_pole": "64",
        "connection_type": "Transformer_to_Secondary",
        "feeder": "F6",
        "circuit": "3 Phase",
        "geometry_type": "same_pole",
        "feature_type": "connection"
      }
    },
    {
      "type": "Feature",
      "id": "line_64-j_8",
      "geometry": {
        "type": "LineString",
        "coordinates": [
          [
            124.6743706,
            11.29415751
          ],
          [
            124.6743706,
            11.29415751
          ]
        ]
      },
      "properties": {
        "from_bus": "64-j",
        "to_bus": "8",
        "from_pole": "64-j",
        "to_pole": "64-j",
        "connection_type": "Transformer_to_Secondary",
        "feeder": "F6",
        "circuit": "Single Phase",
        "geometry_type": "same_pole",
        "feature_type": "connection"
      }
    },
    {
      "type": "Feature",
      "id": "line_63_5",
      "geometry": {
        "type": "LineString",
        "coordinates": [
          [
            124.6709567,
            11.29804571
          ],
          [
            124.6709567,
            11.29804571
          ]
        ]
      },
      "properties": {
        "from_bus": "63",
        "to_bus": "5",
        "from_pole": "63",
        "to_pole": "63",
        "connection_type": "Transformer_to_Secondary",
        "feeder": "F6",
        "circuit": "3 Phase",
        "geometry_type": "same_pole",
        "feature_type": "connection"
      }
    },
    {
      "type": "Feature",
      "id": "line_57_2",
      "geometry": {
        "type": "LineString",
        "coordinates": [
          [
            124.6665067,
            11.29653548
          ],
          [
            124.6665067,
            11.29653548
          ]
        ]
      },
      "properties": {
        "from_bus": "57",
        "to_bus": "2",
        "from_pole": "57",
        "to_pole": "57",
        "connection_type": "Transformer_to_Secondary",
        "feeder": "F6",
        "circuit": "3 Phase",
        "geometry_type": "same_pole",
        "feature_type": "connection"
      }
    },
    {
      "type": "Feature",
      "id": "line_54_4",
      "geometry": {
        "type": "LineString",
        "coordinates": [
          [
            124.6648224,
            11.29592998
          ],
          [
            124.6648224,
            11.29592998
          ]
        ]
      },
      "properties": {
        "from_bus": "54",
        "to_bus": "4",
        "from_pole": "55",
        "to_pole": "55",
        "connection_type": "Transformer_to_Secondary",
        "feeder": "F6",
        "circuit": "3 Phase",
        "geometry_type": "same_pole",
        "feature_type": "connection"
      }
    },
    {
      "type": "Feature",
      "id": "line_48_48-a",
      "geometry": {
        "type": "LineString",
        "coordinates": [
          [
            124.66115,
            11.29514
          ],
          [
            124.66115,
            11.29514
          ]
        ]
      },
      "properties": {
        "from_bus": "48",
        "to_bus": "48-a",
        "from_pole": "48-a",
        "to_pole": "48-a",
        "connection_type": "Transformer_to_Secondary",
        "feeder": "F6",
        "circuit": "3 Phase",
        "geometry_type": "same_pole",
        "feature_type": "connection"
      }
    },
    {
      "type": "Feature",
      "id": "line_47-a-e-K_47-a-e-K",
      "geometry": {
        "type": "LineString",
        "coordinates": [
          [
            124.66092,
            11.28537
          ],
          [
            124.66092,
            11.28537
          ]
        ]
      },
      "properties": {
        "from_bus": "47-a-e-K",
        "to_bus": "47-a-e-K",
        "from_pole": "47-a-e-L",
        "to_pole": "47-a-e-L",
        "connection_type": "Transformer_to_Secondary",
        "feeder": "F6",
        "circuit": "Single Phase",
        "geometry_type": "same_pole",
        "feature_type": "connection"
      }
    },
    {
      "type": "Feature",
      "id": "line_47-a-e-S-B_47-a-e-S-B",
      "geometry": {
        "type": "LineString",
        "coordinates": [
          [
            124.66068,
            11.28144
          ],
          [
            124.66068,
            11.28144
          ]
        ]
      },
      "properties": {
        "from_bus": "47-a-e-S-B",
        "to_bus": "47-a-e-S-B",
        "from_pole": "47-a-e-S-C",
        "to_pole": "47-a-e-S-C",
        "connection_type": "Transformer_to_Secondary",
        "feeder": "F6",
        "circuit": "Single Phase",
        "geometry_type": "same_pole",
        "feature_type": "connection"
      }
    },
    {
      "type": "Feature",
      "id": "line_47-a-e-S-B_47-a-e-S-C",
      "geometry": {
        "type": "LineString",
        "coordinates": [
          [
            124.66068,
            11.28144
          ],
          [
            124.66068,
            11.28144
          ]
        ]
      },
      "properties": {
        "from_bus": "47-a-e-S-B",
        "to_bus": "47-a-e-S-C",
        "from_pole": "47-a-e-S-D",
        "to_pole": "47-a-e-S-D",
        "connection_type": "Transformer_to_Secondary",
        "feeder": "F6",
        "circuit": "Single Phase",
        "geometry_type": "same_pole",
        "feature_type": "connection"
      }
    },
    {
      "type": "Feature",
      "id": "line_47-a-e-S-B_47-a-e-S-D",
      "geometry": {
        "type": "LineString",
        "coordinates": [
          [
            124.65964,
            11.28008
          ],
          [
            124.65964,
            11.28008
          ]
        ]
      },
      "properties": {
        "from_bus": "47-a-e-S-B",
        "to_bus": "47-a-e-S-D",
        "from_pole": "47-a-e-S-E",
        "to_pole": "47-a-e-S-E",
        "connection_type": "Transformer_to_Secondary",
        "feeder": "F6",
        "circuit": "Single Phase",
        "geometry_type": "same_pole",
        "feature_type": "connection"
      }
    },
    {
      "type": "Feature",
      "id": "line_133-4_133-4",
      "geometry": {
        "type": "LineString",
        "coordinates": [
          [
            124.69489,
            11.30097
          ],
          [
            124.69489,
            11.30097
          ]
        ]
      },
      "properties": {
        "from_bus": "133-4",
        "to_bus": "133-4",
        "from_pole": "133-4-a",
        "to_pole": "133-4-a",
        "connection_type": "Transformer_to_Secondary",
        "feeder": "F1",
        "circuit": "Single Phase",
        "geometry_type": "same_pole",
        "feature_type": "connection"
      }
    },
    {
      "type": "Feature",
      "id": "line_133-4-a_133-4-a",
      "geometry": {
        "type": "LineString",
        "coordinates": [
          [
            124.69531,
            11.30189
          ],
          [
            124.69531,
            11.30189
          ]
        ]
      },
      "properties": {
        "from_bus": "133-4-a",
        "to_bus": "133-4-a",
        "from_pole": "133-4-b",
        "to_pole": "133-4-b",
        "connection_type": "Transformer_to_Secondary",
        "feeder": "F1",
        "circuit": "Single Phase",
        "geometry_type": "same_pole",
        "feature_type": "connection"
      }
    },
    {
      "type": "Feature",
      "id": "line_133-4-b_133-4-b",
      "geometry": {
        "type": "LineString",
        "coordinates": [
          [
            124.69606,
            11.30123
          ],
          [
            124.69606,
            11.30123
          ]
        ]
      },
      "properties": {
        "from_bus": "133-4-b",
        "to_bus": "133-4-b",
        "from_pole": "133-5",
        "to_pole": "133-5",
        "connection_type": "Transformer_to_Secondary",
        "feeder": "F1",
        "circuit": "3 Phase",
        "geometry_type": "same_pole",
        "feature_type": "connection"
      }
    },
    {
      "type": "Feature",
      "id": "line_133-8_133-8",
      "geometry": {
        "type": "LineString",
        "coordinates": [
          [
            124.69781,
            11.3011
          ],
          [
            124.69781,
            11.3011
          ]
        ]
      },
      "properties": {
        "from_bus": "133-8",
        "to_bus": "133-8",
        "from_pole": "133-9",
        "to_pole": "133-9",
        "connection_type": "Transformer_to_Secondary",
        "feeder": "F1",
        "circuit": "3 Phase",
        "geometry_type": "same_pole",
        "feature_type": "connection"
      }
    },
    {
      "type": "Feature",
      "id": "line_133-4-a_133-4-a",
      "geometry": {
        "type": "LineString",
        "coordinates": [
          [
            124.69527,
            11.30157
          ],
          [
            124.69527,
            11.30157
          ]
        ]
      },
      "properties": {
        "from_bus": "133-4-a",
        "to_bus": "133-4-a",
        "from_pole": "133-4-b-2",
        "to_pole": "133-4-b-2",
        "connection_type": "Transformer_to_Secondary",
        "feeder": "F1",
        "circuit": "3 Phase",
        "geometry_type": "same_pole",
        "feature_type": "connection"
      }
    },
    {
      "type": "Feature",
      "id": "line_133-4-b-2_133-4-b-2",
      "geometry": {
        "type": "LineString",
        "coordinates": [
          [
            124.69525,
            11.3015
          ],
          [
            124.69525,
            11.3015
          ]
        ]
      },
      "properties": {
        "from_bus": "133-4-b-2",
        "to_bus": "133-4-b-2",
        "from_pole": "133-4-b-1",
        "to_pole": "133-4-b-1",
        "connection_type": "Transformer_to_Secondary",
        "feeder": "F1",
        "circuit": "3 Phase",
        "geometry_type": "same_pole",
        "feature_type": "connection"
      }
    },
    {
      "type": "Feature",
      "id": "line_133-4-b-3_133-4-b-1",
      "geometry": {
        "type": "LineString",
        "coordinates": [
          [
            124.69524,
            11.30143
          ],
          [
            124.69524,
            11.30143
          ]
        ]
      },
      "properties": {
        "from_bus": "133-4-b-3",
        "to_bus": "133-4-b-1",
        "from_pole": "133-4-b-3",
        "to_pole": "133-4-b-3",
        "connection_type": "Transformer_to_Secondary",
        "feeder": "F1",
        "circuit": "3 Phase",
        "geometry_type": "same_pole",
        "feature_type": "connection"
      }
    },
    {
      "type": "Feature",
      "id": "line_133-4-b-3_133-4-b-3",
      "geometry": {
        "type": "LineString",
        "coordinates": [
          [
            124.6953,
            11.30173
          ],
          [
            124.6953,
            11.30173
          ]
        ]
      },
      "properties": {
        "from_bus": "133-4-b-3",
        "to_bus": "133-4-b-3",
        "from_pole": "133-4-b-3-a",
        "to_pole": "133-4-b-3-a",
        "connection_type": "Transformer_to_Secondary",
        "feeder": "F1",
        "circuit": "3 Phase",
        "geometry_type": "same_pole",
        "feature_type": "connection"
      }
    },
    {
      "type": "Feature",
      "id": "line_1133-12-b_133-12-b",
      "geometry": {
        "type": "LineString",
        "coordinates": [
          [
            124.69958,
            11.30267
          ],
          [
            124.69958,
            11.30267
          ]
        ]
      },
      "properties": {
        "from_bus": "1133-12-b",
        "to_bus": "133-12-b",
        "from_pole": "133-12-b-1",
        "to_pole": "133-12-b-1",
        "connection_type": "Transformer_to_Secondary",
        "feeder": "F1",
        "circuit": "Single Phase",
        "geometry_type": "same_pole",
        "feature_type": "connection"
      }
    },
    {
      "type": "Feature",
      "id": "line_133-12-H_133-12-H",
      "geometry": {
        "type": "LineString",
        "coordinates": [
          [
            124.70151,
            11.30437
          ],
          [
            124.70151,
            11.30437
          ]
        ]
      },
      "properties": {
        "from_bus": "133-12-H",
        "to_bus": "133-12-H",
        "from_pole": "133-12-I",
        "to_pole": "133-12-I",
        "connection_type": "Transformer_to_Secondary",
        "feeder": "F1",
        "circuit": "Single Phase",
        "geometry_type": "same_pole",
        "feature_type": "connection"
      }
    },
    {
      "type": "Feature",
      "id": "line_133-12-H_133-12-I",
      "geometry": {
        "type": "LineString",
        "coordinates": [
          [
            124.70151,
            11.30437
          ],
          [
            124.70151,
            11.30437
          ]
        ]
      },
      "properties": {
        "from_bus": "133-12-H",
        "to_bus": "133-12-I",
        "from_pole": "133-12-J",
        "to_pole": "133-12-J",
        "connection_type": "Transformer_to_Secondary",
        "feeder": "F1",
        "circuit": "Single Phase",
        "geometry_type": "same_pole",
        "feature_type": "connection"
      }
    },
    {
      "type": "Feature",
      "id": "line_99-3_99-3",
      "geometry": {
        "type": "LineString",
        "coordinates": [
          [
            124.68738,
            11.29907
          ],
          [
            124.68738,
            11.29907
          ]
        ]
      },
      "properties": {
        "from_bus": "99-3",
        "to_bus": "99-3",
        "from_pole": "99-4",
        "to_pole": "99-4",
        "connection_type": "Transformer_to_Secondary",
        "feeder": "F6",
        "circuit": "V Phase",
        "geometry_type": "same_pole",
        "feature_type": "connection"
      }
    },
    {
      "type": "Feature",
      "id": "line_99-10B_99-10B",
      "geometry": {
        "type": "LineString",
        "coordinates": [
          [
            124.68847,
            11.30106
          ],
          [
            124.68847,
            11.30106
          ]
        ]
      },
      "properties": {
        "from_bus": "99-10B",
        "to_bus": "99-10B",
        "from_pole": "99-10B-a",
        "to_pole": "99-10B-a",
        "connection_type": "Transformer_to_Secondary",
        "feeder": "F6",
        "circuit": "Single Phase",
        "geometry_type": "same_pole",
        "feature_type": "connection"
      }
    },
    {
      "type": "Feature",
      "id": "line_99-8-a_99-8",
      "geometry": {
        "type": "LineString",
        "coordinates": [
          [
            124.68726,
            11.30066
          ],
          [
            124.68726,
            11.30066
          ]
        ]
      },
      "properties": {
        "from_bus": "99-8-a",
        "to_bus": "99-8",
        "from_pole": "99-8-b",
        "to_pole": "99-8-b",
        "connection_type": "Transformer_to_Secondary",
        "feeder": "F6",
        "circuit": "Single Phase",
        "geometry_type": "same_pole",
        "feature_type": "connection"
      }
    },
    {
      "type": "Feature",
      "id": "line_99-8-b_99-8-b",
      "geometry": {
        "type": "LineString",
        "coordinates": [
          [
            124.68661,
            11.30102
          ],
          [
            124.68661,
            11.30102
          ]
        ]
      },
      "properties": {
        "from_bus": "99-8-b",
        "to_bus": "99-8-b",
        "from_pole": "99-8-c",
        "to_pole": "99-8-c",
        "connection_type": "Transformer_to_Secondary",
        "feeder": "F6",
        "circuit": "Single Phase",
        "geometry_type": "same_pole",
        "feature_type": "connection"
      }
    },
    {
      "type": "Feature",
      "id": "line_99-12_99-12",
      "geometry": {
        "type": "LineString",
        "coordinates": [
          [
            124.68774,
            11.30154
          ],
          [
            124.68774,
            11.30154
          ]
        ]
      },
      "properties": {
        "from_bus": "99-12",
        "to_bus": "99-12",
        "from_pole": "99-13",
        "to_pole": "99-13",
        "connection_type": "Transformer_to_Secondary",
        "feeder": "F6",
        "circuit": "Single Phase",
        "geometry_type": "same_pole",
        "feature_type": "connection"
      }
    },
    {
      "type": "Feature",
      "id": "line_99-12_99-12",
      "geometry": {
        "type": "LineString",
        "coordinates": [
          [
            124.68775,
            11.30204
          ],
          [
            124.68775,
            11.30204
          ]
        ]
      },
      "properties": {
        "from_bus": "99-12",
        "to_bus": "99-12",
        "from_pole": "99-13a",
        "to_pole": "99-13a",
        "connection_type": "Transformer_to_Secondary",
        "feeder": "F6",
        "circuit": "Single Phase",
        "geometry_type": "same_pole",
        "feature_type": "connection"
      }
    },
    {
      "type": "Feature",
      "id": "line_99-17_99-17",
      "geometry": {
        "type": "LineString",
        "coordinates": [
          [
            124.68806,
            11.30242
          ],
          [
            124.68806,
            11.30242
          ]
        ]
      },
      "properties": {
        "from_bus": "99-17",
        "to_bus": "99-17",
        "from_pole": "99-18",
        "to_pole": "99-18",
        "connection_type": "Transformer_to_Secondary",
        "feeder": "F6",
        "circuit": "Single Phase",
        "geometry_type": "same_pole",
        "feature_type": "connection"
      }
    },
    {
      "type": "Feature",
      "id": "line_100_100",
      "geometry": {
        "type": "LineString",
        "coordinates": [
          [
            124.68771,
            11.29794
          ],
          [
            124.68771,
            11.29794
          ]
        ]
      },
      "properties": {
        "from_bus": "100",
        "to_bus": "100",
        "from_pole": "101",
        "to_pole": "101",
        "connection_type": "Transformer_to_Secondary",
        "feeder": "F6",
        "circuit": "3 Phase",
        "geometry_type": "same_pole",
        "feature_type": "connection"
      }
    },
    {
      "type": "Feature",
      "id": "line_86_86",
      "geometry": {
        "type": "LineString",
        "coordinates": [
          [
            124.572,
            11.30573
          ],
          [
            124.572,
            11.30573
          ]
        ]
      },
      "properties": {
        "from_bus": "86",
        "to_bus": "86",
        "from_pole": "87",
        "to_pole": "87",
        "connection_type": "Transformer_to_Secondary",
        "feeder": "F7",
        "circuit": "3 Phase",
        "geometry_type": "same_pole",
        "feature_type": "connection"
      }
    },
    {
      "type": "Feature",
      "id": "line_123-3_123-3",
      "geometry": {
        "type": "LineString",
        "coordinates": [
          [
            124.56649,
            11.29258
          ],
          [
            124.56649,
            11.29258
          ]
        ]
      },
      "properties": {
        "from_bus": "123-3",
        "to_bus": "123-3",
        "from_pole": "124",
        "to_pole": "124",
        "connection_type": "Transformer_to_Secondary",
        "feeder": "F7",
        "circuit": "3 Phase",
        "geometry_type": "same_pole",
        "feature_type": "connection"
      }
    },
    {
      "type": "Feature",
      "id": "line_126_126",
      "geometry": {
        "type": "LineString",
        "coordinates": [
          [
            124.56891,
            11.29115
          ],
          [
            124.56891,
            11.29115
          ]
        ]
      },
      "properties": {
        "from_bus": "126",
        "to_bus": "126",
        "from_pole": "127",
        "to_pole": "127",
        "connection_type": "Transformer_to_Secondary",
        "feeder": "F7",
        "circuit": "3 Phase",
        "geometry_type": "same_pole",
        "feature_type": "connection"
      }
    },
    {
      "type": "Feature",
      "id": "line_128-1_128-1",
      "geometry": {
        "type": "LineString",
        "coordinates": [
          [
            124.56833,
            11.29048
          ],
          [
            124.56833,
            11.29048
          ]
        ]
      },
      "properties": {
        "from_bus": "128-1",
        "to_bus": "128-1",
        "from_pole": "129",
        "to_pole": "129",
        "connection_type": "Transformer_to_Secondary",
        "feeder": "F7",
        "circuit": "3 Phase",
        "geometry_type": "same_pole",
        "feature_type": "connection"
      }
    },
    {
      "type": "Feature",
      "id": "line_mmk yes iiobv good gonna bb BB na_135-4",
      "geometry": {
        "type": "LineString",
        "coordinates": [
          [
            124.56506,
            11.29026
          ],
          [
            124.56506,
            11.29026
          ]
        ]
      },
      "properties": {
        "from_bus": "mmk yes iiobv good gonna bb BB na",
        "to_bus": "135-4",
        "from_pole": "135-4",
        "to_pole": "135-4",
        "connection_type": "Transformer_to_Secondary",
        "feeder": "F7",
        "circuit": "3 Phase",
        "geometry_type": "same_pole",
        "feature_type": "connection"
      }
    },
    {
      "type": "Feature",
      "id": "line_135-10_135-10",
      "geometry": {
        "type": "LineString",
        "coordinates": [
          [
            124.56186,
            11.29338
          ],
          [
            124.56186,
            11.29338
          ]
        ]
      },
      "properties": {
        "from_bus": "135-10",
        "to_bus": "135-10",
        "from_pole": "135-10-a",
        "to_pole": "135-10-a",
        "connection_type": "Transformer_to_Secondary",
        "feeder": "F7",
        "circuit": "Single Phase",
        "geometry_type": "same_pole",
        "feature_type": "connection"
      }
    },
    {
      "type": "Feature",
      "id": "line_135_10-b_135-10-b",
      "geometry": {
        "type": "LineString",
        "coordinates": [
          [
            124.56111,
            11.29295
          ],
          [
            124.56111,
            11.29295
          ]
        ]
      },
      "properties": {
        "from_bus": "135_10-b",
        "to_bus": "135-10-b",
        "from_pole": "135-10-b-1",
        "to_pole": "135-10-b-1",
        "connection_type": "Transformer_to_Secondary",
        "feeder": "F7",
        "circuit": "Single Phase",
        "geometry_type": "same_pole",
        "feature_type": "connection"
      }
    },
    {
      "type": "Feature",
      "id": "line_135-16_135-16",
      "geometry": {
        "type": "LineString",
        "coordinates": [
          [
            124.56022,
            11.29778
          ],
          [
            124.56022,
            11.29778
          ]
        ]
      },
      "properties": {
        "from_bus": "135-16",
        "to_bus": "135-16",
        "from_pole": "135-17",
        "to_pole": "135-17",
        "connection_type": "Transformer_to_Secondary",
        "feeder": "F7",
        "circuit": "3 Phase",
        "geometry_type": "same_pole",
        "feature_type": "connection"
      }
    },
    {
      "type": "Feature",
      "id": "line_45_46",
      "geometry": {
        "type": "LineString",
        "coordinates": [
          [
            124.66032,
            11.29429
          ],
          [
            124.66032,
            11.29429
          ]
        ]
      },
      "properties": {
        "from_bus": "45",
        "to_bus": "46",
        "from_pole": "45",
        "to_pole": "46",
        "connection_type": "Primary_to_Primary",
        "feeder": "F6",
        "circuit": "3 Phase",
        "geometry_type": "sequential",
        "feature_type": "connection"
      }
    },
    {
      "type": "Feature",
      "id": "line_46_47",
      "geometry": {
        "type": "LineString",
        "coordinates": [
          [
            124.66032,
            11.29429
          ],
          [
            124.66121,
            11.29446
          ]
        ]
      },
      "properties": {
        "from_bus": "46",
        "to_bus": "47",
        "from_pole": "46",
        "to_pole": "47",
        "connection_type": "Primary_to_Primary",
        "feeder": "F6",
        "circuit": "3 Phase",
        "geometry_type": "sequential",
        "feature_type": "connection"
      }
    },
    {
      "type": "Feature",
      "id": "line_47_48",
      "geometry": {
        "type": "LineString",
        "coordinates": [
          [
            124.66121,
            11.29446
          ],
          [
            124.66264,
            11.29517
          ]
        ]
      },
      "properties": {
        "from_bus": "47",
        "to_bus": "48",
        "from_pole": "47",
        "to_pole": "48",
        "connection_type": "Primary_to_Primary",
        "feeder": "F6",
        "circuit": "3 Phase",
        "geometry_type": "sequential",
        "feature_type": "connection"
      }
    },
    {
      "type": "Feature",
      "id": "line_48_48-a",
      "geometry": {
        "type": "LineString",
        "coordinates": [
          [
            124.66264,
            11.29517
          ],
          [
            124.66115,
            11.29514
          ]
        ]
      },
      "properties": {
        "from_bus": "48",
        "to_bus": "48-a",
        "from_pole": "48",
        "to_pole": "48-a",
        "connection_type": "Primary_to_Primary",
        "feeder": "F6",
        "circuit": "3 Phase",
        "geometry_type": "sequential",
        "feature_type": "connection"
      }
    },
    {
      "type": "Feature",
      "id": "line_48-a_49",
      "geometry": {
        "type": "LineString",
        "coordinates": [
          [
            124.66115,
            11.29514
          ],
          [
            124.66337,
            11.29542
          ]
        ]
      },
      "properties": {
        "from_bus": "48-a",
        "to_bus": "49",
        "from_pole": "48-a",
        "to_pole": "49",
        "connection_type": "Primary_to_Primary",
        "feeder": "F6",
        "circuit": "3 Phase",
        "geometry_type": "sequential",
        "feature_type": "connection"
      }
    },
    {
      "type": "Feature",
      "id": "line_49_50",
      "geometry": {
        "type": "LineString",
        "coordinates": [
          [
            124.66337,
            11.29542
          ],
          [
            124.66333,
            11.29568
          ]
        ]
      },
      "properties": {
        "from_bus": "49",
        "to_bus": "50",
        "from_pole": "49",
        "to_pole": "50",
        "connection_type": "Primary_to_Primary",
        "feeder": "F6",
        "circuit": "3 Phase",
        "geometry_type": "sequential",
        "feature_type": "connection"
      }
    },
    {
      "type": "Feature",
      "id": "line_50_50-a",
      "geometry": {
        "type": "LineString",
        "coordinates": [
          [
            124.66333,
            11.29568
          ],
          [
            124.66337,
            11.29542
          ]
        ]
      },
      "properties": {
        "from_bus": "50",
        "to_bus": "50-a",
        "from_pole": "50",
        "to_pole": "50-a",
        "connection_type": "Primary_to_Primary",
        "feeder": "F6",
        "circuit": "3 Phase",
        "geometry_type": "sequential",
        "feature_type": "connection"
      }
    },
    {
      "type": "Feature",
      "id": "line_50-a_52",
      "geometry": {
        "type": "LineString",
        "coordinates": [
          [
            124.66337,
            11.29542
          ],
          [
            124.6637088,
            11.29562107
          ]
        ]
      },
      "properties": {
        "from_bus": "50-a",
        "to_bus": "52",
        "from_pole": "50-a",
        "to_pole": "51",
        "connection_type": "Primary_to_Primary",
        "feeder": "F6",
        "circuit": "3 Phase",
        "geometry_type": "sequential",
        "feature_type": "connection"
      }
    },
    {
      "type": "Feature",
      "id": "line_52_53",
      "geometry": {
        "type": "LineString",
        "coordinates": [
          [
            124.6637088,
            11.29562107
          ],
          [
            124.6636418,
            11.29557491
          ]
        ]
      },
      "properties": {
        "from_bus": "52",
        "to_bus": "53",
        "from_pole": "51",
        "to_pole": "53",
        "connection_type": "Primary_to_Primary",
        "feeder": "F6",
        "circuit": "3 Phase",
        "geometry_type": "sequential",
        "feature_type": "connection"
      }
    },
    {
      "type": "Feature",
      "id": "line_53_54",
      "geometry": {
        "type": "LineString",
        "coordinates": [
          [
            124.6636418,
            11.29557491
          ],
          [
            124.6640931,
            11.2957129
          ]
        ]
      },
      "properties": {
        "from_bus": "53",
        "to_bus": "54",
        "from_pole": "53",
        "to_pole": "54",
        "connection_type": "Primary_to_Primary",
        "feeder": "F6",
        "circuit": "3 Phase",
        "geometry_type": "sequential",
        "feature_type": "connection"
      }
    },
    {
      "type": "Feature",
      "id": "line_54_55",
      "geometry": {
        "type": "LineString",
        "coordinates": [
          [
            124.6640931,
            11.2957129
          ],
          [
            124.6648224,
            11.29592998
          ]
        ]
      },
      "properties": {
        "from_bus": "54",
        "to_bus": "55",
        "from_pole": "54",
        "to_pole": "55",
        "connection_type": "Primary_to_Primary",
        "feeder": "F6",
        "circuit": "3 Phase",
        "geometry_type": "sequential",
        "feature_type": "connection"
      }
    },
    {
      "type": "Feature",
      "id": "line_55_55-A-B",
      "geometry": {
        "type": "LineString",
        "coordinates": [
          [
            124.6648224,
            11.29592998
          ],
          [
            124.6641,
            11.29635
          ]
        ]
      },
      "properties": {
        "from_bus": "55",
        "to_bus": "55-A-B",
        "from_pole": "55",
        "to_pole": "55-A-B",
        "connection_type": "Primary_to_Primary",
        "feeder": "F6",
        "circuit": "3 Phase",
        "geometry_type": "sequential",
        "feature_type": "connection"
      }
    },
    {
      "type": "Feature",
      "id": "line_55-A-B_55-A-B-A",
      "geometry": {
        "type": "LineString",
        "coordinates": [
          [
            124.6641,
            11.29635
          ],
          [
            124.6642,
            11.29652
          ]
        ]
      },
      "properties": {
        "from_bus": "55-A-B",
        "to_bus": "55-A-B-A",
        "from_pole": "55-A-B",
        "to_pole": "55-A-B-A",
        "connection_type": "Primary_to_Primary",
        "feeder": "F6",
        "circuit": "3 Phase",
        "geometry_type": "sequential",
        "feature_type": "connection"
      }
    },
    {
      "type": "Feature",
      "id": "line_55-A-B-A_55-A-B-B",
      "geometry": {
        "type": "LineString",
        "coordinates": [
          [
            124.6642,
            11.29652
          ],
          [
            124.6644,
            11.29663
          ]
        ]
      },
      "properties": {
        "from_bus": "55-A-B-A",
        "to_bus": "55-A-B-B",
        "from_pole": "55-A-B-A",
        "to_pole": "55-A-B-B",
        "connection_type": "Primary_to_Primary",
        "feeder": "F6",
        "circuit": "3 Phase",
        "geometry_type": "sequential",
        "feature_type": "connection"
      }
    },
    {
      "type": "Feature",
      "id": "line_55-A-B-B_55-A-C",
      "geometry": {
        "type": "LineString",
        "coordinates": [
          [
            124.6644,
            11.29663
          ],
          [
            124.6639,
            11.29663
          ]
        ]
      },
      "properties": {
        "from_bus": "55-A-B-B",
        "to_bus": "55-A-C",
        "from_pole": "55-A-B-B",
        "to_pole": "55-A-C",
        "connection_type": "Primary_to_Primary",
        "feeder": "F6",
        "circuit": "3 Phase",
        "geometry_type": "sequential",
        "feature_type": "connection"
      }
    },
    {
      "type": "Feature",
      "id": "line_55-A-C_55-A-D",
      "geometry": {
        "type": "LineString",
        "coordinates": [
          [
            124.6639,
            11.29663
          ],
          [
            124.6634,
            11.29668
          ]
        ]
      },
      "properties": {
        "from_bus": "55-A-C",
        "to_bus": "55-A-D",
        "from_pole": "55-A-C",
        "to_pole": "55-A-D",
        "connection_type": "Primary_to_Primary",
        "feeder": "F6",
        "circuit": "3 Phase",
        "geometry_type": "sequential",
        "feature_type": "connection"
      }
    },
    {
      "type": "Feature",
      "id": "line_55-A-D_55-A-F",
      "geometry": {
        "type": "LineString",
        "coordinates": [
          [
            124.6634,
            11.29668
          ],
          [
            124.6628,
            11.29643
          ]
        ]
      },
      "properties": {
        "from_bus": "55-A-D",
        "to_bus": "55-A-F",
        "from_pole": "55-A-D",
        "to_pole": "55-A-F",
        "connection_type": "Primary_to_Primary",
        "feeder": "F6",
        "circuit": "3 Phase",
        "geometry_type": "sequential",
        "feature_type": "connection"
      }
    },
    {
      "type": "Feature",
      "id": "line_55-A-F_55-A-G",
      "geometry": {
        "type": "LineString",
        "coordinates": [
          [
            124.6628,
            11.29643
          ],
          [
            124.6622,
            11.29628
          ]
        ]
      },
      "properties": {
        "from_bus": "55-A-F",
        "to_bus": "55-A-G",
        "from_pole": "55-A-F",
        "to_pole": "55-A-G",
        "connection_type": "Primary_to_Primary",
        "feeder": "F6",
        "circuit": "3 Phase",
        "geometry_type": "sequential",
        "feature_type": "connection"
      }
    },
    {
      "type": "Feature",
      "id": "line_55-A-G_56",
      "geometry": {
        "type": "LineString",
        "coordinates": [
          [
            124.6622,
            11.29628
          ],
          [
            124.6655924,
            11.2961881
          ]
        ]
      },
      "properties": {
        "from_bus": "55-A-G",
        "to_bus": "56",
        "from_pole": "55-A-G",
        "to_pole": "56",
        "connection_type": "Primary_to_Primary",
        "feeder": "F6",
        "circuit": "3 Phase",
        "geometry_type": "sequential",
        "feature_type": "connection"
      }
    },
    {
      "type": "Feature",
      "id": "line_56_57",
      "geometry": {
        "type": "LineString",
        "coordinates": [
          [
            124.6655924,
            11.2961881
          ],
          [
            124.6665067,
            11.29653548
          ]
        ]
      },
      "properties": {
        "from_bus": "56",
        "to_bus": "57",
        "from_pole": "56",
        "to_pole": "57",
        "connection_type": "Primary_to_Primary",
        "feeder": "F6",
        "circuit": "3 Phase",
        "geometry_type": "sequential",
        "feature_type": "connection"
      }
    },
    {
      "type": "Feature",
      "id": "line_57_58",
      "geometry": {
        "type": "LineString",
        "coordinates": [
          [
            124.6665067,
            11.29653548
          ],
          [
            124.6675317,
            11.29689802
          ]
        ]
      },
      "properties": {
        "from_bus": "57",
        "to_bus": "58",
        "from_pole": "57",
        "to_pole": "58",
        "connection_type": "Primary_to_Primary",
        "feeder": "F6",
        "circuit": "3 Phase",
        "geometry_type": "sequential",
        "feature_type": "connection"
      }
    },
    {
      "type": "Feature",
      "id": "line_58_59",
      "geometry": {
        "type": "LineString",
        "coordinates": [
          [
            124.6675317,
            11.29689802
          ],
          [
            124.6684804,
            11.29722082
          ]
        ]
      },
      "properties": {
        "from_bus": "58",
        "to_bus": "59",
        "from_pole": "58",
        "to_pole": "59",
        "connection_type": "Primary_to_Primary",
        "feeder": "F6",
        "circuit": "3 Phase",
        "geometry_type": "sequential",
        "feature_type": "connection"
      }
    },
    {
      "type": "Feature",
      "id": "line_59_60",
      "geometry": {
        "type": "LineString",
        "coordinates": [
          [
            124.6684804,
            11.29722082
          ],
          [
            124.6692282,
            11.29747024
          ]
        ]
      },
      "properties": {
        "from_bus": "59",
        "to_bus": "60",
        "from_pole": "59",
        "to_pole": "60",
        "connection_type": "Primary_to_Primary",
        "feeder": "F6",
        "circuit": "3 Phase",
        "geometry_type": "sequential",
        "feature_type": "connection"
      }
    },
    {
      "type": "Feature",
      "id": "line_60_61",
      "geometry": {
        "type": "LineString",
        "coordinates": [
          [
            124.6692282,
            11.29747024
          ],
          [
            124.6699312,
            11.29771684
          ]
        ]
      },
      "properties": {
        "from_bus": "60",
        "to_bus": "61",
        "from_pole": "60",
        "to_pole": "61",
        "connection_type": "Primary_to_Primary",
        "feeder": "F6",
        "circuit": "3 Phase",
        "geometry_type": "sequential",
        "feature_type": "connection"
      }
    },
    {
      "type": "Feature",
      "id": "line_61_62",
      "geometry": {
        "type": "LineString",
        "coordinates": [
          [
            124.6699312,
            11.29771684
          ],
          [
            124.6704663,
            11.29792295
          ]
        ]
      },
      "properties": {
        "from_bus": "61",
        "to_bus": "62",
        "from_pole": "61",
        "to_pole": "62",
        "connection_type": "Primary_to_Primary",
        "feeder": "F6",
        "circuit": "3 Phase",
        "geometry_type": "sequential",
        "feature_type": "connection"
      }
    },
    {
      "type": "Feature",
      "id": "line_62_63",
      "geometry": {
        "type": "LineString",
        "coordinates": [
          [
            124.6704663,
            11.29792295
          ],
          [
            124.6709567,
            11.29804571
          ]
        ]
      },
      "properties": {
        "from_bus": "62",
        "to_bus": "63",
        "from_pole": "62",
        "to_pole": "63",
        "connection_type": "Primary_to_Primary",
        "feeder": "F6",
        "circuit": "3 Phase",
        "geometry_type": "sequential",
        "feature_type": "connection"
      }
    },
    {
      "type": "Feature",
      "id": "line_63_64",
      "geometry": {
        "type": "LineString",
        "coordinates": [
          [
            124.6709567,
            11.29804571
          ],
          [
            124.6714681,
            11.29829396
          ]
        ]
      },
      "properties": {
        "from_bus": "63",
        "to_bus": "64",
        "from_pole": "63",
        "to_pole": "64",
        "connection_type": "Primary_to_Primary",
        "feeder": "F6",
        "circuit": "3 Phase",
        "geometry_type": "sequential",
        "feature_type": "connection"
      }
    },
    {
      "type": "Feature",
      "id": "line_64_64-A",
      "geometry": {
        "type": "LineString",
        "coordinates": [
          [
            124.6714681,
            11.29829396
          ],
          [
            124.6711,
            11.29875
          ]
        ]
      },
      "properties": {
        "from_bus": "64",
        "to_bus": "64-A",
        "from_pole": "64",
        "to_pole": "64-A",
        "connection_type": "Primary_to_Primary",
        "feeder": "F6",
        "circuit": "3 Phase",
        "geometry_type": "sequential",
        "feature_type": "connection"
      }
    },
    {
      "type": "Feature",
      "id": "line_64-A_64-B",
      "geometry": {
        "type": "LineString",
        "coordinates": [
          [
            124.6711,
            11.29875
          ],
          [
            124.6713,
            11.29927
          ]
        ]
      },
      "properties": {
        "from_bus": "64-A",
        "to_bus": "64-B",
        "from_pole": "64-A",
        "to_pole": "64-B",
        "connection_type": "Primary_to_Primary",
        "feeder": "F6",
        "circuit": "3 Phase",
        "geometry_type": "sequential",
        "feature_type": "connection"
      }
    },
    {
      "type": "Feature",
      "id": "line_64-B_64-C",
      "geometry": {
        "type": "LineString",
        "coordinates": [
          [
            124.6713,
            11.29927
          ],
          [
            124.6712,
            11.29993
          ]
        ]
      },
      "properties": {
        "from_bus": "64-B",
        "to_bus": "64-C",
        "from_pole": "64-B",
        "to_pole": "64-C",
        "connection_type": "Primary_to_Primary",
        "feeder": "F6",
        "circuit": "3 Phase",
        "geometry_type": "sequential",
        "feature_type": "connection"
      }
    },
    {
      "type": "Feature",
      "id": "line_64-C_64-D",
      "geometry": {
        "type": "LineString",
        "coordinates": [
          [
            124.6712,
            11.29993
          ],
          [
            124.6712,
            11.30038
          ]
        ]
      },
      "properties": {
        "from_bus": "64-C",
        "to_bus": "64-D",
        "from_pole": "64-C",
        "to_pole": "64-D",
        "connection_type": "Primary_to_Primary",
        "feeder": "F6",
        "circuit": "3 Phase",
        "geometry_type": "sequential",
        "feature_type": "connection"
      }
    },
    {
      "type": "Feature",
      "id": "line_64-D_64-E",
      "geometry": {
        "type": "LineString",
        "coordinates": [
          [
            124.6712,
            11.30038
          ],
          [
            124.6712,
            11.30095
          ]
        ]
      },
      "properties": {
        "from_bus": "64-D",
        "to_bus": "64-E",
        "from_pole": "64-D",
        "to_pole": "64-E",
        "connection_type": "Primary_to_Primary",
        "feeder": "F6",
        "circuit": "3 Phase",
        "geometry_type": "sequential",
        "feature_type": "connection"
      }
    },
    {
      "type": "Feature",
      "id": "line_64-E_65",
      "geometry": {
        "type": "LineString",
        "coordinates": [
          [
            124.6712,
            11.30095
          ],
          [
            124.671998,
            11.29842138
          ]
        ]
      },
      "properties": {
        "from_bus": "64-E",
        "to_bus": "65",
        "from_pole": "64-E",
        "to_pole": "65",
        "connection_type": "Primary_to_Primary",
        "feeder": "F6",
        "circuit": "3 Phase",
        "geometry_type": "sequential",
        "feature_type": "connection"
      }
    },
    {
      "type": "Feature",
      "id": "line_65_66",
      "geometry": {
        "type": "LineString",
        "coordinates": [
          [
            124.671998,
            11.29842138
          ],
          [
            124.6726045,
            11.29864316
          ]
        ]
      },
      "properties": {
        "from_bus": "65",
        "to_bus": "66",
        "from_pole": "65",
        "to_pole": "66",
        "connection_type": "Primary_to_Primary",
        "feeder": "F6",
        "circuit": "3 Phase",
        "geometry_type": "sequential",
        "feature_type": "connection"
      }
    },
    {
      "type": "Feature",
      "id": "line_66_67",
      "geometry": {
        "type": "LineString",
        "coordinates": [
          [
            124.6726045,
            11.29864316
          ],
          [
            124.6732692,
            11.29881081
          ]
        ]
      },
      "properties": {
        "from_bus": "66",
        "to_bus": "67",
        "from_pole": "66",
        "to_pole": "67",
        "connection_type": "Primary_to_Primary",
        "feeder": "F6",
        "circuit": "3 Phase",
        "geometry_type": "sequential",
        "feature_type": "connection"
      }
    },
    {
      "type": "Feature",
      "id": "line_67_68",
      "geometry": {
        "type": "LineString",
        "coordinates": [
          [
            124.6732692,
            11.29881081
          ],
          [
            124.6742276,
            11.29906345
          ]
        ]
      },
      "properties": {
        "from_bus": "67",
        "to_bus": "68",
        "from_pole": "67",
        "to_pole": "68",
        "connection_type": "Primary_to_Primary",
        "feeder": "F6",
        "circuit": "3 Phase",
        "geometry_type": "sequential",
        "feature_type": "connection"
      }
    },
    {
      "type": "Feature",
      "id": "line_68_69",
      "geometry": {
        "type": "LineString",
        "coordinates": [
          [
            124.6742276,
            11.29906345
          ],
          [
            124.675223,
            11.29927221
          ]
        ]
      },
      "properties": {
        "from_bus": "68",
        "to_bus": "69",
        "from_pole": "68",
        "to_pole": "69",
        "connection_type": "Primary_to_Primary",
        "feeder": "F6",
        "circuit": "3 Phase",
        "geometry_type": "sequential",
        "feature_type": "connection"
      }
    },
    {
      "type": "Feature",
      "id": "line_69_70",
      "geometry": {
        "type": "LineString",
        "coordinates": [
          [
            124.675223,
            11.29927221
          ],
          [
            124.6762625,
            11.29919891
          ]
        ]
      },
      "properties": {
        "from_bus": "69",
        "to_bus": "70",
        "from_pole": "69",
        "to_pole": "70",
        "connection_type": "Primary_to_Primary",
        "feeder": "F6",
        "circuit": "3 Phase",
        "geometry_type": "sequential",
        "feature_type": "connection"
      }
    },
    {
      "type": "Feature",
      "id": "line_70_70-a",
      "geometry": {
        "type": "LineString",
        "coordinates": [
          [
            124.6762625,
            11.29919891
          ],
          [
            124.6762203,
            11.29902962
          ]
        ]
      },
      "properties": {
        "from_bus": "70",
        "to_bus": "70-a",
        "from_pole": "70",
        "to_pole": "70-a",
        "connection_type": "Primary_to_Primary",
        "feeder": "F6",
        "circuit": "3 Phase",
        "geometry_type": "sequential",
        "feature_type": "connection"
      }
    },
    {
      "type": "Feature",
      "id": "line_70-a_71",
      "geometry": {
        "type": "LineString",
        "coordinates": [
          [
            124.6762203,
            11.29902962
          ],
          [
            124.67722,
            11.29923
          ]
        ]
      },
      "properties": {
        "from_bus": "70-a",
        "to_bus": "71",
        "from_pole": "70-a",
        "to_pole": "71",
        "connection_type": "Primary_to_Primary",
        "feeder": "F6",
        "circuit": "3 Phase",
        "geometry_type": "sequential",
        "feature_type": "connection"
      }
    },
    {
      "type": "Feature",
      "id": "line_71_72",
      "geometry": {
        "type": "LineString",
        "coordinates": [
          [
            124.67722,
            11.29923
          ],
          [
            124.677731,
            11.29911201
          ]
        ]
      },
      "properties": {
        "from_bus": "71",
        "to_bus": "72",
        "from_pole": "71",
        "to_pole": "72",
        "connection_type": "Primary_to_Primary",
        "feeder": "F6",
        "circuit": "3 Phase",
        "geometry_type": "sequential",
        "feature_type": "connection"
      }
    },
    {
      "type": "Feature",
      "id": "line_72_72-A",
      "geometry": {
        "type": "LineString",
        "coordinates": [
          [
            124.677731,
            11.29911201
          ],
          [
            124.6776181,
            11.29973427
          ]
        ]
      },
      "properties": {
        "from_bus": "72",
        "to_bus": "72-A",
        "from_pole": "72",
        "to_pole": "72-A",
        "connection_type": "Primary_to_Primary",
        "feeder": "F6",
        "circuit": "3 Phase",
        "geometry_type": "sequential",
        "feature_type": "connection"
      }
    },
    {
      "type": "Feature",
      "id": "line_72-A_72-B",
      "geometry": {
        "type": "LineString",
        "coordinates": [
          [
            124.6776181,
            11.29973427
          ],
          [
            124.6776181,
            11.30026287
          ]
        ]
      },
      "properties": {
        "from_bus": "72-A",
        "to_bus": "72-B",
        "from_pole": "72-A",
        "to_pole": "72-B",
        "connection_type": "Primary_to_Primary",
        "feeder": "F6",
        "circuit": "3 Phase",
        "geometry_type": "sequential",
        "feature_type": "connection"
      }
    },
    {
      "type": "Feature",
      "id": "line_72-B_72-C",
      "geometry": {
        "type": "LineString",
        "coordinates": [
          [
            124.6776181,
            11.30026287
          ],
          [
            124.67778,
            11.3008
          ]
        ]
      },
      "properties": {
        "from_bus": "72-B",
        "to_bus": "72-C",
        "from_pole": "72-B",
        "to_pole": "72-C",
        "connection_type": "Primary_to_Primary",
        "feeder": "F6",
        "circuit": "3 Phase",
        "geometry_type": "sequential",
        "feature_type": "connection"
      }
    },
    {
      "type": "Feature",
      "id": "line_72-C_72-a",
      "geometry": {
        "type": "LineString",
        "coordinates": [
          [
            124.67778,
            11.3008
          ],
          [
            124.6776,
            11.29895
          ]
        ]
      },
      "properties": {
        "from_bus": "72-C",
        "to_bus": "72-a",
        "from_pole": "72-C",
        "to_pole": "72-a",
        "connection_type": "Primary_to_Primary",
        "feeder": "F6",
        "circuit": "3 Phase",
        "geometry_type": "sequential",
        "feature_type": "connection"
      }
    },
    {
      "type": "Feature",
      "id": "line_72-a_72-b",
      "geometry": {
        "type": "LineString",
        "coordinates": [
          [
            124.6776,
            11.29895
          ],
          [
            124.67768,
            11.29828
          ]
        ]
      },
      "properties": {
        "from_bus": "72-a",
        "to_bus": "72-b",
        "from_pole": "72-a",
        "to_pole": "72-b",
        "connection_type": "Primary_to_Primary",
        "feeder": "F6",
        "circuit": "3 Phase",
        "geometry_type": "sequential",
        "feature_type": "connection"
      }
    },
    {
      "type": "Feature",
      "id": "line_72-b_73",
      "geometry": {
        "type": "LineString",
        "coordinates": [
          [
            124.67768,
            11.29828
          ],
          [
            124.6778973,
            11.29907882
          ]
        ]
      },
      "properties": {
        "from_bus": "72-b",
        "to_bus": "73",
        "from_pole": "72-b",
        "to_pole": "73",
        "connection_type": "Primary_to_Primary",
        "feeder": "F6",
        "circuit": "3 Phase",
        "geometry_type": "sequential",
        "feature_type": "connection"
      }
    },
    {
      "type": "Feature",
      "id": "line_73_74",
      "geometry": {
        "type": "LineString",
        "coordinates": [
          [
            124.6778973,
            11.29907882
          ],
          [
            124.6785288,
            11.29906097
          ]
        ]
      },
      "properties": {
        "from_bus": "73",
        "to_bus": "74",
        "from_pole": "73",
        "to_pole": "74",
        "connection_type": "Primary_to_Primary",
        "feeder": "F6",
        "circuit": "3 Phase",
        "geometry_type": "sequential",
        "feature_type": "connection"
      }
    },
    {
      "type": "Feature",
      "id": "line_74_74-a",
      "geometry": {
        "type": "LineString",
        "coordinates": [
          [
            124.6785288,
            11.29906097
          ],
          [
            124.6787228,
            11.29880436
          ]
        ]
      },
      "properties": {
        "from_bus": "74",
        "to_bus": "74-a",
        "from_pole": "74",
        "to_pole": "74-a",
        "connection_type": "Primary_to_Primary",
        "feeder": "F6",
        "circuit": "3 Phase",
        "geometry_type": "sequential",
        "feature_type": "connection"
      }
    },
    {
      "type": "Feature",
      "id": "line_74-a_76",
      "geometry": {
        "type": "LineString",
        "coordinates": [
          [
            124.6787228,
            11.29880436
          ],
          [
            124.6794234,
            11.29901377
          ]
        ]
      },
      "properties": {
        "from_bus": "74-a",
        "to_bus": "76",
        "from_pole": "74-a",
        "to_pole": "76",
        "connection_type": "Primary_to_Primary",
        "feeder": "F6",
        "circuit": "3 Phase",
        "geometry_type": "sequential",
        "feature_type": "connection"
      }
    },
    {
      "type": "Feature",
      "id": "line_76_77",
      "geometry": {
        "type": "LineString",
        "coordinates": [
          [
            124.6794234,
            11.29901377
          ],
          [
            124.6801015,
            11.29896082
          ]
        ]
      },
      "properties": {
        "from_bus": "76",
        "to_bus": "77",
        "from_pole": "76",
        "to_pole": "77",
        "connection_type": "Primary_to_Primary",
        "feeder": "F6",
        "circuit": "3 Phase",
        "geometry_type": "sequential",
        "feature_type": "connection"
      }
    },
    {
      "type": "Feature",
      "id": "line_77_77-A-c",
      "geometry": {
        "type": "LineString",
        "coordinates": [
          [
            124.6801015,
            11.29896082
          ],
          [
            124.68063,
            11.29976
          ]
        ]
      },
      "properties": {
        "from_bus": "77",
        "to_bus": "77-A-c",
        "from_pole": "77",
        "to_pole": "77-A-c",
        "connection_type": "Primary_to_Primary",
        "feeder": "F6",
        "circuit": "3 Phase",
        "geometry_type": "sequential",
        "feature_type": "connection"
      }
    },
    {
      "type": "Feature",
      "id": "line_77-A-c_77-A-c-a",
      "geometry": {
        "type": "LineString",
        "coordinates": [
          [
            124.68063,
            11.29976
          ],
          [
            124.68064,
            11.29969
          ]
        ]
      },
      "properties": {
        "from_bus": "77-A-c",
        "to_bus": "77-A-c-a",
        "from_pole": "77-A-c",
        "to_pole": "77-A-c-a",
        "connection_type": "Primary_to_Primary",
        "feeder": "F6",
        "circuit": "3 Phase",
        "geometry_type": "sequential",
        "feature_type": "connection"
      }
    },
    {
      "type": "Feature",
      "id": "line_77-A-c-a_77-A-c-b",
      "geometry": {
        "type": "LineString",
        "coordinates": [
          [
            124.68064,
            11.29969
          ],
          [
            124.68064,
            11.29969
          ]
        ]
      },
      "properties": {
        "from_bus": "77-A-c-a",
        "to_bus": "77-A-c-b",
        "from_pole": "77-A-c-a",
        "to_pole": "77-A-c-b",
        "connection_type": "Primary_to_Primary",
        "feeder": "F6",
        "circuit": "3 Phase",
        "geometry_type": "sequential",
        "feature_type": "connection"
      }
    },
    {
      "type": "Feature",
      "id": "line_77-A-c-b_78",
      "geometry": {
        "type": "LineString",
        "coordinates": [
          [
            124.68064,
            11.29969
          ],
          [
            124.6805036,
            11.29874774
          ]
        ]
      },
      "properties": {
        "from_bus": "77-A-c-b",
        "to_bus": "78",
        "from_pole": "77-A-c-b",
        "to_pole": "78",
        "connection_type": "Primary_to_Primary",
        "feeder": "F6",
        "circuit": "3 Phase",
        "geometry_type": "sequential",
        "feature_type": "connection"
      }
    },
    {
      "type": "Feature",
      "id": "line_78_79",
      "geometry": {
        "type": "LineString",
        "coordinates": [
          [
            124.6805036,
            11.29874774
          ],
          [
            124.6811695,
            11.29840378
          ]
        ]
      },
      "properties": {
        "from_bus": "78",
        "to_bus": "79",
        "from_pole": "78",
        "to_pole": "79",
        "connection_type": "Primary_to_Primary",
        "feeder": "F6",
        "circuit": "3 Phase",
        "geometry_type": "sequential",
        "feature_type": "connection"
      }
    },
    {
      "type": "Feature",
      "id": "line_79_80",
      "geometry": {
        "type": "LineString",
        "coordinates": [
          [
            124.6811695,
            11.29840378
          ],
          [
            124.6819454,
            11.29797571
          ]
        ]
      },
      "properties": {
        "from_bus": "79",
        "to_bus": "80",
        "from_pole": "79",
        "to_pole": "80",
        "connection_type": "Primary_to_Primary",
        "feeder": "F6",
        "circuit": "3 Phase",
        "geometry_type": "sequential",
        "feature_type": "connection"
      }
    },
    {
      "type": "Feature",
      "id": "line_80_81",
      "geometry": {
        "type": "LineString",
        "coordinates": [
          [
            124.6819454,
            11.29797571
          ],
          [
            124.6821812,
            11.29788001
          ]
        ]
      },
      "properties": {
        "from_bus": "80",
        "to_bus": "81",
        "from_pole": "80",
        "to_pole": "81",
        "connection_type": "Primary_to_Primary",
        "feeder": "F6",
        "circuit": "3 Phase",
        "geometry_type": "sequential",
        "feature_type": "connection"
      }
    },
    {
      "type": "Feature",
      "id": "line_81_100",
      "geometry": {
        "type": "LineString",
        "coordinates": [
          [
            124.6821812,
            11.29788001
          ],
          [
            124.68782,
            11.29832
          ]
        ]
      },
      "properties": {
        "from_bus": "81",
        "to_bus": "100",
        "from_pole": "81",
        "to_pole": "100",
        "connection_type": "Primary_to_Primary",
        "feeder": "F6",
        "circuit": "3 Phase",
        "geometry_type": "sequential",
        "feature_type": "connection"
      }
    },
    {
      "type": "Feature",
      "id": "line_100_101",
      "geometry": {
        "type": "LineString",
        "coordinates": [
          [
            124.68782,
            11.29832
          ],
          [
            124.68771,
            11.29794
          ]
        ]
      },
      "properties": {
        "from_bus": "100",
        "to_bus": "101",
        "from_pole": "100",
        "to_pole": "101",
        "connection_type": "Primary_to_Primary",
        "feeder": "F6",
        "circuit": "3 Phase",
        "geometry_type": "sequential",
        "feature_type": "connection"
      }
    },
    {
      "type": "Feature",
      "id": "line_101_102",
      "geometry": {
        "type": "LineString",
        "coordinates": [
          [
            124.68771,
            11.29794
          ],
          [
            124.68799,
            11.2983
          ]
        ]
      },
      "properties": {
        "from_bus": "101",
        "to_bus": "102",
        "from_pole": "101",
        "to_pole": "102",
        "connection_type": "Primary_to_Primary",
        "feeder": "F6",
        "circuit": "3 Phase",
        "geometry_type": "sequential",
        "feature_type": "connection"
      }
    },
    {
      "type": "Feature",
      "id": "line_102_99-9A",
      "geometry": {
        "type": "LineString",
        "coordinates": [
          [
            124.68799,
            11.2983
          ],
          [
            124.68847,
            11.30102
          ]
        ]
      },
      "properties": {
        "from_bus": "102",
        "to_bus": "99-9A",
        "from_pole": "102",
        "to_pole": "99-9A",
        "connection_type": "Primary_to_Primary",
        "feeder": "F6",
        "circuit": "3 Phase",
        "geometry_type": "sequential",
        "feature_type": "connection"
      }
    },
    {
      "type": "Feature",
      "id": "line_99-9A_100-1",
      "geometry": {
        "type": "LineString",
        "coordinates": [
          [
            124.68847,
            11.30102
          ],
          [
            124.68795,
            11.29868
          ]
        ]
      },
      "properties": {
        "from_bus": "99-9A",
        "to_bus": "100-1",
        "from_pole": "99-9A",
        "to_pole": "100-1",
        "connection_type": "Primary_to_Primary",
        "feeder": "F6",
        "circuit": "3 Phase",
        "geometry_type": "sequential",
        "feature_type": "connection"
      }
    },
    {
      "type": "Feature",
      "id": "line_100-1_100-2",
      "geometry": {
        "type": "LineString",
        "coordinates": [
          [
            124.68795,
            11.29868
          ],
          [
            124.68797,
            11.29876
          ]
        ]
      },
      "properties": {
        "from_bus": "100-1",
        "to_bus": "100-2",
        "from_pole": "100-1",
        "to_pole": "100-2",
        "connection_type": "Primary_to_Primary",
        "feeder": "F6",
        "circuit": "3 Phase",
        "geometry_type": "sequential",
        "feature_type": "connection"
      }
    },
    {
      "type": "Feature",
      "id": "line_100-2_100-3",
      "geometry": {
        "type": "LineString",
        "coordinates": [
          [
            124.68797,
            11.29876
          ],
          [
            124.68809,
            11.29927
          ]
        ]
      },
      "properties": {
        "from_bus": "100-2",
        "to_bus": "100-3",
        "from_pole": "100-2",
        "to_pole": "100-3",
        "connection_type": "Primary_to_Primary",
        "feeder": "F6",
        "circuit": "3 Phase",
        "geometry_type": "sequential",
        "feature_type": "connection"
      }
    },
    {
      "type": "Feature",
      "id": "line_46-a-b_46-a-b-A",
      "geometry": {
        "type": "LineString",
        "coordinates": [
          [
            124.6612,
            11.29331
          ],
          [
            124.66141,
            11.2935
          ]
        ]
      },
      "properties": {
        "from_bus": "46-a-b",
        "to_bus": "46-a-b-A",
        "from_pole": "46-a-b",
        "to_pole": "46-a-b-A",
        "connection_type": "Primary_to_Primary",
        "feeder": "F6",
        "circuit": "Single Phase",
        "geometry_type": "sequential",
        "feature_type": "connection"
      }
    },
    {
      "type": "Feature",
      "id": "line_46-a-b-A_46-a-b-B",
      "geometry": {
        "type": "LineString",
        "coordinates": [
          [
            124.66141,
            11.2935
          ],
          [
            124.66128,
            11.29336
          ]
        ]
      },
      "properties": {
        "from_bus": "46-a-b-A",
        "to_bus": "46-a-b-B",
        "from_pole": "46-a-b-A",
        "to_pole": "46-a-b-B",
        "connection_type": "Primary_to_Primary",
        "feeder": "F6",
        "circuit": "Single Phase",
        "geometry_type": "sequential",
        "feature_type": "connection"
      }
    },
    {
      "type": "Feature",
      "id": "line_46-a-b-B_46-a-b-B-a",
      "geometry": {
        "type": "LineString",
        "coordinates": [
          [
            124.66128,
            11.29336
          ],
          [
            124.661,
            11.29312
          ]
        ]
      },
      "properties": {
        "from_bus": "46-a-b-B",
        "to_bus": "46-a-b-B-a",
        "from_pole": "46-a-b-B",
        "to_pole": "46-a-b-B-a",
        "connection_type": "Primary_to_Primary",
        "feeder": "F6",
        "circuit": "Single Phase",
        "geometry_type": "sequential",
        "feature_type": "connection"
      }
    },
    {
      "type": "Feature",
      "id": "line_46-a-b-B-a_46-a-b-B-a-A",
      "geometry": {
        "type": "LineString",
        "coordinates": [
          [
            124.661,
            11.29312
          ],
          [
            124.661,
            11.29312
          ]
        ]
      },
      "properties": {
        "from_bus": "46-a-b-B-a",
        "to_bus": "46-a-b-B-a-A",
        "from_pole": "46-a-b-B-a",
        "to_pole": "46-a-b-B-a-A",
        "connection_type": "Primary_to_Primary",
        "feeder": "F6",
        "circuit": "Single Phase",
        "geometry_type": "sequential",
        "feature_type": "connection"
      }
    },
    {
      "type": "Feature",
      "id": "line_46-a-b-B-a-A_46-a-c",
      "geometry": {
        "type": "LineString",
        "coordinates": [
          [
            124.661,
            11.29312
          ],
          [
            124.66258,
            11.29301
          ]
        ]
      },
      "properties": {
        "from_bus": "46-a-b-B-a-A",
        "to_bus": "46-a-c",
        "from_pole": "46-a-b-B-a-A",
        "to_pole": "46-a-c",
        "connection_type": "Primary_to_Primary",
        "feeder": "F6",
        "circuit": "Single Phase",
        "geometry_type": "sequential",
        "feature_type": "connection"
      }
    },
    {
      "type": "Feature",
      "id": "line_46-a-c_47-a",
      "geometry": {
        "type": "LineString",
        "coordinates": [
          [
            124.66258,
            11.29301
          ],
          [
            124.6606,
            11.29463
          ]
        ]
      },
      "properties": {
        "from_bus": "46-a-c",
        "to_bus": "47-a",
        "from_pole": "46-a-c",
        "to_pole": "47-a",
        "connection_type": "Primary_to_Primary",
        "feeder": "F6",
        "circuit": "Single Phase",
        "geometry_type": "sequential",
        "feature_type": "connection"
      }
    },
    {
      "type": "Feature",
      "id": "line_47-a_47-a-d",
      "geometry": {
        "type": "LineString",
        "coordinates": [
          [
            124.6606,
            11.29463
          ],
          [
            124.66183,
            11.29246
          ]
        ]
      },
      "properties": {
        "from_bus": "47-a",
        "to_bus": "47-a-d",
        "from_pole": "47-a",
        "to_pole": "47-a-d",
        "connection_type": "Primary_to_Primary",
        "feeder": "F6",
        "circuit": "Single Phase",
        "geometry_type": "sequential",
        "feature_type": "connection"
      }
    },
    {
      "type": "Feature",
      "id": "line_47-a-d_47-a-e",
      "geometry": {
        "type": "LineString",
        "coordinates": [
          [
            124.66183,
            11.29246
          ],
          [
            124.66206,
            11.29232
          ]
        ]
      },
      "properties": {
        "from_bus": "47-a-d",
        "to_bus": "47-a-e",
        "from_pole": "47-a-d",
        "to_pole": "47-a-e",
        "connection_type": "Primary_to_Primary",
        "feeder": "F6",
        "circuit": "Single Phase",
        "geometry_type": "sequential",
        "feature_type": "connection"
      }
    },
    {
      "type": "Feature",
      "id": "line_47-a-e_47-a-e-A",
      "geometry": {
        "type": "LineString",
        "coordinates": [
          [
            124.66206,
            11.29232
          ],
          [
            124.66171,
            11.29149
          ]
        ]
      },
      "properties": {
        "from_bus": "47-a-e",
        "to_bus": "47-a-e-A",
        "from_pole": "47-a-e",
        "to_pole": "47-a-e-A",
        "connection_type": "Primary_to_Primary",
        "feeder": "F6",
        "circuit": "Single Phase",
        "geometry_type": "sequential",
        "feature_type": "connection"
      }
    },
    {
      "type": "Feature",
      "id": "line_47-a-e-A_47-a-e-B",
      "geometry": {
        "type": "LineString",
        "coordinates": [
          [
            124.66171,
            11.29149
          ],
          [
            124.66132,
            11.29166
          ]
        ]
      },
      "properties": {
        "from_bus": "47-a-e-A",
        "to_bus": "47-a-e-B",
        "from_pole": "47-a-e-A",
        "to_pole": "47-a-e-B",
        "connection_type": "Primary_to_Primary",
        "feeder": "F6",
        "circuit": "Single Phase",
        "geometry_type": "sequential",
        "feature_type": "connection"
      }
    },
    {
      "type": "Feature",
      "id": "line_47-a-e-B_47-a-e-C",
      "geometry": {
        "type": "LineString",
        "coordinates": [
          [
            124.66132,
            11.29166
          ],
          [
            124.66132,
            11.29166
          ]
        ]
      },
      "properties": {
        "from_bus": "47-a-e-B",
        "to_bus": "47-a-e-C",
        "from_pole": "47-a-e-B",
        "to_pole": "47-a-e-C",
        "connection_type": "Primary_to_Primary",
        "feeder": "F6",
        "circuit": "Single Phase",
        "geometry_type": "sequential",
        "feature_type": "connection"
      }
    },
    {
      "type": "Feature",
      "id": "line_47-a-e-C_47-a-e-D",
      "geometry": {
        "type": "LineString",
        "coordinates": [
          [
            124.66132,
            11.29166
          ],
          [
            124.66191,
            11.29058
          ]
        ]
      },
      "properties": {
        "from_bus": "47-a-e-C",
        "to_bus": "47-a-e-D",
        "from_pole": "47-a-e-C",
        "to_pole": "47-a-e-D",
        "connection_type": "Primary_to_Primary",
        "feeder": "F6",
        "circuit": "Single Phase",
        "geometry_type": "sequential",
        "feature_type": "connection"
      }
    },
    {
      "type": "Feature",
      "id": "line_47-a-e-D_47-a-e-E",
      "geometry": {
        "type": "LineString",
        "coordinates": [
          [
            124.66191,
            11.29058
          ],
          [
            124.66191,
            11.29058
          ]
        ]
      },
      "properties": {
        "from_bus": "47-a-e-D",
        "to_bus": "47-a-e-E",
        "from_pole": "47-a-e-D",
        "to_pole": "47-a-e-E",
        "connection_type": "Primary_to_Primary",
        "feeder": "F6",
        "circuit": "Single Phase",
        "geometry_type": "sequential",
        "feature_type": "connection"
      }
    },
    {
      "type": "Feature",
      "id": "line_47-a-e-E_47-a-e-F",
      "geometry": {
        "type": "LineString",
        "coordinates": [
          [
            124.66191,
            11.29058
          ],
          [
            124.66121,
            11.28882
          ]
        ]
      },
      "properties": {
        "from_bus": "47-a-e-E",
        "to_bus": "47-a-e-F",
        "from_pole": "47-a-e-E",
        "to_pole": "47-a-e-F",
        "connection_type": "Primary_to_Primary",
        "feeder": "F6",
        "circuit": "Single Phase",
        "geometry_type": "sequential",
        "feature_type": "connection"
      }
    },
    {
      "type": "Feature",
      "id": "line_47-a-e-F_47-a-e-G",
      "geometry": {
        "type": "LineString",
        "coordinates": [
          [
            124.66121,
            11.28882
          ],
          [
            124.66093,
            11.28874
          ]
        ]
      },
      "properties": {
        "from_bus": "47-a-e-F",
        "to_bus": "47-a-e-G",
        "from_pole": "47-a-e-F",
        "to_pole": "47-a-e-G",
        "connection_type": "Primary_to_Primary",
        "feeder": "F6",
        "circuit": "Single Phase",
        "geometry_type": "sequential",
        "feature_type": "connection"
      }
    },
    {
      "type": "Feature",
      "id": "line_47-a-e-G_47-a-e-H",
      "geometry": {
        "type": "LineString",
        "coordinates": [
          [
            124.66093,
            11.28874
          ],
          [
            124.66095,
            11.28865
          ]
        ]
      },
      "properties": {
        "from_bus": "47-a-e-G",
        "to_bus": "47-a-e-H",
        "from_pole": "47-a-e-G",
        "to_pole": "47-a-e-H",
        "connection_type": "Primary_to_Primary",
        "feeder": "F6",
        "circuit": "Single Phase",
        "geometry_type": "sequential",
        "feature_type": "connection"
      }
    },
    {
      "type": "Feature",
      "id": "line_47-a-e-H_47-a-e-I",
      "geometry": {
        "type": "LineString",
        "coordinates": [
          [
            124.66095,
            11.28865
          ],
          [
            124.66094,
            11.28845
          ]
        ]
      },
      "properties": {
        "from_bus": "47-a-e-H",
        "to_bus": "47-a-e-I",
        "from_pole": "47-a-e-H",
        "to_pole": "47-a-e-I",
        "connection_type": "Primary_to_Primary",
        "feeder": "F6",
        "circuit": "Single Phase",
        "geometry_type": "sequential",
        "feature_type": "connection"
      }
    },
    {
      "type": "Feature",
      "id": "line_47-a-e-I_47-a-e-J",
      "geometry": {
        "type": "LineString",
        "coordinates": [
          [
            124.66094,
            11.28845
          ],
          [
            124.66049,
            11.2869
          ]
        ]
      },
      "properties": {
        "from_bus": "47-a-e-I",
        "to_bus": "47-a-e-J",
        "from_pole": "47-a-e-I",
        "to_pole": "47-a-e-J",
        "connection_type": "Primary_to_Primary",
        "feeder": "F6",
        "circuit": "Single Phase",
        "geometry_type": "sequential",
        "feature_type": "connection"
      }
    },
    {
      "type": "Feature",
      "id": "line_47-a-e-J_47-a-e-K",
      "geometry": {
        "type": "LineString",
        "coordinates": [
          [
            124.66049,
            11.2869
          ],
          [
            124.66028,
            11.28626
          ]
        ]
      },
      "properties": {
        "from_bus": "47-a-e-J",
        "to_bus": "47-a-e-K",
        "from_pole": "47-a-e-J",
        "to_pole": "47-a-e-K",
        "connection_type": "Primary_to_Primary",
        "feeder": "F6",
        "circuit": "Single Phase",
        "geometry_type": "sequential",
        "feature_type": "connection"
      }
    },
    {
      "type": "Feature",
      "id": "line_47-a-e-K_47-a-e-L",
      "geometry": {
        "type": "LineString",
        "coordinates": [
          [
            124.66028,
            11.28626
          ],
          [
            124.66092,
            11.28537
          ]
        ]
      },
      "properties": {
        "from_bus": "47-a-e-K",
        "to_bus": "47-a-e-L",
        "from_pole": "47-a-e-K",
        "to_pole": "47-a-e-L",
        "connection_type": "Primary_to_Primary",
        "feeder": "F6",
        "circuit": "Single Phase",
        "geometry_type": "sequential",
        "feature_type": "connection"
      }
    },
    {
      "type": "Feature",
      "id": "line_47-a-e-L_47-a-e-L-A",
      "geometry": {
        "type": "LineString",
        "coordinates": [
          [
            124.66092,
            11.28537
          ],
          [
            124.6608,
            11.28514
          ]
        ]
      },
      "properties": {
        "from_bus": "47-a-e-L",
        "to_bus": "47-a-e-L-A",
        "from_pole": "47-a-e-L",
        "to_pole": "47-a-e-L-A",
        "connection_type": "Primary_to_Primary",
        "feeder": "F6",
        "circuit": "Single Phase",
        "geometry_type": "sequential",
        "feature_type": "connection"
      }
    },
    {
      "type": "Feature",
      "id": "line_47-a-e-L-A_47-a-e-M",
      "geometry": {
        "type": "LineString",
        "coordinates": [
          [
            124.6608,
            11.28514
          ],
          [
            124.66123,
            11.28499
          ]
        ]
      },
      "properties": {
        "from_bus": "47-a-e-L-A",
        "to_bus": "47-a-e-M",
        "from_pole": "47-a-e-L-A",
        "to_pole": "47-a-e-M",
        "connection_type": "Primary_to_Primary",
        "feeder": "F6",
        "circuit": "Single Phase",
        "geometry_type": "sequential",
        "feature_type": "connection"
      }
    },
    {
      "type": "Feature",
      "id": "line_47-a-e-M_47-a-e-N",
      "geometry": {
        "type": "LineString",
        "coordinates": [
          [
            124.66123,
            11.28499
          ],
          [
            124.66105,
            11.28487
          ]
        ]
      },
      "properties": {
        "from_bus": "47-a-e-M",
        "to_bus": "47-a-e-N",
        "from_pole": "47-a-e-M",
        "to_pole": "47-a-e-N",
        "connection_type": "Primary_to_Primary",
        "feeder": "F6",
        "circuit": "Single Phase",
        "geometry_type": "sequential",
        "feature_type": "connection"
      }
    },
    {
      "type": "Feature",
      "id": "line_47-a-e-N_47-a-e-O",
      "geometry": {
        "type": "LineString",
        "coordinates": [
          [
            124.66105,
            11.28487
          ],
          [
            124.66079,
            11.28459
          ]
        ]
      },
      "properties": {
        "from_bus": "47-a-e-N",
        "to_bus": "47-a-e-O",
        "from_pole": "47-a-e-N",
        "to_pole": "47-a-e-O",
        "connection_type": "Primary_to_Primary",
        "feeder": "F6",
        "circuit": "Single Phase",
        "geometry_type": "sequential",
        "feature_type": "connection"
      }
    },
    {
      "type": "Feature",
      "id": "line_47-a-e-O_47-a-e-P",
      "geometry": {
        "type": "LineString",
        "coordinates": [
          [
            124.66079,
            11.28459
          ],
          [
            124.66079,
            11.28459
          ]
        ]
      },
      "properties": {
        "from_bus": "47-a-e-O",
        "to_bus": "47-a-e-P",
        "from_pole": "47-a-e-O",
        "to_pole": "47-a-e-P",
        "connection_type": "Primary_to_Primary",
        "feeder": "F6",
        "circuit": "Single Phase",
        "geometry_type": "sequential",
        "feature_type": "connection"
      }
    },
    {
      "type": "Feature",
      "id": "line_47-a-e-P_47-a-e-Q",
      "geometry": {
        "type": "LineString",
        "coordinates": [
          [
            124.66079,
            11.28459
          ],
          [
            124.66079,
            11.28459
          ]
        ]
      },
      "properties": {
        "from_bus": "47-a-e-P",
        "to_bus": "47-a-e-Q",
        "from_pole": "47-a-e-P",
        "to_pole": "47-a-e-Q",
        "connection_type": "Primary_to_Primary",
        "feeder": "F6",
        "circuit": "Single Phase",
        "geometry_type": "sequential",
        "feature_type": "connection"
      }
    },
    {
      "type": "Feature",
      "id": "line_47-a-e-Q_47-a-e-R",
      "geometry": {
        "type": "LineString",
        "coordinates": [
          [
            124.66079,
            11.28459
          ],
          [
            124.66149,
            11.28254
          ]
        ]
      },
      "properties": {
        "from_bus": "47-a-e-Q",
        "to_bus": "47-a-e-R",
        "from_pole": "47-a-e-Q",
        "to_pole": "47-a-e-R",
        "connection_type": "Primary_to_Primary",
        "feeder": "F6",
        "circuit": "Single Phase",
        "geometry_type": "sequential",
        "feature_type": "connection"
      }
    },
    {
      "type": "Feature",
      "id": "line_47-a-e-R_47-a-e-S",
      "geometry": {
        "type": "LineString",
        "coordinates": [
          [
            124.66149,
            11.28254
          ],
          [
            124.66106,
            11.28275
          ]
        ]
      },
      "properties": {
        "from_bus": "47-a-e-R",
        "to_bus": "47-a-e-S",
        "from_pole": "47-a-e-R",
        "to_pole": "47-a-e-S",
        "connection_type": "Primary_to_Primary",
        "feeder": "F6",
        "circuit": "Single Phase",
        "geometry_type": "sequential",
        "feature_type": "connection"
      }
    },
    {
      "type": "Feature",
      "id": "line_47-a-e-S_47-a-e-S-A",
      "geometry": {
        "type": "LineString",
        "coordinates": [
          [
            124.66106,
            11.28275
          ],
          [
            124.66188,
            11.28204
          ]
        ]
      },
      "properties": {
        "from_bus": "47-a-e-S",
        "to_bus": "47-a-e-S-A",
        "from_pole": "47-a-e-S",
        "to_pole": "47-a-e-S-A",
        "connection_type": "Primary_to_Primary",
        "feeder": "F6",
        "circuit": "Single Phase",
        "geometry_type": "sequential",
        "feature_type": "connection"
      }
    },
    {
      "type": "Feature",
      "id": "line_47-a-e-S-A_47-a-e-S-B",
      "geometry": {
        "type": "LineString",
        "coordinates": [
          [
            124.66188,
            11.28204
          ],
          [
            124.66085,
            11.2811
          ]
        ]
      },
      "properties": {
        "from_bus": "47-a-e-S-A",
        "to_bus": "47-a-e-S-B",
        "from_pole": "47-a-e-S-A",
        "to_pole": "47-a-e-S-B",
        "connection_type": "Primary_to_Primary",
        "feeder": "F6",
        "circuit": "Single Phase",
        "geometry_type": "sequential",
        "feature_type": "connection"
      }
    },
    {
      "type": "Feature",
      "id": "line_47-a-e-S-B_47-a-e-S-C",
      "geometry": {
        "type": "LineString",
        "coordinates": [
          [
            124.66085,
            11.2811
          ],
          [
            124.66068,
            11.28144
          ]
        ]
      },
      "properties": {
        "from_bus": "47-a-e-S-B",
        "to_bus": "47-a-e-S-C",
        "from_pole": "47-a-e-S-B",
        "to_pole": "47-a-e-S-C",
        "connection_type": "Primary_to_Primary",
        "feeder": "F6",
        "circuit": "Single Phase",
        "geometry_type": "sequential",
        "feature_type": "connection"
      }
    },
    {
      "type": "Feature",
      "id": "line_47-a-e-S-C_47-a-e-S-D",
      "geometry": {
        "type": "LineString",
        "coordinates": [
          [
            124.66068,
            11.28144
          ],
          [
            124.66068,
            11.28144
          ]
        ]
      },
      "properties": {
        "from_bus": "47-a-e-S-C",
        "to_bus": "47-a-e-S-D",
        "from_pole": "47-a-e-S-C",
        "to_pole": "47-a-e-S-D",
        "connection_type": "Primary_to_Primary",
        "feeder": "F6",
        "circuit": "Single Phase",
        "geometry_type": "sequential",
        "feature_type": "connection"
      }
    },
    {
      "type": "Feature",
      "id": "line_47-a-e-S-D_47-a-e-S-E",
      "geometry": {
        "type": "LineString",
        "coordinates": [
          [
            124.66068,
            11.28144
          ],
          [
            124.65964,
            11.28008
          ]
        ]
      },
      "properties": {
        "from_bus": "47-a-e-S-D",
        "to_bus": "47-a-e-S-E",
        "from_pole": "47-a-e-S-D",
        "to_pole": "47-a-e-S-E",
        "connection_type": "Primary_to_Primary",
        "feeder": "F6",
        "circuit": "Single Phase",
        "geometry_type": "sequential",
        "feature_type": "connection"
      }
    },
    {
      "type": "Feature",
      "id": "line_47-a-e-S-E_47-a-f-a",
      "geometry": {
        "type": "LineString",
        "coordinates": [
          [
            124.65964,
            11.28008
          ],
          [
            124.6631,
            11.29185
          ]
        ]
      },
      "properties": {
        "from_bus": "47-a-e-S-E",
        "to_bus": "47-a-f-a",
        "from_pole": "47-a-e-S-E",
        "to_pole": "47-a-f-a",
        "connection_type": "Primary_to_Primary",
        "feeder": "F6",
        "circuit": "Single Phase",
        "geometry_type": "sequential",
        "feature_type": "connection"
      }
    },
    {
      "type": "Feature",
      "id": "line_47-a-f-a_47-a-f-b",
      "geometry": {
        "type": "LineString",
        "coordinates": [
          [
            124.6631,
            11.29185
          ],
          [
            124.66318,
            11.29171
          ]
        ]
      },
      "properties": {
        "from_bus": "47-a-f-a",
        "to_bus": "47-a-f-b",
        "from_pole": "47-a-f-a",
        "to_pole": "47-a-f-b",
        "connection_type": "Primary_to_Primary",
        "feeder": "F6",
        "circuit": "Single Phase",
        "geometry_type": "sequential",
        "feature_type": "connection"
      }
    },
    {
      "type": "Feature",
      "id": "line_47-a-f-b_47-a-f-b-A",
      "geometry": {
        "type": "LineString",
        "coordinates": [
          [
            124.66318,
            11.29171
          ],
          [
            124.66327,
            11.29165
          ]
        ]
      },
      "properties": {
        "from_bus": "47-a-f-b",
        "to_bus": "47-a-f-b-A",
        "from_pole": "47-a-f-b",
        "to_pole": "47-a-f-b-A",
        "connection_type": "Primary_to_Primary",
        "feeder": "F6",
        "circuit": "Single Phase",
        "geometry_type": "sequential",
        "feature_type": "connection"
      }
    },
    {
      "type": "Feature",
      "id": "line_47-a-f-b-A_47-a-g",
      "geometry": {
        "type": "LineString",
        "coordinates": [
          [
            124.66327,
            11.29165
          ],
          [
            124.66364,
            11.29171
          ]
        ]
      },
      "properties": {
        "from_bus": "47-a-f-b-A",
        "to_bus": "47-a-g",
        "from_pole": "47-a-f-b-A",
        "to_pole": "47-a-g",
        "connection_type": "Primary_to_Primary",
        "feeder": "F6",
        "circuit": "Single Phase",
        "geometry_type": "sequential",
        "feature_type": "connection"
      }
    },
    {
      "type": "Feature",
      "id": "line_47-a-g_47-a-h",
      "geometry": {
        "type": "LineString",
        "coordinates": [
          [
            124.66364,
            11.29171
          ],
          [
            124.66383,
            11.29192
          ]
        ]
      },
      "properties": {
        "from_bus": "47-a-g",
        "to_bus": "47-a-h",
        "from_pole": "47-a-g",
        "to_pole": "47-a-hh",
        "connection_type": "Primary_to_Primary",
        "feeder": "F6",
        "circuit": "Single Phase",
        "geometry_type": "sequential",
        "feature_type": "connection"
      }
    },
    {
      "type": "Feature",
      "id": "line_47-a-h_55-a",
      "geometry": {
        "type": "LineString",
        "coordinates": [
          [
            124.66383,
            11.29192
          ],
          [
            124.6648303,
            11.29578622
          ]
        ]
      },
      "properties": {
        "from_bus": "47-a-h",
        "to_bus": "55-a",
        "from_pole": "47-a-hh",
        "to_pole": "55-a",
        "connection_type": "Primary_to_Primary",
        "feeder": "F6",
        "circuit": "Single Phase",
        "geometry_type": "sequential",
        "feature_type": "connection"
      }
    },
    {
      "type": "Feature",
      "id": "line_55-a_55-A",
      "geometry": {
        "type": "LineString",
        "coordinates": [
          [
            124.6648303,
            11.29578622
          ],
          [
            124.6644003,
            11.29581601
          ]
        ]
      },
      "properties": {
        "from_bus": "55-a",
        "to_bus": "55-A",
        "from_pole": "55-a",
        "to_pole": "55-A",
        "connection_type": "Primary_to_Primary",
        "feeder": "F6",
        "circuit": "Single Phase",
        "geometry_type": "sequential",
        "feature_type": "connection"
      }
    },
    {
      "type": "Feature",
      "id": "line_55-A_62-a",
      "geometry": {
        "type": "LineString",
        "coordinates": [
          [
            124.6644003,
            11.29581601
          ],
          [
            124.6705173,
            11.29776776
          ]
        ]
      },
      "properties": {
        "from_bus": "55-A",
        "to_bus": "62-a",
        "from_pole": "55-A",
        "to_pole": "62-a",
        "connection_type": "Primary_to_Primary",
        "feeder": "F6",
        "circuit": "Single Phase",
        "geometry_type": "sequential",
        "feature_type": "connection"
      }
    },
    {
      "type": "Feature",
      "id": "line_62-a_64-a",
      "geometry": {
        "type": "LineString",
        "coordinates": [
          [
            124.6705173,
            11.29776776
          ],
          [
            124.6717298,
            11.2979287
          ]
        ]
      },
      "properties": {
        "from_bus": "62-a",
        "to_bus": "64-a",
        "from_pole": "62-a",
        "to_pole": "64-a",
        "connection_type": "Primary_to_Primary",
        "feeder": "F6",
        "circuit": "Single Phase",
        "geometry_type": "sequential",
        "feature_type": "connection"
      }
    },
    {
      "type": "Feature",
      "id": "line_64-a_64-b",
      "geometry": {
        "type": "LineString",
        "coordinates": [
          [
            124.6717298,
            11.2979287
          ],
          [
            124.672004,
            11.29751863
          ]
        ]
      },
      "properties": {
        "from_bus": "64-a",
        "to_bus": "64-b",
        "from_pole": "64-a",
        "to_pole": "64-b",
        "connection_type": "Primary_to_Primary",
        "feeder": "F6",
        "circuit": "Single Phase",
        "geometry_type": "sequential",
        "feature_type": "connection"
      }
    },
    {
      "type": "Feature",
      "id": "line_64-b_64-c",
      "geometry": {
        "type": "LineString",
        "coordinates": [
          [
            124.672004,
            11.29751863
          ],
          [
            124.6719867,
            11.29704267
          ]
        ]
      },
      "properties": {
        "from_bus": "64-b",
        "to_bus": "64-c",
        "from_pole": "64-b",
        "to_pole": "64-c",
        "connection_type": "Primary_to_Primary",
        "feeder": "F6",
        "circuit": "Single Phase",
        "geometry_type": "sequential",
        "feature_type": "connection"
      }
    },
    {
      "type": "Feature",
      "id": "line_64-c_64-d",
      "geometry": {
        "type": "LineString",
        "coordinates": [
          [
            124.6719867,
            11.29704267
          ],
          [
            124.6723295,
            11.29661581
          ]
        ]
      },
      "properties": {
        "from_bus": "64-c",
        "to_bus": "64-d",
        "from_pole": "64-c",
        "to_pole": "64-d",
        "connection_type": "Primary_to_Primary",
        "feeder": "F6",
        "circuit": "Single Phase",
        "geometry_type": "sequential",
        "feature_type": "connection"
      }
    },
    {
      "type": "Feature",
      "id": "line_64-d_64-e",
      "geometry": {
        "type": "LineString",
        "coordinates": [
          [
            124.6723295,
            11.29661581
          ],
          [
            124.6724936,
            11.29617925
          ]
        ]
      },
      "properties": {
        "from_bus": "64-d",
        "to_bus": "64-e",
        "from_pole": "64-d",
        "to_pole": "64-e",
        "connection_type": "Primary_to_Primary",
        "feeder": "F6",
        "circuit": "Single Phase",
        "geometry_type": "sequential",
        "feature_type": "connection"
      }
    },
    {
      "type": "Feature",
      "id": "line_64-e_64-f",
      "geometry": {
        "type": "LineString",
        "coordinates": [
          [
            124.6724936,
            11.29617925
          ],
          [
            124.672746,
            11.29575732
          ]
        ]
      },
      "properties": {
        "from_bus": "64-e",
        "to_bus": "64-f",
        "from_pole": "64-e",
        "to_pole": "64-f",
        "connection_type": "Primary_to_Primary",
        "feeder": "F6",
        "circuit": "Single Phase",
        "geometry_type": "sequential",
        "feature_type": "connection"
      }
    },
    {
      "type": "Feature",
      "id": "line_64-f_64-g",
      "geometry": {
        "type": "LineString",
        "coordinates": [
          [
            124.672746,
            11.29575732
          ],
          [
            124.6727784,
            11.2951617
          ]
        ]
      },
      "properties": {
        "from_bus": "64-f",
        "to_bus": "64-g",
        "from_pole": "64-f",
        "to_pole": "64-g",
        "connection_type": "Primary_to_Primary",
        "feeder": "F6",
        "circuit": "Single Phase",
        "geometry_type": "sequential",
        "feature_type": "connection"
      }
    },
    {
      "type": "Feature",
      "id": "line_64-g_64-h",
      "geometry": {
        "type": "LineString",
        "coordinates": [
          [
            124.6727784,
            11.2951617
          ],
          [
            124.6732134,
            11.2948174
          ]
        ]
      },
      "properties": {
        "from_bus": "64-g",
        "to_bus": "64-h",
        "from_pole": "64-g",
        "to_pole": "64-",
        "connection_type": "Primary_to_Primary",
        "feeder": "F6",
        "circuit": "Single Phase",
        "geometry_type": "sequential",
        "feature_type": "connection"
      }
    },
    {
      "type": "Feature",
      "id": "line_64-h_64-i",
      "geometry": {
        "type": "LineString",
        "coordinates": [
          [
            124.6732134,
            11.2948174
          ],
          [
            124.6736626,
            11.29444423
          ]
        ]
      },
      "properties": {
        "from_bus": "64-h",
        "to_bus": "64-i",
        "from_pole": "64-",
        "to_pole": "64-i",
        "connection_type": "Primary_to_Primary",
        "feeder": "F6",
        "circuit": "Single Phase",
        "geometry_type": "sequential",
        "feature_type": "connection"
      }
    },
    {
      "type": "Feature",
      "id": "line_64-i_64-j",
      "geometry": {
        "type": "LineString",
        "coordinates": [
          [
            124.6736626,
            11.29444423
          ],
          [
            124.6743706,
            11.29415751
          ]
        ]
      },
      "properties": {
        "from_bus": "64-i",
        "to_bus": "64-j",
        "from_pole": "64-i",
        "to_pole": "64-j",
        "connection_type": "Primary_to_Primary",
        "feeder": "F6",
        "circuit": "Single Phase",
        "geometry_type": "sequential",
        "feature_type": "connection"
      }
    },
    {
      "type": "Feature",
      "id": "line_64-j_64-k",
      "geometry": {
        "type": "LineString",
        "coordinates": [
          [
            124.6743706,
            11.29415751
          ],
          [
            124.6751462,
            11.29405921
          ]
        ]
      },
      "properties": {
        "from_bus": "64-j",
        "to_bus": "64-k",
        "from_pole": "64-j",
        "to_pole": "64-k",
        "connection_type": "Primary_to_Primary",
        "feeder": "F6",
        "circuit": "Single Phase",
        "geometry_type": "sequential",
        "feature_type": "connection"
      }
    },
    {
      "type": "Feature",
      "id": "line_64-k_64-l",
      "geometry": {
        "type": "LineString",
        "coordinates": [
          [
            124.6751462,
            11.29405921
          ],
          [
            124.6756454,
            11.29390446
          ]
        ]
      },
      "properties": {
        "from_bus": "64-k",
        "to_bus": "64-l",
        "from_pole": "64-k",
        "to_pole": "64-l",
        "connection_type": "Primary_to_Primary",
        "feeder": "F6",
        "circuit": "Single Phase",
        "geometry_type": "sequential",
        "feature_type": "connection"
      }
    },
    {
      "type": "Feature",
      "id": "line_64-l_64-m",
      "geometry": {
        "type": "LineString",
        "coordinates": [
          [
            124.6756454,
            11.29390446
          ],
          [
            124.6759573,
            11.29345958
          ]
        ]
      },
      "properties": {
        "from_bus": "64-l",
        "to_bus": "64-m",
        "from_pole": "64-l",
        "to_pole": "64-m",
        "connection_type": "Primary_to_Primary",
        "feeder": "F6",
        "circuit": "Single Phase",
        "geometry_type": "sequential",
        "feature_type": "connection"
      }
    },
    {
      "type": "Feature",
      "id": "line_64-m_64-n",
      "geometry": {
        "type": "LineString",
        "coordinates": [
          [
            124.6759573,
            11.29345958
          ],
          [
            124.6759693,
            11.29302235
          ]
        ]
      },
      "properties": {
        "from_bus": "64-m",
        "to_bus": "64-n",
        "from_pole": "64-m",
        "to_pole": "64-n",
        "connection_type": "Primary_to_Primary",
        "feeder": "F6",
        "circuit": "Single Phase",
        "geometry_type": "sequential",
        "feature_type": "connection"
      }
    },
    {
      "type": "Feature",
      "id": "line_64-n_64-n-a",
      "geometry": {
        "type": "LineString",
        "coordinates": [
          [
            124.6759693,
            11.29302235
          ],
          [
            124.6753658,
            11.29311838
          ]
        ]
      },
      "properties": {
        "from_bus": "64-n",
        "to_bus": "64-n-a",
        "from_pole": "64-n",
        "to_pole": "64-n-a",
        "connection_type": "Primary_to_Primary",
        "feeder": "F6",
        "circuit": "Single Phase",
        "geometry_type": "sequential",
        "feature_type": "connection"
      }
    },
    {
      "type": "Feature",
      "id": "line_64-n-a_64-n-b",
      "geometry": {
        "type": "LineString",
        "coordinates": [
          [
            124.6753658,
            11.29311838
          ],
          [
            124.67489,
            11.29304
          ]
        ]
      },
      "properties": {
        "from_bus": "64-n-a",
        "to_bus": "64-n-b",
        "from_pole": "64-n-a",
        "to_pole": "64-n-b",
        "connection_type": "Primary_to_Primary",
        "feeder": "F6",
        "circuit": "Single Phase",
        "geometry_type": "sequential",
        "feature_type": "connection"
      }
    },
    {
      "type": "Feature",
      "id": "line_64-n-b_64-n-b-a",
      "geometry": {
        "type": "LineString",
        "coordinates": [
          [
            124.67489,
            11.29304
          ],
          [
            124.6760407,
            11.29249764
          ]
        ]
      },
      "properties": {
        "from_bus": "64-n-b",
        "to_bus": "64-n-b-a",
        "from_pole": "64-n-b",
        "to_pole": "64-n-b-a",
        "connection_type": "Primary_to_Primary",
        "feeder": "F6",
        "circuit": "Single Phase",
        "geometry_type": "sequential",
        "feature_type": "connection"
      }
    },
    {
      "type": "Feature",
      "id": "line_64-n-b-a_64-n-b-b",
      "geometry": {
        "type": "LineString",
        "coordinates": [
          [
            124.6760407,
            11.29249764
          ],
          [
            124.6760961,
            11.29221618
          ]
        ]
      },
      "properties": {
        "from_bus": "64-n-b-a",
        "to_bus": "64-n-b-b",
        "from_pole": "64-n-b-a",
        "to_pole": "64-n-b-b",
        "connection_type": "Primary_to_Primary",
        "feeder": "F6",
        "circuit": "Single Phase",
        "geometry_type": "sequential",
        "feature_type": "connection"
      }
    },
    {
      "type": "Feature",
      "id": "line_64-n-b-b_64-n-b-c",
      "geometry": {
        "type": "LineString",
        "coordinates": [
          [
            124.6760961,
            11.29221618
          ],
          [
            124.676625,
            11.29232646
          ]
        ]
      },
      "properties": {
        "from_bus": "64-n-b-b",
        "to_bus": "64-n-b-c",
        "from_pole": "64-n-b-b",
        "to_pole": "64-n-b-c",
        "connection_type": "Primary_to_Primary",
        "feeder": "F6",
        "circuit": "Single Phase",
        "geometry_type": "sequential",
        "feature_type": "connection"
      }
    },
    {
      "type": "Feature",
      "id": "line_64-n-b-c_64-n-b-e",
      "geometry": {
        "type": "LineString",
        "coordinates": [
          [
            124.676625,
            11.29232646
          ],
          [
            124.6771338,
            11.29248867
          ]
        ]
      },
      "properties": {
        "from_bus": "64-n-b-c",
        "to_bus": "64-n-b-e",
        "from_pole": "64-n-b-c",
        "to_pole": "64-n-b-e",
        "connection_type": "Primary_to_Primary",
        "feeder": "F6",
        "circuit": "Single Phase",
        "geometry_type": "sequential",
        "feature_type": "connection"
      }
    },
    {
      "type": "Feature",
      "id": "line_64-n-b-e_64-n-b-f",
      "geometry": {
        "type": "LineString",
        "coordinates": [
          [
            124.6771338,
            11.29248867
          ],
          [
            124.677637,
            11.29250129
          ]
        ]
      },
      "properties": {
        "from_bus": "64-n-b-e",
        "to_bus": "64-n-b-f",
        "from_pole": "64-n-b-e",
        "to_pole": "64-n-b-f",
        "connection_type": "Primary_to_Primary",
        "feeder": "F6",
        "circuit": "Single Phase",
        "geometry_type": "sequential",
        "feature_type": "connection"
      }
    },
    {
      "type": "Feature",
      "id": "line_64-n-b-f_64-n-b-g",
      "geometry": {
        "type": "LineString",
        "coordinates": [
          [
            124.677637,
            11.29250129
          ],
          [
            124.6775657,
            11.29187817
          ]
        ]
      },
      "properties": {
        "from_bus": "64-n-b-f",
        "to_bus": "64-n-b-g",
        "from_pole": "64-n-b-f",
        "to_pole": "64-n-b-g",
        "connection_type": "Primary_to_Primary",
        "feeder": "F6",
        "circuit": "Single Phase",
        "geometry_type": "sequential",
        "feature_type": "connection"
      }
    },
    {
      "type": "Feature",
      "id": "line_64-n-b-g_64-n-b-h",
      "geometry": {
        "type": "LineString",
        "coordinates": [
          [
            124.6775657,
            11.29187817
          ],
          [
            124.6780031,
            11.29168379
          ]
        ]
      },
      "properties": {
        "from_bus": "64-n-b-g",
        "to_bus": "64-n-b-h",
        "from_pole": "64-n-b-g",
        "to_pole": "64-n-b-h",
        "connection_type": "Primary_to_Primary",
        "feeder": "F6",
        "circuit": "Single Phase",
        "geometry_type": "sequential",
        "feature_type": "connection"
      }
    },
    {
      "type": "Feature",
      "id": "line_64-n-b-h_64-n-b-i",
      "geometry": {
        "type": "LineString",
        "coordinates": [
          [
            124.6780031,
            11.29168379
          ],
          [
            124.6784656,
            11.29149406
          ]
        ]
      },
      "properties": {
        "from_bus": "64-n-b-h",
        "to_bus": "64-n-b-i",
        "from_pole": "64-n-b-h",
        "to_pole": "64-n-b-i",
        "connection_type": "Primary_to_Primary",
        "feeder": "F6",
        "circuit": "Single Phase",
        "geometry_type": "sequential",
        "feature_type": "connection"
      }
    },
    {
      "type": "Feature",
      "id": "line_64-n-b-i_64-n-b-j",
      "geometry": {
        "type": "LineString",
        "coordinates": [
          [
            124.6784656,
            11.29149406
          ],
          [
            124.6783,
            11.2909
          ]
        ]
      },
      "properties": {
        "from_bus": "64-n-b-i",
        "to_bus": "64-n-b-j",
        "from_pole": "64-n-b-i",
        "to_pole": "64-n-b-j",
        "connection_type": "Primary_to_Primary",
        "feeder": "F6",
        "circuit": "Single Phase",
        "geometry_type": "sequential",
        "feature_type": "connection"
      }
    },
    {
      "type": "Feature",
      "id": "line_64-n-b-j_64-n-b-k",
      "geometry": {
        "type": "LineString",
        "coordinates": [
          [
            124.6783,
            11.2909
          ],
          [
            124.67804,
            11.29031
          ]
        ]
      },
      "properties": {
        "from_bus": "64-n-b-j",
        "to_bus": "64-n-b-k",
        "from_pole": "64-n-b-j",
        "to_pole": "64-n-b-k",
        "connection_type": "Primary_to_Primary",
        "feeder": "F6",
        "circuit": "Single Phase",
        "geometry_type": "sequential",
        "feature_type": "connection"
      }
    },
    {
      "type": "Feature",
      "id": "line_64-n-b-k_64-n-b-l",
      "geometry": {
        "type": "LineString",
        "coordinates": [
          [
            124.67804,
            11.29031
          ],
          [
            124.67794,
            11.2899
          ]
        ]
      },
      "properties": {
        "from_bus": "64-n-b-k",
        "to_bus": "64-n-b-l",
        "from_pole": "64-n-b-k",
        "to_pole": "64-n-b-l",
        "connection_type": "Primary_to_Primary",
        "feeder": "F6",
        "circuit": "Single Phase",
        "geometry_type": "sequential",
        "feature_type": "connection"
      }
    },
    {
      "type": "Feature",
      "id": "line_64-n-b-l_99-a",
      "geometry": {
        "type": "LineString",
        "coordinates": [
          [
            124.67794,
            11.2899
          ],
          [
            124.6873,
            11.30109
          ]
        ]
      },
      "properties": {
        "from_bus": "64-n-b-l",
        "to_bus": "99-a",
        "from_pole": "64-n-b-l",
        "to_pole": "99-8-a",
        "connection_type": "Primary_to_Primary",
        "feeder": "F6",
        "circuit": "Single Phase",
        "geometry_type": "sequential",
        "feature_type": "connection"
      }
    },
    {
      "type": "Feature",
      "id": "line_99-a_99-8-b",
      "geometry": {
        "type": "LineString",
        "coordinates": [
          [
            124.6873,
            11.30109
          ],
          [
            124.68726,
            11.30066
          ]
        ]
      },
      "properties": {
        "from_bus": "99-a",
        "to_bus": "99-8-b",
        "from_pole": "99-8-a",
        "to_pole": "99-8-b",
        "connection_type": "Primary_to_Primary",
        "feeder": "F6",
        "circuit": "Single Phase",
        "geometry_type": "sequential",
        "feature_type": "connection"
      }
    },
    {
      "type": "Feature",
      "id": "line_99-8-b_99-8-c",
      "geometry": {
        "type": "LineString",
        "coordinates": [
          [
            124.68726,
            11.30066
          ],
          [
            124.68661,
            11.30102
          ]
        ]
      },
      "properties": {
        "from_bus": "99-8-b",
        "to_bus": "99-8-c",
        "from_pole": "99-8-b",
        "to_pole": "99-8-c",
        "connection_type": "Primary_to_Primary",
        "feeder": "F6",
        "circuit": "Single Phase",
        "geometry_type": "sequential",
        "feature_type": "connection"
      }
    },
    {
      "type": "Feature",
      "id": "line_99-8-c_99-10A",
      "geometry": {
        "type": "LineString",
        "coordinates": [
          [
            124.68661,
            11.30102
          ],
          [
            124.68847,
            11.30111
          ]
        ]
      },
      "properties": {
        "from_bus": "99-8-c",
        "to_bus": "99-10A",
        "from_pole": "99-8-c",
        "to_pole": "99-10B",
        "connection_type": "Primary_to_Primary",
        "feeder": "F6",
        "circuit": "Single Phase",
        "geometry_type": "sequential",
        "feature_type": "connection"
      }
    },
    {
      "type": "Feature",
      "id": "line_99-10A_99-10A-a",
      "geometry": {
        "type": "LineString",
        "coordinates": [
          [
            124.68847,
            11.30111
          ],
          [
            124.68847,
            11.30106
          ]
        ]
      },
      "properties": {
        "from_bus": "99-10A",
        "to_bus": "99-10A-a",
        "from_pole": "99-10B",
        "to_pole": "99-10B-a",
        "connection_type": "Primary_to_Primary",
        "feeder": "F6",
        "circuit": "Single Phase",
        "geometry_type": "sequential",
        "feature_type": "connection"
      }
    },
    {
      "type": "Feature",
      "id": "line_99-10A-a_99-11",
      "geometry": {
        "type": "LineString",
        "coordinates": [
          [
            124.68847,
            11.30106
          ],
          [
            124.68693,
            11.3016
          ]
        ]
      },
      "properties": {
        "from_bus": "99-10A-a",
        "to_bus": "99-11",
        "from_pole": "99-10B-a",
        "to_pole": "99-11",
        "connection_type": "Primary_to_Primary",
        "feeder": "F6",
        "circuit": "Single Phase",
        "geometry_type": "sequential",
        "feature_type": "connection"
      }
    },
    {
      "type": "Feature",
      "id": "line_99-11_99-12",
      "geometry": {
        "type": "LineString",
        "coordinates": [
          [
            124.68693,
            11.3016
          ],
          [
            124.68777,
            11.30134
          ]
        ]
      },
      "properties": {
        "from_bus": "99-11",
        "to_bus": "99-12",
        "from_pole": "99-11",
        "to_pole": "99-12",
        "connection_type": "Primary_to_Primary",
        "feeder": "F6",
        "circuit": "Single Phase",
        "geometry_type": "sequential",
        "feature_type": "connection"
      }
    },
    {
      "type": "Feature",
      "id": "line_99-12_99-12-A",
      "geometry": {
        "type": "LineString",
        "coordinates": [
          [
            124.68777,
            11.30134
          ],
          [
            124.68815,
            11.30207
          ]
        ]
      },
      "properties": {
        "from_bus": "99-12",
        "to_bus": "99-12-A",
        "from_pole": "99-12",
        "to_pole": "99-12-A",
        "connection_type": "Primary_to_Primary",
        "feeder": "F6",
        "circuit": "Single Phase",
        "geometry_type": "sequential",
        "feature_type": "connection"
      }
    },
    {
      "type": "Feature",
      "id": "line_99-12-A_99-13",
      "geometry": {
        "type": "LineString",
        "coordinates": [
          [
            124.68815,
            11.30207
          ],
          [
            124.68774,
            11.30154
          ]
        ]
      },
      "properties": {
        "from_bus": "99-12-A",
        "to_bus": "99-13",
        "from_pole": "99-12-A",
        "to_pole": "99-13",
        "connection_type": "Primary_to_Primary",
        "feeder": "F6",
        "circuit": "Single Phase",
        "geometry_type": "sequential",
        "feature_type": "connection"
      }
    },
    {
      "type": "Feature",
      "id": "line_99-13_99-13a",
      "geometry": {
        "type": "LineString",
        "coordinates": [
          [
            124.68774,
            11.30154
          ],
          [
            124.68775,
            11.30204
          ]
        ]
      },
      "properties": {
        "from_bus": "99-13",
        "to_bus": "99-13a",
        "from_pole": "99-13",
        "to_pole": "99-13a",
        "connection_type": "Primary_to_Primary",
        "feeder": "F6",
        "circuit": "Single Phase",
        "geometry_type": "sequential",
        "feature_type": "connection"
      }
    },
    {
      "type": "Feature",
      "id": "line_99-13a_99-14a",
      "geometry": {
        "type": "LineString",
        "coordinates": [
          [
            124.68775,
            11.30204
          ],
          [
            124.68741,
            11.30202
          ]
        ]
      },
      "properties": {
        "from_bus": "99-13a",
        "to_bus": "99-14a",
        "from_pole": "99-13a",
        "to_pole": "99-14a",
        "connection_type": "Primary_to_Primary",
        "feeder": "F6",
        "circuit": "Single Phase",
        "geometry_type": "sequential",
        "feature_type": "connection"
      }
    },
    {
      "type": "Feature",
      "id": "line_99-14a_99-15a",
      "geometry": {
        "type": "LineString",
        "coordinates": [
          [
            124.68741,
            11.30202
          ],
          [
            124.68741,
            11.30202
          ]
        ]
      },
      "properties": {
        "from_bus": "99-14a",
        "to_bus": "99-15a",
        "from_pole": "99-14a",
        "to_pole": "99-15a",
        "connection_type": "Primary_to_Primary",
        "feeder": "F6",
        "circuit": "Single Phase",
        "geometry_type": "sequential",
        "feature_type": "connection"
      }
    },
    {
      "type": "Feature",
      "id": "line_99-15a_99-17",
      "geometry": {
        "type": "LineString",
        "coordinates": [
          [
            124.68741,
            11.30202
          ],
          [
            124.68736,
            11.30224
          ]
        ]
      },
      "properties": {
        "from_bus": "99-15a",
        "to_bus": "99-17",
        "from_pole": "99-15a",
        "to_pole": "99-17",
        "connection_type": "Primary_to_Primary",
        "feeder": "F6",
        "circuit": "Single Phase",
        "geometry_type": "sequential",
        "feature_type": "connection"
      }
    },
    {
      "type": "Feature",
      "id": "line_99-17_99-18",
      "geometry": {
        "type": "LineString",
        "coordinates": [
          [
            124.68736,
            11.30224
          ],
          [
            124.68806,
            11.30242
          ]
        ]
      },
      "properties": {
        "from_bus": "99-17",
        "to_bus": "99-18",
        "from_pole": "99-17",
        "to_pole": "99-18",
        "connection_type": "Primary_to_Primary",
        "feeder": "F6",
        "circuit": "Single Phase",
        "geometry_type": "sequential",
        "feature_type": "connection"
      }
    },
    {
      "type": "Feature",
      "id": "line_99-18_99-18-A",
      "geometry": {
        "type": "LineString",
        "coordinates": [
          [
            124.68806,
            11.30242
          ],
          [
            124.68821,
            11.30227
          ]
        ]
      },
      "properties": {
        "from_bus": "99-18",
        "to_bus": "99-18-A",
        "from_pole": "99-18",
        "to_pole": "99-18-A",
        "connection_type": "Primary_to_Primary",
        "feeder": "F6",
        "circuit": "Single Phase",
        "geometry_type": "sequential",
        "feature_type": "connection"
      }
    },
    {
      "type": "Feature",
      "id": "line_99-18-A_99-18-a3",
      "geometry": {
        "type": "LineString",
        "coordinates": [
          [
            124.68821,
            11.30227
          ],
          [
            124.68825,
            11.30223
          ]
        ]
      },
      "properties": {
        "from_bus": "99-18-A",
        "to_bus": "99-18-a3",
        "from_pole": "99-18-A",
        "to_pole": "99-18-a",
        "connection_type": "Primary_to_Primary",
        "feeder": "F6",
        "circuit": "Single Phase",
        "geometry_type": "sequential",
        "feature_type": "connection"
      }
    },
    {
      "type": "Feature",
      "id": "line_146-a_146-b",
      "geometry": {
        "type": "LineString",
        "coordinates": [
          [
            124.68939,
            11.29876
          ],
          [
            124.68934,
            11.29879
          ]
        ]
      },
      "properties": {
        "from_bus": "146-a",
        "to_bus": "146-b",
        "from_pole": "146-a",
        "to_pole": "146-b",
        "connection_type": "Primary_to_Primary",
        "feeder": "F1",
        "circuit": "3 Phase",
        "geometry_type": "sequential",
        "feature_type": "connection"
      }
    },
    {
      "type": "Feature",
      "id": "line_146-b_146-c",
      "geometry": {
        "type": "LineString",
        "coordinates": [
          [
            124.68934,
            11.29879
          ],
          [
            124.6893,
            11.29874
          ]
        ]
      },
      "properties": {
        "from_bus": "146-b",
        "to_bus": "146-c",
        "from_pole": "146-b",
        "to_pole": "146-c",
        "connection_type": "Primary_to_Primary",
        "feeder": "F1",
        "circuit": "3 Phase",
        "geometry_type": "sequential",
        "feature_type": "connection"
      }
    },
    {
      "type": "Feature",
      "id": "line_146-c_146-A",
      "geometry": {
        "type": "LineString",
        "coordinates": [
          [
            124.6893,
            11.29874
          ],
          [
            124.6893,
            11.29874
          ]
        ]
      },
      "properties": {
        "from_bus": "146-c",
        "to_bus": "146-A",
        "from_pole": "146-c",
        "to_pole": "146-A",
        "connection_type": "Primary_to_Primary",
        "feeder": "F1",
        "circuit": "3 Phase",
        "geometry_type": "sequential",
        "feature_type": "connection"
      }
    },
    {
      "type": "Feature",
      "id": "line_146-A_146-B",
      "geometry": {
        "type": "LineString",
        "coordinates": [
          [
            124.6893,
            11.29874
          ],
          [
            124.6897,
            11.29882
          ]
        ]
      },
      "properties": {
        "from_bus": "146-A",
        "to_bus": "146-B",
        "from_pole": "146-A",
        "to_pole": "146-B",
        "connection_type": "Primary_to_Primary",
        "feeder": "F1",
        "circuit": "3 Phase",
        "geometry_type": "sequential",
        "feature_type": "connection"
      }
    },
    {
      "type": "Feature",
      "id": "line_146-B_146-C",
      "geometry": {
        "type": "LineString",
        "coordinates": [
          [
            124.6897,
            11.29882
          ],
          [
            124.69036,
            11.29881
          ]
        ]
      },
      "properties": {
        "from_bus": "146-B",
        "to_bus": "146-C",
        "from_pole": "146-B",
        "to_pole": "146-C",
        "connection_type": "Primary_to_Primary",
        "feeder": "F1",
        "circuit": "3 Phase",
        "geometry_type": "sequential",
        "feature_type": "connection"
      }
    },
    {
      "type": "Feature",
      "id": "line_146-C_146",
      "geometry": {
        "type": "LineString",
        "coordinates": [
          [
            124.69036,
            11.29881
          ],
          [
            124.68948,
            11.29859
          ]
        ]
      },
      "properties": {
        "from_bus": "146-C",
        "to_bus": "146",
        "from_pole": "146-C",
        "to_pole": "146",
        "connection_type": "Primary_to_Primary",
        "feeder": "F1",
        "circuit": "3 Phase",
        "geometry_type": "sequential",
        "feature_type": "connection"
      }
    },
    {
      "type": "Feature",
      "id": "line_146_147",
      "geometry": {
        "type": "LineString",
        "coordinates": [
          [
            124.68948,
            11.29859
          ],
          [
            124.68946,
            11.29819
          ]
        ]
      },
      "properties": {
        "from_bus": "146",
        "to_bus": "147",
        "from_pole": "146",
        "to_pole": "147",
        "connection_type": "Primary_to_Primary",
        "feeder": "F1",
        "circuit": "3 Phase",
        "geometry_type": "sequential",
        "feature_type": "connection"
      }
    },
    {
      "type": "Feature",
      "id": "line_147_131-4-A",
      "geometry": {
        "type": "LineString",
        "coordinates": [
          [
            124.68946,
            11.29819
          ],
          [
            124.69376,
            11.29954
          ]
        ]
      },
      "properties": {
        "from_bus": "147",
        "to_bus": "131-4-A",
        "from_pole": "147",
        "to_pole": "131-4-A",
        "connection_type": "Primary_to_Primary",
        "feeder": "F1",
        "circuit": "3 Phase",
        "geometry_type": "sequential",
        "feature_type": "connection"
      }
    },
    {
      "type": "Feature",
      "id": "line_131-4-A_131-4-B",
      "geometry": {
        "type": "LineString",
        "coordinates": [
          [
            124.69376,
            11.29954
          ],
          [
            124.69437,
            11.29929
          ]
        ]
      },
      "properties": {
        "from_bus": "131-4-A",
        "to_bus": "131-4-B",
        "from_pole": "131-4-A",
        "to_pole": "131-4-B",
        "connection_type": "Primary_to_Primary",
        "feeder": "F1",
        "circuit": "3 Phase",
        "geometry_type": "sequential",
        "feature_type": "connection"
      }
    },
    {
      "type": "Feature",
      "id": "line_131-4-B_131-4-B-A",
      "geometry": {
        "type": "LineString",
        "coordinates": [
          [
            124.69437,
            11.29929
          ],
          [
            124.69442,
            11.29888
          ]
        ]
      },
      "properties": {
        "from_bus": "131-4-B",
        "to_bus": "131-4-B-A",
        "from_pole": "131-4-B",
        "to_pole": "131-4-B-A",
        "connection_type": "Primary_to_Primary",
        "feeder": "F1",
        "circuit": "3 Phase",
        "geometry_type": "sequential",
        "feature_type": "connection"
      }
    },
    {
      "type": "Feature",
      "id": "line_131-4-B-A_131-4-B-B",
      "geometry": {
        "type": "LineString",
        "coordinates": [
          [
            124.69442,
            11.29888
          ],
          [
            124.69474,
            11.29888
          ]
        ]
      },
      "properties": {
        "from_bus": "131-4-B-A",
        "to_bus": "131-4-B-B",
        "from_pole": "131-4-B-A",
        "to_pole": "131-4-B-B",
        "connection_type": "Primary_to_Primary",
        "feeder": "F1",
        "circuit": "3 Phase",
        "geometry_type": "sequential",
        "feature_type": "connection"
      }
    },
    {
      "type": "Feature",
      "id": "line_131-4-B-B_131-4-B-C",
      "geometry": {
        "type": "LineString",
        "coordinates": [
          [
            124.69474,
            11.29888
          ],
          [
            124.69442,
            11.29777
          ]
        ]
      },
      "properties": {
        "from_bus": "131-4-B-B",
        "to_bus": "131-4-B-C",
        "from_pole": "131-4-B-B",
        "to_pole": "131-4-B-C",
        "connection_type": "Primary_to_Primary",
        "feeder": "F1",
        "circuit": "3 Phase",
        "geometry_type": "sequential",
        "feature_type": "connection"
      }
    },
    {
      "type": "Feature",
      "id": "line_131-4-B-C_131-4-B-D",
      "geometry": {
        "type": "LineString",
        "coordinates": [
          [
            124.69442,
            11.29777
          ],
          [
            124.69459,
            11.2979
          ]
        ]
      },
      "properties": {
        "from_bus": "131-4-B-C",
        "to_bus": "131-4-B-D",
        "from_pole": "131-4-B-C",
        "to_pole": "131-4-B-D",
        "connection_type": "Primary_to_Primary",
        "feeder": "F1",
        "circuit": "3 Phase",
        "geometry_type": "sequential",
        "feature_type": "connection"
      }
    },
    {
      "type": "Feature",
      "id": "line_131-4-B-D_133-1",
      "geometry": {
        "type": "LineString",
        "coordinates": [
          [
            124.69459,
            11.2979
          ],
          [
            124.69366,
            11.30082
          ]
        ]
      },
      "properties": {
        "from_bus": "131-4-B-D",
        "to_bus": "133-1",
        "from_pole": "131-4-B-D",
        "to_pole": "133-1",
        "connection_type": "Primary_to_Primary",
        "feeder": "F1",
        "circuit": "3 Phase",
        "geometry_type": "sequential",
        "feature_type": "connection"
      }
    },
    {
      "type": "Feature",
      "id": "line_133-1_133-2",
      "geometry": {
        "type": "LineString",
        "coordinates": [
          [
            124.69366,
            11.30082
          ],
          [
            124.69446,
            11.3009
          ]
        ]
      },
      "properties": {
        "from_bus": "133-1",
        "to_bus": "133-2",
        "from_pole": "133-1",
        "to_pole": "133-2",
        "connection_type": "Primary_to_Primary",
        "feeder": "F1",
        "circuit": "3 Phase",
        "geometry_type": "sequential",
        "feature_type": "connection"
      }
    },
    {
      "type": "Feature",
      "id": "line_133-2_133-3",
      "geometry": {
        "type": "LineString",
        "coordinates": [
          [
            124.69446,
            11.3009
          ],
          [
            124.69446,
            11.3009
          ]
        ]
      },
      "properties": {
        "from_bus": "133-2",
        "to_bus": "133-3",
        "from_pole": "133-2",
        "to_pole": "133-3",
        "connection_type": "Primary_to_Primary",
        "feeder": "F1",
        "circuit": "3 Phase",
        "geometry_type": "sequential",
        "feature_type": "connection"
      }
    },
    {
      "type": "Feature",
      "id": "line_133-3_133-4",
      "geometry": {
        "type": "LineString",
        "coordinates": [
          [
            124.69446,
            11.3009
          ],
          [
            124.69473,
            11.30089
          ]
        ]
      },
      "properties": {
        "from_bus": "133-3",
        "to_bus": "133-4",
        "from_pole": "133-3",
        "to_pole": "133-4",
        "connection_type": "Primary_to_Primary",
        "feeder": "F1",
        "circuit": "3 Phase",
        "geometry_type": "sequential",
        "feature_type": "connection"
      }
    },
    {
      "type": "Feature",
      "id": "line_133-4_133-5",
      "geometry": {
        "type": "LineString",
        "coordinates": [
          [
            124.69473,
            11.30089
          ],
          [
            124.69606,
            11.30123
          ]
        ]
      },
      "properties": {
        "from_bus": "133-4",
        "to_bus": "133-5",
        "from_pole": "133-4",
        "to_pole": "133-5",
        "connection_type": "Primary_to_Primary",
        "feeder": "F1",
        "circuit": "3 Phase",
        "geometry_type": "sequential",
        "feature_type": "connection"
      }
    },
    {
      "type": "Feature",
      "id": "line_133-5_133-6",
      "geometry": {
        "type": "LineString",
        "coordinates": [
          [
            124.69606,
            11.30123
          ],
          [
            124.69377,
            11.30003
          ]
        ]
      },
      "properties": {
        "from_bus": "133-5",
        "to_bus": "133-6",
        "from_pole": "133-5",
        "to_pole": "133-6",
        "connection_type": "Primary_to_Primary",
        "feeder": "F1",
        "circuit": "3 Phase",
        "geometry_type": "sequential",
        "feature_type": "connection"
      }
    },
    {
      "type": "Feature",
      "id": "line_133-6_133-6-a",
      "geometry": {
        "type": "LineString",
        "coordinates": [
          [
            124.69377,
            11.30003
          ],
          [
            124.69259,
            11.30107
          ]
        ]
      },
      "properties": {
        "from_bus": "133-6",
        "to_bus": "133-6-a",
        "from_pole": "133-6",
        "to_pole": "133-6-a",
        "connection_type": "Primary_to_Primary",
        "feeder": "F1",
        "circuit": "3 Phase",
        "geometry_type": "sequential",
        "feature_type": "connection"
      }
    },
    {
      "type": "Feature",
      "id": "line_133-6-a_133-6-b",
      "geometry": {
        "type": "LineString",
        "coordinates": [
          [
            124.69259,
            11.30107
          ],
          [
            124.69337,
            11.30118
          ]
        ]
      },
      "properties": {
        "from_bus": "133-6-a",
        "to_bus": "133-6-b",
        "from_pole": "133-6-a",
        "to_pole": "133-6-b",
        "connection_type": "Primary_to_Primary",
        "feeder": "F1",
        "circuit": "3 Phase",
        "geometry_type": "sequential",
        "feature_type": "connection"
      }
    },
    {
      "type": "Feature",
      "id": "line_133-6-b_133-7-A",
      "geometry": {
        "type": "LineString",
        "coordinates": [
          [
            124.69337,
            11.30118
          ],
          [
            124.69687,
            11.30128
          ]
        ]
      },
      "properties": {
        "from_bus": "133-6-b",
        "to_bus": "133-7-A",
        "from_pole": "133-6-b",
        "to_pole": "133-7-A",
        "connection_type": "Primary_to_Primary",
        "feeder": "F1",
        "circuit": "3 Phase",
        "geometry_type": "sequential",
        "feature_type": "connection"
      }
    },
    {
      "type": "Feature",
      "id": "line_133-7-A_133-8",
      "geometry": {
        "type": "LineString",
        "coordinates": [
          [
            124.69687,
            11.30128
          ],
          [
            124.69687,
            11.30128
          ]
        ]
      },
      "properties": {
        "from_bus": "133-7-A",
        "to_bus": "133-8",
        "from_pole": "133-7-A",
        "to_pole": "133-8",
        "connection_type": "Primary_to_Primary",
        "feeder": "F1",
        "circuit": "3 Phase",
        "geometry_type": "sequential",
        "feature_type": "connection"
      }
    },
    {
      "type": "Feature",
      "id": "line_133-8_133-9",
      "geometry": {
        "type": "LineString",
        "coordinates": [
          [
            124.69687,
            11.30128
          ],
          [
            124.69781,
            11.3011
          ]
        ]
      },
      "properties": {
        "from_bus": "133-8",
        "to_bus": "133-9",
        "from_pole": "133-8",
        "to_pole": "133-9",
        "connection_type": "Primary_to_Primary",
        "feeder": "F1",
        "circuit": "3 Phase",
        "geometry_type": "sequential",
        "feature_type": "connection"
      }
    },
    {
      "type": "Feature",
      "id": "line_133-9_133-10",
      "geometry": {
        "type": "LineString",
        "coordinates": [
          [
            124.69781,
            11.3011
          ],
          [
            124.69819,
            11.30162
          ]
        ]
      },
      "properties": {
        "from_bus": "133-9",
        "to_bus": "133-10",
        "from_pole": "133-9",
        "to_pole": "133-10",
        "connection_type": "Primary_to_Primary",
        "feeder": "F1",
        "circuit": "3 Phase",
        "geometry_type": "sequential",
        "feature_type": "connection"
      }
    },
    {
      "type": "Feature",
      "id": "line_133-10_133-4-b-1",
      "geometry": {
        "type": "LineString",
        "coordinates": [
          [
            124.69819,
            11.30162
          ],
          [
            124.69525,
            11.3015
          ]
        ]
      },
      "properties": {
        "from_bus": "133-10",
        "to_bus": "133-4-b-1",
        "from_pole": "133-10",
        "to_pole": "133-4-b-1",
        "connection_type": "Primary_to_Primary",
        "feeder": "F1",
        "circuit": "3 Phase",
        "geometry_type": "sequential",
        "feature_type": "connection"
      }
    },
    {
      "type": "Feature",
      "id": "line_133-4-b-1_133-4-b-2",
      "geometry": {
        "type": "LineString",
        "coordinates": [
          [
            124.69525,
            11.3015
          ],
          [
            124.69527,
            11.30157
          ]
        ]
      },
      "properties": {
        "from_bus": "133-4-b-1",
        "to_bus": "133-4-b-2",
        "from_pole": "133-4-b-1",
        "to_pole": "133-4-b-2",
        "connection_type": "Primary_to_Primary",
        "feeder": "F1",
        "circuit": "3 Phase",
        "geometry_type": "sequential",
        "feature_type": "connection"
      }
    },
    {
      "type": "Feature",
      "id": "line_133-4-b-2_133-4-b-3",
      "geometry": {
        "type": "LineString",
        "coordinates": [
          [
            124.69527,
            11.30157
          ],
          [
            124.69524,
            11.30143
          ]
        ]
      },
      "properties": {
        "from_bus": "133-4-b-2",
        "to_bus": "133-4-b-3",
        "from_pole": "133-4-b-2",
        "to_pole": "133-4-b-3",
        "connection_type": "Primary_to_Primary",
        "feeder": "F1",
        "circuit": "3 Phase",
        "geometry_type": "sequential",
        "feature_type": "connection"
      }
    },
    {
      "type": "Feature",
      "id": "line_133-4-b-3_133-4-b-3-a",
      "geometry": {
        "type": "LineString",
        "coordinates": [
          [
            124.69524,
            11.30143
          ],
          [
            124.6953,
            11.30173
          ]
        ]
      },
      "properties": {
        "from_bus": "133-4-b-3",
        "to_bus": "133-4-b-3-a",
        "from_pole": "133-4-b-3",
        "to_pole": "133-4-b-3-a",
        "connection_type": "Primary_to_Primary",
        "feeder": "F1",
        "circuit": "3 Phase",
        "geometry_type": "sequential",
        "feature_type": "connection"
      }
    },
    {
      "type": "Feature",
      "id": "line_133-4-b-3-a_133-4-b-3-b",
      "geometry": {
        "type": "LineString",
        "coordinates": [
          [
            124.6953,
            11.30173
          ],
          [
            124.69526,
            11.30172
          ]
        ]
      },
      "properties": {
        "from_bus": "133-4-b-3-a",
        "to_bus": "133-4-b-3-b",
        "from_pole": "133-4-b-3-a",
        "to_pole": "133-4-b-3-b",
        "connection_type": "Primary_to_Primary",
        "feeder": "F1",
        "circuit": "3 Phase",
        "geometry_type": "sequential",
        "feature_type": "connection"
      }
    },
    {
      "type": "Feature",
      "id": "line_133-4-b-3-b_133-4-b-3-c",
      "geometry": {
        "type": "LineString",
        "coordinates": [
          [
            124.69526,
            11.30172
          ],
          [
            124.6951,
            11.30177
          ]
        ]
      },
      "properties": {
        "from_bus": "133-4-b-3-b",
        "to_bus": "133-4-b-3-c",
        "from_pole": "133-4-b-3-b",
        "to_pole": "133-4-b-3-c",
        "connection_type": "Primary_to_Primary",
        "feeder": "F1",
        "circuit": "3 Phase",
        "geometry_type": "sequential",
        "feature_type": "connection"
      }
    },
    {
      "type": "Feature",
      "id": "line_133-4-b-3-c_133-4-b-3-A",
      "geometry": {
        "type": "LineString",
        "coordinates": [
          [
            124.6951,
            11.30177
          ],
          [
            124.6951,
            11.30177
          ]
        ]
      },
      "properties": {
        "from_bus": "133-4-b-3-c",
        "to_bus": "133-4-b-3-A",
        "from_pole": "133-4-b-3-c",
        "to_pole": "133-4-b-3-A",
        "connection_type": "Primary_to_Primary",
        "feeder": "F1",
        "circuit": "3 Phase",
        "geometry_type": "sequential",
        "feature_type": "connection"
      }
    },
    {
      "type": "Feature",
      "id": "line_133-4-b-3-A_133-4-b-3-B",
      "geometry": {
        "type": "LineString",
        "coordinates": [
          [
            124.6951,
            11.30177
          ],
          [
            124.6951,
            11.30177
          ]
        ]
      },
      "properties": {
        "from_bus": "133-4-b-3-A",
        "to_bus": "133-4-b-3-B",
        "from_pole": "133-4-b-3-A",
        "to_pole": "133-4-b-3-B",
        "connection_type": "Primary_to_Primary",
        "feeder": "F1",
        "circuit": "3 Phase",
        "geometry_type": "sequential",
        "feature_type": "connection"
      }
    },
    {
      "type": "Feature",
      "id": "line_133-4-b-3-B_133-4-b-3-C",
      "geometry": {
        "type": "LineString",
        "coordinates": [
          [
            124.6951,
            11.30177
          ],
          [
            124.6951,
            11.30177
          ]
        ]
      },
      "properties": {
        "from_bus": "133-4-b-3-B",
        "to_bus": "133-4-b-3-C",
        "from_pole": "133-4-b-3-B",
        "to_pole": "133-4-b-3-C",
        "connection_type": "Primary_to_Primary",
        "feeder": "F1",
        "circuit": "3 Phase",
        "geometry_type": "sequential",
        "feature_type": "connection"
      }
    },
    {
      "type": "Feature",
      "id": "line_133-4-a_133-4-b",
      "geometry": {
        "type": "LineString",
        "coordinates": [
          [
            124.69489,
            11.30097
          ],
          [
            124.69531,
            11.30189
          ]
        ]
      },
      "properties": {
        "from_bus": "133-4-a",
        "to_bus": "133-4-b",
        "from_pole": "133-4-a",
        "to_pole": "133-4-b",
        "connection_type": "Primary_to_Primary",
        "feeder": "F1",
        "circuit": "Single Phase",
        "geometry_type": "sequential",
        "feature_type": "connection"
      }
    },
    {
      "type": "Feature",
      "id": "line_133-4-b_147-1",
      "geometry": {
        "type": "LineString",
        "coordinates": [
          [
            124.69531,
            11.30189
          ],
          [
            124.69063,
            11.29835
          ]
        ]
      },
      "properties": {
        "from_bus": "133-4-b",
        "to_bus": "147-1",
        "from_pole": "133-4-b",
        "to_pole": "147-1",
        "connection_type": "Primary_to_Primary",
        "feeder": "F1",
        "circuit": "Single Phase",
        "geometry_type": "sequential",
        "feature_type": "connection"
      }
    },
    {
      "type": "Feature",
      "id": "line_147-1_147-1-A",
      "geometry": {
        "type": "LineString",
        "coordinates": [
          [
            124.69063,
            11.29835
          ],
          [
            124.69006,
            11.29815
          ]
        ]
      },
      "properties": {
        "from_bus": "147-1",
        "to_bus": "147-1-A",
        "from_pole": "147-1",
        "to_pole": "147-1-A",
        "connection_type": "Primary_to_Primary",
        "feeder": "F1",
        "circuit": "Single Phase",
        "geometry_type": "sequential",
        "feature_type": "connection"
      }
    },
    {
      "type": "Feature",
      "id": "line_147-1-A_147-1-A-a",
      "geometry": {
        "type": "LineString",
        "coordinates": [
          [
            124.69006,
            11.29815
          ],
          [
            124.68997,
            11.29777
          ]
        ]
      },
      "properties": {
        "from_bus": "147-1-A",
        "to_bus": "147-1-A-a",
        "from_pole": "147-1-A",
        "to_pole": "147-1-A-a",
        "connection_type": "Primary_to_Primary",
        "feeder": "F1",
        "circuit": "Single Phase",
        "geometry_type": "sequential",
        "feature_type": "connection"
      }
    },
    {
      "type": "Feature",
      "id": "line_147-1-A-a_147-1-B",
      "geometry": {
        "type": "LineString",
        "coordinates": [
          [
            124.68997,
            11.29777
          ],
          [
            124.69048,
            11.29764
          ]
        ]
      },
      "properties": {
        "from_bus": "147-1-A-a",
        "to_bus": "147-1-B",
        "from_pole": "147-1-A-a",
        "to_pole": "147-1-B",
        "connection_type": "Primary_to_Primary",
        "feeder": "F1",
        "circuit": "Single Phase",
        "geometry_type": "sequential",
        "feature_type": "connection"
      }
    },
    {
      "type": "Feature",
      "id": "line_147-1-B_147-2",
      "geometry": {
        "type": "LineString",
        "coordinates": [
          [
            124.69048,
            11.29764
          ],
          [
            124.6904,
            11.2979
          ]
        ]
      },
      "properties": {
        "from_bus": "147-1-B",
        "to_bus": "147-2",
        "from_pole": "147-1-B",
        "to_pole": "147-2",
        "connection_type": "Primary_to_Primary",
        "feeder": "F1",
        "circuit": "Single Phase",
        "geometry_type": "sequential",
        "feature_type": "connection"
      }
    },
    {
      "type": "Feature",
      "id": "line_147-2_147-3",
      "geometry": {
        "type": "LineString",
        "coordinates": [
          [
            124.6904,
            11.2979
          ],
          [
            124.69029,
            11.29807
          ]
        ]
      },
      "properties": {
        "from_bus": "147-2",
        "to_bus": "147-3",
        "from_pole": "147-2",
        "to_pole": "147-3",
        "connection_type": "Primary_to_Primary",
        "feeder": "F1",
        "circuit": "Single Phase",
        "geometry_type": "sequential",
        "feature_type": "connection"
      }
    },
    {
      "type": "Feature",
      "id": "line_147-3_147-3-A",
      "geometry": {
        "type": "LineString",
        "coordinates": [
          [
            124.69029,
            11.29807
          ],
          [
            124.69078,
            11.2983
          ]
        ]
      },
      "properties": {
        "from_bus": "147-3",
        "to_bus": "147-3-A",
        "from_pole": "147-3",
        "to_pole": "147-3-A",
        "connection_type": "Primary_to_Primary",
        "feeder": "F1",
        "circuit": "Single Phase",
        "geometry_type": "sequential",
        "feature_type": "connection"
      }
    },
    {
      "type": "Feature",
      "id": "line_147-3-A_147-4",
      "geometry": {
        "type": "LineString",
        "coordinates": [
          [
            124.69078,
            11.2983
          ],
          [
            124.69121,
            11.29848
          ]
        ]
      },
      "properties": {
        "from_bus": "147-3-A",
        "to_bus": "147-4",
        "from_pole": "147-3-A",
        "to_pole": "147-4",
        "connection_type": "Primary_to_Primary",
        "feeder": "F1",
        "circuit": "Single Phase",
        "geometry_type": "sequential",
        "feature_type": "connection"
      }
    },
    {
      "type": "Feature",
      "id": "line_147-4_147-4-A",
      "geometry": {
        "type": "LineString",
        "coordinates": [
          [
            124.69121,
            11.29848
          ],
          [
            124.69151,
            11.29795
          ]
        ]
      },
      "properties": {
        "from_bus": "147-4",
        "to_bus": "147-4-A",
        "from_pole": "147-4",
        "to_pole": "147-4-A",
        "connection_type": "Primary_to_Primary",
        "feeder": "F1",
        "circuit": "Single Phase",
        "geometry_type": "sequential",
        "feature_type": "connection"
      }
    },
    {
      "type": "Feature",
      "id": "line_147-4-A_147-4-B",
      "geometry": {
        "type": "LineString",
        "coordinates": [
          [
            124.69151,
            11.29795
          ],
          [
            124.69147,
            11.29801
          ]
        ]
      },
      "properties": {
        "from_bus": "147-4-A",
        "to_bus": "147-4-B",
        "from_pole": "147-4-A",
        "to_pole": "147-4-B",
        "connection_type": "Primary_to_Primary",
        "feeder": "F1",
        "circuit": "Single Phase",
        "geometry_type": "sequential",
        "feature_type": "connection"
      }
    },
    {
      "type": "Feature",
      "id": "line_147-4-B_147-4-a",
      "geometry": {
        "type": "LineString",
        "coordinates": [
          [
            124.69147,
            11.29801
          ],
          [
            124.69134,
            11.29794
          ]
        ]
      },
      "properties": {
        "from_bus": "147-4-B",
        "to_bus": "147-4-a",
        "from_pole": "147-4-B",
        "to_pole": "147-4-a",
        "connection_type": "Primary_to_Primary",
        "feeder": "F1",
        "circuit": "Single Phase",
        "geometry_type": "sequential",
        "feature_type": "connection"
      }
    },
    {
      "type": "Feature",
      "id": "line_147-4-a_133-12-a",
      "geometry": {
        "type": "LineString",
        "coordinates": [
          [
            124.69134,
            11.29794
          ],
          [
            124.69977,
            11.30271
          ]
        ]
      },
      "properties": {
        "from_bus": "147-4-a",
        "to_bus": "133-12-a",
        "from_pole": "147-4-a",
        "to_pole": "133-12-a",
        "connection_type": "Primary_to_Primary",
        "feeder": "F1",
        "circuit": "Single Phase",
        "geometry_type": "sequential",
        "feature_type": "connection"
      }
    },
    {
      "type": "Feature",
      "id": "line_133-12-a_133-12-b",
      "geometry": {
        "type": "LineString",
        "coordinates": [
          [
            124.69977,
            11.30271
          ],
          [
            124.69958,
            11.30267
          ]
        ]
      },
      "properties": {
        "from_bus": "133-12-a",
        "to_bus": "133-12-b",
        "from_pole": "133-12-a",
        "to_pole": "133-12-b",
        "connection_type": "Primary_to_Primary",
        "feeder": "F1",
        "circuit": "Single Phase",
        "geometry_type": "sequential",
        "feature_type": "connection"
      }
    },
    {
      "type": "Feature",
      "id": "line_133-12-b_133-12-D",
      "geometry": {
        "type": "LineString",
        "coordinates": [
          [
            124.69958,
            11.30267
          ],
          [
            124.7,
            11.30343
          ]
        ]
      },
      "properties": {
        "from_bus": "133-12-b",
        "to_bus": "133-12-D",
        "from_pole": "133-12-b",
        "to_pole": "133-12-D",
        "connection_type": "Primary_to_Primary",
        "feeder": "F1",
        "circuit": "Single Phase",
        "geometry_type": "sequential",
        "feature_type": "connection"
      }
    },
    {
      "type": "Feature",
      "id": "line_133-12-D_133-12-E",
      "geometry": {
        "type": "LineString",
        "coordinates": [
          [
            124.7,
            11.30343
          ],
          [
            124.70092,
            11.30415
          ]
        ]
      },
      "properties": {
        "from_bus": "133-12-D",
        "to_bus": "133-12-E",
        "from_pole": "133-12-D",
        "to_pole": "133-12-E",
        "connection_type": "Primary_to_Primary",
        "feeder": "F1",
        "circuit": "Single Phase",
        "geometry_type": "sequential",
        "feature_type": "connection"
      }
    },
    {
      "type": "Feature",
      "id": "line_133-12-E_133-12-G",
      "geometry": {
        "type": "LineString",
        "coordinates": [
          [
            124.70092,
            11.30415
          ],
          [
            124.70164,
            11.30296
          ]
        ]
      },
      "properties": {
        "from_bus": "133-12-E",
        "to_bus": "133-12-G",
        "from_pole": "133-12-E",
        "to_pole": "133-12-G",
        "connection_type": "Primary_to_Primary",
        "feeder": "F1",
        "circuit": "Single Phase",
        "geometry_type": "sequential",
        "feature_type": "connection"
      }
    },
    {
      "type": "Feature",
      "id": "line_133-12-G_133-12-H",
      "geometry": {
        "type": "LineString",
        "coordinates": [
          [
            124.70164,
            11.30296
          ],
          [
            124.70151,
            11.30437
          ]
        ]
      },
      "properties": {
        "from_bus": "133-12-G",
        "to_bus": "133-12-H",
        "from_pole": "133-12-G",
        "to_pole": "133-12-H",
        "connection_type": "Primary_to_Primary",
        "feeder": "F1",
        "circuit": "Single Phase",
        "geometry_type": "sequential",
        "feature_type": "connection"
      }
    },
    {
      "type": "Feature",
      "id": "line_133-12-H_133-12-I",
      "geometry": {
        "type": "LineString",
        "coordinates": [
          [
            124.70151,
            11.30437
          ],
          [
            124.70151,
            11.30437
          ]
        ]
      },
      "properties": {
        "from_bus": "133-12-H",
        "to_bus": "133-12-I",
        "from_pole": "133-12-H",
        "to_pole": "133-12-I",
        "connection_type": "Primary_to_Primary",
        "feeder": "F1",
        "circuit": "Single Phase",
        "geometry_type": "sequential",
        "feature_type": "connection"
      }
    },
    {
      "type": "Feature",
      "id": "line_133-12-I_133-12-J",
      "geometry": {
        "type": "LineString",
        "coordinates": [
          [
            124.70151,
            11.30437
          ],
          [
            124.70151,
            11.30437
          ]
        ]
      },
      "properties": {
        "from_bus": "133-12-I",
        "to_bus": "133-12-J",
        "from_pole": "133-12-I",
        "to_pole": "133-12-J",
        "connection_type": "Primary_to_Primary",
        "feeder": "F1",
        "circuit": "Single Phase",
        "geometry_type": "sequential",
        "feature_type": "connection"
      }
    },
    {
      "type": "Feature",
      "id": "line_133-12-J_147-4-1",
      "geometry": {
        "type": "LineString",
        "coordinates": [
          [
            124.70151,
            11.30437
          ],
          [
            124.69235,
            11.29866
          ]
        ]
      },
      "properties": {
        "from_bus": "133-12-J",
        "to_bus": "147-4-1",
        "from_pole": "133-12-J",
        "to_pole": "147-4-1",
        "connection_type": "Primary_to_Primary",
        "feeder": "F1",
        "circuit": "Single Phase",
        "geometry_type": "sequential",
        "feature_type": "connection"
      }
    },
    {
      "type": "Feature",
      "id": "line_147-4-1_147-4-2",
      "geometry": {
        "type": "LineString",
        "coordinates": [
          [
            124.69235,
            11.29866
          ],
          [
            124.69224,
            11.29845
          ]
        ]
      },
      "properties": {
        "from_bus": "147-4-1",
        "to_bus": "147-4-2",
        "from_pole": "147-4-1",
        "to_pole": "147-4-2",
        "connection_type": "Primary_to_Primary",
        "feeder": "F1",
        "circuit": "Single Phase",
        "geometry_type": "sequential",
        "feature_type": "connection"
      }
    },
    {
      "type": "Feature",
      "id": "line_147-4-2_147-4-3",
      "geometry": {
        "type": "LineString",
        "coordinates": [
          [
            124.69224,
            11.29845
          ],
          [
            124.69234,
            11.29847
          ]
        ]
      },
      "properties": {
        "from_bus": "147-4-2",
        "to_bus": "147-4-3",
        "from_pole": "147-4-2",
        "to_pole": "147-4-3",
        "connection_type": "Primary_to_Primary",
        "feeder": "F1",
        "circuit": "Single Phase",
        "geometry_type": "sequential",
        "feature_type": "connection"
      }
    },
    {
      "type": "Feature",
      "id": "line_147-4-3_133-12-b-1",
      "geometry": {
        "type": "LineString",
        "coordinates": [
          [
            124.69234,
            11.29847
          ],
          [
            124.69958,
            11.30267
          ]
        ]
      },
      "properties": {
        "from_bus": "147-4-3",
        "to_bus": "133-12-b-1",
        "from_pole": "147-4-3",
        "to_pole": "133-12-b-1",
        "connection_type": "Primary_to_Primary",
        "feeder": "F1",
        "circuit": "Single Phase",
        "geometry_type": "sequential",
        "feature_type": "connection"
      }
    },
    {
      "type": "Feature",
      "id": "line_133-12-b-1_133-12-D-1",
      "geometry": {
        "type": "LineString",
        "coordinates": [
          [
            124.69958,
            11.30267
          ],
          [
            124.70023,
            11.30369
          ]
        ]
      },
      "properties": {
        "from_bus": "133-12-b-1",
        "to_bus": "133-12-D-1",
        "from_pole": "133-12-b-1",
        "to_pole": "133-12-D-1",
        "connection_type": "Primary_to_Primary",
        "feeder": "F1",
        "circuit": "Single Phase",
        "geometry_type": "sequential",
        "feature_type": "connection"
      }
    },
    {
      "type": "Feature",
      "id": "line_133-12-D-1_133-12-F1",
      "geometry": {
        "type": "LineString",
        "coordinates": [
          [
            124.70023,
            11.30369
          ],
          [
            124.70112,
            11.30402
          ]
        ]
      },
      "properties": {
        "from_bus": "133-12-D-1",
        "to_bus": "133-12-F1",
        "from_pole": "133-12-D-1",
        "to_pole": "133-12-F-1",
        "connection_type": "Primary_to_Primary",
        "feeder": "F1",
        "circuit": "Single Phase",
        "geometry_type": "sequential",
        "feature_type": "connection"
      }
    },
    {
      "type": "Feature",
      "id": "line_133-12-F1_133-12-b-2",
      "geometry": {
        "type": "LineString",
        "coordinates": [
          [
            124.70112,
            11.30402
          ],
          [
            124.69958,
            11.30267
          ]
        ]
      },
      "properties": {
        "from_bus": "133-12-F1",
        "to_bus": "133-12-b-2",
        "from_pole": "133-12-F-1",
        "to_pole": "133-12-b-2",
        "connection_type": "Primary_to_Primary",
        "feeder": "F1",
        "circuit": "Single Phase",
        "geometry_type": "sequential",
        "feature_type": "connection"
      }
    },
    {
      "type": "Feature",
      "id": "line_133-12-b-2_133-12-b-2-a",
      "geometry": {
        "type": "LineString",
        "coordinates": [
          [
            124.69958,
            11.30267
          ],
          [
            124.69958,
            11.30267
          ]
        ]
      },
      "properties": {
        "from_bus": "133-12-b-2",
        "to_bus": "133-12-b-2-a",
        "from_pole": "133-12-b-2",
        "to_pole": "133-12-b-2-a",
        "connection_type": "Primary_to_Primary",
        "feeder": "F1",
        "circuit": "Single Phase",
        "geometry_type": "sequential",
        "feature_type": "connection"
      }
    },
    {
      "type": "Feature",
      "id": "line_133-12-b-2-a_133-12-F-2",
      "geometry": {
        "type": "LineString",
        "coordinates": [
          [
            124.69958,
            11.30267
          ],
          [
            124.70112,
            11.30402
          ]
        ]
      },
      "properties": {
        "from_bus": "133-12-b-2-a",
        "to_bus": "133-12-F-2",
        "from_pole": "133-12-b-2-a",
        "to_pole": "133-12-F-2",
        "connection_type": "Primary_to_Primary",
        "feeder": "F1",
        "circuit": "Single Phase",
        "geometry_type": "sequential",
        "feature_type": "connection"
      }
    },
    {
      "type": "Feature",
      "id": "line_133-12-F-2_133-12-H-2",
      "geometry": {
        "type": "LineString",
        "coordinates": [
          [
            124.70112,
            11.30402
          ],
          [
            124.70151,
            11.30437
          ]
        ]
      },
      "properties": {
        "from_bus": "133-12-F-2",
        "to_bus": "133-12-H-2",
        "from_pole": "133-12-F-2",
        "to_pole": "133-12-H-2",
        "connection_type": "Primary_to_Primary",
        "feeder": "F1",
        "circuit": "Single Phase",
        "geometry_type": "sequential",
        "feature_type": "connection"
      }
    },
    {
      "type": "Feature",
      "id": "line_133-12-H-2_133-12-b-3",
      "geometry": {
        "type": "LineString",
        "coordinates": [
          [
            124.70151,
            11.30437
          ],
          [
            124.69958,
            11.30267
          ]
        ]
      },
      "properties": {
        "from_bus": "133-12-H-2",
        "to_bus": "133-12-b-3",
        "from_pole": "133-12-H-2",
        "to_pole": "133-12-b-3",
        "connection_type": "Primary_to_Primary",
        "feeder": "F1",
        "circuit": "Single Phase",
        "geometry_type": "sequential",
        "feature_type": "connection"
      }
    },
    {
      "type": "Feature",
      "id": "line_133-12-b-3_133-12-F-3",
      "geometry": {
        "type": "LineString",
        "coordinates": [
          [
            124.69958,
            11.30267
          ],
          [
            124.70184,
            11.30327
          ]
        ]
      },
      "properties": {
        "from_bus": "133-12-b-3",
        "to_bus": "133-12-F-3",
        "from_pole": "133-12-b-3",
        "to_pole": "133-12-F-3",
        "connection_type": "Primary_to_Primary",
        "feeder": "F1",
        "circuit": "Single Phase",
        "geometry_type": "sequential",
        "feature_type": "connection"
      }
    },
    {
      "type": "Feature",
      "id": "line_133-12-F-3_133-12-H-3",
      "geometry": {
        "type": "LineString",
        "coordinates": [
          [
            124.70184,
            11.30327
          ],
          [
            124.70266,
            11.30506
          ]
        ]
      },
      "properties": {
        "from_bus": "133-12-F-3",
        "to_bus": "133-12-H-3",
        "from_pole": "133-12-F-3",
        "to_pole": "133-12-H-3",
        "connection_type": "Primary_to_Primary",
        "feeder": "F1",
        "circuit": "Single Phase",
        "geometry_type": "sequential",
        "feature_type": "connection"
      }
    },
    {
      "type": "Feature",
      "id": "line_133-12-H-3_133-12-b-4",
      "geometry": {
        "type": "LineString",
        "coordinates": [
          [
            124.70266,
            11.30506
          ],
          [
            124.69848,
            11.30296
          ]
        ]
      },
      "properties": {
        "from_bus": "133-12-H-3",
        "to_bus": "133-12-b-4",
        "from_pole": "133-12-H-3",
        "to_pole": "133-12-b-4",
        "connection_type": "Primary_to_Primary",
        "feeder": "F1",
        "circuit": "Single Phase",
        "geometry_type": "sequential",
        "feature_type": "connection"
      }
    },
    {
      "type": "Feature",
      "id": "line_133-12-b-4_133-12-H-4",
      "geometry": {
        "type": "LineString",
        "coordinates": [
          [
            124.69848,
            11.30296
          ],
          [
            124.70294,
            11.30491
          ]
        ]
      },
      "properties": {
        "from_bus": "133-12-b-4",
        "to_bus": "133-12-H-4",
        "from_pole": "133-12-b-4",
        "to_pole": "133-12-H-4",
        "connection_type": "Primary_to_Primary",
        "feeder": "F1",
        "circuit": "Single Phase",
        "geometry_type": "sequential",
        "feature_type": "connection"
      }
    },
    {
      "type": "Feature",
      "id": "line_133-12-H-4_133-12-b-5-a",
      "geometry": {
        "type": "LineString",
        "coordinates": [
          [
            124.70294,
            11.30491
          ],
          [
            124.69754,
            11.30209
          ]
        ]
      },
      "properties": {
        "from_bus": "133-12-H-4",
        "to_bus": "133-12-b-5-a",
        "from_pole": "133-12-H-4",
        "to_pole": "133-12-b-5-a",
        "connection_type": "Primary_to_Primary",
        "feeder": "F1",
        "circuit": "Single Phase",
        "geometry_type": "sequential",
        "feature_type": "connection"
      }
    },
    {
      "type": "Feature",
      "id": "line_133-12-b-5-a_133-12-b-5-A",
      "geometry": {
        "type": "LineString",
        "coordinates": [
          [
            124.69754,
            11.30209
          ],
          [
            124.69754,
            11.30209
          ]
        ]
      },
      "properties": {
        "from_bus": "133-12-b-5-a",
        "to_bus": "133-12-b-5-A",
        "from_pole": "133-12-b-5-a",
        "to_pole": "133-12-b-5-A",
        "connection_type": "Primary_to_Primary",
        "feeder": "F1",
        "circuit": "Single Phase",
        "geometry_type": "sequential",
        "feature_type": "connection"
      }
    },
    {
      "type": "Feature",
      "id": "line_133-12-b-5-A_133-12-H-5",
      "geometry": {
        "type": "LineString",
        "coordinates": [
          [
            124.69754,
            11.30209
          ],
          [
            124.70322,
            11.30502
          ]
        ]
      },
      "properties": {
        "from_bus": "133-12-b-5-A",
        "to_bus": "133-12-H-5",
        "from_pole": "133-12-b-5-A",
        "to_pole": "133-12-H-5",
        "connection_type": "Primary_to_Primary",
        "feeder": "F1",
        "circuit": "Single Phase",
        "geometry_type": "sequential",
        "feature_type": "connection"
      }
    },
    {
      "type": "Feature",
      "id": "line_133-12-H-5_133-12-H-5-A",
      "geometry": {
        "type": "LineString",
        "coordinates": [
          [
            124.70322,
            11.30502
          ],
          [
            124.70421,
            11.30543
          ]
        ]
      },
      "properties": {
        "from_bus": "133-12-H-5",
        "to_bus": "133-12-H-5-A",
        "from_pole": "133-12-H-5",
        "to_pole": "133-12-H-5-A",
        "connection_type": "Primary_to_Primary",
        "feeder": "F1",
        "circuit": "Single Phase",
        "geometry_type": "sequential",
        "feature_type": "connection"
      }
    },
    {
      "type": "Feature",
      "id": "line_133-12-H-5-A_133-12-b-6",
      "geometry": {
        "type": "LineString",
        "coordinates": [
          [
            124.70421,
            11.30543
          ],
          [
            124.69734,
            11.30246
          ]
        ]
      },
      "properties": {
        "from_bus": "133-12-H-5-A",
        "to_bus": "133-12-b-6",
        "from_pole": "133-12-H-5-A",
        "to_pole": "133-12-b-6",
        "connection_type": "Primary_to_Primary",
        "feeder": "F1",
        "circuit": "Single Phase",
        "geometry_type": "sequential",
        "feature_type": "connection"
      }
    },
    {
      "type": "Feature",
      "id": "line_99-2_99-2-a",
      "geometry": {
        "type": "LineString",
        "coordinates": [
          [
            124.68744,
            11.2987
          ],
          [
            124.68737,
            11.29878
          ]
        ]
      },
      "properties": {
        "from_bus": "99-2",
        "to_bus": "99-2-a",
        "from_pole": "99-2",
        "to_pole": "99-2-a",
        "connection_type": "Primary_to_Primary",
        "feeder": "F1",
        "circuit": "V Phase",
        "geometry_type": "sequential",
        "feature_type": "connection"
      }
    },
    {
      "type": "Feature",
      "id": "line_99-2-a_99-3",
      "geometry": {
        "type": "LineString",
        "coordinates": [
          [
            124.68737,
            11.29878
          ],
          [
            124.68737,
            11.29899
          ]
        ]
      },
      "properties": {
        "from_bus": "99-2-a",
        "to_bus": "99-3",
        "from_pole": "99-2-a",
        "to_pole": "99-3",
        "connection_type": "Primary_to_Primary",
        "feeder": "F1",
        "circuit": "V Phase",
        "geometry_type": "sequential",
        "feature_type": "connection"
      }
    },
    {
      "type": "Feature",
      "id": "line_99-4_99-4-A",
      "geometry": {
        "type": "LineString",
        "coordinates": [
          [
            124.68738,
            11.29907
          ],
          [
            124.68738,
            11.29913
          ]
        ]
      },
      "properties": {
        "from_bus": "99-4",
        "to_bus": "99-4-A",
        "from_pole": "99-4",
        "to_pole": "99-4-A",
        "connection_type": "Primary_to_Primary",
        "feeder": "F6",
        "circuit": "V Phase",
        "geometry_type": "sequential",
        "feature_type": "connection"
      }
    },
    {
      "type": "Feature",
      "id": "line_99-4-A_99-4-a",
      "geometry": {
        "type": "LineString",
        "coordinates": [
          [
            124.68738,
            11.29913
          ],
          [
            124.68739,
            11.29916
          ]
        ]
      },
      "properties": {
        "from_bus": "99-4-A",
        "to_bus": "99-4-a",
        "from_pole": "99-4-A",
        "to_pole": "99-4-a",
        "connection_type": "Primary_to_Primary",
        "feeder": "F6",
        "circuit": "V Phase",
        "geometry_type": "sequential",
        "feature_type": "connection"
      }
    },
    {
      "type": "Feature",
      "id": "line_99-4-a_99-5",
      "geometry": {
        "type": "LineString",
        "coordinates": [
          [
            124.68739,
            11.29916
          ],
          [
            124.68688,
            11.29987
          ]
        ]
      },
      "properties": {
        "from_bus": "99-4-a",
        "to_bus": "99-5",
        "from_pole": "99-4-a",
        "to_pole": "99-5",
        "connection_type": "Primary_to_Primary",
        "feeder": "F6",
        "circuit": "V Phase",
        "geometry_type": "sequential",
        "feature_type": "connection"
      }
    },
    {
      "type": "Feature",
      "id": "line_99-5_99-6",
      "geometry": {
        "type": "LineString",
        "coordinates": [
          [
            124.68688,
            11.29987
          ],
          [
            124.68774,
            11.29977
          ]
        ]
      },
      "properties": {
        "from_bus": "99-5",
        "to_bus": "99-6",
        "from_pole": "99-5",
        "to_pole": "99-6",
        "connection_type": "Primary_to_Primary",
        "feeder": "F6",
        "circuit": "V Phase",
        "geometry_type": "sequential",
        "feature_type": "connection"
      }
    },
    {
      "type": "Feature",
      "id": "line_99-6_99-6-A",
      "geometry": {
        "type": "LineString",
        "coordinates": [
          [
            124.68774,
            11.29977
          ],
          [
            124.68787,
            11.30024
          ]
        ]
      },
      "properties": {
        "from_bus": "99-6",
        "to_bus": "99-6-A",
        "from_pole": "99-6",
        "to_pole": "99-6-A",
        "connection_type": "Primary_to_Primary",
        "feeder": "F6",
        "circuit": "V Phase",
        "geometry_type": "sequential",
        "feature_type": "connection"
      }
    },
    {
      "type": "Feature",
      "id": "line_99-6-A_99-6-B",
      "geometry": {
        "type": "LineString",
        "coordinates": [
          [
            124.68787,
            11.30024
          ],
          [
            124.68842,
            11.30027
          ]
        ]
      },
      "properties": {
        "from_bus": "99-6-A",
        "to_bus": "99-6-B",
        "from_pole": "99-6-A",
        "to_pole": "99-6-B",
        "connection_type": "Primary_to_Primary",
        "feeder": "F6",
        "circuit": "V Phase",
        "geometry_type": "sequential",
        "feature_type": "connection"
      }
    },
    {
      "type": "Feature",
      "id": "line_99-6-B_99-6-B-a",
      "geometry": {
        "type": "LineString",
        "coordinates": [
          [
            124.68842,
            11.30027
          ],
          [
            124.68856,
            11.29998
          ]
        ]
      },
      "properties": {
        "from_bus": "99-6-B",
        "to_bus": "99-6-B-a",
        "from_pole": "99-6-B",
        "to_pole": "99-6-B-a",
        "connection_type": "Primary_to_Primary",
        "feeder": "F6",
        "circuit": "V Phase",
        "geometry_type": "sequential",
        "feature_type": "connection"
      }
    },
    {
      "type": "Feature",
      "id": "line_99-6-B-a_99-6-a",
      "geometry": {
        "type": "LineString",
        "coordinates": [
          [
            124.68856,
            11.29998
          ],
          [
            124.68762,
            11.30049
          ]
        ]
      },
      "properties": {
        "from_bus": "99-6-B-a",
        "to_bus": "99-6-a",
        "from_pole": "99-6-B-a",
        "to_pole": "99-6-a",
        "connection_type": "Primary_to_Primary",
        "feeder": "F6",
        "circuit": "V Phase",
        "geometry_type": "sequential",
        "feature_type": "connection"
      }
    },
    {
      "type": "Feature",
      "id": "line_99-6-a_99-7",
      "geometry": {
        "type": "LineString",
        "coordinates": [
          [
            124.68762,
            11.30049
          ],
          [
            124.68669,
            11.30098
          ]
        ]
      },
      "properties": {
        "from_bus": "99-6-a",
        "to_bus": "99-7",
        "from_pole": "99-6-a",
        "to_pole": "99-7",
        "connection_type": "Primary_to_Primary",
        "feeder": "F6",
        "circuit": "V Phase",
        "geometry_type": "sequential",
        "feature_type": "connection"
      }
    },
    {
      "type": "Feature",
      "id": "line_99-7_99-8",
      "geometry": {
        "type": "LineString",
        "coordinates": [
          [
            124.68669,
            11.30098
          ],
          [
            124.6878,
            11.30098
          ]
        ]
      },
      "properties": {
        "from_bus": "99-7",
        "to_bus": "99-8",
        "from_pole": "99-7",
        "to_pole": "99-8",
        "connection_type": "Primary_to_Primary",
        "feeder": "F6",
        "circuit": "V Phase",
        "geometry_type": "sequential",
        "feature_type": "connection"
      }
    },
    {
      "type": "Feature",
      "id": "line_75_82",
      "geometry": {
        "type": "LineString",
        "coordinates": [
          [
            124.57829,
            11.30765
          ],
          [
            124.57378,
            11.30645
          ]
        ]
      },
      "properties": {
        "from_bus": "75",
        "to_bus": "82",
        "from_pole": "75",
        "to_pole": "82",
        "connection_type": "Primary_to_Primary",
        "feeder": "F7",
        "circuit": "3 Phase",
        "geometry_type": "sequential",
        "feature_type": "connection"
      }
    },
    {
      "type": "Feature",
      "id": "line_82_83",
      "geometry": {
        "type": "LineString",
        "coordinates": [
          [
            124.57378,
            11.30645
          ],
          [
            124.57331,
            11.30607
          ]
        ]
      },
      "properties": {
        "from_bus": "82",
        "to_bus": "83",
        "from_pole": "82",
        "to_pole": "83",
        "connection_type": "Primary_to_Primary",
        "feeder": "F7",
        "circuit": "3 Phase",
        "geometry_type": "sequential",
        "feature_type": "connection"
      }
    },
    {
      "type": "Feature",
      "id": "line_83_84",
      "geometry": {
        "type": "LineString",
        "coordinates": [
          [
            124.57331,
            11.30607
          ],
          [
            124.57333,
            11.30528
          ]
        ]
      },
      "properties": {
        "from_bus": "83",
        "to_bus": "84",
        "from_pole": "83",
        "to_pole": "84",
        "connection_type": "Primary_to_Primary",
        "feeder": "F7",
        "circuit": "3 Phase",
        "geometry_type": "sequential",
        "feature_type": "connection"
      }
    },
    {
      "type": "Feature",
      "id": "line_84_85",
      "geometry": {
        "type": "LineString",
        "coordinates": [
          [
            124.57333,
            11.30528
          ],
          [
            124.57306,
            11.30468
          ]
        ]
      },
      "properties": {
        "from_bus": "84",
        "to_bus": "85",
        "from_pole": "84",
        "to_pole": "85",
        "connection_type": "Primary_to_Primary",
        "feeder": "F7",
        "circuit": "3 Phase",
        "geometry_type": "sequential",
        "feature_type": "connection"
      }
    },
    {
      "type": "Feature",
      "id": "line_85_86",
      "geometry": {
        "type": "LineString",
        "coordinates": [
          [
            124.57306,
            11.30468
          ],
          [
            124.57288,
            11.30511
          ]
        ]
      },
      "properties": {
        "from_bus": "85",
        "to_bus": "86",
        "from_pole": "85",
        "to_pole": "86",
        "connection_type": "Primary_to_Primary",
        "feeder": "F7",
        "circuit": "3 Phase",
        "geometry_type": "sequential",
        "feature_type": "connection"
      }
    },
    {
      "type": "Feature",
      "id": "line_86_87",
      "geometry": {
        "type": "LineString",
        "coordinates": [
          [
            124.57288,
            11.30511
          ],
          [
            124.572,
            11.30573
          ]
        ]
      },
      "properties": {
        "from_bus": "86",
        "to_bus": "87",
        "from_pole": "86",
        "to_pole": "87",
        "connection_type": "Primary_to_Primary",
        "feeder": "F7",
        "circuit": "3 Phase",
        "geometry_type": "sequential",
        "feature_type": "connection"
      }
    },
    {
      "type": "Feature",
      "id": "line_87_88",
      "geometry": {
        "type": "LineString",
        "coordinates": [
          [
            124.572,
            11.30573
          ],
          [
            124.57146,
            11.30482
          ]
        ]
      },
      "properties": {
        "from_bus": "87",
        "to_bus": "88",
        "from_pole": "87",
        "to_pole": "88",
        "connection_type": "Primary_to_Primary",
        "feeder": "F7",
        "circuit": "3 Phase",
        "geometry_type": "sequential",
        "feature_type": "connection"
      }
    },
    {
      "type": "Feature",
      "id": "line_88_89",
      "geometry": {
        "type": "LineString",
        "coordinates": [
          [
            124.57146,
            11.30482
          ],
          [
            124.57104,
            11.30365
          ]
        ]
      },
      "properties": {
        "from_bus": "88",
        "to_bus": "89",
        "from_pole": "88",
        "to_pole": "89",
        "connection_type": "Primary_to_Primary",
        "feeder": "F7",
        "circuit": "3 Phase",
        "geometry_type": "sequential",
        "feature_type": "connection"
      }
    },
    {
      "type": "Feature",
      "id": "line_89_90",
      "geometry": {
        "type": "LineString",
        "coordinates": [
          [
            124.57104,
            11.30365
          ],
          [
            124.57104,
            11.30365
          ]
        ]
      },
      "properties": {
        "from_bus": "89",
        "to_bus": "90",
        "from_pole": "89",
        "to_pole": "90",
        "connection_type": "Primary_to_Primary",
        "feeder": "F7",
        "circuit": "3 Phase",
        "geometry_type": "sequential",
        "feature_type": "connection"
      }
    },
    {
      "type": "Feature",
      "id": "line_90_91",
      "geometry": {
        "type": "LineString",
        "coordinates": [
          [
            124.57104,
            11.30365
          ],
          [
            124.57045,
            11.30375
          ]
        ]
      },
      "properties": {
        "from_bus": "90",
        "to_bus": "91",
        "from_pole": "90",
        "to_pole": "91",
        "connection_type": "Primary_to_Primary",
        "feeder": "F7",
        "circuit": "3 Phase",
        "geometry_type": "sequential",
        "feature_type": "connection"
      }
    },
    {
      "type": "Feature",
      "id": "line_91_92",
      "geometry": {
        "type": "LineString",
        "coordinates": [
          [
            124.57045,
            11.30375
          ],
          [
            124.57087,
            11.30225
          ]
        ]
      },
      "properties": {
        "from_bus": "91",
        "to_bus": "92",
        "from_pole": "91",
        "to_pole": "92",
        "connection_type": "Primary_to_Primary",
        "feeder": "F7",
        "circuit": "3 Phase",
        "geometry_type": "sequential",
        "feature_type": "connection"
      }
    },
    {
      "type": "Feature",
      "id": "line_92_93",
      "geometry": {
        "type": "LineString",
        "coordinates": [
          [
            124.57087,
            11.30225
          ],
          [
            124.56937,
            11.30301
          ]
        ]
      },
      "properties": {
        "from_bus": "92",
        "to_bus": "93",
        "from_pole": "92",
        "to_pole": "93",
        "connection_type": "Primary_to_Primary",
        "feeder": "F7",
        "circuit": "3 Phase",
        "geometry_type": "sequential",
        "feature_type": "connection"
      }
    },
    {
      "type": "Feature",
      "id": "line_93_94",
      "geometry": {
        "type": "LineString",
        "coordinates": [
          [
            124.56937,
            11.30301
          ],
          [
            124.56937,
            11.30301
          ]
        ]
      },
      "properties": {
        "from_bus": "93",
        "to_bus": "94",
        "from_pole": "93",
        "to_pole": "94",
        "connection_type": "Primary_to_Primary",
        "feeder": "F7",
        "circuit": "3 Phase",
        "geometry_type": "sequential",
        "feature_type": "connection"
      }
    },
    {
      "type": "Feature",
      "id": "line_94_95",
      "geometry": {
        "type": "LineString",
        "coordinates": [
          [
            124.56937,
            11.30301
          ],
          [
            124.56891,
            11.30206
          ]
        ]
      },
      "properties": {
        "from_bus": "94",
        "to_bus": "95",
        "from_pole": "94",
        "to_pole": "95",
        "connection_type": "Primary_to_Primary",
        "feeder": "F7",
        "circuit": "3 Phase",
        "geometry_type": "sequential",
        "feature_type": "connection"
      }
    },
    {
      "type": "Feature",
      "id": "line_95_96",
      "geometry": {
        "type": "LineString",
        "coordinates": [
          [
            124.56891,
            11.30206
          ],
          [
            124.5693,
            11.30289
          ]
        ]
      },
      "properties": {
        "from_bus": "95",
        "to_bus": "96",
        "from_pole": "95",
        "to_pole": "96",
        "connection_type": "Primary_to_Primary",
        "feeder": "F7",
        "circuit": "3 Phase",
        "geometry_type": "sequential",
        "feature_type": "connection"
      }
    },
    {
      "type": "Feature",
      "id": "line_96_97",
      "geometry": {
        "type": "LineString",
        "coordinates": [
          [
            124.5693,
            11.30289
          ],
          [
            124.5688,
            11.30338
          ]
        ]
      },
      "properties": {
        "from_bus": "96",
        "to_bus": "97",
        "from_pole": "96",
        "to_pole": "97",
        "connection_type": "Primary_to_Primary",
        "feeder": "F7",
        "circuit": "3 Phase",
        "geometry_type": "sequential",
        "feature_type": "connection"
      }
    },
    {
      "type": "Feature",
      "id": "line_97_98",
      "geometry": {
        "type": "LineString",
        "coordinates": [
          [
            124.5688,
            11.30338
          ],
          [
            124.56806,
            11.30358
          ]
        ]
      },
      "properties": {
        "from_bus": "97",
        "to_bus": "98",
        "from_pole": "97",
        "to_pole": "98",
        "connection_type": "Primary_to_Primary",
        "feeder": "F7",
        "circuit": "3 Phase",
        "geometry_type": "sequential",
        "feature_type": "connection"
      }
    },
    {
      "type": "Feature",
      "id": "line_98_99",
      "geometry": {
        "type": "LineString",
        "coordinates": [
          [
            124.56806,
            11.30358
          ],
          [
            124.56806,
            11.30358
          ]
        ]
      },
      "properties": {
        "from_bus": "98",
        "to_bus": "99",
        "from_pole": "98",
        "to_pole": "99",
        "connection_type": "Primary_to_Primary",
        "feeder": "F7",
        "circuit": "3 Phase",
        "geometry_type": "sequential",
        "feature_type": "connection"
      }
    },
    {
      "type": "Feature",
      "id": "line_99_104",
      "geometry": {
        "type": "LineString",
        "coordinates": [
          [
            124.56806,
            11.30358
          ],
          [
            124.56761,
            11.30132
          ]
        ]
      },
      "properties": {
        "from_bus": "99",
        "to_bus": "104",
        "from_pole": "99",
        "to_pole": "104",
        "connection_type": "Primary_to_Primary",
        "feeder": "F7",
        "circuit": "3 Phase",
        "geometry_type": "sequential",
        "feature_type": "connection"
      }
    },
    {
      "type": "Feature",
      "id": "line_104_105",
      "geometry": {
        "type": "LineString",
        "coordinates": [
          [
            124.56761,
            11.30132
          ],
          [
            124.56764,
            11.30055
          ]
        ]
      },
      "properties": {
        "from_bus": "104",
        "to_bus": "105",
        "from_pole": "104",
        "to_pole": "105",
        "connection_type": "Primary_to_Primary",
        "feeder": "F7",
        "circuit": "3 Phase",
        "geometry_type": "sequential",
        "feature_type": "connection"
      }
    },
    {
      "type": "Feature",
      "id": "line_105_106",
      "geometry": {
        "type": "LineString",
        "coordinates": [
          [
            124.56764,
            11.30055
          ],
          [
            124.56749,
            11.30051
          ]
        ]
      },
      "properties": {
        "from_bus": "105",
        "to_bus": "106",
        "from_pole": "105",
        "to_pole": "106",
        "connection_type": "Primary_to_Primary",
        "feeder": "F7",
        "circuit": "3 Phase",
        "geometry_type": "sequential",
        "feature_type": "connection"
      }
    },
    {
      "type": "Feature",
      "id": "line_106_107",
      "geometry": {
        "type": "LineString",
        "coordinates": [
          [
            124.56749,
            11.30051
          ],
          [
            124.56749,
            11.30051
          ]
        ]
      },
      "properties": {
        "from_bus": "106",
        "to_bus": "107",
        "from_pole": "106",
        "to_pole": "107",
        "connection_type": "Primary_to_Primary",
        "feeder": "F7",
        "circuit": "3 Phase",
        "geometry_type": "sequential",
        "feature_type": "connection"
      }
    },
    {
      "type": "Feature",
      "id": "line_107_108",
      "geometry": {
        "type": "LineString",
        "coordinates": [
          [
            124.56749,
            11.30051
          ],
          [
            124.5663,
            11.30026
          ]
        ]
      },
      "properties": {
        "from_bus": "107",
        "to_bus": "108",
        "from_pole": "107",
        "to_pole": "108",
        "connection_type": "Primary_to_Primary",
        "feeder": "F7",
        "circuit": "3 Phase",
        "geometry_type": "sequential",
        "feature_type": "connection"
      }
    },
    {
      "type": "Feature",
      "id": "line_108_109",
      "geometry": {
        "type": "LineString",
        "coordinates": [
          [
            124.5663,
            11.30026
          ],
          [
            124.5663,
            11.30026
          ]
        ]
      },
      "properties": {
        "from_bus": "108",
        "to_bus": "109",
        "from_pole": "108",
        "to_pole": "109",
        "connection_type": "Primary_to_Primary",
        "feeder": "F7",
        "circuit": "3 Phase",
        "geometry_type": "sequential",
        "feature_type": "connection"
      }
    },
    {
      "type": "Feature",
      "id": "line_109_110",
      "geometry": {
        "type": "LineString",
        "coordinates": [
          [
            124.5663,
            11.30026
          ],
          [
            124.5663,
            11.30026
          ]
        ]
      },
      "properties": {
        "from_bus": "109",
        "to_bus": "110",
        "from_pole": "109",
        "to_pole": "110",
        "connection_type": "Primary_to_Primary",
        "feeder": "F7",
        "circuit": "3 Phase",
        "geometry_type": "sequential",
        "feature_type": "connection"
      }
    },
    {
      "type": "Feature",
      "id": "line_110_111",
      "geometry": {
        "type": "LineString",
        "coordinates": [
          [
            124.5663,
            11.30026
          ],
          [
            124.56564,
            11.29846
          ]
        ]
      },
      "properties": {
        "from_bus": "110",
        "to_bus": "111",
        "from_pole": "110",
        "to_pole": "111",
        "connection_type": "Primary_to_Primary",
        "feeder": "F7",
        "circuit": "3 Phase",
        "geometry_type": "sequential",
        "feature_type": "connection"
      }
    },
    {
      "type": "Feature",
      "id": "line_111_112",
      "geometry": {
        "type": "LineString",
        "coordinates": [
          [
            124.56564,
            11.29846
          ],
          [
            124.56571,
            11.2981
          ]
        ]
      },
      "properties": {
        "from_bus": "111",
        "to_bus": "112",
        "from_pole": "111",
        "to_pole": "112",
        "connection_type": "Primary_to_Primary",
        "feeder": "F7",
        "circuit": "3 Phase",
        "geometry_type": "sequential",
        "feature_type": "connection"
      }
    },
    {
      "type": "Feature",
      "id": "line_112_113",
      "geometry": {
        "type": "LineString",
        "coordinates": [
          [
            124.56571,
            11.2981
          ],
          [
            124.56642,
            11.29782
          ]
        ]
      },
      "properties": {
        "from_bus": "112",
        "to_bus": "113",
        "from_pole": "112",
        "to_pole": "113",
        "connection_type": "Primary_to_Primary",
        "feeder": "F7",
        "circuit": "3 Phase",
        "geometry_type": "sequential",
        "feature_type": "connection"
      }
    },
    {
      "type": "Feature",
      "id": "line_113_117",
      "geometry": {
        "type": "LineString",
        "coordinates": [
          [
            124.56642,
            11.29782
          ],
          [
            124.56822,
            11.29593
          ]
        ]
      },
      "properties": {
        "from_bus": "113",
        "to_bus": "117",
        "from_pole": "113",
        "to_pole": "117",
        "connection_type": "Primary_to_Primary",
        "feeder": "F7",
        "circuit": "3 Phase",
        "geometry_type": "sequential",
        "feature_type": "connection"
      }
    },
    {
      "type": "Feature",
      "id": "line_117_118",
      "geometry": {
        "type": "LineString",
        "coordinates": [
          [
            124.56822,
            11.29593
          ],
          [
            124.56822,
            11.29593
          ]
        ]
      },
      "properties": {
        "from_bus": "117",
        "to_bus": "118",
        "from_pole": "117",
        "to_pole": "118",
        "connection_type": "Primary_to_Primary",
        "feeder": "F7",
        "circuit": "3 Phase",
        "geometry_type": "sequential",
        "feature_type": "connection"
      }
    },
    {
      "type": "Feature",
      "id": "line_118_119",
      "geometry": {
        "type": "LineString",
        "coordinates": [
          [
            124.56822,
            11.29593
          ],
          [
            124.56822,
            11.29593
          ]
        ]
      },
      "properties": {
        "from_bus": "118",
        "to_bus": "119",
        "from_pole": "118",
        "to_pole": "119",
        "connection_type": "Primary_to_Primary",
        "feeder": "F7",
        "circuit": "3 Phase",
        "geometry_type": "sequential",
        "feature_type": "connection"
      }
    },
    {
      "type": "Feature",
      "id": "line_119_120",
      "geometry": {
        "type": "LineString",
        "coordinates": [
          [
            124.56822,
            11.29593
          ],
          [
            124.56918,
            11.29537
          ]
        ]
      },
      "properties": {
        "from_bus": "119",
        "to_bus": "120",
        "from_pole": "119",
        "to_pole": "120",
        "connection_type": "Primary_to_Primary",
        "feeder": "F7",
        "circuit": "3 Phase",
        "geometry_type": "sequential",
        "feature_type": "connection"
      }
    },
    {
      "type": "Feature",
      "id": "line_120_121",
      "geometry": {
        "type": "LineString",
        "coordinates": [
          [
            124.56918,
            11.29537
          ],
          [
            124.56917,
            11.29446
          ]
        ]
      },
      "properties": {
        "from_bus": "120",
        "to_bus": "121",
        "from_pole": "120",
        "to_pole": "121",
        "connection_type": "Primary_to_Primary",
        "feeder": "F7",
        "circuit": "3 Phase",
        "geometry_type": "sequential",
        "feature_type": "connection"
      }
    },
    {
      "type": "Feature",
      "id": "line_121_122",
      "geometry": {
        "type": "LineString",
        "coordinates": [
          [
            124.56917,
            11.29446
          ],
          [
            124.56787,
            11.29396
          ]
        ]
      },
      "properties": {
        "from_bus": "121",
        "to_bus": "122",
        "from_pole": "121",
        "to_pole": "122",
        "connection_type": "Primary_to_Primary",
        "feeder": "F7",
        "circuit": "3 Phase",
        "geometry_type": "sequential",
        "feature_type": "connection"
      }
    },
    {
      "type": "Feature",
      "id": "line_122_123",
      "geometry": {
        "type": "LineString",
        "coordinates": [
          [
            124.56787,
            11.29396
          ],
          [
            124.56755,
            11.29278
          ]
        ]
      },
      "properties": {
        "from_bus": "122",
        "to_bus": "123",
        "from_pole": "122",
        "to_pole": "123",
        "connection_type": "Primary_to_Primary",
        "feeder": "F7",
        "circuit": "3 Phase",
        "geometry_type": "sequential",
        "feature_type": "connection"
      }
    },
    {
      "type": "Feature",
      "id": "line_123_124",
      "geometry": {
        "type": "LineString",
        "coordinates": [
          [
            124.56755,
            11.29278
          ],
          [
            124.56649,
            11.29258
          ]
        ]
      },
      "properties": {
        "from_bus": "123",
        "to_bus": "124",
        "from_pole": "123",
        "to_pole": "124",
        "connection_type": "Primary_to_Primary",
        "feeder": "F7",
        "circuit": "3 Phase",
        "geometry_type": "sequential",
        "feature_type": "connection"
      }
    },
    {
      "type": "Feature",
      "id": "line_124_125",
      "geometry": {
        "type": "LineString",
        "coordinates": [
          [
            124.56649,
            11.29258
          ],
          [
            124.56794,
            11.29224
          ]
        ]
      },
      "properties": {
        "from_bus": "124",
        "to_bus": "125",
        "from_pole": "124",
        "to_pole": "125",
        "connection_type": "Primary_to_Primary",
        "feeder": "F7",
        "circuit": "3 Phase",
        "geometry_type": "sequential",
        "feature_type": "connection"
      }
    },
    {
      "type": "Feature",
      "id": "line_125_126",
      "geometry": {
        "type": "LineString",
        "coordinates": [
          [
            124.56794,
            11.29224
          ],
          [
            124.57006,
            11.29209
          ]
        ]
      },
      "properties": {
        "from_bus": "125",
        "to_bus": "126",
        "from_pole": "125",
        "to_pole": "126",
        "connection_type": "Primary_to_Primary",
        "feeder": "F7",
        "circuit": "3 Phase",
        "geometry_type": "sequential",
        "feature_type": "connection"
      }
    },
    {
      "type": "Feature",
      "id": "line_126_127",
      "geometry": {
        "type": "LineString",
        "coordinates": [
          [
            124.57006,
            11.29209
          ],
          [
            124.56891,
            11.29115
          ]
        ]
      },
      "properties": {
        "from_bus": "126",
        "to_bus": "127",
        "from_pole": "126",
        "to_pole": "127",
        "connection_type": "Primary_to_Primary",
        "feeder": "F7",
        "circuit": "3 Phase",
        "geometry_type": "sequential",
        "feature_type": "connection"
      }
    },
    {
      "type": "Feature",
      "id": "line_127_128",
      "geometry": {
        "type": "LineString",
        "coordinates": [
          [
            124.56891,
            11.29115
          ],
          [
            124.56862,
            11.29076
          ]
        ]
      },
      "properties": {
        "from_bus": "127",
        "to_bus": "128",
        "from_pole": "127",
        "to_pole": "128",
        "connection_type": "Primary_to_Primary",
        "feeder": "F7",
        "circuit": "3 Phase",
        "geometry_type": "sequential",
        "feature_type": "connection"
      }
    },
    {
      "type": "Feature",
      "id": "line_128_129",
      "geometry": {
        "type": "LineString",
        "coordinates": [
          [
            124.56862,
            11.29076
          ],
          [
            124.56833,
            11.29048
          ]
        ]
      },
      "properties": {
        "from_bus": "128",
        "to_bus": "129",
        "from_pole": "128",
        "to_pole": "129",
        "connection_type": "Primary_to_Primary",
        "feeder": "F7",
        "circuit": "3 Phase",
        "geometry_type": "sequential",
        "feature_type": "connection"
      }
    },
    {
      "type": "Feature",
      "id": "line_129_130",
      "geometry": {
        "type": "LineString",
        "coordinates": [
          [
            124.56833,
            11.29048
          ],
          [
            124.5685,
            11.29
          ]
        ]
      },
      "properties": {
        "from_bus": "129",
        "to_bus": "130",
        "from_pole": "129",
        "to_pole": "130",
        "connection_type": "Primary_to_Primary",
        "feeder": "F7",
        "circuit": "3 Phase",
        "geometry_type": "sequential",
        "feature_type": "connection"
      }
    },
    {
      "type": "Feature",
      "id": "line_130_131",
      "geometry": {
        "type": "LineString",
        "coordinates": [
          [
            124.5685,
            11.29
          ],
          [
            124.5685,
            11.28949
          ]
        ]
      },
      "properties": {
        "from_bus": "130",
        "to_bus": "131",
        "from_pole": "130",
        "to_pole": "131",
        "connection_type": "Primary_to_Primary",
        "feeder": "F7",
        "circuit": "3 Phase",
        "geometry_type": "sequential",
        "feature_type": "connection"
      }
    },
    {
      "type": "Feature",
      "id": "line_131_137",
      "geometry": {
        "type": "LineString",
        "coordinates": [
          [
            124.5685,
            11.28949
          ],
          [
            124.56571,
            11.28866
          ]
        ]
      },
      "properties": {
        "from_bus": "131",
        "to_bus": "137",
        "from_pole": "131",
        "to_pole": "137",
        "connection_type": "Primary_to_Primary",
        "feeder": "F7",
        "circuit": "3 Phase",
        "geometry_type": "sequential",
        "feature_type": "connection"
      }
    },
    {
      "type": "Feature",
      "id": "line_137_138",
      "geometry": {
        "type": "LineString",
        "coordinates": [
          [
            124.56571,
            11.28866
          ],
          [
            124.56579,
            11.28817
          ]
        ]
      },
      "properties": {
        "from_bus": "137",
        "to_bus": "138",
        "from_pole": "137",
        "to_pole": "138",
        "connection_type": "Primary_to_Primary",
        "feeder": "F7",
        "circuit": "3 Phase",
        "geometry_type": "sequential",
        "feature_type": "connection"
      }
    },
    {
      "type": "Feature",
      "id": "line_138_139",
      "geometry": {
        "type": "LineString",
        "coordinates": [
          [
            124.56579,
            11.28817
          ],
          [
            124.56562,
            11.28658
          ]
        ]
      },
      "properties": {
        "from_bus": "138",
        "to_bus": "139",
        "from_pole": "138",
        "to_pole": "139",
        "connection_type": "Primary_to_Primary",
        "feeder": "F7",
        "circuit": "3 Phase",
        "geometry_type": "sequential",
        "feature_type": "connection"
      }
    },
    {
      "type": "Feature",
      "id": "line_139_141",
      "geometry": {
        "type": "LineString",
        "coordinates": [
          [
            124.56562,
            11.28658
          ],
          [
            124.56478,
            11.28642
          ]
        ]
      },
      "properties": {
        "from_bus": "139",
        "to_bus": "141",
        "from_pole": "139",
        "to_pole": "141",
        "connection_type": "Primary_to_Primary",
        "feeder": "F7",
        "circuit": "3 Phase",
        "geometry_type": "sequential",
        "feature_type": "connection"
      }
    },
    {
      "type": "Feature",
      "id": "line_141_142",
      "geometry": {
        "type": "LineString",
        "coordinates": [
          [
            124.56478,
            11.28642
          ],
          [
            124.56467,
            11.28606
          ]
        ]
      },
      "properties": {
        "from_bus": "141",
        "to_bus": "142",
        "from_pole": "141",
        "to_pole": "142",
        "connection_type": "Primary_to_Primary",
        "feeder": "F7",
        "circuit": "3 Phase",
        "geometry_type": "sequential",
        "feature_type": "connection"
      }
    },
    {
      "type": "Feature",
      "id": "line_142_143",
      "geometry": {
        "type": "LineString",
        "coordinates": [
          [
            124.56467,
            11.28606
          ],
          [
            124.56449,
            11.28566
          ]
        ]
      },
      "properties": {
        "from_bus": "142",
        "to_bus": "143",
        "from_pole": "142",
        "to_pole": "143",
        "connection_type": "Primary_to_Primary",
        "feeder": "F7",
        "circuit": "3 Phase",
        "geometry_type": "sequential",
        "feature_type": "connection"
      }
    },
    {
      "type": "Feature",
      "id": "line_143_144",
      "geometry": {
        "type": "LineString",
        "coordinates": [
          [
            124.56449,
            11.28566
          ],
          [
            124.5644,
            11.28469
          ]
        ]
      },
      "properties": {
        "from_bus": "143",
        "to_bus": "144",
        "from_pole": "143",
        "to_pole": "144",
        "connection_type": "Primary_to_Primary",
        "feeder": "F7",
        "circuit": "3 Phase",
        "geometry_type": "sequential",
        "feature_type": "connection"
      }
    },
    {
      "type": "Feature",
      "id": "line_144_145",
      "geometry": {
        "type": "LineString",
        "coordinates": [
          [
            124.5644,
            11.28469
          ],
          [
            124.56443,
            11.28395
          ]
        ]
      },
      "properties": {
        "from_bus": "144",
        "to_bus": "145",
        "from_pole": "144",
        "to_pole": "145",
        "connection_type": "Primary_to_Primary",
        "feeder": "F7",
        "circuit": "3 Phase",
        "geometry_type": "sequential",
        "feature_type": "connection"
      }
    },
    {
      "type": "Feature",
      "id": "line_145_148",
      "geometry": {
        "type": "LineString",
        "coordinates": [
          [
            124.56443,
            11.28395
          ],
          [
            124.56403,
            11.28326
          ]
        ]
      },
      "properties": {
        "from_bus": "145",
        "to_bus": "148",
        "from_pole": "145",
        "to_pole": "148",
        "connection_type": "Primary_to_Primary",
        "feeder": "F7",
        "circuit": "3 Phase",
        "geometry_type": "sequential",
        "feature_type": "connection"
      }
    },
    {
      "type": "Feature",
      "id": "line_148_149",
      "geometry": {
        "type": "LineString",
        "coordinates": [
          [
            124.56403,
            11.28326
          ],
          [
            124.56403,
            11.28326
          ]
        ]
      },
      "properties": {
        "from_bus": "148",
        "to_bus": "149",
        "from_pole": "148",
        "to_pole": "149",
        "connection_type": "Primary_to_Primary",
        "feeder": "F7",
        "circuit": "3 Phase",
        "geometry_type": "sequential",
        "feature_type": "connection"
      }
    },
    {
      "type": "Feature",
      "id": "line_149_135-1",
      "geometry": {
        "type": "LineString",
        "coordinates": [
          [
            124.56403,
            11.28326
          ],
          [
            124.566,
            11.28905
          ]
        ]
      },
      "properties": {
        "from_bus": "149",
        "to_bus": "135-1",
        "from_pole": "149",
        "to_pole": "135-1",
        "connection_type": "Primary_to_Primary",
        "feeder": "F7",
        "circuit": "3 Phase",
        "geometry_type": "sequential",
        "feature_type": "connection"
      }
    },
    {
      "type": "Feature",
      "id": "line_135-1_135-2",
      "geometry": {
        "type": "LineString",
        "coordinates": [
          [
            124.566,
            11.28905
          ],
          [
            124.56604,
            11.28907
          ]
        ]
      },
      "properties": {
        "from_bus": "135-1",
        "to_bus": "135-2",
        "from_pole": "135-1",
        "to_pole": "135-2",
        "connection_type": "Primary_to_Primary",
        "feeder": "F7",
        "circuit": "3 Phase",
        "geometry_type": "sequential",
        "feature_type": "connection"
      }
    },
    {
      "type": "Feature",
      "id": "line_135-2_135-3",
      "geometry": {
        "type": "LineString",
        "coordinates": [
          [
            124.56604,
            11.28907
          ],
          [
            124.56533,
            11.28921
          ]
        ]
      },
      "properties": {
        "from_bus": "135-2",
        "to_bus": "135-3",
        "from_pole": "135-2",
        "to_pole": "135-3",
        "connection_type": "Primary_to_Primary",
        "feeder": "F7",
        "circuit": "3 Phase",
        "geometry_type": "sequential",
        "feature_type": "connection"
      }
    },
    {
      "type": "Feature",
      "id": "line_135-3_135-4",
      "geometry": {
        "type": "LineString",
        "coordinates": [
          [
            124.56533,
            11.28921
          ],
          [
            124.56506,
            11.29026
          ]
        ]
      },
      "properties": {
        "from_bus": "135-3",
        "to_bus": "135-4",
        "from_pole": "135-3",
        "to_pole": "135-4",
        "connection_type": "Primary_to_Primary",
        "feeder": "F7",
        "circuit": "3 Phase",
        "geometry_type": "sequential",
        "feature_type": "connection"
      }
    },
    {
      "type": "Feature",
      "id": "line_135-4_135-5",
      "geometry": {
        "type": "LineString",
        "coordinates": [
          [
            124.56506,
            11.29026
          ],
          [
            124.56456,
            11.29105
          ]
        ]
      },
      "properties": {
        "from_bus": "135-4",
        "to_bus": "135-5",
        "from_pole": "135-4",
        "to_pole": "135-5",
        "connection_type": "Primary_to_Primary",
        "feeder": "F7",
        "circuit": "3 Phase",
        "geometry_type": "sequential",
        "feature_type": "connection"
      }
    },
    {
      "type": "Feature",
      "id": "line_135-5_135-6",
      "geometry": {
        "type": "LineString",
        "coordinates": [
          [
            124.56456,
            11.29105
          ],
          [
            124.56449,
            11.29107
          ]
        ]
      },
      "properties": {
        "from_bus": "135-5",
        "to_bus": "135-6",
        "from_pole": "135-5",
        "to_pole": "135-6",
        "connection_type": "Primary_to_Primary",
        "feeder": "F7",
        "circuit": "3 Phase",
        "geometry_type": "sequential",
        "feature_type": "connection"
      }
    },
    {
      "type": "Feature",
      "id": "line_135-6_135-7",
      "geometry": {
        "type": "LineString",
        "coordinates": [
          [
            124.56449,
            11.29107
          ],
          [
            124.56299,
            11.29125
          ]
        ]
      },
      "properties": {
        "from_bus": "135-6",
        "to_bus": "135-7",
        "from_pole": "135-6",
        "to_pole": "135-7",
        "connection_type": "Primary_to_Primary",
        "feeder": "F7",
        "circuit": "3 Phase",
        "geometry_type": "sequential",
        "feature_type": "connection"
      }
    },
    {
      "type": "Feature",
      "id": "line_135-7_135-8",
      "geometry": {
        "type": "LineString",
        "coordinates": [
          [
            124.56299,
            11.29125
          ],
          [
            124.5625,
            11.292
          ]
        ]
      },
      "properties": {
        "from_bus": "135-7",
        "to_bus": "135-8",
        "from_pole": "135-7",
        "to_pole": "135-8",
        "connection_type": "Primary_to_Primary",
        "feeder": "F7",
        "circuit": "3 Phase",
        "geometry_type": "sequential",
        "feature_type": "connection"
      }
    },
    {
      "type": "Feature",
      "id": "line_135-8_135-9",
      "geometry": {
        "type": "LineString",
        "coordinates": [
          [
            124.5625,
            11.292
          ],
          [
            124.56233,
            11.29306
          ]
        ]
      },
      "properties": {
        "from_bus": "135-8",
        "to_bus": "135-9",
        "from_pole": "135-8",
        "to_pole": "1359",
        "connection_type": "Primary_to_Primary",
        "feeder": "F7",
        "circuit": "3 Phase",
        "geometry_type": "sequential",
        "feature_type": "connection"
      }
    },
    {
      "type": "Feature",
      "id": "line_135-9_135-9",
      "geometry": {
        "type": "LineString",
        "coordinates": [
          [
            124.56233,
            11.29306
          ],
          [
            124.56233,
            11.29306
          ]
        ]
      },
      "properties": {
        "from_bus": "135-9",
        "to_bus": "135-9",
        "from_pole": "1359",
        "to_pole": "135-9",
        "connection_type": "Primary_to_Primary",
        "feeder": "F7",
        "circuit": "3 Phase",
        "geometry_type": "sequential",
        "feature_type": "connection"
      }
    },
    {
      "type": "Feature",
      "id": "line_135-9_141-1",
      "geometry": {
        "type": "LineString",
        "coordinates": [
          [
            124.56233,
            11.29306
          ],
          [
            124.56479,
            11.28637
          ]
        ]
      },
      "properties": {
        "from_bus": "135-9",
        "to_bus": "141-1",
        "from_pole": "135-9",
        "to_pole": "141-1",
        "connection_type": "Primary_to_Primary",
        "feeder": "F7",
        "circuit": "3 Phase",
        "geometry_type": "sequential",
        "feature_type": "connection"
      }
    },
    {
      "type": "Feature",
      "id": "line_141-1_135-10",
      "geometry": {
        "type": "LineString",
        "coordinates": [
          [
            124.56479,
            11.28637
          ],
          [
            124.56227,
            11.29307
          ]
        ]
      },
      "properties": {
        "from_bus": "141-1",
        "to_bus": "135-10",
        "from_pole": "141-1",
        "to_pole": "135-10",
        "connection_type": "Primary_to_Primary",
        "feeder": "F7",
        "circuit": "3 Phase",
        "geometry_type": "sequential",
        "feature_type": "connection"
      }
    },
    {
      "type": "Feature",
      "id": "line_135-10_135-11",
      "geometry": {
        "type": "LineString",
        "coordinates": [
          [
            124.56227,
            11.29307
          ],
          [
            124.56171,
            11.29377
          ]
        ]
      },
      "properties": {
        "from_bus": "135-10",
        "to_bus": "135-11",
        "from_pole": "135-10",
        "to_pole": "135-11",
        "connection_type": "Primary_to_Primary",
        "feeder": "F7",
        "circuit": "3 Phase",
        "geometry_type": "sequential",
        "feature_type": "connection"
      }
    },
    {
      "type": "Feature",
      "id": "line_135-11_135-12",
      "geometry": {
        "type": "LineString",
        "coordinates": [
          [
            124.56171,
            11.29377
          ],
          [
            124.56219,
            11.29454
          ]
        ]
      },
      "properties": {
        "from_bus": "135-11",
        "to_bus": "135-12",
        "from_pole": "135-11",
        "to_pole": "135-12",
        "connection_type": "Primary_to_Primary",
        "feeder": "F7",
        "circuit": "3 Phase",
        "geometry_type": "sequential",
        "feature_type": "connection"
      }
    },
    {
      "type": "Feature",
      "id": "line_135-12_135-13",
      "geometry": {
        "type": "LineString",
        "coordinates": [
          [
            124.56219,
            11.29454
          ],
          [
            124.56212,
            11.29449
          ]
        ]
      },
      "properties": {
        "from_bus": "135-12",
        "to_bus": "135-13",
        "from_pole": "135-12",
        "to_pole": "135-13",
        "connection_type": "Primary_to_Primary",
        "feeder": "F7",
        "circuit": "3 Phase",
        "geometry_type": "sequential",
        "feature_type": "connection"
      }
    },
    {
      "type": "Feature",
      "id": "line_135-13_135-14",
      "geometry": {
        "type": "LineString",
        "coordinates": [
          [
            124.56212,
            11.29449
          ],
          [
            124.56135,
            11.29642
          ]
        ]
      },
      "properties": {
        "from_bus": "135-13",
        "to_bus": "135-14",
        "from_pole": "135-13",
        "to_pole": "135-14",
        "connection_type": "Primary_to_Primary",
        "feeder": "F7",
        "circuit": "3 Phase",
        "geometry_type": "sequential",
        "feature_type": "connection"
      }
    },
    {
      "type": "Feature",
      "id": "line_135-14_135-15",
      "geometry": {
        "type": "LineString",
        "coordinates": [
          [
            124.56135,
            11.29642
          ],
          [
            124.56129,
            11.29671
          ]
        ]
      },
      "properties": {
        "from_bus": "135-14",
        "to_bus": "135-15",
        "from_pole": "135-14",
        "to_pole": "135-15",
        "connection_type": "Primary_to_Primary",
        "feeder": "F7",
        "circuit": "3 Phase",
        "geometry_type": "sequential",
        "feature_type": "connection"
      }
    },
    {
      "type": "Feature",
      "id": "line_135-15_135-16",
      "geometry": {
        "type": "LineString",
        "coordinates": [
          [
            124.56129,
            11.29671
          ],
          [
            124.56076,
            11.29714
          ]
        ]
      },
      "properties": {
        "from_bus": "135-15",
        "to_bus": "135-16",
        "from_pole": "135-15",
        "to_pole": "135-16",
        "connection_type": "Primary_to_Primary",
        "feeder": "F7",
        "circuit": "3 Phase",
        "geometry_type": "sequential",
        "feature_type": "connection"
      }
    },
    {
      "type": "Feature",
      "id": "line_135-16_135-17",
      "geometry": {
        "type": "LineString",
        "coordinates": [
          [
            124.56076,
            11.29714
          ],
          [
            124.56022,
            11.29778
          ]
        ]
      },
      "properties": {
        "from_bus": "135-16",
        "to_bus": "135-17",
        "from_pole": "135-16",
        "to_pole": "135-17",
        "connection_type": "Primary_to_Primary",
        "feeder": "F7",
        "circuit": "3 Phase",
        "geometry_type": "sequential",
        "feature_type": "connection"
      }
    },
    {
      "type": "Feature",
      "id": "line_135-17_135-18",
      "geometry": {
        "type": "LineString",
        "coordinates": [
          [
            124.56022,
            11.29778
          ],
          [
            124.55974,
            11.29846
          ]
        ]
      },
      "properties": {
        "from_bus": "135-17",
        "to_bus": "135-18",
        "from_pole": "135-17",
        "to_pole": "135-18",
        "connection_type": "Primary_to_Primary",
        "feeder": "F7",
        "circuit": "3 Phase",
        "geometry_type": "sequential",
        "feature_type": "connection"
      }
    },
    {
      "type": "Feature",
      "id": "line_135-18_135-19",
      "geometry": {
        "type": "LineString",
        "coordinates": [
          [
            124.55974,
            11.29846
          ],
          [
            124.55915,
            11.29917
          ]
        ]
      },
      "properties": {
        "from_bus": "135-18",
        "to_bus": "135-19",
        "from_pole": "135-18",
        "to_pole": "135-19",
        "connection_type": "Primary_to_Primary",
        "feeder": "F7",
        "circuit": "3 Phase",
        "geometry_type": "sequential",
        "feature_type": "connection"
      }
    },
    {
      "type": "Feature",
      "id": "line_135-19_135-20",
      "geometry": {
        "type": "LineString",
        "coordinates": [
          [
            124.55915,
            11.29917
          ],
          [
            124.55877,
            11.29964
          ]
        ]
      },
      "properties": {
        "from_bus": "135-19",
        "to_bus": "135-20",
        "from_pole": "135-19",
        "to_pole": "135-20",
        "connection_type": "Primary_to_Primary",
        "feeder": "F7",
        "circuit": "3 Phase",
        "geometry_type": "sequential",
        "feature_type": "connection"
      }
    },
    {
      "type": "Feature",
      "id": "line_135-20_135-20--a",
      "geometry": {
        "type": "LineString",
        "coordinates": [
          [
            124.55877,
            11.29964
          ],
          [
            124.55832,
            11.3
          ]
        ]
      },
      "properties": {
        "from_bus": "135-20",
        "to_bus": "135-20--a",
        "from_pole": "135-20",
        "to_pole": "135-20-a",
        "connection_type": "Primary_to_Primary",
        "feeder": "F7",
        "circuit": "3 Phase",
        "geometry_type": "sequential",
        "feature_type": "connection"
      }
    },
    {
      "type": "Feature",
      "id": "line_135-20--a_135-20--b",
      "geometry": {
        "type": "LineString",
        "coordinates": [
          [
            124.55832,
            11.3
          ],
          [
            124.5583,
            11.30001
          ]
        ]
      },
      "properties": {
        "from_bus": "135-20--a",
        "to_bus": "135-20--b",
        "from_pole": "135-20-a",
        "to_pole": "135-20-b",
        "connection_type": "Primary_to_Primary",
        "feeder": "F7",
        "circuit": "3 Phase",
        "geometry_type": "sequential",
        "feature_type": "connection"
      }
    },
    {
      "type": "Feature",
      "id": "line_135-20--b_135-20--c",
      "geometry": {
        "type": "LineString",
        "coordinates": [
          [
            124.5583,
            11.30001
          ],
          [
            124.5578,
            11.29966
          ]
        ]
      },
      "properties": {
        "from_bus": "135-20--b",
        "to_bus": "135-20--c",
        "from_pole": "135-20-b",
        "to_pole": "135-20-c",
        "connection_type": "Primary_to_Primary",
        "feeder": "F7",
        "circuit": "3 Phase",
        "geometry_type": "sequential",
        "feature_type": "connection"
      }
    },
    {
      "type": "Feature",
      "id": "line_135-20--c_135-20--d",
      "geometry": {
        "type": "LineString",
        "coordinates": [
          [
            124.5578,
            11.29966
          ],
          [
            124.55751,
            11.29941
          ]
        ]
      },
      "properties": {
        "from_bus": "135-20--c",
        "to_bus": "135-20--d",
        "from_pole": "135-20-c",
        "to_pole": "135-20-d",
        "connection_type": "Primary_to_Primary",
        "feeder": "F7",
        "circuit": "3 Phase",
        "geometry_type": "sequential",
        "feature_type": "connection"
      }
    },
    {
      "type": "Feature",
      "id": "line_135-20--d_135-21",
      "geometry": {
        "type": "LineString",
        "coordinates": [
          [
            124.55751,
            11.29941
          ],
          [
            124.55824,
            11.30017
          ]
        ]
      },
      "properties": {
        "from_bus": "135-20--d",
        "to_bus": "135-21",
        "from_pole": "135-20-d",
        "to_pole": "135-21",
        "connection_type": "Primary_to_Primary",
        "feeder": "F7",
        "circuit": "3 Phase",
        "geometry_type": "sequential",
        "feature_type": "connection"
      }
    },
    {
      "type": "Feature",
      "id": "line_135-21_135-22",
      "geometry": {
        "type": "LineString",
        "coordinates": [
          [
            124.55824,
            11.30017
          ],
          [
            124.55823,
            11.30017
          ]
        ]
      },
      "properties": {
        "from_bus": "135-21",
        "to_bus": "135-22",
        "from_pole": "135-21",
        "to_pole": "135-22",
        "connection_type": "Primary_to_Primary",
        "feeder": "F7",
        "circuit": "3 Phase",
        "geometry_type": "sequential",
        "feature_type": "connection"
      }
    },
    {
      "type": "Feature",
      "id": "line_99-A_99-B",
      "geometry": {
        "type": "LineString",
        "coordinates": [
          [
            124.56592,
            11.30383
          ],
          [
            124.56543,
            11.30411
          ]
        ]
      },
      "properties": {
        "from_bus": "99-A",
        "to_bus": "99-B",
        "from_pole": "99-A",
        "to_pole": "99-B",
        "connection_type": "Primary_to_Primary",
        "feeder": "F7",
        "circuit": "Single Phase",
        "geometry_type": "sequential",
        "feature_type": "connection"
      }
    },
    {
      "type": "Feature",
      "id": "line_99-B_99-C",
      "geometry": {
        "type": "LineString",
        "coordinates": [
          [
            124.56543,
            11.30411
          ],
          [
            124.56541,
            11.30428
          ]
        ]
      },
      "properties": {
        "from_bus": "99-B",
        "to_bus": "99-C",
        "from_pole": "99-B",
        "to_pole": "99-C",
        "connection_type": "Primary_to_Primary",
        "feeder": "F7",
        "circuit": "Single Phase",
        "geometry_type": "sequential",
        "feature_type": "connection"
      }
    },
    {
      "type": "Feature",
      "id": "line_99-C_99-D",
      "geometry": {
        "type": "LineString",
        "coordinates": [
          [
            124.56541,
            11.30428
          ],
          [
            124.5655,
            11.30478
          ]
        ]
      },
      "properties": {
        "from_bus": "99-C",
        "to_bus": "99-D",
        "from_pole": "99-C",
        "to_pole": "99-D",
        "connection_type": "Primary_to_Primary",
        "feeder": "F7",
        "circuit": "Single Phase",
        "geometry_type": "sequential",
        "feature_type": "connection"
      }
    },
    {
      "type": "Feature",
      "id": "line_99-D_99-E",
      "geometry": {
        "type": "LineString",
        "coordinates": [
          [
            124.5655,
            11.30478
          ],
          [
            124.56484,
            11.3052
          ]
        ]
      },
      "properties": {
        "from_bus": "99-D",
        "to_bus": "99-E",
        "from_pole": "99-D",
        "to_pole": "99-E",
        "connection_type": "Primary_to_Primary",
        "feeder": "F7",
        "circuit": "Single Phase",
        "geometry_type": "sequential",
        "feature_type": "connection"
      }
    },
    {
      "type": "Feature",
      "id": "line_99-E_99-F",
      "geometry": {
        "type": "LineString",
        "coordinates": [
          [
            124.56484,
            11.3052
          ],
          [
            124.56506,
            11.30627
          ]
        ]
      },
      "properties": {
        "from_bus": "99-E",
        "to_bus": "99-F",
        "from_pole": "99-E",
        "to_pole": "99-F",
        "connection_type": "Primary_to_Primary",
        "feeder": "F7",
        "circuit": "Single Phase",
        "geometry_type": "sequential",
        "feature_type": "connection"
      }
    },
    {
      "type": "Feature",
      "id": "line_99-F_99-G",
      "geometry": {
        "type": "LineString",
        "coordinates": [
          [
            124.56506,
            11.30627
          ],
          [
            124.56506,
            11.30627
          ]
        ]
      },
      "properties": {
        "from_bus": "99-F",
        "to_bus": "99-G",
        "from_pole": "99-F",
        "to_pole": "99-G",
        "connection_type": "Primary_to_Primary",
        "feeder": "F7",
        "circuit": "Single Phase",
        "geometry_type": "sequential",
        "feature_type": "connection"
      }
    },
    {
      "type": "Feature",
      "id": "line_99-G_99-H",
      "geometry": {
        "type": "LineString",
        "coordinates": [
          [
            124.56506,
            11.30627
          ],
          [
            124.56438,
            11.30665
          ]
        ]
      },
      "properties": {
        "from_bus": "99-G",
        "to_bus": "99-H",
        "from_pole": "99-G",
        "to_pole": "99-H",
        "connection_type": "Primary_to_Primary",
        "feeder": "F7",
        "circuit": "Single Phase",
        "geometry_type": "sequential",
        "feature_type": "connection"
      }
    },
    {
      "type": "Feature",
      "id": "line_99-H_99-I",
      "geometry": {
        "type": "LineString",
        "coordinates": [
          [
            124.56438,
            11.30665
          ],
          [
            124.56435,
            11.30668
          ]
        ]
      },
      "properties": {
        "from_bus": "99-H",
        "to_bus": "99-I",
        "from_pole": "99-H",
        "to_pole": "99-I",
        "connection_type": "Primary_to_Primary",
        "feeder": "F7",
        "circuit": "Single Phase",
        "geometry_type": "sequential",
        "feature_type": "connection"
      }
    },
    {
      "type": "Feature",
      "id": "line_99-I_131-a",
      "geometry": {
        "type": "LineString",
        "coordinates": [
          [
            124.56435,
            11.30668
          ],
          [
            124.56842,
            11.28874
          ]
        ]
      },
      "properties": {
        "from_bus": "99-I",
        "to_bus": "131-a",
        "from_pole": "99-I",
        "to_pole": "131-a",
        "connection_type": "Primary_to_Primary",
        "feeder": "F7",
        "circuit": "Single Phase",
        "geometry_type": "sequential",
        "feature_type": "connection"
      }
    },
    {
      "type": "Feature",
      "id": "line_131-a_131-b",
      "geometry": {
        "type": "LineString",
        "coordinates": [
          [
            124.56842,
            11.28874
          ],
          [
            124.56856,
            11.28869
          ]
        ]
      },
      "properties": {
        "from_bus": "131-a",
        "to_bus": "131-b",
        "from_pole": "131-a",
        "to_pole": "131-b",
        "connection_type": "Primary_to_Primary",
        "feeder": "F7",
        "circuit": "Single Phase",
        "geometry_type": "sequential",
        "feature_type": "connection"
      }
    },
    {
      "type": "Feature",
      "id": "line_131-b_131-c",
      "geometry": {
        "type": "LineString",
        "coordinates": [
          [
            124.56856,
            11.28869
          ],
          [
            124.5694,
            11.28783
          ]
        ]
      },
      "properties": {
        "from_bus": "131-b",
        "to_bus": "131-c",
        "from_pole": "131-b",
        "to_pole": "131-c",
        "connection_type": "Primary_to_Primary",
        "feeder": "F7",
        "circuit": "Single Phase",
        "geometry_type": "sequential",
        "feature_type": "connection"
      }
    },
    {
      "type": "Feature",
      "id": "line_131-c_131-d",
      "geometry": {
        "type": "LineString",
        "coordinates": [
          [
            124.5694,
            11.28783
          ],
          [
            124.56923,
            11.28764
          ]
        ]
      },
      "properties": {
        "from_bus": "131-c",
        "to_bus": "131-d",
        "from_pole": "131-c",
        "to_pole": "131-d",
        "connection_type": "Primary_to_Primary",
        "feeder": "F7",
        "circuit": "Single Phase",
        "geometry_type": "sequential",
        "feature_type": "connection"
      }
    },
    {
      "type": "Feature",
      "id": "line_131-d_131-e",
      "geometry": {
        "type": "LineString",
        "coordinates": [
          [
            124.56923,
            11.28764
          ],
          [
            124.56916,
            11.28754
          ]
        ]
      },
      "properties": {
        "from_bus": "131-d",
        "to_bus": "131-e",
        "from_pole": "131-d",
        "to_pole": "131-e",
        "connection_type": "Primary_to_Primary",
        "feeder": "F7",
        "circuit": "Single Phase",
        "geometry_type": "sequential",
        "feature_type": "connection"
      }
    },
    {
      "type": "Feature",
      "id": "line_131-e_131-f",
      "geometry": {
        "type": "LineString",
        "coordinates": [
          [
            124.56916,
            11.28754
          ],
          [
            124.56917,
            11.28638
          ]
        ]
      },
      "properties": {
        "from_bus": "131-e",
        "to_bus": "131-f",
        "from_pole": "131-e",
        "to_pole": "131-f",
        "connection_type": "Primary_to_Primary",
        "feeder": "F7",
        "circuit": "Single Phase",
        "geometry_type": "sequential",
        "feature_type": "connection"
      }
    },
    {
      "type": "Feature",
      "id": "line_131-f_131-g",
      "geometry": {
        "type": "LineString",
        "coordinates": [
          [
            124.56917,
            11.28638
          ],
          [
            124.56952,
            11.28608
          ]
        ]
      },
      "properties": {
        "from_bus": "131-f",
        "to_bus": "131-g",
        "from_pole": "131-f",
        "to_pole": "131-g",
        "connection_type": "Primary_to_Primary",
        "feeder": "F7",
        "circuit": "Single Phase",
        "geometry_type": "sequential",
        "feature_type": "connection"
      }
    },
    {
      "type": "Feature",
      "id": "line_131-g_123-1",
      "geometry": {
        "type": "LineString",
        "coordinates": [
          [
            124.56952,
            11.28608
          ],
          [
            124.56735,
            11.29269
          ]
        ]
      },
      "properties": {
        "from_bus": "131-g",
        "to_bus": "123-1",
        "from_pole": "131-g",
        "to_pole": "123-1",
        "connection_type": "Primary_to_Primary",
        "feeder": "F7",
        "circuit": "Single Phase",
        "geometry_type": "sequential",
        "feature_type": "connection"
      }
    },
    {
      "type": "Feature",
      "id": "line_123-1_123-2",
      "geometry": {
        "type": "LineString",
        "coordinates": [
          [
            124.56735,
            11.29269
          ],
          [
            124.56735,
            11.29269
          ]
        ]
      },
      "properties": {
        "from_bus": "123-1",
        "to_bus": "123-2",
        "from_pole": "123-1",
        "to_pole": "123-2",
        "connection_type": "Primary_to_Primary",
        "feeder": "F7",
        "circuit": "Single Phase",
        "geometry_type": "sequential",
        "feature_type": "connection"
      }
    },
    {
      "type": "Feature",
      "id": "line_123-2_123-3",
      "geometry": {
        "type": "LineString",
        "coordinates": [
          [
            124.56735,
            11.29269
          ],
          [
            124.56713,
            11.29263
          ]
        ]
      },
      "properties": {
        "from_bus": "123-2",
        "to_bus": "123-3",
        "from_pole": "123-2",
        "to_pole": "123-3",
        "connection_type": "Primary_to_Primary",
        "feeder": "F7",
        "circuit": "Single Phase",
        "geometry_type": "sequential",
        "feature_type": "connection"
      }
    },
    {
      "type": "Feature",
      "id": "line_123-3_128-1",
      "geometry": {
        "type": "LineString",
        "coordinates": [
          [
            124.56713,
            11.29263
          ],
          [
            124.56854,
            11.29032
          ]
        ]
      },
      "properties": {
        "from_bus": "123-3",
        "to_bus": "128-1",
        "from_pole": "123-3",
        "to_pole": "128-1",
        "connection_type": "Primary_to_Primary",
        "feeder": "F7",
        "circuit": "Single Phase",
        "geometry_type": "sequential",
        "feature_type": "connection"
      }
    },
    {
      "type": "Feature",
      "id": "line_128-1_131-g-1",
      "geometry": {
        "type": "LineString",
        "coordinates": [
          [
            124.56854,
            11.29032
          ],
          [
            124.57055,
            11.28566
          ]
        ]
      },
      "properties": {
        "from_bus": "128-1",
        "to_bus": "131-g-1",
        "from_pole": "128-1",
        "to_pole": "131-g-1",
        "connection_type": "Primary_to_Primary",
        "feeder": "F7",
        "circuit": "Single Phase",
        "geometry_type": "sequential",
        "feature_type": "connection"
      }
    },
    {
      "type": "Feature",
      "id": "line_131-g-1_131-g-2",
      "geometry": {
        "type": "LineString",
        "coordinates": [
          [
            124.57055,
            11.28566
          ],
          [
            124.5708,
            11.28536
          ]
        ]
      },
      "properties": {
        "from_bus": "131-g-1",
        "to_bus": "131-g-2",
        "from_pole": "131-g-1",
        "to_pole": "131-g-2",
        "connection_type": "Primary_to_Primary",
        "feeder": "F7",
        "circuit": "Single Phase",
        "geometry_type": "sequential",
        "feature_type": "connection"
      }
    },
    {
      "type": "Feature",
      "id": "line_131-g-2_131-g-3",
      "geometry": {
        "type": "LineString",
        "coordinates": [
          [
            124.5708,
            11.28536
          ],
          [
            124.57143,
            11.28493
          ]
        ]
      },
      "properties": {
        "from_bus": "131-g-2",
        "to_bus": "131-g-3",
        "from_pole": "131-g-2",
        "to_pole": "131-g-3",
        "connection_type": "Primary_to_Primary",
        "feeder": "F7",
        "circuit": "Single Phase",
        "geometry_type": "sequential",
        "feature_type": "connection"
      }
    },
    {
      "type": "Feature",
      "id": "line_131-g-3_131-g-4",
      "geometry": {
        "type": "LineString",
        "coordinates": [
          [
            124.57143,
            11.28493
          ],
          [
            124.5715,
            11.28512
          ]
        ]
      },
      "properties": {
        "from_bus": "131-g-3",
        "to_bus": "131-g-4",
        "from_pole": "131-g-3",
        "to_pole": "131-g-4",
        "connection_type": "Primary_to_Primary",
        "feeder": "F7",
        "circuit": "Single Phase",
        "geometry_type": "sequential",
        "feature_type": "connection"
      }
    },
    {
      "type": "Feature",
      "id": "line_131-g-4_131-g-5",
      "geometry": {
        "type": "LineString",
        "coordinates": [
          [
            124.5715,
            11.28512
          ],
          [
            124.57203,
            11.28511
          ]
        ]
      },
      "properties": {
        "from_bus": "131-g-4",
        "to_bus": "131-g-5",
        "from_pole": "131-g-4",
        "to_pole": "131-g-5",
        "connection_type": "Primary_to_Primary",
        "feeder": "F7",
        "circuit": "Single Phase",
        "geometry_type": "sequential",
        "feature_type": "connection"
      }
    },
    {
      "type": "Feature",
      "id": "line_131-g-5_131-g-6",
      "geometry": {
        "type": "LineString",
        "coordinates": [
          [
            124.57203,
            11.28511
          ],
          [
            124.5724,
            11.28458
          ]
        ]
      },
      "properties": {
        "from_bus": "131-g-5",
        "to_bus": "131-g-6",
        "from_pole": "131-g-5",
        "to_pole": "131-g-6",
        "connection_type": "Primary_to_Primary",
        "feeder": "F7",
        "circuit": "Single Phase",
        "geometry_type": "sequential",
        "feature_type": "connection"
      }
    },
    {
      "type": "Feature",
      "id": "line_131-g-6_131-g-7",
      "geometry": {
        "type": "LineString",
        "coordinates": [
          [
            124.5724,
            11.28458
          ],
          [
            124.57242,
            11.28458
          ]
        ]
      },
      "properties": {
        "from_bus": "131-g-6",
        "to_bus": "131-g-7",
        "from_pole": "131-g-6",
        "to_pole": "131-g-7",
        "connection_type": "Primary_to_Primary",
        "feeder": "F7",
        "circuit": "Single Phase",
        "geometry_type": "sequential",
        "feature_type": "connection"
      }
    },
    {
      "type": "Feature",
      "id": "line_131-g-7_131-g-8",
      "geometry": {
        "type": "LineString",
        "coordinates": [
          [
            124.57242,
            11.28458
          ],
          [
            124.5729,
            11.28375
          ]
        ]
      },
      "properties": {
        "from_bus": "131-g-7",
        "to_bus": "131-g-8",
        "from_pole": "131-g-7",
        "to_pole": "131-g-8",
        "connection_type": "Primary_to_Primary",
        "feeder": "F7",
        "circuit": "Single Phase",
        "geometry_type": "sequential",
        "feature_type": "connection"
      }
    },
    {
      "type": "Feature",
      "id": "line_131-g-8_135-10--a",
      "geometry": {
        "type": "LineString",
        "coordinates": [
          [
            124.5729,
            11.28375
          ],
          [
            124.56186,
            11.29338
          ]
        ]
      },
      "properties": {
        "from_bus": "131-g-8",
        "to_bus": "135-10--a",
        "from_pole": "131-g-8",
        "to_pole": "135-10-a",
        "connection_type": "Primary_to_Primary",
        "feeder": "F7",
        "circuit": "Single Phase",
        "geometry_type": "sequential",
        "feature_type": "connection"
      }
    },
    {
      "type": "Feature",
      "id": "line_135-10--a_135-10--b",
      "geometry": {
        "type": "LineString",
        "coordinates": [
          [
            124.56186,
            11.29338
          ],
          [
            124.56186,
            11.29338
          ]
        ]
      },
      "properties": {
        "from_bus": "135-10--a",
        "to_bus": "135-10--b",
        "from_pole": "135-10-a",
        "to_pole": "135-10-b",
        "connection_type": "Primary_to_Primary",
        "feeder": "F7",
        "circuit": "Single Phase",
        "geometry_type": "sequential",
        "feature_type": "connection"
      }
    },
    {
      "type": "Feature",
      "id": "line_135-10--b_135-10--b-1",
      "geometry": {
        "type": "LineString",
        "coordinates": [
          [
            124.56186,
            11.29338
          ],
          [
            124.56111,
            11.29295
          ]
        ]
      },
      "properties": {
        "from_bus": "135-10--b",
        "to_bus": "135-10--b-1",
        "from_pole": "135-10-b",
        "to_pole": "135-10-b-1",
        "connection_type": "Primary_to_Primary",
        "feeder": "F7",
        "circuit": "Single Phase",
        "geometry_type": "sequential",
        "feature_type": "connection"
      }
    },
    {
      "type": "Feature",
      "id": "line_135-10--b-1_135-10--b-2",
      "geometry": {
        "type": "LineString",
        "coordinates": [
          [
            124.56111,
            11.29295
          ],
          [
            124.56117,
            11.29294
          ]
        ]
      },
      "properties": {
        "from_bus": "135-10--b-1",
        "to_bus": "135-10--b-2",
        "from_pole": "135-10-b-1",
        "to_pole": "135-10-b-2",
        "connection_type": "Primary_to_Primary",
        "feeder": "F7",
        "circuit": "Single Phase",
        "geometry_type": "sequential",
        "feature_type": "connection"
      }
    },
    {
      "type": "Feature",
      "id": "line_135-10--b-2_135-10--b-3",
      "geometry": {
        "type": "LineString",
        "coordinates": [
          [
            124.56117,
            11.29294
          ],
          [
            124.56021,
            11.29278
          ]
        ]
      },
      "properties": {
        "from_bus": "135-10--b-2",
        "to_bus": "135-10--b-3",
        "from_pole": "135-10-b-2",
        "to_pole": "135-10-b-3",
        "connection_type": "Primary_to_Primary",
        "feeder": "F7",
        "circuit": "Single Phase",
        "geometry_type": "sequential",
        "feature_type": "connection"
      }
    },
    {
      "type": "Feature",
      "id": "line_135-10--b-3_135-10--b-4",
      "geometry": {
        "type": "LineString",
        "coordinates": [
          [
            124.56021,
            11.29278
          ],
          [
            124.56021,
            11.29276
          ]
        ]
      },
      "properties": {
        "from_bus": "135-10--b-3",
        "to_bus": "135-10--b-4",
        "from_pole": "135-10-b-3",
        "to_pole": "135-10-b-4",
        "connection_type": "Primary_to_Primary",
        "feeder": "F7",
        "circuit": "Single Phase",
        "geometry_type": "sequential",
        "feature_type": "connection"
      }
    },
    {
      "type": "Feature",
      "id": "line_135-10--b-4_135-10--b-5",
      "geometry": {
        "type": "LineString",
        "coordinates": [
          [
            124.56021,
            11.29276
          ],
          [
            124.56021,
            11.29236
          ]
        ]
      },
      "properties": {
        "from_bus": "135-10--b-4",
        "to_bus": "135-10--b-5",
        "from_pole": "135-10-b-4",
        "to_pole": "135-10-b-5",
        "connection_type": "Primary_to_Primary",
        "feeder": "F7",
        "circuit": "Single Phase",
        "geometry_type": "sequential",
        "feature_type": "connection"
      }
    }
  ]
}